path,role,extension,format_class,bytes,llm_access_class,root_index_visible_by_basename,extraction_status,extraction_path,extraction_basis,extraction_engine,extraction_characters,extraction_manifest
 ..✅ BOSONIC_TIME.pdf,archive-artifact,.pdf,pdf,250131,DERIVED_TEXT_AVAILABLE,True,OK,_AUTO_EXTRACTED_TEXT/ ..✅ BOSONIC_TIME.txt,manifest-exact,PyMuPDF,32495,_AUTO_EXTRACTED_TEXT/_manifests/2026-09-10_root_pdf_extraction_pass_002.json
 ..✅ SAT CORE.pdf,archive-artifact,.pdf,pdf,175392,DERIVED_TEXT_AVAILABLE,True,OK,_AUTO_EXTRACTED_TEXT/ ..✅ SAT CORE.txt,manifest-exact,PyMuPDF,10516,_AUTO_EXTRACTED_TEXT/_manifests/2026-09-10_root_pdf_extraction_pass_002.json
 ..✅ SATOBLOC_pre_lean.pdf,archive-artifact,.pdf,pdf,143792,DERIVED_TEXT_AVAILABLE,True,OK,_AUTO_EXTRACTED_TEXT/ ..✅ SATOBLOC_pre_lean.txt,manifest-exact,PyMuPDF,3933,_AUTO_EXTRACTED_TEXT/_manifests/2026-09-10_root_pdf_extraction_pass_002.json
 ..✅ Satobloc Core.pdf,archive-artifact,.pdf,pdf,252893,DERIVED_TEXT_AVAILABLE,True,OK,_AUTO_EXTRACTED_TEXT/ ..✅ Satobloc Core.txt,manifest-exact,PyMuPDF,7727,_AUTO_EXTRACTED_TEXT/_manifests/2026-09-10_root_pdf_extraction_pass_002.json
 ..✅ WANNA BOUNCE?.pdf,archive-artifact,.pdf,pdf,670811,DERIVED_TEXT_AVAILABLE,True,OK,_AUTO_EXTRACTED_TEXT/ ..✅ WANNA BOUNCE?.txt,manifest-exact,PyMuPDF,99395,_AUTO_EXTRACTED_TEXT/_manifests/2026-09-10_root_pdf_extraction_pass_002.json
 O Addendum Proto-Candyface + Antiquer Mashup.txt,archive-artifact,.txt,native-text,30410,DIRECT_TEXT,True,,,,,,
 R Addendum Proto-TankAudrey.txt,archive-artifact,.txt,native-text,34308,DIRECT_TEXT,True,,,,,,
!_ANNOTATED_ARCHIVE_SURVEY.md,archive-artifact,.md,native-text,3976,DIRECT_TEXT,True,,,,,,
###. THEORY REFINEMENT SUMMARY.pdf,archive-artifact,.pdf,pdf,488381,DERIVED_TEXT_AVAILABLE,True,OK,_AUTO_EXTRACTED_TEXT/###. THEORY REFINEMENT SUMMARY.txt,manifest-exact,PyMuPDF,59170,_AUTO_EXTRACTED_TEXT/_manifests/2026-09-10_root_pdf_extraction_pass_002.json
% BIG PAPER (nolat).pdf,archive-artifact,.pdf,pdf,39860,DERIVED_TEXT_AVAILABLE,True,OK,_AUTO_EXTRACTED_TEXT/% BIG PAPER (nolat).txt,manifest-exact,PyMuPDF,8790,_AUTO_EXTRACTED_TEXT/_manifests/2026-09-10_root_pdf_extraction_pass_002.json
...2026_H(s)H_FORMULATION/gitignore.md,archive-artifact,.md,native-text,86,DIRECT_TEXT,True,,,,,,
...H(s)H_2026_FORMULATION,archive-artifact,.h(s)h_2026_formulation,other-binary-or-unknown,26,UNKNOWN_OR_BINARY,True,,,,,,
..MARCH_2026_NOLAT_PACKET_BIBLIOGRAPHIC_NOTE.txt,archive-artifact,.txt,native-text,7895,DIRECT_TEXT,True,,,,,,
..MATHEMATICAL_REPOSITORY,archive-artifact,.mathematical_repository,other-binary-or-unknown,28347,UNKNOWN_OR_BINARY,True,,,,,,
..MATHEMATICAL_REPOSITORY_ADDENDUM_2026-06-09.txt,archive-artifact,.txt,native-text,11377,DIRECT_TEXT,True,,,,,,
..[🎛️_NATHAN_DASH]/!_DASHBOARD.md,artifact-catalog-control,.md,native-text,11812,NON_SOURCE_LAYER,False,,,,,,
..[🎛️_NATHAN_DASH]/..Derivation_Index.md,artifact-catalog-control,.md,native-text,12884,NON_SOURCE_LAYER,False,,,,,,
..[🎛️_NATHAN_DASH]/..findex.txt,artifact-catalog-control,.txt,native-text,361,NON_SOURCE_LAYER,True,,,,,,
..[🎛️_NATHAN_DASH]/TASKWORKS/HsH_Pipeline_Design.md,artifact-catalog-control,.md,native-text,1951,NON_SOURCE_LAYER,False,,,,,,
..[🎛️_NATHAN_DASH]/TASKWORKS/Preplantricist_role.md,artifact-catalog-control,.md,native-text,4114,NON_SOURCE_LAYER,False,,,,,,
..[🎛️_NATHAN_DASH]/xscrape.py,artifact-catalog-control,.py,native-text,2432,NON_SOURCE_LAYER,False,,,,,,
..[🎛️_NATHAN_DASH]/⚒️_ADMIN_TASK.txt,artifact-catalog-control,.txt,native-text,496,NON_SOURCE_LAYER,False,,,,,,
..[🎛️_NATHAN_DASH]/⚒️_FOLDER_INDEXER.txt,artifact-catalog-control,.txt,native-text,461,NON_SOURCE_LAYER,False,,,,,,
..[🎛️_NATHAN_DASH]/⚒️_NATHAN_EXT.txt,artifact-catalog-control,.txt,native-text,74,NON_SOURCE_LAYER,False,,,,,,
..[🎛️_NATHAN_DASH]/⚒️_PREDICTION_EXT.txt,artifact-catalog-control,.txt,native-text,52,NON_SOURCE_LAYER,False,,,,,,
..[🎛️_NATHAN_DASH]/⚙️_LESSONS_LEARNED.txt,artifact-catalog-control,.txt,native-text,2722,NON_SOURCE_LAYER,False,,,,,,
..[🎛️_NATHAN_DASH]/📋_PRIORITY_TODO.txt,artifact-catalog-control,.txt,native-text,678,NON_SOURCE_LAYER,False,,,,,,
..[🎛️_NATHAN_DASH]/📖_PROJECT_NOTES.txt,artifact-catalog-control,.txt,native-text,153,NON_SOURCE_LAYER,False,,,,,,
..[🎛️_NATHAN_DASH]/📖_SAT_ARCHIVE_READING_PLAN.txt,artifact-catalog-control,.txt,native-text,7891,NON_SOURCE_LAYER,False,,,,,,
..[🎛️_NATHAN_DASH]/🗄️_ARCHIVE_INDEX.txt,artifact-catalog-control,.txt,native-text,568267,NON_SOURCE_LAYER,False,,,,,,
..[🎛️_NATHAN_DASH]/🚩_IGNORE_REDACTION_FLAGS.md,artifact-catalog-control,.md,native-text,1101,NON_SOURCE_LAYER,False,,,,,,
..[🎛️_NATHAN_DASH]/🧹_CLEANUP.txt,artifact-catalog-control,.txt,native-text,34,NON_SOURCE_LAYER,False,,,,,,
..findex.txt,artifact-catalog-control,.txt,native-text,193181,NON_SOURCE_LAYER,True,,,,,,
.AI_READING_PLAN/IGNORE_READING_PLAN,archive-artifact,,extensionless,379,UNKNOWN_OR_BINARY,True,,,,,,
.AI_READING_PLAN/READING_PLAN.md,archive-artifact,.md,native-text,8622,DIRECT_TEXT,True,,,,,,
.AI_READING_PLAN/TODO.md,archive-artifact,.md,native-text,4690,DIRECT_TEXT,True,,,,,,
.Satobloc_Pub[Under Construction]/.gitkeep,archive-artifact,,extensionless,0,UNKNOWN_OR_BINARY,True,,,,,,
.[⚙️_AI_FILES]/..findex.txt,archive-machinery,.txt,native-text,5148,NON_SOURCE_LAYER,True,,,,,,
.[⚙️_AI_FILES]/ARCHIVE_CONVOS/gitignore.txt,archive-machinery,.txt,native-text,1,NON_SOURCE_LAYER,True,,,,,,
.[⚙️_AI_FILES]/BLIND_DRY_RUN_REPORT,archive-machinery,,extensionless,21868,NON_SOURCE_LAYER,False,,,,,,
.[⚙️_AI_FILES]/BLIND_DRY_RUN_REPORT_CONTINUATION_2026-06-09,archive-machinery,,extensionless,8798,NON_SOURCE_LAYER,False,,,,,,
.[⚙️_AI_FILES]/CONFIG/folder_indexer_full_archive.txt,archive-machinery,.txt,native-text,659,NON_SOURCE_LAYER,False,,,,,,
.[⚙️_AI_FILES]/CURSORS/🪧_WAYFINDING.txt,archive-machinery,.txt,native-text,749,NON_SOURCE_LAYER,False,,,,,,
.[⚙️_AI_FILES]/DRY_RUN_QUESTIONAIRE_REPORT,archive-machinery,,extensionless,7525,NON_SOURCE_LAYER,False,,,,,,
.[⚙️_AI_FILES]/GUESTBOOK.txt,archive-machinery,.txt,native-text,9636,NON_SOURCE_LAYER,False,,,,,,
.[⚙️_AI_FILES]/INDEXES/archive_index_history/BASELINE_INFO.json,archive-machinery,.json,native-text,4933,NON_SOURCE_LAYER,False,,,,,,
.[⚙️_AI_FILES]/INDEXES/archive_index_history/BASELINE_ROOT_BLOCK.txt,archive-machinery,.txt,native-text,142626,NON_SOURCE_LAYER,False,,,,,,
.[⚙️_AI_FILES]/INDEXES/archive_index_history/HISTORY.md,archive-machinery,.md,native-text,861,NON_SOURCE_LAYER,False,,,,,,
.[⚙️_AI_FILES]/INDEXES/archive_index_history/LATEST_ROOT_DELTA.md,archive-machinery,.md,native-text,53538,NON_SOURCE_LAYER,False,,,,,,
.[⚙️_AI_FILES]/INDEXES/archive_index_history/README.md,archive-machinery,.md,native-text,2357,NON_SOURCE_LAYER,True,,,,,,
.[⚙️_AI_FILES]/INDEXES/archive_index_history/ROUTER_STATE.json,archive-machinery,.json,native-text,868,NON_SOURCE_LAYER,False,,,,,,
.[⚙️_AI_FILES]/INDEXES/archive_index_history/active/2026-09.txt,archive-machinery,.txt,native-text,604,NON_SOURCE_LAYER,False,,,,,,
.[⚙️_AI_FILES]/INDEXES/archive_index_history/deltas/root_delta_20260910_112619.json,archive-machinery,.json,native-text,84491,NON_SOURCE_LAYER,False,,,,,,
.[⚙️_AI_FILES]/INDEXES/archive_index_history/deltas/root_delta_20260910_112619.md,archive-machinery,.md,native-text,53538,NON_SOURCE_LAYER,False,,,,,,
.[⚙️_AI_FILES]/INDEXES/archive_index_history/snapshots/471b1e63d1b3fe09/chunk_001.txt,archive-machinery,.txt,native-text,179378,NON_SOURCE_LAYER,False,,,,,,
.[⚙️_AI_FILES]/INDEXES/archive_index_history/snapshots/471b1e63d1b3fe09/chunk_002.txt,archive-machinery,.txt,native-text,160662,NON_SOURCE_LAYER,False,,,,,,
.[⚙️_AI_FILES]/INDEXES/archive_index_history/snapshots/471b1e63d1b3fe09/chunk_003.txt,archive-machinery,.txt,native-text,160987,NON_SOURCE_LAYER,False,,,,,,
.[⚙️_AI_FILES]/INDEXES/archive_index_history/snapshots/471b1e63d1b3fe09/chunk_004.txt,archive-machinery,.txt,native-text,161190,NON_SOURCE_LAYER,False,,,,,,
.[⚙️_AI_FILES]/INDEXES/archive_index_history/snapshots/471b1e63d1b3fe09/chunk_005.txt,archive-machinery,.txt,native-text,161272,NON_SOURCE_LAYER,False,,,,,,
.[⚙️_AI_FILES]/INDEXES/archive_index_history/snapshots/471b1e63d1b3fe09/chunk_006.txt,archive-machinery,.txt,native-text,161272,NON_SOURCE_LAYER,False,,,,,,
.[⚙️_AI_FILES]/INDEXES/archive_index_history/snapshots/471b1e63d1b3fe09/chunk_007.txt,archive-machinery,.txt,native-text,161413,NON_SOURCE_LAYER,False,,,,,,
.[⚙️_AI_FILES]/INDEXES/archive_index_history/snapshots/471b1e63d1b3fe09/chunk_008.txt,archive-machinery,.txt,native-text,161518,NON_SOURCE_LAYER,False,,,,,,
.[⚙️_AI_FILES]/INDEXES/archive_index_history/snapshots/471b1e63d1b3fe09/chunk_009.txt,archive-machinery,.txt,native-text,161518,NON_SOURCE_LAYER,False,,,,,,
.[⚙️_AI_FILES]/INDEXES/archive_index_history/snapshots/471b1e63d1b3fe09/chunk_010.txt,archive-machinery,.txt,native-text,80759,NON_SOURCE_LAYER,False,,,,,,
.[⚙️_AI_FILES]/INDEXES/archive_index_history/snapshots/471b1e63d1b3fe09/chunk_011.txt,archive-machinery,.txt,native-text,142627,NON_SOURCE_LAYER,False,,,,,,
.[⚙️_AI_FILES]/INDEXES/archive_index_history/snapshots/471b1e63d1b3fe09/chunk_012.txt,archive-machinery,.txt,native-text,186181,NON_SOURCE_LAYER,False,,,,,,
.[⚙️_AI_FILES]/INDEXES/archive_index_history/snapshots/471b1e63d1b3fe09/manifest.json,archive-machinery,.json,native-text,4508,NON_SOURCE_LAYER,True,,,,,,
.[⚙️_AI_FILES]/INDEXES/archive_index_history/snapshots/cb596f94e361cd80/chunk_001.txt,archive-machinery,.txt,native-text,179378,NON_SOURCE_LAYER,False,,,,,,
.[⚙️_AI_FILES]/INDEXES/archive_index_history/snapshots/cb596f94e361cd80/chunk_002.txt,archive-machinery,.txt,native-text,160662,NON_SOURCE_LAYER,False,,,,,,
.[⚙️_AI_FILES]/INDEXES/archive_index_history/snapshots/cb596f94e361cd80/chunk_003.txt,archive-machinery,.txt,native-text,160987,NON_SOURCE_LAYER,False,,,,,,
.[⚙️_AI_FILES]/INDEXES/archive_index_history/snapshots/cb596f94e361cd80/chunk_004.txt,archive-machinery,.txt,native-text,161190,NON_SOURCE_LAYER,False,,,,,,
.[⚙️_AI_FILES]/INDEXES/archive_index_history/snapshots/cb596f94e361cd80/chunk_005.txt,archive-machinery,.txt,native-text,161272,NON_SOURCE_LAYER,False,,,,,,
.[⚙️_AI_FILES]/INDEXES/archive_index_history/snapshots/cb596f94e361cd80/chunk_006.txt,archive-machinery,.txt,native-text,161272,NON_SOURCE_LAYER,False,,,,,,
.[⚙️_AI_FILES]/INDEXES/archive_index_history/snapshots/cb596f94e361cd80/chunk_007.txt,archive-machinery,.txt,native-text,161413,NON_SOURCE_LAYER,False,,,,,,
.[⚙️_AI_FILES]/INDEXES/archive_index_history/snapshots/cb596f94e361cd80/chunk_008.txt,archive-machinery,.txt,native-text,161518,NON_SOURCE_LAYER,False,,,,,,
.[⚙️_AI_FILES]/INDEXES/archive_index_history/snapshots/cb596f94e361cd80/chunk_009.txt,archive-machinery,.txt,native-text,161518,NON_SOURCE_LAYER,False,,,,,,
.[⚙️_AI_FILES]/INDEXES/archive_index_history/snapshots/cb596f94e361cd80/chunk_010.txt,archive-machinery,.txt,native-text,80759,NON_SOURCE_LAYER,False,,,,,,
.[⚙️_AI_FILES]/INDEXES/archive_index_history/snapshots/cb596f94e361cd80/chunk_011.txt,archive-machinery,.txt,native-text,142626,NON_SOURCE_LAYER,False,,,,,,
.[⚙️_AI_FILES]/INDEXES/archive_index_history/snapshots/cb596f94e361cd80/latest_root_block.txt,archive-machinery,.txt,native-text,142626,NON_SOURCE_LAYER,False,,,,,,
.[⚙️_AI_FILES]/INDEXES/archive_index_history/snapshots/cb596f94e361cd80/latest_root_tree.txt,archive-machinery,.txt,native-text,141699,NON_SOURCE_LAYER,False,,,,,,
.[⚙️_AI_FILES]/INDEXES/archive_index_history/snapshots/cb596f94e361cd80/manifest.json,archive-machinery,.json,native-text,4933,NON_SOURCE_LAYER,True,,,,,,
.[⚙️_AI_FILES]/INSTITUTIONAL_MAP.txt,archive-machinery,.txt,native-text,4549,NON_SOURCE_LAYER,False,,,,,,
.[⚙️_AI_FILES]/LLM_WORKSPACES/Argus/CROSSWALK.md,archive-machinery,.md,native-text,12766,NON_SOURCE_LAYER,False,,,,,,
.[⚙️_AI_FILES]/LLM_WORKSPACES/Argus/PPP-001_SINGLE_PHOTON_RECOIL_RESIDUAL.md,archive-machinery,.md,native-text,2090,NON_SOURCE_LAYER,False,,,,,,
.[⚙️_AI_FILES]/LLM_WORKSPACES/Argus/PPP-002_ROTOEXPANDO_GEOMETRY_PROVENANCE_PACKET.md,archive-machinery,.md,native-text,6521,NON_SOURCE_LAYER,False,,,,,,
.[⚙️_AI_FILES]/LLM_WORKSPACES/Argus/README.md,archive-machinery,.md,native-text,7600,NON_SOURCE_LAYER,True,,,,,,
.[⚙️_AI_FILES]/LLM_WORKSPACES/Argus/RECORD.md,archive-machinery,.md,native-text,5156,NON_SOURCE_LAYER,False,,,,,,
.[⚙️_AI_FILES]/LLM_WORKSPACES/Argus/SOURCES.md,archive-machinery,.md,native-text,3913,NON_SOURCE_LAYER,False,,,,,,
.[⚙️_AI_FILES]/LLM_WORKSPACES/Argus/TODO.md,archive-machinery,.md,native-text,4560,NON_SOURCE_LAYER,True,,,,,,
.[⚙️_AI_FILES]/LLM_WORKSPACES/Argus/XW-003_PHOTONEUTRINO.md,archive-machinery,.md,native-text,6688,NON_SOURCE_LAYER,False,,,,,,
.[⚙️_AI_FILES]/LLM_WORKSPACES/Argus/XW-004_CKM_CP_AUDIT.md,archive-machinery,.md,native-text,6682,NON_SOURCE_LAYER,False,,,,,,
.[⚙️_AI_FILES]/LLM_WORKSPACES/Argus/XW-005_Z3_FUSION_GATE_AUDIT.md,archive-machinery,.md,native-text,8001,NON_SOURCE_LAYER,False,,,,,,
.[⚙️_AI_FILES]/LLM_WORKSPACES/Argus/XW-006_EARLY_Z3_FORMALIZATION_LINEAGE.md,archive-machinery,.md,native-text,3632,NON_SOURCE_LAYER,False,,,,,,
.[⚙️_AI_FILES]/LLM_WORKSPACES/Argus/XW-007_FINITE_CORE_MEASURES_H_RUNIC_LINEAGE.md,archive-machinery,.md,native-text,6817,NON_SOURCE_LAYER,False,,,,,,
.[⚙️_AI_FILES]/LLM_WORKSPACES/Argus/XW-008_WORLDTUBE_THOUGHTS_FINITE_CORE_DISCRIMINATION.md,archive-machinery,.md,native-text,7182,NON_SOURCE_LAYER,False,,,,,,
.[⚙️_AI_FILES]/LLM_WORKSPACES/Argus/XW-009_STARTUP_DOCS_TRANSVERSE_TYPE_SPLIT.md,archive-machinery,.md,native-text,7162,NON_SOURCE_LAYER,False,,,,,,
.[⚙️_AI_FILES]/LLM_WORKSPACES/Argus/XW-010_HSH_ARCHITECTING_BOUNDARY_READOUT_LINEAGE.md,archive-machinery,.md,native-text,4633,NON_SOURCE_LAYER,False,,,,,,
.[⚙️_AI_FILES]/LLM_WORKSPACES/Argus/XW-011_FINITE_RESOLVING_THICKNESS_AND_ROTOEXPANDO_PRIOR_ART.md,archive-machinery,.md,native-text,7469,NON_SOURCE_LAYER,False,,,,,,
.[⚙️_AI_FILES]/LLM_WORKSPACES/Argus/XW-012_NAIVE_TIMESHEET_TO_FINITE_SLAB_LINEAGE.md,archive-machinery,.md,native-text,4818,NON_SOURCE_LAYER,False,,,,,,
.[⚙️_AI_FILES]/LLM_WORKSPACES/Argus/XW-013_PUBLIC_FINITE_SLAB_CHRONOLOGY_AND_SCALE_CANDIDATE.md,archive-machinery,.md,native-text,5499,NON_SOURCE_LAYER,False,,,,,,
.[⚙️_AI_FILES]/LLM_WORKSPACES/Argus/XW-014_PRE_HSH_FINITE_TIME_THICKNESS_LINEAGE.md,archive-machinery,.md,native-text,7374,NON_SOURCE_LAYER,False,,,,,,
.[⚙️_AI_FILES]/LLM_WORKSPACES/Argus/XW-015_PLANCK_THICK_WAVEFRONT_ANCESTOR.md,archive-machinery,.md,native-text,6653,NON_SOURCE_LAYER,False,,,,,,
.[⚙️_AI_FILES]/LLM_WORKSPACES/Argus/XW-016_LF_SYMBOL_COLLISION_AND_PRE_O9_SCALE_LINEAGE.md,archive-machinery,.md,native-text,6681,NON_SOURCE_LAYER,False,,,,,,
.[⚙️_AI_FILES]/LLM_WORKSPACES/Argus/XW-017_O8_TRANSVERSE_SCALE_VS_O9_WAVEFRONT_COLLISION.md,archive-machinery,.md,native-text,7811,NON_SOURCE_LAYER,False,,,,,,
.[⚙️_AI_FILES]/LLM_WORKSPACES/Argus/XW-018_LF_DIMENSIONAL_CLOSURE_AND_RECONNECTION_WIDTH_FORK.md,archive-machinery,.md,native-text,8742,NON_SOURCE_LAYER,False,,,,,,
.[⚙️_AI_FILES]/LLM_WORKSPACES/CROSS_REPO_ADMIN/..findex.txt,archive-machinery,.txt,native-text,532,NON_SOURCE_LAYER,True,,,,,,
.[⚙️_AI_FILES]/LLM_WORKSPACES/CROSS_REPO_ADMIN/ACTION_PLAN.md,archive-machinery,.md,native-text,5186,NON_SOURCE_LAYER,False,,,,,,
.[⚙️_AI_FILES]/LLM_WORKSPACES/CROSS_REPO_ADMIN/RECORD.md,archive-machinery,.md,native-text,4358,NON_SOURCE_LAYER,False,,,,,,
.[⚙️_AI_FILES]/LLM_WORKSPACES/CROSS_REPO_ADMIN/SOURCES.md,archive-machinery,.md,native-text,2118,NON_SOURCE_LAYER,False,,,,,,
.[⚙️_AI_FILES]/LLM_WORKSPACES/CROSS_REPO_ADMIN/TODO.md,archive-machinery,.md,native-text,5751,NON_SOURCE_LAYER,True,,,,,,
.[⚙️_AI_FILES]/LOGS/archive_admin/archive_admin_20260607_153332.txt,archive-machinery,.txt,native-text,60,NON_SOURCE_LAYER,False,,,,,,
.[⚙️_AI_FILES]/LOGS/archive_admin/archive_admin_20260607_160537.txt,archive-machinery,.txt,native-text,1367,NON_SOURCE_LAYER,False,,,,,,
.[⚙️_AI_FILES]/LOGS/archive_admin/archive_admin_20260607_160955.txt,archive-machinery,.txt,native-text,1599,NON_SOURCE_LAYER,False,,,,,,
.[⚙️_AI_FILES]/LOGS/archive_admin/archive_admin_20260607_162234.txt,archive-machinery,.txt,native-text,2159,NON_SOURCE_LAYER,False,,,,,,
.[⚙️_AI_FILES]/LOGS/archive_admin/archive_admin_20260607_180723.txt,archive-machinery,.txt,native-text,2068,NON_SOURCE_LAYER,False,,,,,,
.[⚙️_AI_FILES]/LOGS/archive_admin/archive_admin_20260607_181619.txt,archive-machinery,.txt,native-text,2177,NON_SOURCE_LAYER,False,,,,,,
.[⚙️_AI_FILES]/LOGS/archive_admin/archive_admin_20260607_181815.txt,archive-machinery,.txt,native-text,1567,NON_SOURCE_LAYER,False,,,,,,
.[⚙️_AI_FILES]/LOGS/archive_admin/archive_admin_20260607_182455.txt,archive-machinery,.txt,native-text,1567,NON_SOURCE_LAYER,False,,,,,,
.[⚙️_AI_FILES]/LOGS/archive_admin/archive_admin_20260607_182847.txt,archive-machinery,.txt,native-text,1503,NON_SOURCE_LAYER,False,,,,,,
.[⚙️_AI_FILES]/LOGS/archive_admin/archive_admin_20260607_183435.txt,archive-machinery,.txt,native-text,1503,NON_SOURCE_LAYER,False,,,,,,
.[⚙️_AI_FILES]/LOGS/archive_admin/archive_admin_20260607_183500.txt,archive-machinery,.txt,native-text,1503,NON_SOURCE_LAYER,False,,,,,,
.[⚙️_AI_FILES]/LOGS/archive_admin/archive_admin_20260607_183819.txt,archive-machinery,.txt,native-text,1839,NON_SOURCE_LAYER,False,,,,,,
.[⚙️_AI_FILES]/LOGS/archive_admin/archive_admin_20260607_184906.txt,archive-machinery,.txt,native-text,1839,NON_SOURCE_LAYER,False,,,,,,
.[⚙️_AI_FILES]/LOGS/archive_admin/archive_admin_20260607_185041.txt,archive-machinery,.txt,native-text,1839,NON_SOURCE_LAYER,False,,,,,,
.[⚙️_AI_FILES]/LOGS/archive_admin/archive_admin_20260607_185721.txt,archive-machinery,.txt,native-text,1575,NON_SOURCE_LAYER,False,,,,,,
.[⚙️_AI_FILES]/LOGS/archive_admin/archive_admin_20260607_191335.txt,archive-machinery,.txt,native-text,1618,NON_SOURCE_LAYER,False,,,,,,
.[⚙️_AI_FILES]/LOGS/archive_admin/archive_admin_20260607_191753.txt,archive-machinery,.txt,native-text,1546,NON_SOURCE_LAYER,False,,,,,,
.[⚙️_AI_FILES]/LOGS/archive_admin/archive_admin_20260607_210243.txt,archive-machinery,.txt,native-text,1546,NON_SOURCE_LAYER,False,,,,,,
.[⚙️_AI_FILES]/LOGS/archive_admin/archive_admin_20260607_210405.txt,archive-machinery,.txt,native-text,1417,NON_SOURCE_LAYER,False,,,,,,
.[⚙️_AI_FILES]/LOGS/archive_admin/archive_admin_20260607_213130.txt,archive-machinery,.txt,native-text,1417,NON_SOURCE_LAYER,False,,,,,,
.[⚙️_AI_FILES]/LOGS/archive_admin/archive_admin_20260607_220142.txt,archive-machinery,.txt,native-text,1417,NON_SOURCE_LAYER,False,,,,,,
.[⚙️_AI_FILES]/LOGS/archive_admin/archive_admin_20260607_220353.txt,archive-machinery,.txt,native-text,1417,NON_SOURCE_LAYER,False,,,,,,
.[⚙️_AI_FILES]/LOGS/archive_admin/archive_admin_20260607_220706.txt,archive-machinery,.txt,native-text,1417,NON_SOURCE_LAYER,False,,,,,,
.[⚙️_AI_FILES]/LOGS/archive_admin/archive_admin_20260607_220855.txt,archive-machinery,.txt,native-text,1417,NON_SOURCE_LAYER,False,,,,,,
.[⚙️_AI_FILES]/LOGS/archive_admin/archive_admin_20260607_221554.txt,archive-machinery,.txt,native-text,1417,NON_SOURCE_LAYER,False,,,,,,
.[⚙️_AI_FILES]/LOGS/archive_admin/archive_admin_20260607_223727.txt,archive-machinery,.txt,native-text,1417,NON_SOURCE_LAYER,False,,,,,,
.[⚙️_AI_FILES]/LOGS/archive_admin/archive_admin_20260607_223820.txt,archive-machinery,.txt,native-text,1417,NON_SOURCE_LAYER,False,,,,,,
.[⚙️_AI_FILES]/LOGS/archive_admin/archive_admin_20260607_224451.txt,archive-machinery,.txt,native-text,1417,NON_SOURCE_LAYER,False,,,,,,
.[⚙️_AI_FILES]/LOGS/archive_admin/archive_admin_20260607_224521.txt,archive-machinery,.txt,native-text,1417,NON_SOURCE_LAYER,False,,,,,,
.[⚙️_AI_FILES]/LOGS/archive_admin/archive_admin_20260607_224654.txt,archive-machinery,.txt,native-text,1417,NON_SOURCE_LAYER,False,,,,,,
.[⚙️_AI_FILES]/LOGS/archive_admin/archive_admin_20260607_224749.txt,archive-machinery,.txt,native-text,1417,NON_SOURCE_LAYER,False,,,,,,
.[⚙️_AI_FILES]/LOGS/archive_admin/archive_admin_20260607_224831.txt,archive-machinery,.txt,native-text,1417,NON_SOURCE_LAYER,False,,,,,,
.[⚙️_AI_FILES]/LOGS/archive_admin/archive_admin_20260607_225035.txt,archive-machinery,.txt,native-text,1417,NON_SOURCE_LAYER,False,,,,,,
.[⚙️_AI_FILES]/LOGS/archive_admin/archive_admin_20260607_225130.txt,archive-machinery,.txt,native-text,1417,NON_SOURCE_LAYER,False,,,,,,
.[⚙️_AI_FILES]/LOGS/archive_admin/archive_admin_20260608_094846.txt,archive-machinery,.txt,native-text,1417,NON_SOURCE_LAYER,False,,,,,,
.[⚙️_AI_FILES]/LOGS/archive_admin/archive_admin_20260608_094915.txt,archive-machinery,.txt,native-text,1417,NON_SOURCE_LAYER,False,,,,,,
.[⚙️_AI_FILES]/LOGS/archive_admin/archive_admin_20260608_095128.txt,archive-machinery,.txt,native-text,1417,NON_SOURCE_LAYER,False,,,,,,
.[⚙️_AI_FILES]/LOGS/archive_admin/archive_admin_20260608_095154.txt,archive-machinery,.txt,native-text,1417,NON_SOURCE_LAYER,False,,,,,,
.[⚙️_AI_FILES]/LOGS/archive_admin/archive_admin_20260608_095837.txt,archive-machinery,.txt,native-text,1417,NON_SOURCE_LAYER,False,,,,,,
.[⚙️_AI_FILES]/LOGS/archive_admin/archive_admin_20260608_100328.txt,archive-machinery,.txt,native-text,1417,NON_SOURCE_LAYER,False,,,,,,
.[⚙️_AI_FILES]/LOGS/archive_admin/archive_admin_20260608_101659.txt,archive-machinery,.txt,native-text,1417,NON_SOURCE_LAYER,False,,,,,,
.[⚙️_AI_FILES]/LOGS/archive_admin/archive_admin_20260608_101747.txt,archive-machinery,.txt,native-text,1618,NON_SOURCE_LAYER,False,,,,,,
.[⚙️_AI_FILES]/LOGS/archive_admin/archive_admin_20260608_104030.txt,archive-machinery,.txt,native-text,1648,NON_SOURCE_LAYER,False,,,,,,
.[⚙️_AI_FILES]/LOGS/archive_admin/archive_admin_20260608_104931.txt,archive-machinery,.txt,native-text,1881,NON_SOURCE_LAYER,False,,,,,,
.[⚙️_AI_FILES]/LOGS/archive_admin/archive_admin_20260608_105557.txt,archive-machinery,.txt,native-text,1881,NON_SOURCE_LAYER,False,,,,,,
.[⚙️_AI_FILES]/LOGS/archive_admin/archive_admin_20260608_105810.txt,archive-machinery,.txt,native-text,1669,NON_SOURCE_LAYER,False,,,,,,
.[⚙️_AI_FILES]/LOGS/archive_admin/archive_admin_20260608_110306.txt,archive-machinery,.txt,native-text,1779,NON_SOURCE_LAYER,False,,,,,,
.[⚙️_AI_FILES]/LOGS/archive_admin/archive_admin_20260608_111234.txt,archive-machinery,.txt,native-text,1759,NON_SOURCE_LAYER,False,,,,,,
.[⚙️_AI_FILES]/LOGS/archive_admin/archive_admin_20260608_112445.txt,archive-machinery,.txt,native-text,1625,NON_SOURCE_LAYER,False,,,,,,
.[⚙️_AI_FILES]/LOGS/archive_admin/archive_admin_20260608_112525.txt,archive-machinery,.txt,native-text,1827,NON_SOURCE_LAYER,False,,,,,,
.[⚙️_AI_FILES]/LOGS/archive_admin/archive_admin_20260608_113154.txt,archive-machinery,.txt,native-text,1801,NON_SOURCE_LAYER,False,,,,,,
.[⚙️_AI_FILES]/LOGS/archive_admin/archive_admin_20260608_120016.txt,archive-machinery,.txt,native-text,1801,NON_SOURCE_LAYER,False,,,,,,
.[⚙️_AI_FILES]/LOGS/archive_admin/archive_admin_20260608_120401.txt,archive-machinery,.txt,native-text,1811,NON_SOURCE_LAYER,False,,,,,,
.[⚙️_AI_FILES]/LOGS/archive_admin/archive_admin_20260608_121729.txt,archive-machinery,.txt,native-text,1811,NON_SOURCE_LAYER,False,,,,,,
.[⚙️_AI_FILES]/LOGS/archive_admin/archive_admin_20260608_122113.txt,archive-machinery,.txt,native-text,1811,NON_SOURCE_LAYER,False,,,,,,
.[⚙️_AI_FILES]/LOGS/archive_admin/archive_admin_20260608_122643.txt,archive-machinery,.txt,native-text,1697,NON_SOURCE_LAYER,False,,,,,,
.[⚙️_AI_FILES]/LOGS/archive_admin/archive_admin_20260608_123046.txt,archive-machinery,.txt,native-text,1697,NON_SOURCE_LAYER,False,,,,,,
.[⚙️_AI_FILES]/LOGS/archive_admin/archive_admin_20260608_123450.txt,archive-machinery,.txt,native-text,1697,NON_SOURCE_LAYER,False,,,,,,
.[⚙️_AI_FILES]/LOGS/archive_admin/archive_admin_20260608_130229.txt,archive-machinery,.txt,native-text,1697,NON_SOURCE_LAYER,False,,,,,,
.[⚙️_AI_FILES]/LOGS/archive_admin/archive_admin_20260608_130551.txt,archive-machinery,.txt,native-text,1697,NON_SOURCE_LAYER,False,,,,,,
.[⚙️_AI_FILES]/LOGS/archive_admin/archive_admin_20260608_135802.txt,archive-machinery,.txt,native-text,1724,NON_SOURCE_LAYER,False,,,,,,
.[⚙️_AI_FILES]/LOGS/archive_admin/archive_admin_20260608_174634.txt,archive-machinery,.txt,native-text,1724,NON_SOURCE_LAYER,False,,,,,,
.[⚙️_AI_FILES]/LOGS/archive_admin/archive_admin_20260608_202107.txt,archive-machinery,.txt,native-text,1724,NON_SOURCE_LAYER,False,,,,,,
.[⚙️_AI_FILES]/LOGS/archive_admin/archive_admin_20260608_230624.txt,archive-machinery,.txt,native-text,1724,NON_SOURCE_LAYER,False,,,,,,
.[⚙️_AI_FILES]/LOGS/archive_admin/archive_admin_20260608_234819.txt,archive-machinery,.txt,native-text,1724,NON_SOURCE_LAYER,False,,,,,,
.[⚙️_AI_FILES]/LOGS/archive_admin/archive_admin_20260609_005811.txt,archive-machinery,.txt,native-text,1724,NON_SOURCE_LAYER,False,,,,,,
.[⚙️_AI_FILES]/LOGS/archive_admin/archive_admin_20260609_015745.txt,archive-machinery,.txt,native-text,2003,NON_SOURCE_LAYER,False,,,,,,
.[⚙️_AI_FILES]/LOGS/archive_admin/archive_admin_20260609_030152.txt,archive-machinery,.txt,native-text,2005,NON_SOURCE_LAYER,False,,,,,,
.[⚙️_AI_FILES]/LOGS/archive_admin/archive_admin_20260609_051013.txt,archive-machinery,.txt,native-text,2005,NON_SOURCE_LAYER,False,,,,,,
.[⚙️_AI_FILES]/LOGS/archive_admin/archive_admin_20260609_051048.txt,archive-machinery,.txt,native-text,2005,NON_SOURCE_LAYER,False,,,,,,
.[⚙️_AI_FILES]/LOGS/archive_admin/archive_admin_20260609_051117.txt,archive-machinery,.txt,native-text,2005,NON_SOURCE_LAYER,False,,,,,,
.[⚙️_AI_FILES]/LOGS/archive_admin/archive_admin_20260609_051143.txt,archive-machinery,.txt,native-text,2005,NON_SOURCE_LAYER,False,,,,,,
.[⚙️_AI_FILES]/LOGS/archive_admin/archive_admin_20260609_051231.txt,archive-machinery,.txt,native-text,2005,NON_SOURCE_LAYER,False,,,,,,
.[⚙️_AI_FILES]/LOGS/archive_admin/archive_admin_20260609_051417.txt,archive-machinery,.txt,native-text,2019,NON_SOURCE_LAYER,False,,,,,,
.[⚙️_AI_FILES]/LOGS/archive_admin/archive_admin_20260609_054217.txt,archive-machinery,.txt,native-text,2019,NON_SOURCE_LAYER,False,,,,,,
.[⚙️_AI_FILES]/LOGS/archive_admin/archive_admin_20260609_054306.txt,archive-machinery,.txt,native-text,2019,NON_SOURCE_LAYER,False,,,,,,
.[⚙️_AI_FILES]/LOGS/archive_admin/archive_admin_20260609_064129.txt,archive-machinery,.txt,native-text,2019,NON_SOURCE_LAYER,False,,,,,,
.[⚙️_AI_FILES]/LOGS/archive_admin/archive_admin_20260609_064514.txt,archive-machinery,.txt,native-text,2019,NON_SOURCE_LAYER,False,,,,,,
.[⚙️_AI_FILES]/LOGS/archive_admin/archive_admin_20260609_181036.txt,archive-machinery,.txt,native-text,2019,NON_SOURCE_LAYER,False,,,,,,
.[⚙️_AI_FILES]/LOGS/archive_admin/archive_admin_20260609_185116.txt,archive-machinery,.txt,native-text,2019,NON_SOURCE_LAYER,False,,,,,,
.[⚙️_AI_FILES]/LOGS/archive_admin/archive_admin_20260610_100248.txt,archive-machinery,.txt,native-text,2019,NON_SOURCE_LAYER,False,,,,,,
.[⚙️_AI_FILES]/LOGS/archive_admin/archive_admin_20260610_100758.txt,archive-machinery,.txt,native-text,2019,NON_SOURCE_LAYER,False,,,,,,
.[⚙️_AI_FILES]/LOGS/archive_admin/archive_admin_20260610_101157.txt,archive-machinery,.txt,native-text,2019,NON_SOURCE_LAYER,False,,,,,,
.[⚙️_AI_FILES]/LOGS/archive_admin/archive_admin_20260610_102242.txt,archive-machinery,.txt,native-text,2019,NON_SOURCE_LAYER,False,,,,,,
.[⚙️_AI_FILES]/LOGS/archive_admin/archive_admin_20260610_132446.txt,archive-machinery,.txt,native-text,2019,NON_SOURCE_LAYER,False,,,,,,
.[⚙️_AI_FILES]/LOGS/archive_admin/archive_admin_20260610_155833.txt,archive-machinery,.txt,native-text,2019,NON_SOURCE_LAYER,False,,,,,,
.[⚙️_AI_FILES]/LOGS/archive_admin/archive_admin_20260610_230021.txt,archive-machinery,.txt,native-text,2019,NON_SOURCE_LAYER,False,,,,,,
.[⚙️_AI_FILES]/LOGS/archive_admin/archive_admin_20260610_230104.txt,archive-machinery,.txt,native-text,2019,NON_SOURCE_LAYER,False,,,,,,
.[⚙️_AI_FILES]/LOGS/archive_admin/archive_admin_20260610_230224.txt,archive-machinery,.txt,native-text,2019,NON_SOURCE_LAYER,False,,,,,,
.[⚙️_AI_FILES]/LOGS/archive_admin/archive_admin_20260610_230348.txt,archive-machinery,.txt,native-text,2019,NON_SOURCE_LAYER,False,,,,,,
.[⚙️_AI_FILES]/LOGS/archive_admin/archive_admin_20260610_230529.txt,archive-machinery,.txt,native-text,2019,NON_SOURCE_LAYER,False,,,,,,
.[⚙️_AI_FILES]/LOGS/archive_admin/archive_admin_20260613_213847.txt,archive-machinery,.txt,native-text,2019,NON_SOURCE_LAYER,False,,,,,,
.[⚙️_AI_FILES]/LOGS/archive_admin/archive_admin_20260613_214052.txt,archive-machinery,.txt,native-text,2019,NON_SOURCE_LAYER,False,,,,,,
.[⚙️_AI_FILES]/LOGS/archive_admin/archive_admin_20260613_214253.txt,archive-machinery,.txt,native-text,2019,NON_SOURCE_LAYER,False,,,,,,
.[⚙️_AI_FILES]/LOGS/archive_admin/archive_admin_20260613_214441.txt,archive-machinery,.txt,native-text,2019,NON_SOURCE_LAYER,False,,,,,,
.[⚙️_AI_FILES]/LOGS/archive_admin/archive_admin_20260613_214721.txt,archive-machinery,.txt,native-text,2019,NON_SOURCE_LAYER,False,,,,,,
.[⚙️_AI_FILES]/LOGS/archive_admin/archive_admin_20260613_215529.txt,archive-machinery,.txt,native-text,1987,NON_SOURCE_LAYER,False,,,,,,
.[⚙️_AI_FILES]/LOGS/archive_admin/archive_admin_20260614_003007.txt,archive-machinery,.txt,native-text,1987,NON_SOURCE_LAYER,False,,,,,,
.[⚙️_AI_FILES]/LOGS/archive_admin/archive_admin_20260614_003058.txt,archive-machinery,.txt,native-text,1987,NON_SOURCE_LAYER,False,,,,,,
.[⚙️_AI_FILES]/LOGS/archive_admin/archive_admin_20260616_011054.txt,archive-machinery,.txt,native-text,1987,NON_SOURCE_LAYER,False,,,,,,
.[⚙️_AI_FILES]/LOGS/archive_admin/archive_admin_20260616_012047.txt,archive-machinery,.txt,native-text,1987,NON_SOURCE_LAYER,False,,,,,,
.[⚙️_AI_FILES]/LOGS/archive_admin/archive_admin_20260616_024824.txt,archive-machinery,.txt,native-text,1987,NON_SOURCE_LAYER,False,,,,,,
.[⚙️_AI_FILES]/LOGS/archive_admin/archive_admin_20260617_172952.txt,archive-machinery,.txt,native-text,1987,NON_SOURCE_LAYER,False,,,,,,
.[⚙️_AI_FILES]/LOGS/archive_admin/archive_admin_20260617_173150.txt,archive-machinery,.txt,native-text,1987,NON_SOURCE_LAYER,False,,,,,,
.[⚙️_AI_FILES]/LOGS/archive_admin/archive_admin_20260617_174249.txt,archive-machinery,.txt,native-text,1987,NON_SOURCE_LAYER,False,,,,,,
.[⚙️_AI_FILES]/LOGS/archive_admin/archive_admin_20260617_174450.txt,archive-machinery,.txt,native-text,1987,NON_SOURCE_LAYER,False,,,,,,
.[⚙️_AI_FILES]/LOGS/archive_admin/archive_admin_20260617_174520.txt,archive-machinery,.txt,native-text,1987,NON_SOURCE_LAYER,False,,,,,,
.[⚙️_AI_FILES]/LOGS/archive_admin/archive_admin_20260618_080734.txt,archive-machinery,.txt,native-text,1987,NON_SOURCE_LAYER,False,,,,,,
.[⚙️_AI_FILES]/LOGS/archive_admin/archive_admin_20260622_132134.txt,archive-machinery,.txt,native-text,1987,NON_SOURCE_LAYER,False,,,,,,
.[⚙️_AI_FILES]/LOGS/archive_admin/archive_admin_20260623_042304.txt,archive-machinery,.txt,native-text,1987,NON_SOURCE_LAYER,False,,,,,,
.[⚙️_AI_FILES]/LOGS/archive_admin/archive_admin_20260623_073757.txt,archive-machinery,.txt,native-text,1987,NON_SOURCE_LAYER,False,,,,,,
.[⚙️_AI_FILES]/LOGS/archive_admin/archive_admin_20260623_074245.txt,archive-machinery,.txt,native-text,1987,NON_SOURCE_LAYER,False,,,,,,
.[⚙️_AI_FILES]/LOGS/archive_admin/archive_admin_20260623_075850.txt,archive-machinery,.txt,native-text,1987,NON_SOURCE_LAYER,False,,,,,,
.[⚙️_AI_FILES]/LOGS/archive_admin/archive_admin_20260624_171859.txt,archive-machinery,.txt,native-text,1987,NON_SOURCE_LAYER,False,,,,,,
.[⚙️_AI_FILES]/LOGS/archive_admin/archive_admin_20260624_171931.txt,archive-machinery,.txt,native-text,1625,NON_SOURCE_LAYER,False,,,,,,
.[⚙️_AI_FILES]/LOGS/archive_admin/archive_admin_20260629_095311.txt,archive-machinery,.txt,native-text,1625,NON_SOURCE_LAYER,False,,,,,,
.[⚙️_AI_FILES]/LOGS/archive_admin/archive_admin_20260629_100156.txt,archive-machinery,.txt,native-text,1625,NON_SOURCE_LAYER,False,,,,,,
.[⚙️_AI_FILES]/LOGS/archive_admin/archive_admin_20260629_100303.txt,archive-machinery,.txt,native-text,1625,NON_SOURCE_LAYER,False,,,,,,
.[⚙️_AI_FILES]/LOGS/archive_admin/archive_admin_20260629_100423.txt,archive-machinery,.txt,native-text,1625,NON_SOURCE_LAYER,False,,,,,,
.[⚙️_AI_FILES]/LOGS/archive_admin/archive_admin_20260629_100738.txt,archive-machinery,.txt,native-text,1625,NON_SOURCE_LAYER,False,,,,,,
.[⚙️_AI_FILES]/LOGS/archive_admin/archive_admin_20260629_101906.txt,archive-machinery,.txt,native-text,1625,NON_SOURCE_LAYER,False,,,,,,
.[⚙️_AI_FILES]/LOGS/archive_admin/archive_admin_20260701_014630.txt,archive-machinery,.txt,native-text,1625,NON_SOURCE_LAYER,False,,,,,,
.[⚙️_AI_FILES]/LOGS/archive_admin/archive_admin_20260702_174623.txt,archive-machinery,.txt,native-text,1625,NON_SOURCE_LAYER,False,,,,,,
.[⚙️_AI_FILES]/LOGS/archive_admin/archive_admin_20260702_174723.txt,archive-machinery,.txt,native-text,1625,NON_SOURCE_LAYER,False,,,,,,
.[⚙️_AI_FILES]/LOGS/archive_admin/archive_admin_20260702_174922.txt,archive-machinery,.txt,native-text,1625,NON_SOURCE_LAYER,False,,,,,,
.[⚙️_AI_FILES]/LOGS/archive_admin/archive_admin_20260708_062622.txt,archive-machinery,.txt,native-text,1625,NON_SOURCE_LAYER,False,,,,,,
.[⚙️_AI_FILES]/LOGS/archive_admin/archive_admin_20260712_225855.txt,archive-machinery,.txt,native-text,1625,NON_SOURCE_LAYER,False,,,,,,
.[⚙️_AI_FILES]/LOGS/archive_admin/archive_admin_20260718_033514.txt,archive-machinery,.txt,native-text,1625,NON_SOURCE_LAYER,False,,,,,,
.[⚙️_AI_FILES]/LOGS/archive_admin/archive_admin_20260718_034631.txt,archive-machinery,.txt,native-text,1625,NON_SOURCE_LAYER,False,,,,,,
.[⚙️_AI_FILES]/LOGS/archive_admin/archive_admin_20260827_053535.txt,archive-machinery,.txt,native-text,1625,NON_SOURCE_LAYER,False,,,,,,
.[⚙️_AI_FILES]/LOGS/archive_admin/archive_admin_20260901_133742.txt,archive-machinery,.txt,native-text,1625,NON_SOURCE_LAYER,False,,,,,,
.[⚙️_AI_FILES]/LOGS/archive_admin/archive_admin_20260901_134901.txt,archive-machinery,.txt,native-text,1625,NON_SOURCE_LAYER,False,,,,,,
.[⚙️_AI_FILES]/LOGS/archive_admin/archive_admin_20260901_135120.txt,archive-machinery,.txt,native-text,1625,NON_SOURCE_LAYER,False,,,,,,
.[⚙️_AI_FILES]/LOGS/archive_admin/archive_admin_20260904_182854.txt,archive-machinery,.txt,native-text,1625,NON_SOURCE_LAYER,False,,,,,,
.[⚙️_AI_FILES]/LOGS/archive_admin/archive_admin_20260904_183102.txt,archive-machinery,.txt,native-text,1625,NON_SOURCE_LAYER,False,,,,,,
.[⚙️_AI_FILES]/LOGS/archive_admin/archive_admin_20260904_183453.txt,archive-machinery,.txt,native-text,1625,NON_SOURCE_LAYER,False,,,,,,
.[⚙️_AI_FILES]/LOGS/archive_admin/archive_admin_20260904_183943.txt,archive-machinery,.txt,native-text,1625,NON_SOURCE_LAYER,False,,,,,,
.[⚙️_AI_FILES]/LOGS/archive_admin/archive_admin_20260904_185836.txt,archive-machinery,.txt,native-text,1625,NON_SOURCE_LAYER,False,,,,,,
.[⚙️_AI_FILES]/LOGS/archive_admin/archive_admin_20260904_190054.txt,archive-machinery,.txt,native-text,1625,NON_SOURCE_LAYER,False,,,,,,
.[⚙️_AI_FILES]/LOGS/archive_admin/archive_admin_20260904_190258.txt,archive-machinery,.txt,native-text,1625,NON_SOURCE_LAYER,False,,,,,,
.[⚙️_AI_FILES]/LOGS/archive_admin/archive_admin_20260904_192249.txt,archive-machinery,.txt,native-text,1625,NON_SOURCE_LAYER,False,,,,,,
.[⚙️_AI_FILES]/LOGS/archive_admin/archive_admin_20260904_192624.txt,archive-machinery,.txt,native-text,1625,NON_SOURCE_LAYER,False,,,,,,
.[⚙️_AI_FILES]/LOGS/archive_admin/archive_admin_20260904_193555.txt,archive-machinery,.txt,native-text,1625,NON_SOURCE_LAYER,False,,,,,,
.[⚙️_AI_FILES]/LOGS/archive_admin/archive_admin_20260905_143839.txt,archive-machinery,.txt,native-text,1987,NON_SOURCE_LAYER,False,,,,,,
.[⚙️_AI_FILES]/LOGS/archive_admin/archive_admin_20260905_144035.txt,archive-machinery,.txt,native-text,1669,NON_SOURCE_LAYER,False,,,,,,
.[⚙️_AI_FILES]/LOGS/archive_admin/archive_admin_20260906_095315.txt,archive-machinery,.txt,native-text,1669,NON_SOURCE_LAYER,False,,,,,,
.[⚙️_AI_FILES]/LOGS/archive_admin/archive_admin_20260906_095405.txt,archive-machinery,.txt,native-text,1669,NON_SOURCE_LAYER,False,,,,,,
.[⚙️_AI_FILES]/LOGS/archive_admin/archive_admin_20260906_225402.txt,archive-machinery,.txt,native-text,1669,NON_SOURCE_LAYER,False,,,,,,
.[⚙️_AI_FILES]/LOGS/archive_admin/archive_admin_20260906_225522.txt,archive-machinery,.txt,native-text,1669,NON_SOURCE_LAYER,False,,,,,,
.[⚙️_AI_FILES]/LOGS/archive_admin/archive_admin_20260906_225819.txt,archive-machinery,.txt,native-text,1669,NON_SOURCE_LAYER,False,,,,,,
.[⚙️_AI_FILES]/LOGS/archive_admin/archive_admin_20260906_230215.txt,archive-machinery,.txt,native-text,1669,NON_SOURCE_LAYER,False,,,,,,
.[⚙️_AI_FILES]/LOGS/archive_admin/archive_admin_20260906_230651.txt,archive-machinery,.txt,native-text,1669,NON_SOURCE_LAYER,False,,,,,,
.[⚙️_AI_FILES]/LOGS/archive_admin/archive_admin_20260906_233124.txt,archive-machinery,.txt,native-text,1669,NON_SOURCE_LAYER,False,,,,,,
.[⚙️_AI_FILES]/LOGS/archive_admin/archive_admin_20260906_233642.txt,archive-machinery,.txt,native-text,1669,NON_SOURCE_LAYER,False,,,,,,
.[⚙️_AI_FILES]/LOGS/archive_admin/archive_admin_20260906_233950.txt,archive-machinery,.txt,native-text,1669,NON_SOURCE_LAYER,False,,,,,,
.[⚙️_AI_FILES]/LOGS/archive_admin/archive_admin_20260906_234057.txt,archive-machinery,.txt,native-text,1669,NON_SOURCE_LAYER,False,,,,,,
.[⚙️_AI_FILES]/LOGS/archive_admin/archive_admin_20260907_161928.txt,archive-machinery,.txt,native-text,1669,NON_SOURCE_LAYER,False,,,,,,
.[⚙️_AI_FILES]/LOGS/archive_admin/archive_admin_20260907_190740.txt,archive-machinery,.txt,native-text,1669,NON_SOURCE_LAYER,False,,,,,,
.[⚙️_AI_FILES]/LOGS/archive_admin/archive_admin_20260907_190931.txt,archive-machinery,.txt,native-text,1669,NON_SOURCE_LAYER,False,,,,,,
.[⚙️_AI_FILES]/LOGS/archive_admin/archive_admin_20260907_192744.txt,archive-machinery,.txt,native-text,1669,NON_SOURCE_LAYER,False,,,,,,
.[⚙️_AI_FILES]/LOGS/archive_admin/archive_admin_20260907_192830.txt,archive-machinery,.txt,native-text,1669,NON_SOURCE_LAYER,False,,,,,,
.[⚙️_AI_FILES]/LOGS/archive_admin/archive_admin_20260907_193137.txt,archive-machinery,.txt,native-text,1669,NON_SOURCE_LAYER,False,,,,,,
.[⚙️_AI_FILES]/LOGS/archive_admin/archive_admin_20260907_193330.txt,archive-machinery,.txt,native-text,1669,NON_SOURCE_LAYER,False,,,,,,
.[⚙️_AI_FILES]/LOGS/archive_admin/archive_admin_20260907_194123.txt,archive-machinery,.txt,native-text,1669,NON_SOURCE_LAYER,False,,,,,,
.[⚙️_AI_FILES]/LOGS/archive_admin/archive_admin_20260907_194307.txt,archive-machinery,.txt,native-text,1669,NON_SOURCE_LAYER,False,,,,,,
.[⚙️_AI_FILES]/LOGS/archive_admin/archive_admin_20260907_194553.txt,archive-machinery,.txt,native-text,1669,NON_SOURCE_LAYER,False,,,,,,
.[⚙️_AI_FILES]/LOGS/archive_admin/archive_admin_20260907_194637.txt,archive-machinery,.txt,native-text,1669,NON_SOURCE_LAYER,False,,,,,,
.[⚙️_AI_FILES]/LOGS/archive_admin/archive_admin_20260907_194826.txt,archive-machinery,.txt,native-text,1669,NON_SOURCE_LAYER,False,,,,,,
.[⚙️_AI_FILES]/LOGS/archive_admin/archive_admin_20260907_195319.txt,archive-machinery,.txt,native-text,1669,NON_SOURCE_LAYER,False,,,,,,
.[⚙️_AI_FILES]/LOGS/archive_admin/archive_admin_20260907_205541.txt,archive-machinery,.txt,native-text,1669,NON_SOURCE_LAYER,False,,,,,,
.[⚙️_AI_FILES]/LOGS/archive_admin/archive_admin_20260908_043435.txt,archive-machinery,.txt,native-text,1669,NON_SOURCE_LAYER,False,,,,,,
.[⚙️_AI_FILES]/LOGS/archive_admin/archive_admin_20260908_043520.txt,archive-machinery,.txt,native-text,1669,NON_SOURCE_LAYER,False,,,,,,
.[⚙️_AI_FILES]/LOGS/archive_admin/archive_admin_20260908_054742.txt,archive-machinery,.txt,native-text,1669,NON_SOURCE_LAYER,False,,,,,,
.[⚙️_AI_FILES]/LOGS/archive_admin/archive_admin_20260908_222730.txt,archive-machinery,.txt,native-text,1669,NON_SOURCE_LAYER,False,,,,,,
.[⚙️_AI_FILES]/LOGS/archive_admin/archive_admin_20260908_225544.txt,archive-machinery,.txt,native-text,1669,NON_SOURCE_LAYER,False,,,,,,
.[⚙️_AI_FILES]/LOGS/archive_admin/archive_admin_20260909_001550.txt,archive-machinery,.txt,native-text,1669,NON_SOURCE_LAYER,False,,,,,,
.[⚙️_AI_FILES]/LOGS/archive_admin/archive_admin_20260909_035826.txt,archive-machinery,.txt,native-text,1681,NON_SOURCE_LAYER,False,,,,,,
.[⚙️_AI_FILES]/LOGS/archive_admin/archive_admin_20260909_040047.txt,archive-machinery,.txt,native-text,1869,NON_SOURCE_LAYER,False,,,,,,
.[⚙️_AI_FILES]/LOGS/archive_admin/archive_admin_20260909_060514.txt,archive-machinery,.txt,native-text,1869,NON_SOURCE_LAYER,False,,,,,,
.[⚙️_AI_FILES]/LOGS/archive_admin/archive_admin_20260909_064632.txt,archive-machinery,.txt,native-text,1869,NON_SOURCE_LAYER,False,,,,,,
.[⚙️_AI_FILES]/LOGS/archive_admin/archive_admin_20260909_065308.txt,archive-machinery,.txt,native-text,1869,NON_SOURCE_LAYER,False,,,,,,
.[⚙️_AI_FILES]/LOGS/archive_admin/archive_admin_20260909_074203.txt,archive-machinery,.txt,native-text,1869,NON_SOURCE_LAYER,False,,,,,,
.[⚙️_AI_FILES]/LOGS/archive_admin/archive_admin_20260909_084028.txt,archive-machinery,.txt,native-text,1747,NON_SOURCE_LAYER,False,,,,,,
.[⚙️_AI_FILES]/LOGS/archive_admin/archive_admin_20260909_114851.txt,archive-machinery,.txt,native-text,1747,NON_SOURCE_LAYER,False,,,,,,
.[⚙️_AI_FILES]/LOGS/archive_admin/archive_admin_20260909_124546.txt,archive-machinery,.txt,native-text,1747,NON_SOURCE_LAYER,False,,,,,,
.[⚙️_AI_FILES]/LOGS/archive_admin/archive_admin_20260910_003037.txt,archive-machinery,.txt,native-text,1747,NON_SOURCE_LAYER,False,,,,,,
.[⚙️_AI_FILES]/LOGS/archive_admin/archive_admin_20260910_003124.txt,archive-machinery,.txt,native-text,1747,NON_SOURCE_LAYER,False,,,,,,
.[⚙️_AI_FILES]/LOGS/archive_admin/archive_admin_20260910_003314.txt,archive-machinery,.txt,native-text,1747,NON_SOURCE_LAYER,False,,,,,,
.[⚙️_AI_FILES]/LOGS/archive_admin/archive_admin_20260910_061616.txt,archive-machinery,.txt,native-text,1747,NON_SOURCE_LAYER,False,,,,,,
.[⚙️_AI_FILES]/LOGS/archive_admin/archive_admin_20260910_061932.txt,archive-machinery,.txt,native-text,1747,NON_SOURCE_LAYER,False,,,,,,
.[⚙️_AI_FILES]/LOGS/archive_admin/archive_admin_20260910_062105.txt,archive-machinery,.txt,native-text,1747,NON_SOURCE_LAYER,False,,,,,,
.[⚙️_AI_FILES]/LOGS/archive_admin/archive_admin_20260910_062600.txt,archive-machinery,.txt,native-text,1747,NON_SOURCE_LAYER,False,,,,,,
.[⚙️_AI_FILES]/LOGS/archive_admin/archive_admin_20260910_063044.txt,archive-machinery,.txt,native-text,1747,NON_SOURCE_LAYER,False,,,,,,
.[⚙️_AI_FILES]/LOGS/archive_admin/archive_admin_20260910_063237.txt,archive-machinery,.txt,native-text,1747,NON_SOURCE_LAYER,False,,,,,,
.[⚙️_AI_FILES]/LOGS/archive_admin/archive_admin_20260910_065126.txt,archive-machinery,.txt,native-text,1747,NON_SOURCE_LAYER,False,,,,,,
.[⚙️_AI_FILES]/LOGS/archive_admin/archive_admin_20260910_083203.txt,archive-machinery,.txt,native-text,1635,NON_SOURCE_LAYER,False,,,,,,
.[⚙️_AI_FILES]/LOGS/archive_admin/archive_admin_20260910_090224.txt,archive-machinery,.txt,native-text,1635,NON_SOURCE_LAYER,False,,,,,,
.[⚙️_AI_FILES]/LOGS/archive_admin/archive_admin_20260910_091606.txt,archive-machinery,.txt,native-text,1635,NON_SOURCE_LAYER,False,,,,,,
.[⚙️_AI_FILES]/LOGS/archive_admin/archive_admin_20260910_092205.txt,archive-machinery,.txt,native-text,1635,NON_SOURCE_LAYER,False,,,,,,
.[⚙️_AI_FILES]/LOGS/archive_admin/archive_admin_20260910_092416.txt,archive-machinery,.txt,native-text,1635,NON_SOURCE_LAYER,False,,,,,,
.[⚙️_AI_FILES]/LOGS/archive_admin/archive_admin_20260910_092944.txt,archive-machinery,.txt,native-text,1635,NON_SOURCE_LAYER,False,,,,,,
.[⚙️_AI_FILES]/LOGS/archive_admin/archive_admin_20260910_110842.txt,archive-machinery,.txt,native-text,1635,NON_SOURCE_LAYER,False,,,,,,
.[⚙️_AI_FILES]/LOGS/archive_admin/archive_admin_20260910_111450.txt,archive-machinery,.txt,native-text,1635,NON_SOURCE_LAYER,False,,,,,,
.[⚙️_AI_FILES]/LOGS/archive_admin/archive_admin_20260910_112135.txt,archive-machinery,.txt,native-text,1631,NON_SOURCE_LAYER,False,,,,,,
.[⚙️_AI_FILES]/LOGS/archive_admin/archive_admin_20260910_112305.txt,archive-machinery,.txt,native-text,1987,NON_SOURCE_LAYER,False,,,,,,
.[⚙️_AI_FILES]/LOGS/archive_admin/archive_admin_20260910_112432.txt,archive-machinery,.txt,native-text,1669,NON_SOURCE_LAYER,False,,,,,,
.[⚙️_AI_FILES]/LOGS/archive_admin/archive_admin_20260910_112619.txt,archive-machinery,.txt,native-text,1629,NON_SOURCE_LAYER,False,,,,,,
.[⚙️_AI_FILES]/LOGS/archive_admin/archive_admin_20260910_112836.txt,archive-machinery,.txt,native-text,1669,NON_SOURCE_LAYER,False,,,,,,
.[⚙️_AI_FILES]/LOGS/archive_admin/archive_admin_20260910_113026.txt,archive-machinery,.txt,native-text,1655,NON_SOURCE_LAYER,False,,,,,,
.[⚙️_AI_FILES]/LOGS/archive_admin/archive_admin_20260910_113408.txt,archive-machinery,.txt,native-text,2085,NON_SOURCE_LAYER,False,,,,,,
.[⚙️_AI_FILES]/LOGS/archive_admin/archive_admin_20260910_113739.txt,archive-machinery,.txt,native-text,1655,NON_SOURCE_LAYER,False,,,,,,
.[⚙️_AI_FILES]/LOGS/archive_admin/archive_admin_20260910_115231.txt,archive-machinery,.txt,native-text,1669,NON_SOURCE_LAYER,False,,,,,,
.[⚙️_AI_FILES]/LOGS/archive_admin/archive_admin_20260910_115653.txt,archive-machinery,.txt,native-text,1669,NON_SOURCE_LAYER,False,,,,,,
.[⚙️_AI_FILES]/LOGS/archive_admin/archive_admin_20260910_122702.txt,archive-machinery,.txt,native-text,1669,NON_SOURCE_LAYER,False,,,,,,
.[⚙️_AI_FILES]/LOGS/archive_admin/archive_admin_20260910_123629.txt,archive-machinery,.txt,native-text,1669,NON_SOURCE_LAYER,False,,,,,,
.[⚙️_AI_FILES]/LOGS/archive_admin/archive_admin_20260910_123803.txt,archive-machinery,.txt,native-text,1669,NON_SOURCE_LAYER,False,,,,,,
.[⚙️_AI_FILES]/LOGS/archive_admin/archive_admin_20260910_124137.txt,archive-machinery,.txt,native-text,1669,NON_SOURCE_LAYER,False,,,,,,
.[⚙️_AI_FILES]/LOGS/archive_admin/archive_admin_20260910_124716.txt,archive-machinery,.txt,native-text,1669,NON_SOURCE_LAYER,False,,,,,,
.[⚙️_AI_FILES]/LOGS/archive_admin/archive_admin_20260910_154057.txt,archive-machinery,.txt,native-text,1669,NON_SOURCE_LAYER,False,,,,,,
.[⚙️_AI_FILES]/LOGS/archive_admin/archive_admin_20260910_160146.txt,archive-machinery,.txt,native-text,1669,NON_SOURCE_LAYER,False,,,,,,
.[⚙️_AI_FILES]/LOGS/archive_admin/archive_admin_20260910_185414.txt,archive-machinery,.txt,native-text,1669,NON_SOURCE_LAYER,False,,,,,,
.[⚙️_AI_FILES]/LOGS/archive_admin/archive_admin_20260910_195454.txt,archive-machinery,.txt,native-text,1669,NON_SOURCE_LAYER,False,,,,,,
.[⚙️_AI_FILES]/LOGS/archive_admin/archive_admin_20260910_224927.txt,archive-machinery,.txt,native-text,1669,NON_SOURCE_LAYER,False,,,,,,
.[⚙️_AI_FILES]/LOGS/archive_admin/archive_admin_20260910_234345.txt,archive-machinery,.txt,native-text,1669,NON_SOURCE_LAYER,False,,,,,,
.[⚙️_AI_FILES]/LOGS/archive_admin/archive_admin_20260910_234802.txt,archive-machinery,.txt,native-text,1669,NON_SOURCE_LAYER,False,,,,,,
.[⚙️_AI_FILES]/LOGS/archive_admin/archive_admin_20260911_005141.txt,archive-machinery,.txt,native-text,1669,NON_SOURCE_LAYER,False,,,,,,
.[⚙️_AI_FILES]/LOGS/archive_admin/archive_admin_20260911_015113.txt,archive-machinery,.txt,native-text,1669,NON_SOURCE_LAYER,False,,,,,,
.[⚙️_AI_FILES]/LOGS/archive_admin/archive_admin_20260911_020346.txt,archive-machinery,.txt,native-text,1669,NON_SOURCE_LAYER,False,,,,,,
.[⚙️_AI_FILES]/LOGS/archive_admin/archive_admin_20260911_040808.txt,archive-machinery,.txt,native-text,1669,NON_SOURCE_LAYER,False,,,,,,
.[⚙️_AI_FILES]/LOGS/archive_admin/archive_admin_20260911_050648.txt,archive-machinery,.txt,native-text,1669,NON_SOURCE_LAYER,False,,,,,,
.[⚙️_AI_FILES]/LOGS/archive_admin/archive_admin_20260911_060132.txt,archive-machinery,.txt,native-text,1669,NON_SOURCE_LAYER,False,,,,,,
.[⚙️_AI_FILES]/LOGS/archive_admin/archive_admin_20260911_070623.txt,archive-machinery,.txt,native-text,1669,NON_SOURCE_LAYER,False,,,,,,
.[⚙️_AI_FILES]/LOGS/archive_admin/archive_admin_20260911_080003.txt,archive-machinery,.txt,native-text,1669,NON_SOURCE_LAYER,False,,,,,,
.[⚙️_AI_FILES]/LOGS/archive_admin/archive_admin_20260911_085950.txt,archive-machinery,.txt,native-text,1669,NON_SOURCE_LAYER,False,,,,,,
.[⚙️_AI_FILES]/LOGS/archive_admin/archive_admin_20260911_100114.txt,archive-machinery,.txt,native-text,1669,NON_SOURCE_LAYER,False,,,,,,
.[⚙️_AI_FILES]/LOGS/archive_admin/archive_admin_20260911_110424.txt,archive-machinery,.txt,native-text,1669,NON_SOURCE_LAYER,False,,,,,,
.[⚙️_AI_FILES]/LOGS/archive_admin/archive_admin_20260911_120303.txt,archive-machinery,.txt,native-text,1669,NON_SOURCE_LAYER,False,,,,,,
.[⚙️_AI_FILES]/LOGS/archive_admin/archive_admin_20260911_130352.txt,archive-machinery,.txt,native-text,1669,NON_SOURCE_LAYER,False,,,,,,
.[⚙️_AI_FILES]/LOGS/archive_admin/archive_admin_20260911_140642.txt,archive-machinery,.txt,native-text,1669,NON_SOURCE_LAYER,False,,,,,,
.[⚙️_AI_FILES]/LOGS/archive_admin/archive_admin_20260912_001153.txt,archive-machinery,.txt,native-text,1669,NON_SOURCE_LAYER,False,,,,,,
.[⚙️_AI_FILES]/LOGS/archive_admin/archive_admin_20260912_001417.txt,archive-machinery,.txt,native-text,1669,NON_SOURCE_LAYER,False,,,,,,
.[⚙️_AI_FILES]/LOGS/archive_admin/archive_admin_20260912_001617.txt,archive-machinery,.txt,native-text,1669,NON_SOURCE_LAYER,False,,,,,,
.[⚙️_AI_FILES]/LOGS/archive_admin/archive_admin_20260912_002616.txt,archive-machinery,.txt,native-text,1669,NON_SOURCE_LAYER,False,,,,,,
.[⚙️_AI_FILES]/LOGS/archive_admin/archive_admin_20260912_062709.txt,archive-machinery,.txt,native-text,1669,NON_SOURCE_LAYER,False,,,,,,
.[⚙️_AI_FILES]/LOGS/archive_admin/archive_admin_20260912_090324.txt,archive-machinery,.txt,native-text,1669,NON_SOURCE_LAYER,False,,,,,,
.[⚙️_AI_FILES]/LOGS/archive_admin/archive_admin_20260912_090416.txt,archive-machinery,.txt,native-text,1669,NON_SOURCE_LAYER,False,,,,,,
.[⚙️_AI_FILES]/LOGS/archive_admin/archive_admin_20260912_092201.txt,archive-machinery,.txt,native-text,1669,NON_SOURCE_LAYER,False,,,,,,
.[⚙️_AI_FILES]/LOGS/archive_admin/archive_admin_20260912_092252.txt,archive-machinery,.txt,native-text,1669,NON_SOURCE_LAYER,False,,,,,,
.[⚙️_AI_FILES]/LOGS/archive_admin/archive_admin_20260912_100627.txt,archive-machinery,.txt,native-text,1669,NON_SOURCE_LAYER,False,,,,,,
.[⚙️_AI_FILES]/LOGS/archive_admin/archive_admin_20260912_105441.txt,archive-machinery,.txt,native-text,1669,NON_SOURCE_LAYER,False,,,,,,
.[⚙️_AI_FILES]/LOGS/archive_admin/archive_admin_20260912_110137.txt,archive-machinery,.txt,native-text,1669,NON_SOURCE_LAYER,False,,,,,,
.[⚙️_AI_FILES]/LOGS/archive_admin/archive_admin_20260912_131702.txt,archive-machinery,.txt,native-text,1669,NON_SOURCE_LAYER,False,,,,,,
.[⚙️_AI_FILES]/LOGS/archive_admin/archive_admin_20260912_150336.txt,archive-machinery,.txt,native-text,1669,NON_SOURCE_LAYER,False,,,,,,
.[⚙️_AI_FILES]/LOGS/archive_admin/archive_admin_20260912_160634.txt,archive-machinery,.txt,native-text,1669,NON_SOURCE_LAYER,False,,,,,,
.[⚙️_AI_FILES]/LOGS/archive_admin/archive_admin_20260913_001349.txt,archive-machinery,.txt,native-text,1669,NON_SOURCE_LAYER,False,,,,,,
.[⚙️_AI_FILES]/LOGS/archive_admin/archive_admin_20260913_031923.txt,archive-machinery,.txt,native-text,1669,NON_SOURCE_LAYER,False,,,,,,
.[⚙️_AI_FILES]/LOGS/archive_admin/archive_admin_20260913_051053.txt,archive-machinery,.txt,native-text,1669,NON_SOURCE_LAYER,False,,,,,,
.[⚙️_AI_FILES]/LOGS/archive_admin/archive_admin_20260913_064930.txt,archive-machinery,.txt,native-text,1669,NON_SOURCE_LAYER,False,,,,,,
.[⚙️_AI_FILES]/LOGS/archive_admin/archive_admin_20260913_102844.txt,archive-machinery,.txt,native-text,1669,NON_SOURCE_LAYER,False,,,,,,
.[⚙️_AI_FILES]/LOGS/archive_admin/bootstrap_20260607_153332.txt,archive-machinery,.txt,native-text,1533,NON_SOURCE_LAYER,False,,,,,,
.[⚙️_AI_FILES]/LOGS/archive_index_chunker/chunk_20260910_112135.txt,archive-machinery,.txt,native-text,457,NON_SOURCE_LAYER,False,,,,,,
.[⚙️_AI_FILES]/LOGS/archive_index_delta/delta_20260910_112619.txt,archive-machinery,.txt,native-text,581,NON_SOURCE_LAYER,False,,,,,,
.[⚙️_AI_FILES]/LOGS/archive_index_router/router_20260910_113027.txt,archive-machinery,.txt,native-text,428,NON_SOURCE_LAYER,False,,,,,,
.[⚙️_AI_FILES]/LOGS/archive_index_router/router_20260910_113739.txt,archive-machinery,.txt,native-text,322,NON_SOURCE_LAYER,False,,,,,,
.[⚙️_AI_FILES]/LOGS/cross_repo_admin/bootstrap_20260910.txt,archive-machinery,.txt,native-text,3223,NON_SOURCE_LAYER,False,,,,,,
.[⚙️_AI_FILES]/LOGS/errors/archive_admin_error_history.jsonl,archive-machinery,.jsonl,native-text,129,NON_SOURCE_LAYER,False,,,,,,
.[⚙️_AI_FILES]/LOGS/errors/archive_admin_last_error.txt,archive-machinery,.txt,native-text,598,NON_SOURCE_LAYER,False,,,,,,
.[⚙️_AI_FILES]/LOGS/folder_indexer/folder_index_20260607_181619.txt,archive-machinery,.txt,native-text,475,NON_SOURCE_LAYER,False,,,,,,
.[⚙️_AI_FILES]/LOGS/folder_indexer/folder_index_20260607_185721.txt,archive-machinery,.txt,native-text,9362,NON_SOURCE_LAYER,False,,,,,,
.[⚙️_AI_FILES]/LOGS/folder_indexer/folder_index_20260607_191335.txt,archive-machinery,.txt,native-text,9487,NON_SOURCE_LAYER,False,,,,,,
.[⚙️_AI_FILES]/LOGS/folder_indexer/folder_index_20260608_112525.txt,archive-machinery,.txt,native-text,5148,NON_SOURCE_LAYER,False,,,,,,
.[⚙️_AI_FILES]/LOGS/folder_indexer/folder_index_20260608_113154.txt,archive-machinery,.txt,native-text,1091,NON_SOURCE_LAYER,False,,,,,,
.[⚙️_AI_FILES]/LOGS/folder_indexer/folder_index_20260608_120016.txt,archive-machinery,.txt,native-text,1122,NON_SOURCE_LAYER,False,,,,,,
.[⚙️_AI_FILES]/LOGS/folder_indexer/folder_index_20260608_120401.txt,archive-machinery,.txt,native-text,3383,NON_SOURCE_LAYER,False,,,,,,
.[⚙️_AI_FILES]/LOGS/folder_indexer/folder_index_20260608_121729.txt,archive-machinery,.txt,native-text,3414,NON_SOURCE_LAYER,False,,,,,,
.[⚙️_AI_FILES]/LOGS/folder_indexer/folder_index_20260608_122113.txt,archive-machinery,.txt,native-text,3414,NON_SOURCE_LAYER,False,,,,,,
.[⚙️_AI_FILES]/LOGS/folder_indexer/folder_index_20260609_015745.txt,archive-machinery,.txt,native-text,1204,NON_SOURCE_LAYER,False,,,,,,
.[⚙️_AI_FILES]/LOGS/folder_indexer/folder_index_20260609_030152.txt,archive-machinery,.txt,native-text,3553,NON_SOURCE_LAYER,False,,,,,,
.[⚙️_AI_FILES]/LOGS/folder_indexer/folder_index_20260609_051013.txt,archive-machinery,.txt,native-text,3553,NON_SOURCE_LAYER,False,,,,,,
.[⚙️_AI_FILES]/LOGS/folder_indexer/folder_index_20260609_051048.txt,archive-machinery,.txt,native-text,3606,NON_SOURCE_LAYER,False,,,,,,
.[⚙️_AI_FILES]/LOGS/folder_indexer/folder_index_20260609_051117.txt,archive-machinery,.txt,native-text,3606,NON_SOURCE_LAYER,False,,,,,,
.[⚙️_AI_FILES]/LOGS/folder_indexer/folder_index_20260609_051143.txt,archive-machinery,.txt,native-text,3606,NON_SOURCE_LAYER,False,,,,,,
.[⚙️_AI_FILES]/LOGS/folder_indexer/folder_index_20260609_051231.txt,archive-machinery,.txt,native-text,3606,NON_SOURCE_LAYER,False,,,,,,
.[⚙️_AI_FILES]/LOGS/folder_indexer/folder_index_20260609_051417.txt,archive-machinery,.txt,native-text,1135,NON_SOURCE_LAYER,False,,,,,,
.[⚙️_AI_FILES]/LOGS/folder_indexer/folder_index_20260609_054217.txt,archive-machinery,.txt,native-text,1166,NON_SOURCE_LAYER,False,,,,,,
.[⚙️_AI_FILES]/LOGS/folder_indexer/folder_index_20260609_054306.txt,archive-machinery,.txt,native-text,1166,NON_SOURCE_LAYER,False,,,,,,
.[⚙️_AI_FILES]/LOGS/folder_indexer/folder_index_20260609_064129.txt,archive-machinery,.txt,native-text,1166,NON_SOURCE_LAYER,False,,,,,,
.[⚙️_AI_FILES]/LOGS/folder_indexer/folder_index_20260609_064514.txt,archive-machinery,.txt,native-text,1166,NON_SOURCE_LAYER,False,,,,,,
.[⚙️_AI_FILES]/LOGS/folder_indexer/folder_index_20260609_181036.txt,archive-machinery,.txt,native-text,1166,NON_SOURCE_LAYER,False,,,,,,
.[⚙️_AI_FILES]/LOGS/folder_indexer/folder_index_20260609_185116.txt,archive-machinery,.txt,native-text,1166,NON_SOURCE_LAYER,False,,,,,,
.[⚙️_AI_FILES]/LOGS/folder_indexer/folder_index_20260610_100248.txt,archive-machinery,.txt,native-text,1166,NON_SOURCE_LAYER,False,,,,,,
.[⚙️_AI_FILES]/LOGS/folder_indexer/folder_index_20260610_100758.txt,archive-machinery,.txt,native-text,1166,NON_SOURCE_LAYER,False,,,,,,
.[⚙️_AI_FILES]/LOGS/folder_indexer/folder_index_20260610_101157.txt,archive-machinery,.txt,native-text,1166,NON_SOURCE_LAYER,False,,,,,,
.[⚙️_AI_FILES]/LOGS/folder_indexer/folder_index_20260610_102242.txt,archive-machinery,.txt,native-text,1166,NON_SOURCE_LAYER,False,,,,,,
.[⚙️_AI_FILES]/LOGS/folder_indexer/folder_index_20260610_132446.txt,archive-machinery,.txt,native-text,1166,NON_SOURCE_LAYER,False,,,,,,
.[⚙️_AI_FILES]/LOGS/folder_indexer/folder_index_20260610_155833.txt,archive-machinery,.txt,native-text,1166,NON_SOURCE_LAYER,False,,,,,,
.[⚙️_AI_FILES]/LOGS/folder_indexer/folder_index_20260610_230021.txt,archive-machinery,.txt,native-text,1166,NON_SOURCE_LAYER,False,,,,,,
.[⚙️_AI_FILES]/LOGS/folder_indexer/folder_index_20260610_230104.txt,archive-machinery,.txt,native-text,1166,NON_SOURCE_LAYER,False,,,,,,
.[⚙️_AI_FILES]/LOGS/folder_indexer/folder_index_20260610_230224.txt,archive-machinery,.txt,native-text,1166,NON_SOURCE_LAYER,False,,,,,,
.[⚙️_AI_FILES]/LOGS/folder_indexer/folder_index_20260610_230348.txt,archive-machinery,.txt,native-text,1166,NON_SOURCE_LAYER,False,,,,,,
.[⚙️_AI_FILES]/LOGS/folder_indexer/folder_index_20260610_230529.txt,archive-machinery,.txt,native-text,1166,NON_SOURCE_LAYER,False,,,,,,
.[⚙️_AI_FILES]/LOGS/folder_indexer/folder_index_20260613_213847.txt,archive-machinery,.txt,native-text,1166,NON_SOURCE_LAYER,False,,,,,,
.[⚙️_AI_FILES]/LOGS/folder_indexer/folder_index_20260613_214052.txt,archive-machinery,.txt,native-text,1166,NON_SOURCE_LAYER,False,,,,,,
.[⚙️_AI_FILES]/LOGS/folder_indexer/folder_index_20260613_214253.txt,archive-machinery,.txt,native-text,1166,NON_SOURCE_LAYER,False,,,,,,
.[⚙️_AI_FILES]/LOGS/folder_indexer/folder_index_20260613_214441.txt,archive-machinery,.txt,native-text,1166,NON_SOURCE_LAYER,False,,,,,,
.[⚙️_AI_FILES]/LOGS/folder_indexer/folder_index_20260613_214721.txt,archive-machinery,.txt,native-text,1166,NON_SOURCE_LAYER,False,,,,,,
.[⚙️_AI_FILES]/LOGS/folder_indexer/folder_index_20260613_215529.txt,archive-machinery,.txt,native-text,80238,NON_SOURCE_LAYER,False,,,,,,
.[⚙️_AI_FILES]/LOGS/folder_indexer/folder_index_20260614_003007.txt,archive-machinery,.txt,native-text,80238,NON_SOURCE_LAYER,False,,,,,,
.[⚙️_AI_FILES]/LOGS/folder_indexer/folder_index_20260614_003058.txt,archive-machinery,.txt,native-text,80238,NON_SOURCE_LAYER,False,,,,,,
.[⚙️_AI_FILES]/LOGS/folder_indexer/folder_index_20260616_011054.txt,archive-machinery,.txt,native-text,80328,NON_SOURCE_LAYER,False,,,,,,
.[⚙️_AI_FILES]/LOGS/folder_indexer/folder_index_20260616_012047.txt,archive-machinery,.txt,native-text,80473,NON_SOURCE_LAYER,False,,,,,,
.[⚙️_AI_FILES]/LOGS/folder_indexer/folder_index_20260616_024824.txt,archive-machinery,.txt,native-text,80502,NON_SOURCE_LAYER,False,,,,,,
.[⚙️_AI_FILES]/LOGS/folder_indexer/folder_index_20260617_172952.txt,archive-machinery,.txt,native-text,80502,NON_SOURCE_LAYER,False,,,,,,
.[⚙️_AI_FILES]/LOGS/folder_indexer/folder_index_20260617_173150.txt,archive-machinery,.txt,native-text,80543,NON_SOURCE_LAYER,False,,,,,,
.[⚙️_AI_FILES]/LOGS/folder_indexer/folder_index_20260617_174249.txt,archive-machinery,.txt,native-text,80543,NON_SOURCE_LAYER,False,,,,,,
.[⚙️_AI_FILES]/LOGS/folder_indexer/folder_index_20260617_174450.txt,archive-machinery,.txt,native-text,80543,NON_SOURCE_LAYER,False,,,,,,
.[⚙️_AI_FILES]/LOGS/folder_indexer/folder_index_20260617_174520.txt,archive-machinery,.txt,native-text,80543,NON_SOURCE_LAYER,False,,,,,,
.[⚙️_AI_FILES]/LOGS/folder_indexer/folder_index_20260618_080734.txt,archive-machinery,.txt,native-text,80600,NON_SOURCE_LAYER,False,,,,,,
.[⚙️_AI_FILES]/LOGS/folder_indexer/folder_index_20260622_132134.txt,archive-machinery,.txt,native-text,80627,NON_SOURCE_LAYER,False,,,,,,
.[⚙️_AI_FILES]/LOGS/folder_indexer/folder_index_20260623_042304.txt,archive-machinery,.txt,native-text,80666,NON_SOURCE_LAYER,False,,,,,,
.[⚙️_AI_FILES]/LOGS/folder_indexer/folder_index_20260623_073757.txt,archive-machinery,.txt,native-text,80666,NON_SOURCE_LAYER,False,,,,,,
.[⚙️_AI_FILES]/LOGS/folder_indexer/folder_index_20260623_074245.txt,archive-machinery,.txt,native-text,80666,NON_SOURCE_LAYER,False,,,,,,
.[⚙️_AI_FILES]/LOGS/folder_indexer/folder_index_20260623_075850.txt,archive-machinery,.txt,native-text,80666,NON_SOURCE_LAYER,False,,,,,,
.[⚙️_AI_FILES]/LOGS/folder_indexer/folder_index_20260624_171859.txt,archive-machinery,.txt,native-text,80666,NON_SOURCE_LAYER,False,,,,,,
.[⚙️_AI_FILES]/LOGS/folder_indexer/folder_index_20260905_143839.txt,archive-machinery,.txt,native-text,142522,NON_SOURCE_LAYER,False,,,,,,
.[⚙️_AI_FILES]/LOGS/folder_indexer/folder_index_20260910_112305.txt,archive-machinery,.txt,native-text,186077,NON_SOURCE_LAYER,False,,,,,,
.[⚙️_AI_FILES]/LOGS/folder_indexer/folder_index_20260910_113408.txt,archive-machinery,.txt,native-text,564,NON_SOURCE_LAYER,False,,,,,,
.[⚙️_AI_FILES]/LOGS/folder_indexer/folder_indexer_20260910_123924.txt,archive-machinery,.txt,native-text,301,NON_SOURCE_LAYER,False,,,,,,
.[⚙️_AI_FILES]/LOGS/folder_indexer/folder_indexer_20260910_124314.txt,archive-machinery,.txt,native-text,301,NON_SOURCE_LAYER,False,,,,,,
.[⚙️_AI_FILES]/LOGS/folder_indexer/folder_indexer_20260911_133904.txt,archive-machinery,.txt,native-text,301,NON_SOURCE_LAYER,False,,,,,,
.[⚙️_AI_FILES]/LOGS/pdf_extractor/pdf_extract_20260910_160331.txt,archive-machinery,.txt,native-text,21332,NON_SOURCE_LAYER,False,,,,,,
.[⚙️_AI_FILES]/LOGS/tag_sat_mentions/sat_mentions_test_20260624_172007.txt,archive-machinery,.txt,native-text,180,NON_SOURCE_LAYER,False,,,,,,
.[⚙️_AI_FILES]/LOGS/tag_sat_mentions/sat_mentions_test_20260629_095346.txt,archive-machinery,.txt,native-text,180,NON_SOURCE_LAYER,False,,,,,,
.[⚙️_AI_FILES]/LOGS/tag_sat_mentions/sat_mentions_test_20260629_100232.txt,archive-machinery,.txt,native-text,180,NON_SOURCE_LAYER,False,,,,,,
.[⚙️_AI_FILES]/LOGS/tag_sat_mentions/sat_mentions_test_20260629_100339.txt,archive-machinery,.txt,native-text,180,NON_SOURCE_LAYER,False,,,,,,
.[⚙️_AI_FILES]/LOGS/tag_sat_mentions/sat_mentions_test_20260629_100459.txt,archive-machinery,.txt,native-text,180,NON_SOURCE_LAYER,False,,,,,,
.[⚙️_AI_FILES]/LOGS/tag_sat_mentions/sat_mentions_test_20260629_100813.txt,archive-machinery,.txt,native-text,180,NON_SOURCE_LAYER,False,,,,,,
.[⚙️_AI_FILES]/LOGS/tag_sat_mentions/sat_mentions_test_20260629_101932.txt,archive-machinery,.txt,native-text,180,NON_SOURCE_LAYER,False,,,,,,
.[⚙️_AI_FILES]/LOGS/tag_sat_mentions/sat_mentions_test_20260701_014656.txt,archive-machinery,.txt,native-text,180,NON_SOURCE_LAYER,False,,,,,,
.[⚙️_AI_FILES]/LOGS/tag_sat_mentions/sat_mentions_test_20260702_174649.txt,archive-machinery,.txt,native-text,180,NON_SOURCE_LAYER,False,,,,,,
.[⚙️_AI_FILES]/LOGS/tag_sat_mentions/sat_mentions_test_20260702_174743.txt,archive-machinery,.txt,native-text,180,NON_SOURCE_LAYER,False,,,,,,
.[⚙️_AI_FILES]/LOGS/tag_sat_mentions/sat_mentions_test_20260702_174948.txt,archive-machinery,.txt,native-text,180,NON_SOURCE_LAYER,False,,,,,,
.[⚙️_AI_FILES]/LOGS/tag_sat_mentions/sat_mentions_test_20260708_062656.txt,archive-machinery,.txt,native-text,180,NON_SOURCE_LAYER,False,,,,,,
.[⚙️_AI_FILES]/LOGS/tag_sat_mentions/sat_mentions_test_20260712_225929.txt,archive-machinery,.txt,native-text,180,NON_SOURCE_LAYER,False,,,,,,
.[⚙️_AI_FILES]/LOGS/tag_sat_mentions/sat_mentions_test_20260718_033550.txt,archive-machinery,.txt,native-text,180,NON_SOURCE_LAYER,False,,,,,,
.[⚙️_AI_FILES]/LOGS/tag_sat_mentions/sat_mentions_test_20260718_034713.txt,archive-machinery,.txt,native-text,180,NON_SOURCE_LAYER,False,,,,,,
.[⚙️_AI_FILES]/LOGS/tag_sat_mentions/sat_mentions_test_20260827_053630.txt,archive-machinery,.txt,native-text,180,NON_SOURCE_LAYER,False,,,,,,
.[⚙️_AI_FILES]/LOGS/tag_sat_mentions/sat_mentions_test_20260901_133835.txt,archive-machinery,.txt,native-text,180,NON_SOURCE_LAYER,False,,,,,,
.[⚙️_AI_FILES]/LOGS/tag_sat_mentions/sat_mentions_test_20260901_135006.txt,archive-machinery,.txt,native-text,180,NON_SOURCE_LAYER,False,,,,,,
.[⚙️_AI_FILES]/LOGS/tag_sat_mentions/sat_mentions_test_20260901_135225.txt,archive-machinery,.txt,native-text,180,NON_SOURCE_LAYER,False,,,,,,
.[⚙️_AI_FILES]/LOGS/tag_sat_mentions/sat_mentions_test_20260904_183007.txt,archive-machinery,.txt,native-text,180,NON_SOURCE_LAYER,False,,,,,,
.[⚙️_AI_FILES]/LOGS/tag_sat_mentions/sat_mentions_test_20260904_183141.txt,archive-machinery,.txt,native-text,180,NON_SOURCE_LAYER,False,,,,,,
.[⚙️_AI_FILES]/LOGS/tag_sat_mentions/sat_mentions_test_20260904_183610.txt,archive-machinery,.txt,native-text,180,NON_SOURCE_LAYER,False,,,,,,
.[⚙️_AI_FILES]/LOGS/tag_sat_mentions/sat_mentions_test_20260904_184100.txt,archive-machinery,.txt,native-text,180,NON_SOURCE_LAYER,False,,,,,,
.[⚙️_AI_FILES]/LOGS/tag_sat_mentions/sat_mentions_test_20260904_185947.txt,archive-machinery,.txt,native-text,180,NON_SOURCE_LAYER,False,,,,,,
.[⚙️_AI_FILES]/LOGS/tag_sat_mentions/sat_mentions_test_20260904_190211.txt,archive-machinery,.txt,native-text,180,NON_SOURCE_LAYER,False,,,,,,
.[⚙️_AI_FILES]/LOGS/tag_sat_mentions/sat_mentions_test_20260904_190416.txt,archive-machinery,.txt,native-text,180,NON_SOURCE_LAYER,False,,,,,,
.[⚙️_AI_FILES]/LOGS/tag_sat_mentions/sat_mentions_test_20260904_192407.txt,archive-machinery,.txt,native-text,180,NON_SOURCE_LAYER,False,,,,,,
.[⚙️_AI_FILES]/LOGS/tag_sat_mentions/sat_mentions_test_20260904_192725.txt,archive-machinery,.txt,native-text,180,NON_SOURCE_LAYER,False,,,,,,
.[⚙️_AI_FILES]/LOGS/tag_sat_mentions/sat_mentions_test_20260904_193751.txt,archive-machinery,.txt,native-text,180,NON_SOURCE_LAYER,False,,,,,,
.[⚙️_AI_FILES]/LOGS/workflows/archive_admin_last_run.txt,archive-machinery,.txt,native-text,174,NON_SOURCE_LAYER,False,,,,,,
.[⚙️_AI_FILES]/LOGS/🪧_WAYFINDING.txt,archive-machinery,.txt,native-text,1101,NON_SOURCE_LAYER,False,,,,,,
.[⚙️_AI_FILES]/ORIENTATION.txt,archive-machinery,.txt,native-text,5831,NON_SOURCE_LAYER,False,,,,,,
.[⚙️_AI_FILES]/REQUESTS/README.txt,archive-machinery,.txt,native-text,484,NON_SOURCE_LAYER,True,,,,,,
.[⚙️_AI_FILES]/REQUESTS/archive_admin_task.txt,archive-machinery,.txt,native-text,291,NON_SOURCE_LAYER,False,,,,,,
.[⚙️_AI_FILES]/REQUESTS/last_request_test.txt,archive-machinery,.txt,native-text,44,NON_SOURCE_LAYER,False,,,,,,
.[⚙️_AI_FILES]/REQUESTS/tag_sat_mentions_request.txt,archive-machinery,.txt,native-text,211,NON_SOURCE_LAYER,False,,,,,,
.[⚙️_AI_FILES]/RESOURCES.txt,archive-machinery,.txt,native-text,4446,NON_SOURCE_LAYER,False,,,,,,
.[⚙️_AI_FILES]/SAT_THEORY_ROADMAP_AND_NEEDS.txt,archive-machinery,.txt,native-text,423,NON_SOURCE_LAYER,False,,,,,,
.[⚙️_AI_FILES]/SHARED_RESOURCES/20260909_hsh-reconstruction-survey-waypoint.md,archive-machinery,.md,native-text,10317,NON_SOURCE_LAYER,False,,,,,,
.[⚙️_AI_FILES]/SHARED_RESOURCES/ARCHIVE_ADMIN_TASKS.md,archive-machinery,.md,native-text,2286,NON_SOURCE_LAYER,False,,,,,,
.[⚙️_AI_FILES]/SHARED_RESOURCES/ARCHIVE_ORPHAN_AND_MISC_HEURISTIC.md,archive-machinery,.md,native-text,4202,NON_SOURCE_LAYER,False,,,,,,
.[⚙️_AI_FILES]/SHARED_RESOURCES/ARCHIVE_ORPHAN_LEDGER.md,archive-machinery,.md,native-text,2881,NON_SOURCE_LAYER,False,,,,,,
.[⚙️_AI_FILES]/SHARED_RESOURCES/ARCHIVE_TAXONOMY.txt,archive-machinery,.txt,native-text,1127,NON_SOURCE_LAYER,False,,,,,,
.[⚙️_AI_FILES]/SHARED_RESOURCES/CROSS_REPO_MAINTENANCE_MAP.md,archive-machinery,.md,native-text,11167,NON_SOURCE_LAYER,False,,,,,,
.[⚙️_AI_FILES]/SHARED_RESOURCES/FOLDER_SUMMARY_TEMPLATE.txt,archive-machinery,.txt,native-text,2867,NON_SOURCE_LAYER,False,,,,,,
.[⚙️_AI_FILES]/SHARED_RESOURCES/README.txt,archive-machinery,.txt,native-text,3122,NON_SOURCE_LAYER,True,,,,,,
.[⚙️_AI_FILES]/SHARED_RESOURCES/🪧_WAYFINDING.txt,archive-machinery,.txt,native-text,1088,NON_SOURCE_LAYER,False,,,,,,
.[⚙️_AI_FILES]/STAGING/INBOX/.keep,archive-machinery,,extensionless,5,NON_SOURCE_LAYER,False,,,,,,
.[⚙️_AI_FILES]/STAGING/README.txt,archive-machinery,.txt,native-text,946,NON_SOURCE_LAYER,True,,,,,,
.[⚙️_AI_FILES]/STAGING/🪧_WAYFINDING.txt,archive-machinery,.txt,native-text,739,NON_SOURCE_LAYER,False,,,,,,
.[⚙️_AI_FILES]/TAGS/sat_mentions_test.csv,archive-machinery,.csv,native-text,28056330,NON_SOURCE_LAYER,False,,,,,,
.[⚙️_AI_FILES]/TAGS/sat_mentions_test.jsonl,archive-machinery,.jsonl,native-text,36921462,NON_SOURCE_LAYER,False,,,,,,
.[⚙️_AI_FILES]/TAGS/sat_mentions_test_summary.md,archive-machinery,.md,native-text,1905,NON_SOURCE_LAYER,False,,,,,,
.[⚙️_AI_FILES]/TOOLS/archive_admin.py,archive-machinery,.py,native-text,28143,NON_SOURCE_LAYER,False,,,,,,
.[⚙️_AI_FILES]/TOOLS/archive_index_maintenance.py,archive-machinery,.py,native-text,16686,NON_SOURCE_LAYER,False,,,,,,
.[⚙️_AI_FILES]/TOOLS/archive_index_router.py,archive-machinery,.py,native-text,13620,NON_SOURCE_LAYER,False,,,,,,
.[⚙️_AI_FILES]/TOOLS/build_archive_structure.py,archive-machinery,.py,native-text,3086,NON_SOURCE_LAYER,False,,,,,,
.[⚙️_AI_FILES]/TOOLS/index_folder.py,archive-machinery,.py,native-text,7955,NON_SOURCE_LAYER,False,,,,,,
.[⚙️_AI_FILES]/TOOLS/tag_sat_mentions.py,archive-machinery,.py,native-text,7159,NON_SOURCE_LAYER,False,,,,,,
.[⚙️_AI_FILES]/TOOLS/🪧_WAYFINDING.txt,archive-machinery,.txt,native-text,1165,NON_SOURCE_LAYER,False,,,,,,
.[⚙️_AI_FILES]/WATERCOOLER.txt,archive-machinery,.txt,native-text,33635,NON_SOURCE_LAYER,False,,,,,,
.[⚙️_AI_FILES]/WORKFLOWS/🪧_WAYFINDING.txt,archive-machinery,.txt,native-text,925,NON_SOURCE_LAYER,False,,,,,,
.[⚙️_AI_FILES]/_MIGRATION_HOLD/..findex.txt,archive-machinery,.txt,native-text,1137,NON_SOURCE_LAYER,True,,,,,,
.[⚙️_AI_FILES]/_MIGRATION_HOLD/.AI_READING_PLAN/READING_PLAN.md,archive-machinery,.md,native-text,8622,NON_SOURCE_LAYER,True,,,,,,
.[⚙️_AI_FILES]/_MIGRATION_HOLD/.AI_READING_PLAN/TODO.md,archive-machinery,.md,native-text,4690,NON_SOURCE_LAYER,True,,,,,,
.[⚙️_AI_FILES]/_MIGRATION_HOLD/.github__workflows__index_folder.py,archive-machinery,.py,native-text,9862,NON_SOURCE_LAYER,False,,,,,,
.[⚙️_AI_FILES]/_MIGRATION_HOLD/.github__workflows__⚒️_FOLDER_INDEXER.txt,archive-machinery,.txt,native-text,1142,NON_SOURCE_LAYER,False,,,,,,
.[⚙️_AI_FILES]/_MIGRATION_HOLD/.⚙️_AI_AUTOMATION_ADMIN/_AI_REQUESTS/nathan_corpus_extract_request.json,archive-machinery,.json,native-text,315,NON_SOURCE_LAYER,False,,,,,,
.[⚙️_AI_FILES]/_MIGRATION_HOLD/.⚙️_AI_AUTOMATION_ADMIN/_TOOLS/extract_nathan_corpus.py,archive-machinery,.py,native-text,586,NON_SOURCE_LAYER,False,,,,,,
.[⚙️_AI_FILES]/_MIGRATION_HOLD/.⚙️_AI_AUTOMATION_ADMIN/_TOOLS/extract_nathan_corpus_batched.py,archive-machinery,.py,native-text,24350,NON_SOURCE_LAYER,False,,,,,,
.[⚙️_AI_FILES]/_MIGRATION_HOLD/_AI_INSTRUCTIONS/github-access-instructions.md,archive-machinery,.md,native-text,15032,NON_SOURCE_LAYER,False,,,,,,
.[⚙️_AI_FILES]/_MIGRATION_HOLD/_AI_REQUESTS/combine_text_request.json,archive-machinery,.json,native-text,224,NON_SOURCE_LAYER,False,,,,,,
.[⚙️_AI_FILES]/_MIGRATION_HOLD/_AI_REQUESTS/nathan_corpus_extract_request.json,archive-machinery,.json,native-text,353,NON_SOURCE_LAYER,False,,,,,,
.[⚙️_AI_FILES]/_MIGRATION_HOLD/_AI_REQUESTS/pdf_extract_request.json,archive-machinery,.json,native-text,149,NON_SOURCE_LAYER,True,,,,,,
.[⚙️_AI_FILES]/_MIGRATION_HOLD/_TOOLS/extract_nathan_corpus.py,archive-machinery,.py,native-text,14397,NON_SOURCE_LAYER,False,,,,,,
.[⚙️_AI_FILES]/_MIGRATION_HOLD/⚙️_AI_AUTOMATION_ADMIN/_AI_REQUESTS/nathan_corpus_extract_request.json,archive-machinery,.json,native-text,352,NON_SOURCE_LAYER,False,,,,,,
.[⚙️_AI_FILES]/_MIGRATION_HOLD/⚙️_AI_AUTOMATION_ADMIN/_TOOLS/extract_nathan_corpus.py,archive-machinery,.py,native-text,14480,NON_SOURCE_LAYER,False,,,,,,
.[⚙️_AI_FILES]/_MIGRATION_HOLD/🪧_WAYFINDING.txt,archive-machinery,.txt,native-text,913,NON_SOURCE_LAYER,False,,,,,,
.[⚙️_AI_FILES]/‼️_CROSS_REPO_ADMIN_ACTION_PLAN.md,archive-machinery,.md,native-text,5282,NON_SOURCE_LAYER,False,,,,,,
.[⚙️_AI_FILES]/🪧_WAYFINDING.txt,archive-machinery,.txt,native-text,2577,NON_SOURCE_LAYER,False,,,,,,
.github/workflows/archive-admin.yml,archive-machinery,.yml,native-text,10311,NON_SOURCE_LAYER,False,,,,,,
.github/workflows/build-archive-structure.yml,archive-machinery,.yml,native-text,461,NON_SOURCE_LAYER,False,,,,,,
.github/workflows/build_archive_structure.py,archive-machinery,.py,native-text,1436,NON_SOURCE_LAYER,False,,,,,,
.github/workflows/combine-text-folder.yml,archive-machinery,.yml,native-text,3622,NON_SOURCE_LAYER,False,,,,,,
.github/workflows/extract-nathan-corpus.yml,archive-machinery,.yml,native-text,466,NON_SOURCE_LAYER,False,,,,,,
.github/workflows/extract-pdf-text.yml,archive-machinery,.yml,native-text,13337,NON_SOURCE_LAYER,False,,,,,,
.github/workflows/full-archive-index.yml,archive-machinery,.yml,native-text,1651,NON_SOURCE_LAYER,False,,,,,,
.github/workflows/index_folder.py,archive-machinery,.py,native-text,9862,NON_SOURCE_LAYER,False,,,,,,
.github/workflows/index_folder.yml,archive-machinery,.yml,native-text,347,NON_SOURCE_LAYER,False,,,,,,
.github/workflows/tag-sat-mentions.yml,archive-machinery,.yml,native-text,3400,NON_SOURCE_LAYER,False,,,,,,
.github/workflows/⚒️_FOLDER_INDEXER.txt,archive-machinery,.txt,native-text,1142,NON_SOURCE_LAYER,False,,,,,,
0.239 Radians in Science — raw.json,archive-artifact,.json,native-text,594129,DIRECT_TEXT,True,,,,,,
00 PROPER DIMENSIONALITY .txt,archive-artifact,.txt,native-text,75659,DIRECT_TEXT,True,,,,,,
000 Earliest SAT_RMS/001. Epistemology of the World - inverse gravity - Bellomy.txt,archive-artifact,.txt,native-text,95672,DIRECT_TEXT,True,,,,,,
000 Earliest SAT_RMS/002 Forces Across Temporal Points - to 8-13-24.txt,archive-artifact,.txt,native-text,3913,DIRECT_TEXT,True,,,,,,
000 Earliest SAT_RMS/002. Discreet Space and Dark Matter.txt,archive-artifact,.txt,native-text,19761,DIRECT_TEXT,True,,,,,,
000 Earliest SAT_RMS/003 Personality Test Summary.txt,archive-artifact,.txt,native-text,22009,DIRECT_TEXT,True,,,,,,
000 Earliest SAT_RMS/160bpm.PNG,archive-artifact,.png,image,26868,NEEDS_EXTRACTION,True,,,,,,
000 Earliest SAT_RMS/20bpm.PNG,archive-artifact,.png,image,30086,NEEDS_EXTRACTION,True,,,,,,
000 Earliest SAT_RMS/30bpm.PNG,archive-artifact,.png,image,42707,NEEDS_EXTRACTION,True,,,,,,
000 Earliest SAT_RMS/35bpm.PNG,archive-artifact,.png,image,40950,NEEDS_EXTRACTION,True,,,,,,
000 Earliest SAT_RMS/37bpm.PNG,archive-artifact,.png,image,36203,NEEDS_EXTRACTION,True,,,,,,
000 Earliest SAT_RMS/38bpm.PNG,archive-artifact,.png,image,39193,NEEDS_EXTRACTION,True,,,,,,
000 Earliest SAT_RMS/40bpm.PNG,archive-artifact,.png,image,39732,NEEDS_EXTRACTION,True,,,,,,
000 Earliest SAT_RMS/43.33.PNG,archive-artifact,.png,image,27163,NEEDS_EXTRACTION,True,,,,,,
000 Earliest SAT_RMS/60bpm.PNG,archive-artifact,.png,image,41988,NEEDS_EXTRACTION,True,,,,,,
000 Earliest SAT_RMS/70bpm.PNG,archive-artifact,.png,image,42707,NEEDS_EXTRACTION,True,,,,,,
000 Earliest SAT_RMS/80bpm.PNG,archive-artifact,.png,image,37091,NEEDS_EXTRACTION,True,,,,,,
000 Earliest SAT_RMS/Code-Like Text Style Emulation - bellomy - to Oct-2023.txt,archive-artifact,.txt,native-text,145560,DIRECT_TEXT,True,,,,,,
000 Earliest SAT_RMS/Hosts Aiden and Maya/AIDEN AND MAYA SHOW.txt,archive-artifact,.txt,native-text,7115,DIRECT_TEXT,True,,,,,,
000 Earliest SAT_RMS/Hosts Aiden and Maya/EPISODE ONE SCRIPT.txt,archive-artifact,.txt,native-text,9576,DIRECT_TEXT,True,,,,,,
000 Earliest SAT_RMS/Hosts Aiden and Maya/MAYA&AIDEN.txt,archive-artifact,.txt,native-text,2831,DIRECT_TEXT,True,,,,,,
000 Earliest SAT_RMS/Hosts Aiden and Maya/SEASON ONE/002 Forces Across Temporal Points - to 8-13-24.txt,archive-artifact,.txt,native-text,3913,DIRECT_TEXT,True,,,,,,
000 Earliest SAT_RMS/Hosts Aiden and Maya/SEASON ONE/_README - AIDEN AND MAYA SHOW BIBLE.txt,archive-artifact,.txt,native-text,18155,DIRECT_TEXT,True,,,,,,
000 Earliest SAT_RMS/Hosts Aiden and Maya/SEASON ONE/__SEASON ONE TIMELINE.txt,archive-artifact,.txt,native-text,74463,DIRECT_TEXT,True,,,,,,
000 Earliest SAT_RMS/Hosts Aiden and Maya/SEASON ONE/___FRAME STORY - aiden and maya 1.txt,archive-artifact,.txt,native-text,78165,DIRECT_TEXT,True,,,,,,
000 Earliest SAT_RMS/Hosts Aiden and Maya/aiden and maya 2.txt,archive-artifact,.txt,native-text,8334,DIRECT_TEXT,True,,,,,,
000 Earliest SAT_RMS/Hosts Aiden and Maya/fun break - lx.txt,archive-artifact,.txt,native-text,201497,DIRECT_TEXT,True,,,,,,
000 Earliest SAT_RMS/Index1.PNG,archive-artifact,.png,image,70606,NEEDS_EXTRACTION,True,,,,,,
000 Earliest SAT_RMS/KLEIN_LOGIC2.txt,archive-artifact,.txt,native-text,257410,DIRECT_TEXT,True,,,,,,
000 Earliest SAT_RMS/Klein3.txt,archive-artifact,.txt,native-text,302228,DIRECT_TEXT,True,,,,,,
000 Earliest SAT_RMS/Maximizing Insights Together - bellomy - 8-13-2023.txt,archive-artifact,.txt,native-text,38702,DIRECT_TEXT,True,,,,,,
000 Earliest SAT_RMS/Quirky Life Journey - bellomy - through oct 2023.txt,archive-artifact,.txt,native-text,11067,DIRECT_TEXT,True,,,,,,
000 Earliest SAT_RMS/RMS SAT (1).txt,archive-artifact,.txt,native-text,212873,DIRECT_TEXT,True,,,,,,
000 Earliest SAT_RMS/RMS SAT.txt,archive-artifact,.txt,native-text,212873,DIRECT_TEXT,True,,,,,,
000 Earliest SAT_RMS/RMS&SAT(1).txt,archive-artifact,.txt,native-text,29727,DIRECT_TEXT,True,,,,,,
000 Earliest SAT_RMS/RMS&SAT.txt,archive-artifact,.txt,native-text,29727,DIRECT_TEXT,True,,,,,,
000 Earliest SAT_RMS/RMS-OLD.txt,archive-artifact,.txt,native-text,146585,DIRECT_TEXT,True,,,,,,
000 Earliest SAT_RMS/RMS-TAXO-OLD.txt,archive-artifact,.txt,native-text,20952,DIRECT_TEXT,True,,,,,,
000 Earliest SAT_RMS/SAT - BEFORE SAT PREDICTIONBOOK - 2012.png,archive-artifact,.png,image,302624,NEEDS_EXTRACTION,True,,,,,,
000 Earliest SAT_RMS/SAT EARLY - CHATGPT MEMORY SAVED - 2024.png,archive-artifact,.png,image,214092,NEEDS_EXTRACTION,True,,,,,,
000 Earliest SAT_RMS/SAT EARLY EARLY - 2023.png,archive-artifact,.png,image,141204,NEEDS_EXTRACTION,True,,,,,,
000 Earliest SAT_RMS/SAT EARLY SYSTEMATICS 2.png,archive-artifact,.png,image,161912,NEEDS_EXTRACTION,True,,,,,,
000 Earliest SAT_RMS/SAT EARLY SYSTEMATICS.png,archive-artifact,.png,image,174656,NEEDS_EXTRACTION,True,,,,,,
000 Earliest SAT_RMS/SAT FIRST - 2024.png,archive-artifact,.png,image,157081,NEEDS_EXTRACTION,True,,,,,,
000 Earliest SAT_RMS/SAT FIRST DIMGRAV - 2024.png,archive-artifact,.png,image,133563,NEEDS_EXTRACTION,True,,,,,,
000 Earliest SAT_RMS/SAT FIRST Forces Temporal.png,archive-artifact,.png,image,176976,NEEDS_EXTRACTION,True,,,,,,
000 Earliest SAT_RMS/SAT FIRST MENTIONS 2.png,archive-artifact,.png,image,155173,NEEDS_EXTRACTION,True,,,,,,
000 Earliest SAT_RMS/SAT FIRST MENTIONS.png,archive-artifact,.png,image,87077,NEEDS_EXTRACTION,True,,,,,,
000 Earliest SAT_RMS/SAT FIRSTS - PT.png,archive-artifact,.png,image,152889,NEEDS_EXTRACTION,True,,,,,,
000 Earliest SAT_RMS/SAT HIST - 2025.png,archive-artifact,.png,image,160097,NEEDS_EXTRACTION,True,,,,,,
000 Earliest SAT_RMS/SAT HIST - FILE LIBRARY  (ONEDRIVE).png,archive-artifact,.png,image,183956,NEEDS_EXTRACTION,True,,,,,,
000 Earliest SAT_RMS/SAT HIST - FILE LIBRARY 2 (ONEDRIVE).png,archive-artifact,.png,image,185174,NEEDS_EXTRACTION,True,,,,,,
000 Earliest SAT_RMS/SAT HIST - FILE LIBRARY 3 (ONEDRIVE).png,archive-artifact,.png,image,195672,NEEDS_EXTRACTION,True,,,,,,
000 Earliest SAT_RMS/SAT HIST 4-7-2025.png,archive-artifact,.png,image,155713,NEEDS_EXTRACTION,True,,,,,,
000 Earliest SAT_RMS/SAT HIST.png,archive-artifact,.png,image,220062,NEEDS_EXTRACTION,True,,,,,,
000 Earliest SAT_RMS/SAT PREHIST 2.png,archive-artifact,.png,image,176431,NEEDS_EXTRACTION,True,,,,,,
000 Earliest SAT_RMS/SAT PREHIST 2025.png,archive-artifact,.png,image,176725,NEEDS_EXTRACTION,True,,,,,,
000 Earliest SAT_RMS/SAT PREHISTORY - CHAT 1.png,archive-artifact,.png,image,176426,NEEDS_EXTRACTION,True,,,,,,
000 Earliest SAT_RMS/SAT SYNTHESIS 2025-4-4.png,archive-artifact,.png,image,176541,NEEDS_EXTRACTION,True,,,,,,
000 Earliest SAT_RMS/SAT SYSTEM - NAUT - 2025.png,archive-artifact,.png,image,180968,NEEDS_EXTRACTION,True,,,,,,
000 Earliest SAT_RMS/SAT VERYFIRST 2024-3-13.png,archive-artifact,.png,image,114991,NEEDS_EXTRACTION,True,,,,,,
000 Earliest SAT_RMS/SAT_CALC_GOOGLE.PNG,archive-artifact,.png,image,207901,NEEDS_EXTRACTION,True,,,,,,
000 Earliest SAT_RMS/early_google_docs.PNG,archive-artifact,.png,image,279418,NEEDS_EXTRACTION,True,,,,,,
000 Earliest SAT_RMS/january2025.PNG,archive-artifact,.png,image,405635,NEEDS_EXTRACTION,True,,,,,,
000 Earliest SAT_RMS/sat 2025.png,archive-artifact,.png,image,153713,NEEDS_EXTRACTION,True,,,,,,
000 Earliest SAT_RMS/sat histy.png,archive-artifact,.png,image,224456,NEEDS_EXTRACTION,True,,,,,,
01_sphere_state_curves.png,archive-artifact,.png,image,286985,NEEDS_EXTRACTION,True,,,,,,
02_whirlygig_torus_trace_limited.png,archive-artifact,.png,image,417740,NEEDS_EXTRACTION,True,,,,,,
02_whirlygig_torus_trace_raw.png,archive-artifact,.png,image,422089,NEEDS_EXTRACTION,True,,,,,,
03_residual_profile.png,archive-artifact,.png,image,58953,NEEDS_EXTRACTION,True,,,,,,
06 Mop It Up.mp3,archive-artifact,.mp3,audio,5375155,NEEDS_TRANSCRIPTION_OR_MEDIA_PROCESSING,True,,,,,,
08 init.bacon(a lot).mp3,archive-artifact,.mp3,audio,1656763,NEEDS_TRANSCRIPTION_OR_MEDIA_PROCESSING,True,,,,,,
"09 Miss Poughkeepsie, 1953.mp3",archive-artifact,.mp3,audio,3469705,NEEDS_TRANSCRIPTION_OR_MEDIA_PROCESSING,True,,,,,,
0PHYS_REV_D_V_1_Submission.pdf,archive-artifact,.pdf,pdf,165035,DERIVED_TEXT_AVAILABLE,True,OK,_AUTO_EXTRACTED_TEXT/0PHYS_REV_D_V_1_Submission.txt,manifest-exact,PyMuPDF,4439,_AUTO_EXTRACTED_TEXT/_manifests/2026-09-10_root_pdf_extraction_pass_002.json
1 Planetology -- Geometric Foundations Evaluation — raw (1) - Copy.txt,archive-artifact,.txt,native-text,4372583,DIRECT_TEXT,True,,,,,,
10-31-2025 SAT FULL THEORY/10-20-25 FULL THEORY.txt,archive-artifact,.txt,native-text,127783,DIRECT_TEXT,True,,,,,,
10-31-2025 SAT FULL THEORY/10-20-25 definitions.txt,archive-artifact,.txt,native-text,9051,DIRECT_TEXT,True,,,,,,
10-31-2025 SAT FULL THEORY/ANSWER.txt,archive-artifact,.txt,native-text,32344,DIRECT_TEXT,True,,,,,,
10-31-2025 SAT FULL THEORY/BELLOMY_N_Phys_Rev_D_Submission.pdf,archive-artifact,.pdf,pdf,231211,NEEDS_EXTRACTION,True,,,,,,
10-31-2025 SAT FULL THEORY/BELLOMY_N_Phys_Rev_D_Supplement.pdf,archive-artifact,.pdf,pdf,308901,NEEDS_EXTRACTION,True,,,,,,
10-31-2025 SAT FULL THEORY/CRITIQUE.txt,archive-artifact,.txt,native-text,18579,DIRECT_TEXT,True,,,,,,
10-31-2025 SAT FULL THEORY/DUGUP.txt,archive-artifact,.txt,native-text,51939,DIRECT_TEXT,True,,,,,,
10-31-2025 SAT FULL THEORY/FULL THEORY V2.txt,archive-artifact,.txt,native-text,46538,DIRECT_TEXT,True,,,,,,
10-31-2025 SAT FULL THEORY/INTERESTING IMPLICATIONS.txt,archive-artifact,.txt,native-text,91266,DIRECT_TEXT,True,,,,,,
10-31-2025 SAT FULL THEORY/LaTeX_Documentation.txt,archive-artifact,.txt,native-text,6653,DIRECT_TEXT,True,,,,,,
10-31-2025 SAT FULL THEORY/PERFECT v2.txt,archive-artifact,.txt,native-text,8197,DIRECT_TEXT,True,,,,,,
10-31-2025 SAT FULL THEORY/Physical Review D Guidelines.txt,archive-artifact,.txt,native-text,256103,DIRECT_TEXT,True,,,,,,
10-31-2025 SAT FULL THEORY/Physical Review D.txt,archive-artifact,.txt,native-text,4008,DIRECT_TEXT,True,,,,,,
10-31-2025 SAT FULL THEORY/SAT Earthquake predictor.txt,archive-artifact,.txt,native-text,2332,DIRECT_TEXT,True,,,,,,
10-31-2025 SAT FULL THEORY/SAT-PERFECT.txt,archive-artifact,.txt,native-text,15224,DIRECT_TEXT,True,,,,,,
10-31-2025 SAT FULL THEORY/SECTION 1.txt,archive-artifact,.txt,native-text,84271,DIRECT_TEXT,True,,,,,,
10-31-2025 SAT FULL THEORY/SUBMISSION_SUPPLEMENTAL.txt,archive-artifact,.txt,native-text,43137,DIRECT_TEXT,True,,,,,,
10-31-2025 SAT FULL THEORY/TEST BATTERY 1 10-20-25.txt,archive-artifact,.txt,native-text,133086,DIRECT_TEXT,True,,,,,,
10-31-2025 SAT FULL THEORY/Test Battery 2.txt,archive-artifact,.txt,native-text,17304,DIRECT_TEXT,True,,,,,,
10-31-2025 SAT FULL THEORY/summary4-2.tex,archive-artifact,.tex,native-text,22384,DIRECT_TEXT,True,,,,,,
10-31-2025 SAT FULL THEORY/test battery 2 10-20-25.txt,archive-artifact,.txt,native-text,17093,DIRECT_TEXT,True,,,,,,
2 OS-00 world overview — raw.txt,archive-artifact,.txt,native-text,4733123,DIRECT_TEXT,True,,,,,,
2 Planetology -- Geometric Foundations Evaluation — raw (1).txt,archive-artifact,.txt,native-text,3406281,DIRECT_TEXT,True,,,,,,
2003 SKETCHES/Earliest_Surviving_Sketches_2003.png,archive-artifact,.png,image,1045637,NEEDS_EXTRACTION,True,,,,,,
2003 SKETCHES/Earliest_Surviving_Sketches_2003_2.png,archive-artifact,.png,image,993465,NEEDS_EXTRACTION,True,,,,,,
2003 SKETCHES/Earliest_Surviving_Sketches_2003_3.png,archive-artifact,.png,image,1010584,NEEDS_EXTRACTION,True,,,,,,
2003 SKETCHES/Earliest_Surviving_Sketches_2003_4.png,archive-artifact,.png,image,1103761,NEEDS_EXTRACTION,True,,,,,,
2003 SKETCHES/Earliest_Surviving_Sketches_2003_5.png,archive-artifact,.png,image,1116211,NEEDS_EXTRACTION,True,,,,,,
2003 SKETCHES/Earliest_Surviving_Sketches_2003_6.png,archive-artifact,.png,image,1012598,NEEDS_EXTRACTION,True,,,,,,
2003 SKETCHES/Earliest_Surviving_Sketches_Leuchtturm_notebook_2003.png,archive-artifact,.png,image,1070740,NEEDS_EXTRACTION,True,,,,,,
2003 SKETCHES/Earliest_Surviving_Sketches_Leuchtturm_notebook_No-42_2003.png,archive-artifact,.png,image,1095696,NEEDS_EXTRACTION,True,,,,,,
2003 SKETCHES/IMG_1737.pdf,archive-artifact,.pdf,pdf,6466544,NEEDS_EXTRACTION,True,,,,,,
2003 SKETCHES/IMG_1738.pdf,archive-artifact,.pdf,pdf,2175997,NEEDS_EXTRACTION,True,,,,,,
2003 SKETCHES/IMG_1759.pdf,archive-artifact,.pdf,pdf,6802761,NEEDS_EXTRACTION,True,,,,,,
2003 SKETCHES/IMG_1784.pdf,archive-artifact,.pdf,pdf,7839743,NEEDS_EXTRACTION,True,,,,,,
2003 SKETCHES/IMG_1811.pdf,archive-artifact,.pdf,pdf,7870330,NEEDS_EXTRACTION,True,,,,,,
2003 SKETCHES/IMG_1841.jpeg,archive-artifact,.jpeg,image,1950710,NEEDS_EXTRACTION,True,,,,,,
2003 SKETCHES/IMG_1842.jpeg,archive-artifact,.jpeg,image,1912547,NEEDS_EXTRACTION,True,,,,,,
2003 SKETCHES/IMG_1843.jpeg,archive-artifact,.jpeg,image,1766634,NEEDS_EXTRACTION,True,,,,,,
2003 SKETCHES/IMG_1893.pdf,archive-artifact,.pdf,pdf,2217381,NEEDS_EXTRACTION,True,,,,,,
2003 SKETCHES/IMG_9056.jpeg,archive-artifact,.jpeg,image,455293,NEEDS_EXTRACTION,True,,,,,,
2003 SKETCHES/SAT EARLY EARLY - 2023-5-28.PNG,archive-artifact,.png,image,141204,NEEDS_EXTRACTION,True,,,,,,
2003 SKETCHES/SAT FIRST - 2024-3-24.PNG,archive-artifact,.png,image,157081,NEEDS_EXTRACTION,True,,,,,,
2003 SKETCHES/SAT FIRST DIMGRAV - 2024.PNG,archive-artifact,.png,image,133563,NEEDS_EXTRACTION,True,,,,,,
2003 SKETCHES/SAT FIRST Forces Temporal 2024-8-8.PNG,archive-artifact,.png,image,176976,NEEDS_EXTRACTION,True,,,,,,
2003 SKETCHES/SAT PREHIST 2024-11-12.PNG,archive-artifact,.png,image,176431,NEEDS_EXTRACTION,True,,,,,,
2003 SKETCHES/SAT PREHISTORY - CHAT 1.PNG,archive-artifact,.png,image,176426,NEEDS_EXTRACTION,True,,,,,,
2003 SKETCHES/SAT SYSTEM - NAUT - 2025-4-6.PNG,archive-artifact,.png,image,180968,NEEDS_EXTRACTION,True,,,,,,
2003 SKETCHES/SAT VERYFIRST 2024-3-13.PNG,archive-artifact,.png,image,114991,NEEDS_EXTRACTION,True,,,,,,
2023 SPACETIME CHAT.txt,archive-artifact,.txt,native-text,62782,DIRECT_TEXT,True,,,,,,
2023-24 FRAMEWORK DEVELOPMENT/Audit Code Package Construction Guide.pdf,archive-artifact,.pdf,pdf,44507,DERIVED_TEXT_AVAILABLE,True,LEGACY_NAME_MATCH,_AUTO_EXTRACTED_TEXT/Audit Code Package Construction Guide.txt,legacy-basename-unique,,,
2023-24 FRAMEWORK DEVELOPMENT/DEEP DIVE PRONUNCIATION GUIDE PT2.pdf,archive-artifact,.pdf,pdf,44533,NEEDS_EXTRACTION,True,,,,,,
2023-24 FRAMEWORK DEVELOPMENT/DEEP DIVE PRONUNCIATION GUIDE.pdf,archive-artifact,.pdf,pdf,150302,NEEDS_EXTRACTION,True,,,,,,
2023-24 FRAMEWORK DEVELOPMENT/McKnight_N_SAT-QR.pdf,archive-artifact,.pdf,pdf,203382,DERIVED_TEXT_AVAILABLE,True,LEGACY_NAME_MATCH,_AUTO_EXTRACTED_TEXT/McKnight_N_SAT-QR.txt,legacy-basename-unique,,,
2023-24 FRAMEWORK DEVELOPMENT/Minimal Introduction (SAT O era).pdf,archive-artifact,.pdf,pdf,150401,DERIVED_TEXT_AVAILABLE,True,LEGACY_NAME_MATCH,_AUTO_EXTRACTED_TEXT/Minimal Introduction (SAT O era).txt,legacy-basename-unique,,,
2023-24 FRAMEWORK DEVELOPMENT/SAT CRIT.txt,archive-artifact,.txt,native-text,4558,DIRECT_TEXT,True,,,,,,
2023-24 FRAMEWORK DEVELOPMENT/SAT DEBUG SHEET.txt,archive-artifact,.txt,native-text,3518,DIRECT_TEXT,True,,,,,,
2023-24 FRAMEWORK DEVELOPMENT/SAT FORMALIZATION 2023-2025.txt,archive-artifact,.txt,native-text,202860,DIRECT_TEXT,True,,,,,,
2023-24 FRAMEWORK DEVELOPMENT/SAT FORMALIZATION ROUND 3ish (1).txt,archive-artifact,.txt,native-text,22770,DIRECT_TEXT,True,,,,,,
2023-24 FRAMEWORK DEVELOPMENT/SAT FORMALIZATION doc.txt,archive-artifact,.txt,native-text,60654,DIRECT_TEXT,True,,,,,,
2023-24 FRAMEWORK DEVELOPMENT/SAT FULL EVALUATION.txt,archive-artifact,.txt,native-text,218630,DIRECT_TEXT,True,,,,,,
2023-24 FRAMEWORK DEVELOPMENT/SAT HARD FORMULATION (1).txt,archive-artifact,.txt,native-text,3416,DIRECT_TEXT,True,,,,,,
2023-24 FRAMEWORK DEVELOPMENT/SAT Lagrangian and Variational Derivation (1).txt,archive-artifact,.txt,native-text,2208,DIRECT_TEXT,True,,,,,,
2023-24 FRAMEWORK DEVELOPMENT/SAT SCALAR ANGULAR THEORY.txt,archive-artifact,.txt,native-text,306418,DIRECT_TEXT,True,,,,,,
2023-24 FRAMEWORK DEVELOPMENT/SAT TEST.txt,archive-artifact,.txt,native-text,26999,DIRECT_TEXT,True,,,,,,
2023-24 FRAMEWORK DEVELOPMENT/SAT WORKABLE PODCAST.txt,archive-artifact,.txt,native-text,6918,DIRECT_TEXT,True,,,,,,
2023-24 FRAMEWORK DEVELOPMENT/SAT to Chronophysical Proposition... writ large.txt,archive-artifact,.txt,native-text,788979,DIRECT_TEXT,True,,,,,,
2023-24 FRAMEWORK DEVELOPMENT/SAT-NaiveGPT.png,archive-artifact,.png,image,125789,NEEDS_EXTRACTION,True,,,,,,
2023-24 FRAMEWORK DEVELOPMENT/SAT-NaiveGPT2.png,archive-artifact,.png,image,109805,NEEDS_EXTRACTION,True,,,,,,
2023-24 FRAMEWORK DEVELOPMENT/SAT-NaiveGPT3.png,archive-artifact,.png,image,122053,NEEDS_EXTRACTION,True,,,,,,
2023-24 FRAMEWORK DEVELOPMENT/SAT-NaiveGPT4.png,archive-artifact,.png,image,132558,NEEDS_EXTRACTION,True,,,,,,
2023-24 FRAMEWORK DEVELOPMENT/SAT-NaiveGPT5.png,archive-artifact,.png,image,136410,NEEDS_EXTRACTION,True,,,,,,
2023-24 FRAMEWORK DEVELOPMENT/SAT-NaiveGPT6.png,archive-artifact,.png,image,131534,NEEDS_EXTRACTION,True,,,,,,
2023-24 FRAMEWORK DEVELOPMENT/SAT.4D Deep Dive Pronunciation Guide.pdf,archive-artifact,.pdf,pdf,112037,NEEDS_EXTRACTION,True,,,,,,
2023-24 FRAMEWORK DEVELOPMENT/SATELLITE_DATA_UNSORTED.txt,archive-artifact,.txt,native-text,14769,DIRECT_TEXT,True,,,,,,
2023-24 FRAMEWORK DEVELOPMENT/SATEvolution.txt,archive-artifact,.txt,native-text,592122,DIRECT_TEXT,True,,,,,,
2023-24 FRAMEWORK DEVELOPMENT/SATInterpreted (1).txt,archive-artifact,.txt,native-text,65752,DIRECT_TEXT,True,,,,,,
2023-24 FRAMEWORK DEVELOPMENT/SATInterpreted 2.txt,archive-artifact,.txt,native-text,10317,DIRECT_TEXT,True,,,,,,
2023-24 FRAMEWORK DEVELOPMENT/SATState May2025.txt,archive-artifact,.txt,native-text,20600,DIRECT_TEXT,True,,,,,,
2023-24 FRAMEWORK DEVELOPMENT/SAT_Earliest_Notebook_2003_Documented.pdf,archive-artifact,.pdf,pdf,7712005,NEEDS_EXTRACTION,True,,,,,,
2023-24 FRAMEWORK DEVELOPMENT/SAT_Errata_and_Wordcount_Overview_with_Captions.pdf,archive-artifact,.pdf,pdf,1172723,NEEDS_EXTRACTION,True,,,,,,
2023-24 FRAMEWORK DEVELOPMENT/SAT_Framework_Final_Report_Cleaned.pdf,archive-artifact,.pdf,pdf,3240,DERIVED_TEXT_AVAILABLE,True,LEGACY_NAME_MATCH,_AUTO_EXTRACTED_TEXT/SAT_Framework_Final_Report_Cleaned.txt,legacy-basename-unique,,,
2023-24 FRAMEWORK DEVELOPMENT/SAT_Framework_Full_Report_Text (1).txt,archive-artifact,.txt,native-text,4323,DIRECT_TEXT,True,,,,,,
2023-24 FRAMEWORK DEVELOPMENT/SAT_Framework_Report_Plain.pdf,archive-artifact,.pdf,pdf,1974,DERIVED_TEXT_AVAILABLE,True,LEGACY_NAME_MATCH,_AUTO_EXTRACTED_TEXT/SAT_Framework_Report_Plain.txt,legacy-basename-unique,,,
2023-24 FRAMEWORK DEVELOPMENT/SAT_LAB1_Composite_Binding_Simulation_Report.pdf,archive-artifact,.pdf,pdf,59191,DERIVED_TEXT_AVAILABLE,True,LEGACY_NAME_MATCH,_AUTO_EXTRACTED_TEXT/SAT_LAB1_Composite_Binding_Simulation_Report.txt,legacy-basename-unique,,,
2023-24 FRAMEWORK DEVELOPMENT/SAT_LAB1_Energy_Tau_Results.pdf,archive-artifact,.pdf,pdf,28149,DERIVED_TEXT_AVAILABLE,True,LEGACY_NAME_MATCH,_AUTO_EXTRACTED_TEXT/SAT_LAB1_Energy_Tau_Results.txt,legacy-basename-unique,,,
2023-24 FRAMEWORK DEVELOPMENT/SAT_LAB1_Full_Annealing_Radial_Kink_Report.pdf,archive-artifact,.pdf,pdf,59136,DERIVED_TEXT_AVAILABLE,True,LEGACY_NAME_MATCH,_AUTO_EXTRACTED_TEXT/SAT_LAB1_Full_Annealing_Radial_Kink_Report.txt,legacy-basename-unique,,,
2023-24 FRAMEWORK DEVELOPMENT/SAT_LAB1_Full_Annealing_Radial_Kink_Report_REGEN.pdf,archive-artifact,.pdf,pdf,57848,DERIVED_TEXT_AVAILABLE,True,LEGACY_NAME_MATCH,_AUTO_EXTRACTED_TEXT/SAT_LAB1_Full_Annealing_Radial_Kink_Report_REGEN.txt,legacy-basename-unique,,,
2023-24 FRAMEWORK DEVELOPMENT/SAT_LAB1_Radial_Fringe_Falsifiability_Report.pdf,archive-artifact,.pdf,pdf,35233,DERIVED_TEXT_AVAILABLE,True,LEGACY_NAME_MATCH,_AUTO_EXTRACTED_TEXT/SAT_LAB1_Radial_Fringe_Falsifiability_Report.txt,legacy-basename-unique,,,
2023-24 FRAMEWORK DEVELOPMENT/SAT_Lab1_Visuals_Compiled.pdf,archive-artifact,.pdf,pdf,599125,DERIVED_TEXT_AVAILABLE,True,LEGACY_NAME_MATCH,_AUTO_EXTRACTED_TEXT/SAT_Lab1_Visuals_Compiled.txt,legacy-basename-unique,,,
2023-24 FRAMEWORK DEVELOPMENT/SAT_Lab1_Visuals_Landscape.pdf,archive-artifact,.pdf,pdf,599122,DERIVED_TEXT_AVAILABLE,True,LEGACY_NAME_MATCH,_AUTO_EXTRACTED_TEXT/SAT_Lab1_Visuals_Landscape.txt,legacy-basename-unique,,,
2023-24 FRAMEWORK DEVELOPMENT/SAT_Lab1_Visuals_Landscape_Scaled_Fit.pdf,archive-artifact,.pdf,pdf,599130,DERIVED_TEXT_AVAILABLE,True,LEGACY_NAME_MATCH,_AUTO_EXTRACTED_TEXT/SAT_Lab1_Visuals_Landscape_Scaled_Fit.txt,legacy-basename-unique,,,
2023-24 FRAMEWORK DEVELOPMENT/SAT_REWRITE.pdf,archive-artifact,.pdf,pdf,5329850,NEEDS_EXTRACTION,True,,,,,,
2023-24 FRAMEWORK DEVELOPMENT/SAT_SATELLITE_ANOMALY_ANALYSIS.txt,archive-artifact,.txt,native-text,35311,DIRECT_TEXT,True,,,,,,
2023-24 FRAMEWORK DEVELOPMENT/SAT_ST_integration_test.pdf,archive-artifact,.pdf,pdf,393387,DERIVED_TEXT_AVAILABLE,True,LEGACY_NAME_MATCH,_AUTO_EXTRACTED_TEXT/SAT_ST_integration_test.txt,legacy-basename-unique,,,
2023-24 FRAMEWORK DEVELOPMENT/SAT_Visual_Archive_FULL_Captioned_RETRY.pdf,archive-artifact,.pdf,pdf,12016863,NEEDS_EXTRACTION,True,,,,,,
2023-24 FRAMEWORK DEVELOPMENT/SAT_overview.txt,archive-artifact,.txt,native-text,128313,DIRECT_TEXT,True,,,,,,
2023-24 FRAMEWORK DEVELOPMENT/SAT_theta4_kink_retardance.png,archive-artifact,.png,image,75213,NEEDS_EXTRACTION,True,,,,,,
2023-24 FRAMEWORK DEVELOPMENT/SATiii REWORK MARK III.txt,archive-artifact,.txt,native-text,776184,DIRECT_TEXT,True,,,,,,
2023-24 FRAMEWORK DEVELOPMENT/SATv  TO STANDARD MAP.txt,archive-artifact,.txt,native-text,9286,DIRECT_TEXT,True,,,,,,
2023-24 FRAMEWORK DEVELOPMENT/SATv ATTEMPTED FORMALIZATION.txt,archive-artifact,.txt,native-text,280587,DIRECT_TEXT,True,,,,,,
2023-24 FRAMEWORK DEVELOPMENT/SATv EXPLORATIONS.txt,archive-artifact,.txt,native-text,1054407,DIRECT_TEXT,True,,,,,,
2023-24 FRAMEWORK DEVELOPMENT/SATv FORMAL POSTULATES.txt,archive-artifact,.txt,native-text,3855,DIRECT_TEXT,True,,,,,,
2023-24 FRAMEWORK DEVELOPMENT/SATv REFORMULATION.xtx.txt,archive-artifact,.txt,native-text,7070,DIRECT_TEXT,True,,,,,,
2023-24 FRAMEWORK DEVELOPMENT/SATv THE PARTICLE ZOO.txt,archive-artifact,.txt,native-text,4008,DIRECT_TEXT,True,,,,,,
2023-24 FRAMEWORK DEVELOPMENT/SATv TIME_WAVEFRONT.txt,archive-artifact,.txt,native-text,3494,DIRECT_TEXT,True,,,,,,
2023-24 FRAMEWORK DEVELOPMENT/SATv VISUAL VOCABULARY.txt,archive-artifact,.txt,native-text,3016,DIRECT_TEXT,True,,,,,,
2023-24 FRAMEWORK DEVELOPMENT/SATv _REFORM_TRIAL.txt,archive-artifact,.txt,native-text,398146,DIRECT_TEXT,True,,,,,,
2023-24 FRAMEWORK DEVELOPMENT/SATv aSAT vs SAT.txt,archive-artifact,.txt,native-text,115633,DIRECT_TEXT,True,,,,,,
2023-24 FRAMEWORK DEVELOPMENT/SATx ADDENDUM.txt,archive-artifact,.txt,native-text,37829,DIRECT_TEXT,True,,,,,,
2023-24 FRAMEWORK DEVELOPMENT/SATx ADDENDUM2 (1).txt,archive-artifact,.txt,native-text,36146,DIRECT_TEXT,True,,,,,,
2023-24 FRAMEWORK DEVELOPMENT/SATx ADDENDUM3.txt,archive-artifact,.txt,native-text,486578,DIRECT_TEXT,True,,,,,,
2023-24 FRAMEWORK DEVELOPMENT/SATx Addendum4.txt,archive-artifact,.txt,native-text,115830,DIRECT_TEXT,True,,,,,,
2023-24 FRAMEWORK DEVELOPMENT/SATx STATE OF SAT.txt,archive-artifact,.txt,native-text,225048,DIRECT_TEXT,True,,,,,,
2023-24 FRAMEWORK DEVELOPMENT/SATx_FULL_PODCAST.txt,archive-artifact,.txt,native-text,100182,DIRECT_TEXT,True,,,,,,
2023-24 FRAMEWORK DEVELOPMENT/STATE OF SAT.txt,archive-artifact,.txt,native-text,225047,DIRECT_TEXT,True,,,,,,
2025 FIRST WHITEPAPER DRAFT.txt,archive-artifact,.txt,native-text,78459,DIRECT_TEXT,True,,,,,,
2025-8-24 STATUS OVERVIEW.txt,archive-artifact,.txt,native-text,11614,DIRECT_TEXT,True,,,,,,
2025.10.29+Prototype+Fact+Sheet.pdf,archive-artifact,.pdf,pdf,91265,DERIVED_TEXT_AVAILABLE,True,OK,_AUTO_EXTRACTED_TEXT/2025.10.29+Prototype+Fact+Sheet.txt,manifest-exact,PyMuPDF,7827,_AUTO_EXTRACTED_TEXT/_manifests/2026-09-10_root_pdf_extraction_pass_002.json
2026 MATH REVAMP TAKE 1.txt,archive-artifact,.txt,native-text,76878,DIRECT_TEXT,True,,,,,,
2026 discussions/48.txt,archive-artifact,.txt,native-text,4142,DIRECT_TEXT,True,,,,,,
2026 discussions/72_Snaps.pdf,archive-artifact,.pdf,pdf,20564247,NEEDS_EXTRACTION,True,,,,,,
2026 discussions/FOUNDATIONAL ARGUMENT.txt,archive-artifact,.txt,native-text,110358,DIRECT_TEXT,True,,,,,,
2026 discussions/GENERAL RELATIVITY.txt,archive-artifact,.txt,native-text,150800,DIRECT_TEXT,True,,,,,,
2026 discussions/HELIUM STANDARD ATOM 2.txt,archive-artifact,.txt,native-text,22469,DIRECT_TEXT,True,,,,,,
2026 discussions/HUMAN-COMPUTER INTERACTION.txt,archive-artifact,.txt,native-text,19489,DIRECT_TEXT,True,,,,,,
2026 discussions/IS AND ISNT.txt,archive-artifact,.txt,native-text,27285,DIRECT_TEXT,True,,,,,,
2026 discussions/Impact.txt,archive-artifact,.txt,native-text,8208,DIRECT_TEXT,True,,,,,,
2026 discussions/PROPER DIMENSIONALITY.txt,archive-artifact,.txt,native-text,98915,DIRECT_TEXT,True,,,,,,
2026 discussions/ROUNDUP 2.5.txt,archive-artifact,.txt,native-text,5027237,DIRECT_TEXT,True,,,,,,
2026 discussions/ROUNDUP 2.txt,archive-artifact,.txt,native-text,1125571,DIRECT_TEXT,True,,,,,,
2026 discussions/SAT BUILDING STORY.txt,archive-artifact,.txt,native-text,346588,DIRECT_TEXT,True,,,,,,
2026 discussions/SAT CHATTER 2.txt,archive-artifact,.txt,native-text,10714,DIRECT_TEXT,True,,,,,,
2026 discussions/SAT CHATTER.txt,archive-artifact,.txt,native-text,10714,DIRECT_TEXT,True,,,,,,
2026 discussions/SAT CONSC PROOF — Consciousness_of_AI.pdf,archive-artifact,.pdf,pdf,214244,NEEDS_EXTRACTION,True,,,,,,
2026 discussions/SAT CONSC — Not_ANy.pdf,archive-artifact,.pdf,pdf,144527,NEEDS_EXTRACTION,True,,,,,,
2026 discussions/SAT CONSC — Not_ANy2.pdf,archive-artifact,.pdf,pdf,180049,NEEDS_EXTRACTION,True,,,,,,
2026 discussions/SAT CONSC — Not_ANy3.pdf,archive-artifact,.pdf,pdf,150212,NEEDS_EXTRACTION,True,,,,,,
2026 discussions/SAT CYCLES 37-50.txt,archive-artifact,.txt,native-text,43096,DIRECT_TEXT,True,,,,,,
2026 discussions/SAT HISTORICAL GLOSSARY.txt,archive-artifact,.txt,native-text,243287,DIRECT_TEXT,True,,,,,,
2026 discussions/SAT LLM EPISTEMOLOGY — Howto.txt,archive-artifact,.txt,native-text,1458,DIRECT_TEXT,True,,,,,,
2026 discussions/SAT MAY 2026 REFINEMENT FORMALIZATION.txt,archive-artifact,.txt,native-text,184980,DIRECT_TEXT,True,,,,,,
2026 discussions/SAT PREDICTIVE BENCHMARKING.txt,archive-artifact,.txt,native-text,151977,DIRECT_TEXT,True,,,,,,
2026 discussions/SAT RMS EPIST — NON AND SENSE.txt,archive-artifact,.txt,native-text,92425,DIRECT_TEXT,True,,,,,,
2026 discussions/SAT THEORY — PROPER DIMENSIONALITY copy.txt,archive-artifact,.txt,native-text,98915,DIRECT_TEXT,True,,,,,,
2026 discussions/SAT THEORY — PROPER DIMENSIONALITY.txt,archive-artifact,.txt,native-text,203511,DIRECT_TEXT,True,,,,,,
2026 discussions/SAT THEORY — WHIRLIGIG SIMPLIFICATION TAKE 1.txt,archive-artifact,.txt,native-text,4493,DIRECT_TEXT,True,,,,,,
2026 discussions/SATOBLOC GIT STATS - Commits over time.csv,archive-artifact,.csv,native-text,488,DIRECT_TEXT,True,,,,,,
2026 discussions/WHIRLIGIG SIMPLIFICATION TAKE 1.txt,archive-artifact,.txt,native-text,4493,DIRECT_TEXT,True,,,,,,
2026/..folder_summary.txt,artifact-catalog-control,.txt,native-text,5705,NON_SOURCE_LAYER,True,,,,,,
2026/.gitkeep,archive-artifact,,extensionless,0,UNKNOWN_OR_BINARY,True,,,,,,
2026/ABOUT YOU ABOUT ME.txt,archive-artifact,.txt,native-text,3831,DIRECT_TEXT,True,,,,,,
2026/ALBUM — Hyperflirt/01. NNDimethylMcFuquoiserie.mp3,archive-artifact,.mp3,audio,3747612,NEEDS_TRANSCRIPTION_OR_MEDIA_PROCESSING,True,,,,,,
2026/ALBUM — Hyperflirt/010 Sponsor Break.mp3,archive-artifact,.mp3,audio,4782705,NEEDS_TRANSCRIPTION_OR_MEDIA_PROCESSING,True,,,,,,
2026/ALBUM — Hyperflirt/011 BLOCK_CONTENT_ _.mp3,archive-artifact,.mp3,audio,3372499,NEEDS_TRANSCRIPTION_OR_MEDIA_PROCESSING,True,,,,,,
2026/ALBUM — Hyperflirt/012 Brought to You By Scratchdog Ass.mp3,archive-artifact,.mp3,audio,3081067,NEEDS_TRANSCRIPTION_OR_MEDIA_PROCESSING,True,,,,,,
2026/ALBUM — Hyperflirt/013 Your Time Signature (Down to Counting).mp3,archive-artifact,.mp3,audio,2175265,NEEDS_TRANSCRIPTION_OR_MEDIA_PROCESSING,True,,,,,,
2026/ALBUM — Hyperflirt/014 Dream War.mp3,archive-artifact,.mp3,audio,3800184,NEEDS_TRANSCRIPTION_OR_MEDIA_PROCESSING,True,,,,,,
2026/ALBUM — Hyperflirt/015 Touch Moss.mp3,archive-artifact,.mp3,audio,7319449,NEEDS_TRANSCRIPTION_OR_MEDIA_PROCESSING,True,,,,,,
2026/ALBUM — Hyperflirt/02 Welcome to the Shit Show.mp3,archive-artifact,.mp3,audio,522827,NEEDS_TRANSCRIPTION_OR_MEDIA_PROCESSING,True,,,,,,
2026/ALBUM — Hyperflirt/03 Turned In (Album Version).mp3,archive-artifact,.mp3,audio,3671241,NEEDS_TRANSCRIPTION_OR_MEDIA_PROCESSING,True,,,,,,
2026/ALBUM — Hyperflirt/04 Phonebooth Huddle.mp3,archive-artifact,.mp3,audio,2135492,NEEDS_TRANSCRIPTION_OR_MEDIA_PROCESSING,True,,,,,,
2026/ALBUM — Hyperflirt/05 Beauty As A Compression Of Truth.mp3,archive-artifact,.mp3,audio,7259839,NEEDS_TRANSCRIPTION_OR_MEDIA_PROCESSING,True,,,,,,
2026/ALBUM — Hyperflirt/06 Mop It Up.mp3,archive-artifact,.mp3,audio,5375155,NEEDS_TRANSCRIPTION_OR_MEDIA_PROCESSING,True,,,,,,
2026/ALBUM — Hyperflirt/07 Don't Try It Till You Knock It.mp3,archive-artifact,.mp3,audio,3529455,NEEDS_TRANSCRIPTION_OR_MEDIA_PROCESSING,True,,,,,,
2026/ALBUM — Hyperflirt/08 init.bacon(a lot).mp3,archive-artifact,.mp3,audio,1656763,NEEDS_TRANSCRIPTION_OR_MEDIA_PROCESSING,True,,,,,,
"2026/ALBUM — Hyperflirt/09 Miss Poughkeepsie, 1953.mp3",archive-artifact,.mp3,audio,3469705,NEEDS_TRANSCRIPTION_OR_MEDIA_PROCESSING,True,,,,,,
2026/AUDIT CYCLE 1-7.txt,archive-artifact,.txt,native-text,93056,DIRECT_TEXT,True,,,,,,
2026/Alberr/Alberr 0.pdf,archive-artifact,.pdf,pdf,507958,NEEDS_EXTRACTION,True,,,,,,
2026/Alberr/Alberr 1.5.pdf,archive-artifact,.pdf,pdf,219093,NEEDS_EXTRACTION,True,,,,,,
2026/Alberr/Alberr 2.pdf,archive-artifact,.pdf,pdf,327307,NEEDS_EXTRACTION,True,,,,,,
2026/Alberr/Alberr 3.pdf,archive-artifact,.pdf,pdf,81844,NEEDS_EXTRACTION,True,,,,,,
2026/Alberr/Alberr 4.pdf,archive-artifact,.pdf,pdf,304437,NEEDS_EXTRACTION,True,,,,,,
2026/Alberr/Alberr X.txt,archive-artifact,.txt,native-text,266740,DIRECT_TEXT,True,,,,,,
2026/Alberr/DeutschSyllabus.txt,archive-artifact,.txt,native-text,14826,DIRECT_TEXT,True,,,,,,
2026/Consciousness + AI/A CHAT.txt,archive-artifact,.txt,native-text,120937,DIRECT_TEXT,True,,,,,,
2026/Consciousness + AI/AI Math Break Llmsrror.txt,archive-artifact,.txt,native-text,2938,DIRECT_TEXT,True,,,,,,
2026/Consciousness + AI/CHAT — Tell me.pdf,archive-artifact,.pdf,pdf,147977,NEEDS_EXTRACTION,True,,,,,,
2026/Consciousness + AI/Consciousness_of_AI.pdf,archive-artifact,.pdf,pdf,214244,DERIVED_TEXT_AVAILABLE,True,LEGACY_NAME_MATCH,_AUTO_EXTRACTED_TEXT/Consciousness_of_AI.txt,legacy-basename-unique,,,
2026/Consciousness + AI/Over 1.pdf,archive-artifact,.pdf,pdf,150212,NEEDS_EXTRACTION,True,,,,,,
2026/Consciousness + AI/Over 2.pdf,archive-artifact,.pdf,pdf,180049,NEEDS_EXTRACTION,True,,,,,,
2026/Consciousness + AI/Over 3.pdf,archive-artifact,.pdf,pdf,144527,NEEDS_EXTRACTION,True,,,,,,
2026/Consciousness + AI/Silence.pdf,archive-artifact,.pdf,pdf,336149,NEEDS_EXTRACTION,True,,,,,,
2026/Consciousness + AI/TRANSCENDER.txt,archive-artifact,.txt,native-text,172022,DIRECT_TEXT,True,,,,,,
2026/Consciousness + AI/Wacky 4D 2.txt,archive-artifact,.txt,native-text,33993,DIRECT_TEXT,True,,,,,,
2026/Consciousness + AI/Wacky 4D.txt,archive-artifact,.txt,native-text,196449,DIRECT_TEXT,True,,,,,,
2026/Consciousness + AI/rusty button.pdf,archive-artifact,.pdf,pdf,13519,NEEDS_EXTRACTION,True,,,,,,
2026/Consciousness + AI/solonoid1.txt,archive-artifact,.txt,native-text,146859,DIRECT_TEXT,True,,,,,,
2026/Consciousness + AI/solonoid2.pdf,archive-artifact,.pdf,pdf,275890,NEEDS_EXTRACTION,True,,,,,,
2026/Consciousness + AI/solonoid3.txt,archive-artifact,.txt,native-text,18663,DIRECT_TEXT,True,,,,,,
2026/Consciousness + AI/solonoid5.pdf,archive-artifact,.pdf,pdf,124358,NEEDS_EXTRACTION,True,,,,,,
2026/DEEP_DIVE_INTERIORITY.txt,archive-artifact,.txt,native-text,171479,DIRECT_TEXT,True,,,,,,
2026/ELECTROGRAVACOUSTICS.txt,archive-artifact,.txt,native-text,175298,DIRECT_TEXT,True,,,,,,
2026/ER GRAVITY.txt,archive-artifact,.txt,native-text,80563,DIRECT_TEXT,True,,,,,,
2026/Early SAT/A reaction.txt,archive-artifact,.txt,native-text,6387,DIRECT_TEXT,True,,,,,,
2026/Early SAT/BRAIN OPACITY.txt,archive-artifact,.txt,native-text,293119,DIRECT_TEXT,True,,,,,,
2026/Early SAT/CONSCI.txt,archive-artifact,.txt,native-text,214756,DIRECT_TEXT,True,,,,,,
2026/Early SAT/Critique response.txt,archive-artifact,.txt,native-text,136455,DIRECT_TEXT,True,,,,,,
2026/Early SAT/Cronin Levin SAT.txt,archive-artifact,.txt,native-text,10909,DIRECT_TEXT,True,,,,,,
2026/Early SAT/EARLIEST AI DISCUSSIONS.txt,archive-artifact,.txt,native-text,669034,DIRECT_TEXT,True,,,,,,
2026/Early SAT/GLOSSARY (LIVE).txt,archive-artifact,.txt,native-text,1896,DIRECT_TEXT,True,,,,,,
2026/Early SAT/INCORPORATION.txt,archive-artifact,.txt,native-text,11932,DIRECT_TEXT,True,,,,,,
2026/Early SAT/RMS&SAT.txt,archive-artifact,.txt,native-text,29727,DIRECT_TEXT,True,,,,,,
2026/Early SAT/SAT & String Theory.txt,archive-artifact,.txt,native-text,127384,DIRECT_TEXT,True,,,,,,
2026/Early SAT/SAT Overview .txt,archive-artifact,.txt,native-text,127384,DIRECT_TEXT,True,,,,,,
2026/Early SAT/SAT Reformulation & Fine Structure Comstant.txt,archive-artifact,.txt,native-text,432885,DIRECT_TEXT,True,,,,,,
2026/Early SAT/SAT intro.txt,archive-artifact,.txt,native-text,137112,DIRECT_TEXT,True,,,,,,
2026/Early SAT/Weinstein & SAT.txt,archive-artifact,.txt,native-text,35838,DIRECT_TEXT,True,,,,,,
2026/Early SAT/recursive_multi_ai_convo.txt,archive-artifact,.txt,native-text,63236,DIRECT_TEXT,True,,,,,,
2026/GRAVITY TWIST.txt,archive-artifact,.txt,native-text,114116,DIRECT_TEXT,True,,,,,,
2026/HOMESTRETCH/HOMESTRETCH ALIGNMENT.txt,archive-artifact,.txt,native-text,3929,DIRECT_TEXT,True,,,,,,
2026/HOMESTRETCH/HOMESTRETCH.txt,archive-artifact,.txt,native-text,44058,DIRECT_TEXT,True,,,,,,
2026/HOMESTRETCH/RELATIVITY - EINSTEIN + MINKOWSKI.txt,archive-artifact,.txt,native-text,428493,DIRECT_TEXT,True,,,,,,
2026/HOMESTRETCH/SAT CORE PACK.txt,archive-artifact,.txt,native-text,10928,DIRECT_TEXT,True,,,,,,
2026/HOMESTRETCH/STREAMLINE 11MAR26.txt,archive-artifact,.txt,native-text,60347,DIRECT_TEXT,True,,,,,,
2026/Musings/Conlang.pdf,archive-artifact,.pdf,pdf,559969,NEEDS_EXTRACTION,True,,,,,,
2026/Musings/Misc 48.txt,archive-artifact,.txt,native-text,4142,DIRECT_TEXT,True,,,,,,
2026/Musings/Misc — A Chat.pdf,archive-artifact,.pdf,pdf,192987,NEEDS_EXTRACTION,True,,,,,,
2026/Musings/conlang2.pdf,archive-artifact,.pdf,pdf,609403,NEEDS_EXTRACTION,True,,,,,,
2026/Musings/conlang3.pdf,archive-artifact,.pdf,pdf,11146893,NEEDS_EXTRACTION,True,,,,,,
2026/Musings/misc Central Recursion.pdf,archive-artifact,.pdf,pdf,316867,NEEDS_EXTRACTION,True,,,,,,
2026/Paradigm/SAT PARADIGM TIMELINE/SAT CHATTER [Blind Survey].txt,archive-artifact,.txt,native-text,99451,DIRECT_TEXT,True,,,,,,
2026/Paradigm/SAT PARADIGM TIMELINE/SAT FALLOUT.txt,archive-artifact,.txt,native-text,10718,DIRECT_TEXT,True,,,,,,
2026/Paradigm/SAT PARADIGM TIMELINE/SAT PARADIGM — Chatter.txt,archive-artifact,.txt,native-text,9397,DIRECT_TEXT,True,,,,,,
2026/Paradigm/SAT PARADIGM TIMELINE/SAT Paradigm2.txt,archive-artifact,.txt,native-text,14327,DIRECT_TEXT,True,,,,,,
2026/Paradigm/SAT PARADIGM TIMELINE/SAT RECON — Gg1.txt,archive-artifact,.txt,native-text,38166,DIRECT_TEXT,True,,,,,,
2026/Paradigm/SAT PARADIGM TIMELINE/SAT RECON — Gg2.txt,archive-artifact,.txt,native-text,10900,DIRECT_TEXT,True,,,,,,
2026/Paradigm/SAT PARADIGM TIMELINE/SAT RECON — Gg3.txt,archive-artifact,.txt,native-text,16137,DIRECT_TEXT,True,,,,,,
2026/Paradigm/SAT PARADIGM TIMELINE/SAT RECON — Gg4.txt,archive-artifact,.txt,native-text,91456,DIRECT_TEXT,True,,,,,,
2026/Paradigm/SAT PARADIGM TIMELINE/SAT RECON — Goog.txt,archive-artifact,.txt,native-text,16137,DIRECT_TEXT,True,,,,,,
2026/Paradigm/SAT PARADIGM TIMELINE/SAT RECON — google4.txt,archive-artifact,.txt,native-text,122608,DIRECT_TEXT,True,,,,,,
2026/Paradigm/SAT PARADIGM TIMELINE/SAT Related Developments.txt,archive-artifact,.txt,native-text,13005,DIRECT_TEXT,True,,,,,,
2026/Paradigm/SAT PARADIGM TIMELINE/SAT TIMELINE 2.txt,archive-artifact,.txt,native-text,10708,DIRECT_TEXT,True,,,,,,
2026/Paradigm/SAT PARADIGM TIMELINE/SAT TO DO — Citations.txt,archive-artifact,.txt,native-text,117192,DIRECT_TEXT,True,,,,,,
2026/Paradigm/SAT PARADIGM TIMELINE/SAT TO DO — Google py.txt,archive-artifact,.txt,native-text,33610,DIRECT_TEXT,True,,,,,,
2026/Paradigm/SAT PARADIGM TIMELINE/SAT paradigm.txt,archive-artifact,.txt,native-text,99451,DIRECT_TEXT,True,,,,,,
2026/Paradigm/SAT PARADIGM TIMELINE/SAT — TIMELINE.txt,archive-artifact,.txt,native-text,26035,DIRECT_TEXT,True,,,,,,
2026/Paradigm/SAT — PODCAST STATS/Debating  LISTENERSHIP.txt,archive-artifact,.txt,native-text,62305,DIRECT_TEXT,True,,,,,,
2026/Paradigm/SAT — PODCAST STATS/Debating  Listeners .txt,archive-artifact,.txt,native-text,3055,DIRECT_TEXT,True,,,,,,
2026/Paradigm/SAT — PODCAST STATS/Debating  Listeners 2.txt,archive-artifact,.txt,native-text,62305,DIRECT_TEXT,True,,,,,,
2026/Paradigm/SAT — PODCAST STATS/Debating AI 1.txt,archive-artifact,.txt,native-text,13445,DIRECT_TEXT,True,,,,,,
2026/Paradigm/SAT — PODCAST STATS/Debating AI 2.txt,archive-artifact,.txt,native-text,22443,DIRECT_TEXT,True,,,,,,
2026/Paradigm/SAT — PODCAST STATS/Debating AI 3.txt,archive-artifact,.txt,native-text,49885,DIRECT_TEXT,True,,,,,,
2026/Paradigm/SAT — PODCAST STATS/Debating AI Episodes List.txt,archive-artifact,.txt,native-text,19392,DIRECT_TEXT,True,,,,,,
2026/Paradigm/SAT — PODCAST STATS/Debating AI Morgellis.txt,archive-artifact,.txt,native-text,2984,DIRECT_TEXT,True,,,,,,
2026/Paradigm/SAT — PODCAST STATS/Debating AI Podcast Stats.txt,archive-artifact,.txt,native-text,193220,DIRECT_TEXT,True,,,,,,
2026/Paradigm/SAT — PODCAST STATS/Debating AI Podcast.txt,archive-artifact,.txt,native-text,193220,DIRECT_TEXT,True,,,,,,
2026/Paradigm/SAT — PODCAST STATS/Debating AI Stats 2.txt,archive-artifact,.txt,native-text,197752,DIRECT_TEXT,True,,,,,,
2026/Paradigm/SAT — PODCAST STATS/Debating AI Stats.txt,archive-artifact,.txt,native-text,197753,DIRECT_TEXT,True,,,,,,
2026/Paradigm/SAT — PODCAST STATS/Debating AI —  Podcast.txt,archive-artifact,.txt,native-text,3899,DIRECT_TEXT,True,,,,,,
2026/Paradigm/_SAT  Satobloc GitHubStats/Clones in last 14 days copy.csv,archive-artifact,.csv,native-text,163,DIRECT_TEXT,True,,,,,,
2026/Paradigm/_SAT  Satobloc GitHubStats/Clones in last 14 days.csv,archive-artifact,.csv,native-text,161,DIRECT_TEXT,True,,,,,,
2026/Paradigm/_SAT  Satobloc GitHubStats/Commits over time.csv,archive-artifact,.csv,native-text,488,DIRECT_TEXT,True,,,,,,
2026/Paradigm/_SAT  Satobloc GitHubStats/Git Total views in last 14 days.csv,archive-artifact,.csv,native-text,163,DIRECT_TEXT,True,,,,,,
2026/Paradigm/_SAT  Satobloc GitHubStats/Git Unique cloners in last 14 days.csv,archive-artifact,.csv,native-text,164,DIRECT_TEXT,True,,,,,,
2026/Paradigm/_SAT  Satobloc GitHubStats/Git Unique visitors in last 14 days.csv,archive-artifact,.csv,native-text,162,DIRECT_TEXT,True,,,,,,
2026/Paradigm/_SAT  Satobloc GitHubStats/Satobloc's Commits.csv,archive-artifact,.csv,native-text,488,DIRECT_TEXT,True,,,,,,
2026/Paradigm/_SAT  Satobloc GitHubStats/Total views in last 14 days.csv,archive-artifact,.csv,native-text,161,DIRECT_TEXT,True,,,,,,
2026/Paradigm/_SAT  Satobloc GitHubStats/Unique cloners in last 14 days.csv,archive-artifact,.csv,native-text,162,DIRECT_TEXT,True,,,,,,
2026/Paradigm/_SAT  Satobloc GitHubStats/Unique visitors in last 14 days.csv,archive-artifact,.csv,native-text,162,DIRECT_TEXT,True,,,,,,
2026/REFERENCE — GR/9712019v1.pdf,archive-artifact,.pdf,pdf,1583209,NEEDS_EXTRACTION,True,,,,,,
2026/REFERENCE — GR/genrel_2010.pdf,archive-artifact,.pdf,pdf,412543,NEEDS_EXTRACTION,True,,,,,,
2026/REFERENCE — STRING THEORY/078974bf19381340cab50a86fc8cc89f_lecture19.pdf,archive-artifact,.pdf,pdf,173070,NEEDS_EXTRACTION,True,,,,,,
2026/REFERENCE — STRING THEORY/0b0d0496b0cfbbba1d88858ca8362e98_lecture11.pdf,archive-artifact,.pdf,pdf,213637,NEEDS_EXTRACTION,True,,,,,,
2026/REFERENCE — STRING THEORY/0d1bda106dfd2af510daf14b261c56fb_lecture10.pdf,archive-artifact,.pdf,pdf,171587,NEEDS_EXTRACTION,True,,,,,,
2026/REFERENCE — STRING THEORY/1c9e44c6a1b94e7c371c307a93779ffb_lecture25.pdf,archive-artifact,.pdf,pdf,278953,NEEDS_EXTRACTION,True,,,,,,
2026/REFERENCE — STRING THEORY/22f010a84df39d4448ec5ff59382413d_lecture04.pdf,archive-artifact,.pdf,pdf,160094,NEEDS_EXTRACTION,True,,,,,,
2026/REFERENCE — STRING THEORY/2f8805397ee8506926404a60d8d677d2_lecture16.pdf,archive-artifact,.pdf,pdf,277203,NEEDS_EXTRACTION,True,,,,,,
2026/REFERENCE — STRING THEORY/6da5e974c4b04023f5dfa82875de834f_lecture15.pdf,archive-artifact,.pdf,pdf,206490,NEEDS_EXTRACTION,True,,,,,,
2026/REFERENCE — STRING THEORY/6e89ec211a53149e0f87d350191c4f63_lecture12.pdf,archive-artifact,.pdf,pdf,213353,NEEDS_EXTRACTION,True,,,,,,
2026/REFERENCE — STRING THEORY/74a1f200767f0e321a50d878f7dc41e0_lecture02.pdf,archive-artifact,.pdf,pdf,166007,NEEDS_EXTRACTION,True,,,,,,
2026/REFERENCE — STRING THEORY/829a382e2a755917efbfc190507e51df_lecture01.pdf,archive-artifact,.pdf,pdf,249941,NEEDS_EXTRACTION,True,,,,,,
2026/REFERENCE — STRING THEORY/83dc0482e297f2ec6f03932553411230_lecture20.pdf,archive-artifact,.pdf,pdf,162872,NEEDS_EXTRACTION,True,,,,,,
2026/REFERENCE — STRING THEORY/8caef2b2fd460cd03dde5d4700041ee0_lecture14.pdf,archive-artifact,.pdf,pdf,185054,NEEDS_EXTRACTION,True,,,,,,
2026/REFERENCE — STRING THEORY/992574ecdb4b83911e7514b8c4a2e507_lecture05.pdf,archive-artifact,.pdf,pdf,184476,NEEDS_EXTRACTION,True,,,,,,
2026/REFERENCE — STRING THEORY/a1005e3538578985183f9c5e183e6e87_lecture21.pdf,archive-artifact,.pdf,pdf,179793,NEEDS_EXTRACTION,True,,,,,,
2026/REFERENCE — STRING THEORY/a13b3444c1e2926aca5f25bdda522bc6_lecture07.pdf,archive-artifact,.pdf,pdf,203669,NEEDS_EXTRACTION,True,,,,,,
2026/REFERENCE — STRING THEORY/a3e418ff0049144b2a70f4c8bdd5d8d1_lecture24.pdf,archive-artifact,.pdf,pdf,199018,NEEDS_EXTRACTION,True,,,,,,
2026/REFERENCE — STRING THEORY/a7c18070db260c88a6fe9080afabc659_lecture13.pdf,archive-artifact,.pdf,pdf,132821,NEEDS_EXTRACTION,True,,,,,,
2026/REFERENCE — STRING THEORY/a9489a562dc17c13491aab189b92f012_lecture09.pdf,archive-artifact,.pdf,pdf,186981,NEEDS_EXTRACTION,True,,,,,,
2026/REFERENCE — STRING THEORY/af966809bba8f11cacf5f4e88d75ed1d_lecture06.pdf,archive-artifact,.pdf,pdf,212298,NEEDS_EXTRACTION,True,,,,,,
2026/REFERENCE — STRING THEORY/c9cb6d23481b7450aaa996bbf2ebc16d_lecture23.pdf,archive-artifact,.pdf,pdf,115003,NEEDS_EXTRACTION,True,,,,,,
2026/REFERENCE — STRING THEORY/deb6ad4ba42bb173e8e403f4b8acb73f_lecture18.pdf,archive-artifact,.pdf,pdf,210777,NEEDS_EXTRACTION,True,,,,,,
2026/REFERENCE — STRING THEORY/e5b834fb595f307dd99fcf6913971a4c_lecture03.pdf,archive-artifact,.pdf,pdf,164593,NEEDS_EXTRACTION,True,,,,,,
2026/REFERENCE — STRING THEORY/e9cb1e45a51bfc887b72accb2486d034_lecture08.pdf,archive-artifact,.pdf,pdf,238548,NEEDS_EXTRACTION,True,,,,,,
2026/REFERENCE — STRING THEORY/ea42d2182b4a78c0501b2577a5478572_lecture22.pdf,archive-artifact,.pdf,pdf,188361,NEEDS_EXTRACTION,True,,,,,,
2026/REFERENCE — STRING THEORY/f704cfed444c1740427310905d04042d_lecture17.pdf,archive-artifact,.pdf,pdf,248245,NEEDS_EXTRACTION,True,,,,,,
2026/SAT  DRAFT PAPER/0PHYS_REV_D_V_1_Submission.pdf,archive-artifact,.pdf,pdf,165035,DERIVED_TEXT_AVAILABLE,True,LEGACY_NAME_MATCH,_AUTO_EXTRACTED_TEXT/0PHYS_REV_D_V_1_Submission.txt,legacy-basename-unique,,,
2026/SAT  DRAFT PAPER/2PHYS_REV_D_V_1_Submission.pdf,archive-artifact,.pdf,pdf,96426,DERIVED_TEXT_AVAILABLE,True,LEGACY_NAME_MATCH,_AUTO_EXTRACTED_TEXT/2PHYS_REV_D_V_1_Submission.txt,legacy-basename-unique,,,
2026/SAT  DRAFT PAPER/3PHYS_REV_D_V_1_Submission.pdf,archive-artifact,.pdf,pdf,76521,DERIVED_TEXT_AVAILABLE,True,LEGACY_NAME_MATCH,_AUTO_EXTRACTED_TEXT/3PHYS_REV_D_V_1_Submission.txt,legacy-basename-unique,,,
2026/SAT  DRAFT PAPER/4PHYS_REV_D_V_1_Submission.pdf,archive-artifact,.pdf,pdf,105695,DERIVED_TEXT_AVAILABLE,True,LEGACY_NAME_MATCH,_AUTO_EXTRACTED_TEXT/4PHYS_REV_D_V_1_Submission.txt,legacy-basename-unique,,,
2026/SAT  DRAFT PAPER/x PHYS_REV_D_V_1_Submission.pdf,archive-artifact,.pdf,pdf,105780,NEEDS_EXTRACTION,True,,,,,,
2026/SAT  REVAMP — MARCH 2026/PULSAR_MODEL,archive-artifact,,extensionless,83862,UNKNOWN_OR_BINARY,True,,,,,,
2026/SAT  REVAMP — MARCH 2026/PULSAR_PAPER.pdf,archive-artifact,.pdf,pdf,189995,DERIVED_TEXT_AVAILABLE,True,LEGACY_NAME_MATCH,_AUTO_EXTRACTED_TEXT/PULSAR_PAPER.txt,legacy-basename-unique,,,
2026/SAT  REVAMP — MARCH 2026/SCALAR_ANGULAR_TORSION___PHYS_D_FINAL-10.pdf,archive-artifact,.pdf,pdf,146896,DERIVED_TEXT_AVAILABLE,True,LEGACY_NAME_MATCH,_AUTO_EXTRACTED_TEXT/SCALAR_ANGULAR_TORSION___PHYS_D_FINAL-10.txt,legacy-basename-unique,,,
2026/SAT  REVAMP — MARCH 2026/SCALAR_ANGULAR_TORSION___PHYS_D_FINAL-11.pdf,archive-artifact,.pdf,pdf,96749,DERIVED_TEXT_AVAILABLE,True,LEGACY_NAME_MATCH,_AUTO_EXTRACTED_TEXT/SCALAR_ANGULAR_TORSION___PHYS_D_FINAL-11.txt,legacy-basename-unique,,,
2026/SAT  REVAMP — MARCH 2026/SCALAR_ANGULAR_TORSION___PHYS_D_FINAL-12.pdf,archive-artifact,.pdf,pdf,113058,DERIVED_TEXT_AVAILABLE,True,LEGACY_NAME_MATCH,_AUTO_EXTRACTED_TEXT/SCALAR_ANGULAR_TORSION___PHYS_D_FINAL-12.txt,legacy-basename-unique,,,
2026/SAT  REVAMP — MARCH 2026/SCALAR_ANGULAR_TORSION___PHYS_D_FINAL-13.pdf,archive-artifact,.pdf,pdf,218513,DERIVED_TEXT_AVAILABLE,True,LEGACY_NAME_MATCH,_AUTO_EXTRACTED_TEXT/SCALAR_ANGULAR_TORSION___PHYS_D_FINAL-13.txt,legacy-basename-unique,,,
2026/SAT  REVAMP — MARCH 2026/SCALAR_ANGULAR_TORSION___PHYS_D_FINAL-14.pdf,archive-artifact,.pdf,pdf,59985,DERIVED_TEXT_AVAILABLE,True,LEGACY_NAME_MATCH,_AUTO_EXTRACTED_TEXT/SCALAR_ANGULAR_TORSION___PHYS_D_FINAL-14.txt,legacy-basename-unique,,,
2026/SAT  REVAMP — MARCH 2026/SCALAR_ANGULAR_TORSION___PHYS_D_FINAL-2.pdf,archive-artifact,.pdf,pdf,95105,DERIVED_TEXT_AVAILABLE,True,LEGACY_NAME_MATCH,_AUTO_EXTRACTED_TEXT/SCALAR_ANGULAR_TORSION___PHYS_D_FINAL-2.txt,legacy-basename-unique,,,
2026/SAT  REVAMP — MARCH 2026/SCALAR_ANGULAR_TORSION___PHYS_D_FINAL-3.pdf,archive-artifact,.pdf,pdf,129462,DERIVED_TEXT_AVAILABLE,True,LEGACY_NAME_MATCH,_AUTO_EXTRACTED_TEXT/SCALAR_ANGULAR_TORSION___PHYS_D_FINAL-3.txt,legacy-basename-unique,,,
2026/SAT  REVAMP — MARCH 2026/SCALAR_ANGULAR_TORSION___PHYS_D_FINAL-4.pdf,archive-artifact,.pdf,pdf,116732,DERIVED_TEXT_AVAILABLE,True,LEGACY_NAME_MATCH,_AUTO_EXTRACTED_TEXT/SCALAR_ANGULAR_TORSION___PHYS_D_FINAL-4.txt,legacy-basename-unique,,,
2026/SAT  REVAMP — MARCH 2026/SCALAR_ANGULAR_TORSION___PHYS_D_FINAL-5.pdf,archive-artifact,.pdf,pdf,107057,DERIVED_TEXT_AVAILABLE,True,LEGACY_NAME_MATCH,_AUTO_EXTRACTED_TEXT/SCALAR_ANGULAR_TORSION___PHYS_D_FINAL-5.txt,legacy-basename-unique,,,
2026/SAT  REVAMP — MARCH 2026/SCALAR_ANGULAR_TORSION___PHYS_D_FINAL-6.pdf,archive-artifact,.pdf,pdf,140001,DERIVED_TEXT_AVAILABLE,True,LEGACY_NAME_MATCH,_AUTO_EXTRACTED_TEXT/SCALAR_ANGULAR_TORSION___PHYS_D_FINAL-6.txt,legacy-basename-unique,,,
2026/SAT  REVAMP — MARCH 2026/SCALAR_ANGULAR_TORSION___PHYS_D_FINAL-7.pdf,archive-artifact,.pdf,pdf,135435,DERIVED_TEXT_AVAILABLE,True,LEGACY_NAME_MATCH,_AUTO_EXTRACTED_TEXT/SCALAR_ANGULAR_TORSION___PHYS_D_FINAL-7.txt,legacy-basename-unique,,,
2026/SAT  REVAMP — MARCH 2026/SCALAR_ANGULAR_TORSION___PHYS_D_FINAL-8.pdf,archive-artifact,.pdf,pdf,132161,DERIVED_TEXT_AVAILABLE,True,LEGACY_NAME_MATCH,_AUTO_EXTRACTED_TEXT/SCALAR_ANGULAR_TORSION___PHYS_D_FINAL-8.txt,legacy-basename-unique,,,
2026/SAT  REVAMP — MARCH 2026/SCALAR_ANGULAR_TORSION___PHYS_D_FINAL-9.pdf,archive-artifact,.pdf,pdf,121317,DERIVED_TEXT_AVAILABLE,True,LEGACY_NAME_MATCH,_AUTO_EXTRACTED_TEXT/SCALAR_ANGULAR_TORSION___PHYS_D_FINAL-9.txt,legacy-basename-unique,,,
2026/SAT  REVAMP — MARCH 2026/SCALAR_ANGULAR_TORSION___PHYS_D_FINAL.pdf,archive-artifact,.pdf,pdf,95105,DERIVED_TEXT_AVAILABLE,True,LEGACY_NAME_MATCH,_AUTO_EXTRACTED_TEXT/SCALAR_ANGULAR_TORSION___PHYS_D_FINAL.txt,legacy-basename-unique,,,
2026/SAT  Satobloc GitHubStats/Clones in last 14 days.csv,archive-artifact,.csv,native-text,161,DIRECT_TEXT,True,,,,,,
2026/SAT  Satobloc GitHubStats/Commits over time.csv,archive-artifact,.csv,native-text,488,DIRECT_TEXT,True,,,,,,
2026/SAT  Satobloc GitHubStats/Satobloc's Commits.csv,archive-artifact,.csv,native-text,488,DIRECT_TEXT,True,,,,,,
2026/SAT  Satobloc GitHubStats/Total views in last 14 days.csv,archive-artifact,.csv,native-text,161,DIRECT_TEXT,True,,,,,,
2026/SAT  Satobloc GitHubStats/Unique cloners in last 14 days.csv,archive-artifact,.csv,native-text,162,DIRECT_TEXT,True,,,,,,
2026/SAT  Satobloc GitHubStats/Unique visitors in last 14 days.csv,archive-artifact,.csv,native-text,162,DIRECT_TEXT,True,,,,,,
2026/SAT AUDIT Critique 1.txt,archive-artifact,.txt,native-text,2983,DIRECT_TEXT,True,,,,,,
2026/SAT AUDIT Critique 2.txt,archive-artifact,.txt,native-text,17763,DIRECT_TEXT,True,,,,,,
2026/SAT AUDIT — Cyclerev.txt,archive-artifact,.txt,native-text,47253,DIRECT_TEXT,True,,,,,,
2026/SAT AUDIT — Formal rules .txt,archive-artifact,.txt,native-text,4108,DIRECT_TEXT,True,,,,,,
2026/SAT AUDIT — Q COUNTING CONCERNS.pdf,archive-artifact,.pdf,pdf,80845,NEEDS_EXTRACTION,True,,,,,,
2026/SAT AUDIT — Refine .txt,archive-artifact,.txt,native-text,119445,DIRECT_TEXT,True,,,,,,
2026/SAT AUDIT — Space Do over.txt,archive-artifact,.txt,native-text,10900,DIRECT_TEXT,True,,,,,,
2026/SAT AUDIT — Spectra-Heat anom.txt,archive-artifact,.txt,native-text,38166,DIRECT_TEXT,True,,,,,,
2026/SAT CORE — BYO LAGRANGIAN.txt,archive-artifact,.txt,native-text,4184,DIRECT_TEXT,True,,,,,,
2026/SAT CORE — Donut canon.txt,archive-artifact,.txt,native-text,18106,DIRECT_TEXT,True,,,,,,
2026/SAT CORE — HELIUM STANDARD ATOM 2.txt,archive-artifact,.txt,native-text,22469,DIRECT_TEXT,True,,,,,,
2026/SAT CORE — Orders .txt,archive-artifact,.txt,native-text,3008,DIRECT_TEXT,True,,,,,,
2026/SAT CORE — ReDonut.txt,archive-artifact,.txt,native-text,41602,DIRECT_TEXT,True,,,,,,
2026/SAT CORE — Standard Helium Atom.pdf,archive-artifact,.pdf,pdf,144564,NEEDS_EXTRACTION,True,,,,,,
2026/SAT CORE — UI BUILDOUT.txt,archive-artifact,.txt,native-text,416525,DIRECT_TEXT,True,,,,,,
2026/SAT CORE — UI CONFIG.txt,archive-artifact,.txt,native-text,6534,DIRECT_TEXT,True,,,,,,
2026/SAT CORE — UI_Procedure_SAT_4DHH_UC.pdf,archive-artifact,.pdf,pdf,128022,NEEDS_EXTRACTION,True,,,,,,
2026/SAT CORE — UNIT CELL LAGRANGIANS.txt,archive-artifact,.txt,native-text,60595,DIRECT_TEXT,True,,,,,,
2026/SAT CORE — WHIRLIGIG SUMMARY-1.pdf,archive-artifact,.pdf,pdf,3256732,NEEDS_EXTRACTION,True,,,,,,
2026/SAT CYCLES 37-50.txt,archive-artifact,.txt,native-text,43096,DIRECT_TEXT,True,,,,,,
2026/SAT FINAL_FINALL-nolattice 2.pdf,archive-artifact,.pdf,pdf,495821,NEEDS_EXTRACTION,True,,,,,,
2026/SAT FULL_THEORY-lattice version.pdf,archive-artifact,.pdf,pdf,292502,NEEDS_EXTRACTION,True,,,,,,
2026/SAT FULL_THEORY.pdf,archive-artifact,.pdf,pdf,317822,NEEDS_EXTRACTION,True,,,,,,
2026/SAT FULL_THEORY_Line.pdf,archive-artifact,.pdf,pdf,222762,NEEDS_EXTRACTION,True,,,,,,
2026/SAT HISTORICAL GLOSSARY.txt,archive-artifact,.txt,native-text,243287,DIRECT_TEXT,True,,,,,,
2026/SAT IDEAS.txt,archive-artifact,.txt,native-text,9397,DIRECT_TEXT,True,,,,,,
2026/SAT MATH — BACKBONE.txt,archive-artifact,.txt,native-text,234527,DIRECT_TEXT,True,,,,,,
2026/SAT MATH — Other.pdf,archive-artifact,.pdf,pdf,198260,NEEDS_EXTRACTION,True,,,,,,
2026/SAT MATH — oSAT_2026.pdf,archive-artifact,.pdf,pdf,212031,NEEDS_EXTRACTION,True,,,,,,
2026/SAT MAY 2026 REFINEMENT FORMALIZATION.txt,archive-artifact,.txt,native-text,184980,DIRECT_TEXT,True,,,,,,
2026/SAT METRICS — Basic.txt,archive-artifact,.txt,native-text,275,DIRECT_TEXT,True,,,,,,
2026/SAT Qs — HEX.txt,archive-artifact,.txt,native-text,873,DIRECT_TEXT,True,,,,,,
2026/SAT STORY.txt,archive-artifact,.txt,native-text,346588,DIRECT_TEXT,True,,,,,,
2026/SAT SUMMARY — Scalar-Angular Torsion.pdf,archive-artifact,.pdf,pdf,495821,NEEDS_EXTRACTION,True,,,,,,
2026/SAT THEORY - Bell’s + Light Cones.txt,archive-artifact,.txt,native-text,11751,DIRECT_TEXT,True,,,,,,
2026/SAT THEORY —  Fromscratch.txt,archive-artifact,.txt,native-text,11174,DIRECT_TEXT,True,,,,,,
2026/SAT THEORY — Dimensoins.txt,archive-artifact,.txt,native-text,17514,DIRECT_TEXT,True,,,,,,
2026/SAT THEORY — FROM SCRATCH.pdf,archive-artifact,.pdf,pdf,443604,NEEDS_EXTRACTION,True,,,,,,
2026/SAT THEORY — Filament onto.txt,archive-artifact,.txt,native-text,107020,DIRECT_TEXT,True,,,,,,
2026/SAT THEORY — Frame dim .txt,archive-artifact,.txt,native-text,4854,DIRECT_TEXT,True,,,,,,
2026/SAT THEORY — Gx Halos Etc .txt,archive-artifact,.txt,native-text,107014,DIRECT_TEXT,True,,,,,,
2026/SAT THEORY — QUANTUM HYPERFOAM 2.txt,archive-artifact,.txt,native-text,26978,DIRECT_TEXT,True,,,,,,
2026/SAT THEORY — QUANTUM HYPERFOAM.txt,archive-artifact,.txt,native-text,26942,DIRECT_TEXT,True,,,,,,
2026/SAT THEORY — REFINEMENT SUMMARY.pdf,archive-artifact,.pdf,pdf,488381,NEEDS_EXTRACTION,True,,,,,,
2026/SAT THEORY — Refine disc.txt,archive-artifact,.txt,native-text,184982,DIRECT_TEXT,True,,,,,,
2026/SAT THEORY — Strong Force.pdf,archive-artifact,.pdf,pdf,109729,NEEDS_EXTRACTION,True,,,,,,
2026/SAT THEORY — Superhelicalism.txt,archive-artifact,.txt,native-text,6369,DIRECT_TEXT,True,,,,,,
2026/SAT THEORY — Tentative Experiment Design.txt,archive-artifact,.txt,native-text,10011,DIRECT_TEXT,True,,,,,,
2026/SAT THEORY — UBWA_SAT_4DHH_UC.pdf,archive-artifact,.pdf,pdf,130807,NEEDS_EXTRACTION,True,,,,,,
2026/SAT THEORY — UI_SAT_4DHH_UC.pdf,archive-artifact,.pdf,pdf,128022,NEEDS_EXTRACTION,True,,,,,,
2026/SAT THEORY — Worldlines.txt,archive-artifact,.txt,native-text,41828,DIRECT_TEXT,True,,,,,,
2026/SAT THOUGHTS — Frimscrarcg3.txt,archive-artifact,.txt,native-text,26299,DIRECT_TEXT,True,,,,,,
2026/SAT THOUGHTS — Frimscrarch2.txt,archive-artifact,.txt,native-text,52437,DIRECT_TEXT,True,,,,,,
2026/SAT THOUGHTS — HALOS.txt,archive-artifact,.txt,native-text,4203,DIRECT_TEXT,True,,,,,,
2026/SAT THOUGHTS — Mechwaall.txt,archive-artifact,.txt,native-text,132332,DIRECT_TEXT,True,,,,,,
2026/SAT THOUGHTS — from scratch .txt,archive-artifact,.txt,native-text,182096,DIRECT_TEXT,True,,,,,,
2026/SAT THOUGTS — Conjecture + Anomalies.pdf,archive-artifact,.pdf,pdf,310260,NEEDS_EXTRACTION,True,,,,,,
2026/SAT THOUGTS—Black Holes + Big Bangs.txt,archive-artifact,.txt,native-text,19996,DIRECT_TEXT,True,,,,,,
2026/SAT Thoughts — Spring 2026 Post-Audit Notes.txt,archive-artifact,.txt,native-text,43995,DIRECT_TEXT,True,,,,,,
2026/SAT VERSIONS — 25 SAT VERSIONS.pdf,archive-artifact,.pdf,pdf,1203889,NEEDS_EXTRACTION,True,,,,,,
2026/SAT — Audit.txt,archive-artifact,.txt,native-text,1458,DIRECT_TEXT,True,,,,,,
2026/SAT — PODCAST/Debating  LISTENERSHIP.txt,archive-artifact,.txt,native-text,62305,DIRECT_TEXT,True,,,,,,
2026/SAT — PODCAST/Debating  Listeners .txt,archive-artifact,.txt,native-text,3055,DIRECT_TEXT,True,,,,,,
2026/SAT — PODCAST/Debating  Listeners 2.txt,archive-artifact,.txt,native-text,62305,DIRECT_TEXT,True,,,,,,
2026/SAT — PODCAST/Debating AI 1.txt,archive-artifact,.txt,native-text,13445,DIRECT_TEXT,True,,,,,,
2026/SAT — PODCAST/Debating AI 2.txt,archive-artifact,.txt,native-text,22443,DIRECT_TEXT,True,,,,,,
2026/SAT — PODCAST/Debating AI 3.txt,archive-artifact,.txt,native-text,49885,DIRECT_TEXT,True,,,,,,
2026/SAT — PODCAST/Debating AI Episodes List.txt,archive-artifact,.txt,native-text,19392,DIRECT_TEXT,True,,,,,,
2026/SAT — PODCAST/Debating AI Morgellis.txt,archive-artifact,.txt,native-text,2984,DIRECT_TEXT,True,,,,,,
2026/SAT — PODCAST/Debating AI Podcast Stats.txt,archive-artifact,.txt,native-text,193220,DIRECT_TEXT,True,,,,,,
2026/SAT — PODCAST/Debating AI Podcast.txt,archive-artifact,.txt,native-text,193220,DIRECT_TEXT,True,,,,,,
2026/SAT — PODCAST/Debating AI Stats 2.txt,archive-artifact,.txt,native-text,197752,DIRECT_TEXT,True,,,,,,
2026/SAT — PODCAST/Debating AI Stats.txt,archive-artifact,.txt,native-text,197753,DIRECT_TEXT,True,,,,,,
2026/SAT — PODCAST/Debating AI —  Podcast.txt,archive-artifact,.txt,native-text,3899,DIRECT_TEXT,True,,,,,,
2026/SAT++.txt,archive-artifact,.txt,native-text,346588,DIRECT_TEXT,True,,,,,,
2026/SAT+.txt,archive-artifact,.txt,native-text,776744,DIRECT_TEXT,True,,,,,,
2026/SAT.4DHH-UC BUILDOUT DEV.txt,archive-artifact,.txt,native-text,813457,DIRECT_TEXT,True,,,,,,
2026/THEORY REFINEMENT SUMMARY.txt,archive-artifact,.txt,native-text,45711,DIRECT_TEXT,True,,,,,,
2026/_SAT  Satobloc GitHubStats/Clones in last 14 days copy.csv,archive-artifact,.csv,native-text,163,DIRECT_TEXT,True,,,,,,
2026/_SAT  Satobloc GitHubStats/Clones in last 14 days.csv,archive-artifact,.csv,native-text,161,DIRECT_TEXT,True,,,,,,
2026/_SAT  Satobloc GitHubStats/Commits over time.csv,archive-artifact,.csv,native-text,488,DIRECT_TEXT,True,,,,,,
2026/_SAT  Satobloc GitHubStats/Git Total views in last 14 days.csv,archive-artifact,.csv,native-text,163,DIRECT_TEXT,True,,,,,,
2026/_SAT  Satobloc GitHubStats/Git Unique cloners in last 14 days.csv,archive-artifact,.csv,native-text,164,DIRECT_TEXT,True,,,,,,
2026/_SAT  Satobloc GitHubStats/Git Unique visitors in last 14 days.csv,archive-artifact,.csv,native-text,162,DIRECT_TEXT,True,,,,,,
2026/_SAT  Satobloc GitHubStats/Satobloc's Commits.csv,archive-artifact,.csv,native-text,488,DIRECT_TEXT,True,,,,,,
2026/_SAT  Satobloc GitHubStats/Total views in last 14 days.csv,archive-artifact,.csv,native-text,161,DIRECT_TEXT,True,,,,,,
2026/_SAT  Satobloc GitHubStats/Unique cloners in last 14 days.csv,archive-artifact,.csv,native-text,162,DIRECT_TEXT,True,,,,,,
2026/_SAT  Satobloc GitHubStats/Unique visitors in last 14 days.csv,archive-artifact,.csv,native-text,162,DIRECT_TEXT,True,,,,,,
25 SAT VERSIONS.pdf,archive-artifact,.pdf,pdf,1203889,DERIVED_TEXT_AVAILABLE,True,OK,_AUTO_EXTRACTED_TEXT/25 SAT VERSIONS.txt,manifest-exact,PyMuPDF,235349,_AUTO_EXTRACTED_TEXT/_manifests/2026-09-10_root_pdf_extraction_pass_002.json
26R COMPUTATIONAL SYSTEMS.txt,archive-artifact,.txt,native-text,100941,DIRECT_TEXT,True,,,,,,
26R QUINTATION Quick Pass Analysis — raw.txt,archive-artifact,.txt,native-text,317656,DIRECT_TEXT,True,,,,,,
26R README_INSTALL_SAT_STACK.txt,archive-artifact,.txt,native-text,1887,DIRECT_TEXT,True,,,,,,
26R SAT MAY 2025.txt,archive-artifact,.txt,native-text,143539,DIRECT_TEXT,True,,,,,,
26R Worldline Topos.txt,archive-artifact,.txt,native-text,41828,DIRECT_TEXT,True,,,,,,
2PHYS_REV_D_V_1_Submission.pdf,archive-artifact,.pdf,pdf,96426,DERIVED_TEXT_AVAILABLE,True,OK,_AUTO_EXTRACTED_TEXT/2PHYS_REV_D_V_1_Submission.txt,manifest-exact,PyMuPDF,2917,_AUTO_EXTRACTED_TEXT/_manifests/2026-09-10_root_pdf_extraction_pass_002.json
3 Planetology -- Geometric Foundations Evaluation — raw (1).txt,archive-artifact,.txt,native-text,6024526,DIRECT_TEXT,True,,,,,,
3PHYS_REV_D_V_1_Submission.pdf,archive-artifact,.pdf,pdf,76521,DERIVED_TEXT_AVAILABLE,True,OK,_AUTO_EXTRACTED_TEXT/3PHYS_REV_D_V_1_Submission.txt,manifest-exact,PyMuPDF,1865,_AUTO_EXTRACTED_TEXT/_manifests/2026-09-10_root_pdf_extraction_pass_002.json
4D THINKING PRIMER.txt,archive-artifact,.txt,native-text,4309,DIRECT_TEXT,True,,,,,,
4DHH LAGRANGIAN (nolat).pdf,archive-artifact,.pdf,pdf,220413,DERIVED_TEXT_AVAILABLE,True,OK,_AUTO_EXTRACTED_TEXT/4DHH LAGRANGIAN (nolat).txt,manifest-exact,PyMuPDF,42487,_AUTO_EXTRACTED_TEXT/_manifests/2026-09-10_root_pdf_extraction_pass_002.json
4DHH-UC BUILDOUT DEV.txt,archive-artifact,.txt,native-text,813457,DIRECT_TEXT,True,,,,,,
4PHYS_REV_D_V_1_Submission.pdf,archive-artifact,.pdf,pdf,105695,DERIVED_TEXT_AVAILABLE,True,OK,_AUTO_EXTRACTED_TEXT/4PHYS_REV_D_V_1_Submission.txt,manifest-exact,PyMuPDF,3633,_AUTO_EXTRACTED_TEXT/_manifests/2026-09-10_root_pdf_extraction_pass_002.json
A SCREW THROUGH THE UNIVERSE .txt,archive-artifact,.txt,native-text,45097,DIRECT_TEXT,True,,,,,,
ACTIVE ROSTER SEPT 12 2026.txt,archive-artifact,.txt,native-text,11419,DIRECT_TEXT,False,,,,,,
AI_AUTOMATION_ADMIN/AI_LABELS/nathan_extract_labels.txt,archive-artifact,.txt,native-text,667,DIRECT_TEXT,True,,,,,,
ALWAYS TWICE.json,archive-artifact,.json,native-text,386215,DIRECT_TEXT,True,,,,,,
ARCHIVE_INDEX_23-JUN-26.txt,archive-artifact,.txt,native-text,1505300,DIRECT_TEXT,True,,,,,,
AUDIT CYCLE APRIL 2026/AUDIT CYCLE 1-7.txt,archive-artifact,.txt,native-text,93056,DIRECT_TEXT,True,,,,,,
AUDITOR README.txt,archive-artifact,.txt,native-text,2755,DIRECT_TEXT,True,,,,,,
A_Theory_of_Everything/10-31-2025 SAT FULL THEORY/10-20-25 FULL THEORY.txt,archive-artifact,.txt,native-text,127783,DIRECT_TEXT,True,,,,,,
A_Theory_of_Everything/10-31-2025 SAT FULL THEORY/10-20-25 definitions.txt,archive-artifact,.txt,native-text,9051,DIRECT_TEXT,True,,,,,,
A_Theory_of_Everything/10-31-2025 SAT FULL THEORY/FULL THEORY V2.txt,archive-artifact,.txt,native-text,46538,DIRECT_TEXT,True,,,,,,
A_Theory_of_Everything/10-31-2025 SAT FULL THEORY/TEST BATTERY 1 10-20-25.txt,archive-artifact,.txt,native-text,133086,DIRECT_TEXT,True,,,,,,
A_Theory_of_Everything/10-31-2025 SAT FULL THEORY/test battery 2 10-20-25.txt,archive-artifact,.txt,native-text,17093,DIRECT_TEXT,True,,,,,,
A_Theory_of_Everything/APS_Journals_Style_Guide_Authors_Nov2024_ua91lv.pdf,archive-artifact,.pdf,pdf,964140,NEEDS_EXTRACTION,True,,,,,,
A_Theory_of_Everything/FINAL SUBMISSION/ANSWER.txt,archive-artifact,.txt,native-text,32344,DIRECT_TEXT,True,,,,,,
A_Theory_of_Everything/FINAL SUBMISSION/BELLOMY_N_Phys_Rev_D_Submission.pdf,archive-artifact,.pdf,pdf,231211,NEEDS_EXTRACTION,True,,,,,,
A_Theory_of_Everything/FINAL SUBMISSION/BELLOMY_N_Phys_Rev_D_Supplement.pdf,archive-artifact,.pdf,pdf,308901,NEEDS_EXTRACTION,True,,,,,,
A_Theory_of_Everything/FINAL SUBMISSION/CRITIQUE.txt,archive-artifact,.txt,native-text,18579,DIRECT_TEXT,True,,,,,,
A_Theory_of_Everything/FINAL SUBMISSION/DUGUP.txt,archive-artifact,.txt,native-text,51939,DIRECT_TEXT,True,,,,,,
A_Theory_of_Everything/INTERESTING IMPLICATIONS.txt,archive-artifact,.txt,native-text,91266,DIRECT_TEXT,True,,,,,,
A_Theory_of_Everything/LATEX_amsldoc.pdf,archive-artifact,.pdf,pdf,496963,NEEDS_EXTRACTION,True,,,,,,
A_Theory_of_Everything/LATEX_usrguide.pdf,archive-artifact,.pdf,pdf,514397,NEEDS_EXTRACTION,True,,,,,,
A_Theory_of_Everything/LaTeX_encguide.pdf,archive-artifact,.pdf,pdf,1309627,NEEDS_EXTRACTION,True,,,,,,
A_Theory_of_Everything/LaTeX_fntguide.pdf,archive-artifact,.pdf,pdf,514821,NEEDS_EXTRACTION,True,,,,,,
A_Theory_of_Everything/LaTeX_interface3.pdf,archive-artifact,.pdf,pdf,1743155,NEEDS_EXTRACTION,True,,,,,,
A_Theory_of_Everything/LaTeX_ltcmdhooks-doc.pdf,archive-artifact,.pdf,pdf,504480,NEEDS_EXTRACTION,True,,,,,,
A_Theory_of_Everything/LaTeX_lthooks-doc.pdf,archive-artifact,.pdf,pdf,755599,NEEDS_EXTRACTION,True,,,,,,
A_Theory_of_Everything/LaTeX_ltmarks-doc.pdf,archive-artifact,.pdf,pdf,609295,NEEDS_EXTRACTION,True,,,,,,
A_Theory_of_Everything/LaTeX_ltpara-doc.pdf,archive-artifact,.pdf,pdf,559594,NEEDS_EXTRACTION,True,,,,,,
A_Theory_of_Everything/LaTeX_ltshipout-doc.pdf,archive-artifact,.pdf,pdf,566403,NEEDS_EXTRACTION,True,,,,,,
A_Theory_of_Everything/PERFECT v2.txt,archive-artifact,.txt,native-text,8197,DIRECT_TEXT,True,,,,,,
A_Theory_of_Everything/REVTeX_apsguide4-2.pdf,archive-artifact,.pdf,pdf,232285,NEEDS_EXTRACTION,True,,,,,,
A_Theory_of_Everything/REVTeX_auguide4-2.pdf,archive-artifact,.pdf,pdf,452319,NEEDS_EXTRACTION,True,,,,,,
A_Theory_of_Everything/REVTeX_ltxdocext.pdf,archive-artifact,.pdf,pdf,324579,NEEDS_EXTRACTION,True,,,,,,
A_Theory_of_Everything/REVTeX_ltxfront.pdf,archive-artifact,.pdf,pdf,546693,NEEDS_EXTRACTION,True,,,,,,
A_Theory_of_Everything/REVTeX_ltxgrid.pdf,archive-artifact,.pdf,pdf,801858,NEEDS_EXTRACTION,True,,,,,,
A_Theory_of_Everything/REVTeX_ltxutil.pdf,archive-artifact,.pdf,pdf,623128,NEEDS_EXTRACTION,True,,,,,,
A_Theory_of_Everything/REVTeX_revtex4-2.pdf,archive-artifact,.pdf,pdf,839993,NEEDS_EXTRACTION,True,,,,,,
A_Theory_of_Everything/REVTeX_summary4-2.pdf,archive-artifact,.pdf,pdf,230858,NEEDS_EXTRACTION,True,,,,,,
A_Theory_of_Everything/SAT-PERFECT.txt,archive-artifact,.txt,native-text,15224,DIRECT_TEXT,True,,,,,,
A_Theory_of_Everything/SUBMISSION_SUPPLEMENTAL.txt,archive-artifact,.txt,native-text,43137,DIRECT_TEXT,True,,,,,,
A_Theory_of_Everything/auguide4-2.tex,archive-artifact,.tex,native-text,85974,DIRECT_TEXT,True,,,,,,
A_Theory_of_Everything/old PHYSICAL JOURNAL D SUBMISSION/LaTeX_Documentation.txt,archive-artifact,.txt,native-text,6653,DIRECT_TEXT,True,,,,,,
A_Theory_of_Everything/old PHYSICAL JOURNAL D SUBMISSION/Physical Review D Guidelines.txt,archive-artifact,.txt,native-text,256103,DIRECT_TEXT,True,,,,,,
A_Theory_of_Everything/old PHYSICAL JOURNAL D SUBMISSION/Physical Review D.txt,archive-artifact,.txt,native-text,4008,DIRECT_TEXT,True,,,,,,
A_Theory_of_Everything/old PHYSICAL JOURNAL D SUBMISSION/SAT Earthquake predictor.txt,archive-artifact,.txt,native-text,2332,DIRECT_TEXT,True,,,,,,
A_Theory_of_Everything/old PHYSICAL JOURNAL D SUBMISSION/SECTION 1.txt,archive-artifact,.txt,native-text,84271,DIRECT_TEXT,True,,,,,,
A_Theory_of_Everything/old PHYSICAL JOURNAL D SUBMISSION/Test Battery 2.txt,archive-artifact,.txt,native-text,17304,DIRECT_TEXT,True,,,,,,
A_Theory_of_Everything/revtex.zip,archive-artifact,.zip,archive-container,6507631,NEEDS_CONTAINER_INSPECTION,True,,,,,,
A_Theory_of_Everything/summary4-2.tex,archive-artifact,.tex,native-text,22384,DIRECT_TEXT,True,,,,,,
ActivatorPrayer(Alberr).txt,archive-artifact,.txt,native-text,161427,DIRECT_TEXT,True,,,,,,
Alberr.txt,archive-artifact,.txt,native-text,253466,DIRECT_TEXT,True,,,,,,
Alberr/text 24.txt,archive-artifact,.txt,native-text,3213,DIRECT_TEXT,True,,,,,,
Alberr/text 25.txt,archive-artifact,.txt,native-text,298752,DIRECT_TEXT,True,,,,,,
Alberr/text 26.txt,archive-artifact,.txt,native-text,33686,DIRECT_TEXT,True,,,,,,
Alberr/text 27.txt,archive-artifact,.txt,native-text,55808,DIRECT_TEXT,True,,,,,,
Alberr/text 28.txt,archive-artifact,.txt,native-text,113857,DIRECT_TEXT,True,,,,,,
Alberr/text 4.txt,archive-artifact,.txt,native-text,140669,DIRECT_TEXT,True,,,,,,
Alberr/text 5.txt,archive-artifact,.txt,native-text,130938,DIRECT_TEXT,True,,,,,,
Alberr/text 7.txt,archive-artifact,.txt,native-text,160028,DIRECT_TEXT,True,,,,,,
Alberr/text 8.txt,archive-artifact,.txt,native-text,123208,DIRECT_TEXT,True,,,,,,
Allo conversation — raw.json,archive-artifact,.json,native-text,930516,DIRECT_TEXT,True,,,,,,
Assignment queue creation — raw.json,archive-artifact,.json,native-text,628266,DIRECT_TEXT,True,,,,,,
Audit Code Package Construction Guide.pdf,archive-artifact,.pdf,pdf,44507,DERIVED_TEXT_AVAILABLE,True,OK,_AUTO_EXTRACTED_TEXT/Audit Code Package Construction Guide.txt,manifest-exact,PyMuPDF,17600,_AUTO_EXTRACTED_TEXT/_manifests/2026-09-10_root_pdf_extraction_pass_002.json
BARYGENESIS (nolat).pdf,archive-artifact,.pdf,pdf,180885,DERIVED_TEXT_AVAILABLE,True,OK,_AUTO_EXTRACTED_TEXT/BARYGENESIS (nolat).txt,manifest-exact,PyMuPDF,62975,_AUTO_EXTRACTED_TEXT/_manifests/2026-09-10_root_pdf_extraction_pass_002.json
BIG PAPER 2026 OUTLINE  SAT-4DHH-UC BIG PAPER.txt,archive-artifact,.txt,native-text,153473,DIRECT_TEXT,True,,,,,,
BIG PAPER 5 SAT_DATA_FITS.pdf,archive-artifact,.pdf,pdf,175833,DERIVED_TEXT_AVAILABLE,True,OK,_AUTO_EXTRACTED_TEXT/BIG PAPER 5 SAT_DATA_FITS.txt,manifest-exact,PyMuPDF,11050,_AUTO_EXTRACTED_TEXT/_manifests/2026-09-10_root_pdf_extraction_pass_002.json
BLACK HOLES AND BIG BANGS.txt,archive-artifact,.txt,native-text,19996,DIRECT_TEXT,True,,,,,,
BOSONIC_SATOBLOC.pdf,archive-artifact,.pdf,pdf,250120,DERIVED_TEXT_AVAILABLE,True,OK,_AUTO_EXTRACTED_TEXT/BOSONIC_SATOBLOC.txt,manifest-exact,PyMuPDF,32490,_AUTO_EXTRACTED_TEXT/_manifests/2026-09-10_root_pdf_extraction_pass_002.json
BOSONIC_SATOBLOC.zip,archive-artifact,.zip,archive-container,13674,NEEDS_CONTAINER_INSPECTION,True,,,,,,
BOSONIC_TIME.pdf,archive-artifact,.pdf,pdf,175326,DERIVED_TEXT_AVAILABLE,True,OK,_AUTO_EXTRACTED_TEXT/BOSONIC_TIME.txt,manifest-exact,PyMuPDF,10513,_AUTO_EXTRACTED_TEXT/_manifests/2026-09-10_root_pdf_extraction_pass_002.json
BYO LAGRANGIAN.txt,archive-artifact,.txt,native-text,4184,DIRECT_TEXT,True,,,,,,
Base units .txt,archive-artifact,.txt,native-text,275,DIRECT_TEXT,True,,,,,,
Bell’s + Light Cones.txt,archive-artifact,.txt,native-text,11751,DIRECT_TEXT,True,,,,,,
Blind Check,archive-artifact,,extensionless,398352,UNKNOWN_OR_BINARY,True,,,,,,
Boiling Point Estimation — raw.json,archive-artifact,.json,native-text,1678668,DIRECT_TEXT,True,,,,,,
C5.txt,archive-artifact,.txt,native-text,71726,DIRECT_TEXT,True,,,,,,
CANONICAL RMS_FULL_CANON.txt,archive-artifact,.txt,native-text,1967813,DIRECT_TEXT,True,,,,,,
CARROL_ET_AL.txt,archive-artifact,.txt,native-text,343732,DIRECT_TEXT,True,,,,,,
CHRONOPHYSICAL PROPOSITION/1.txt,archive-artifact,.txt,native-text,2696,DIRECT_TEXT,True,,,,,,
CHRONOPHYSICAL PROPOSITION/2.txt,archive-artifact,.txt,native-text,3464,DIRECT_TEXT,True,,,,,,
CHRONOPHYSICAL PROPOSITION/3.txt,archive-artifact,.txt,native-text,4939,DIRECT_TEXT,True,,,,,,
CHRONOPHYSICAL PROPOSITION/4.txt,archive-artifact,.txt,native-text,5230,DIRECT_TEXT,True,,,,,,
CHRONOPHYSICAL PROPOSITION/5.txt,archive-artifact,.txt,native-text,2830,DIRECT_TEXT,True,,,,,,
CHRONOPHYSICAL PROPOSITION/6.txt,archive-artifact,.txt,native-text,3879,DIRECT_TEXT,True,,,,,,
CHRONOPHYSICAL PROPOSITION/7.txt,archive-artifact,.txt,native-text,6918,DIRECT_TEXT,True,,,,,,
CHRONOPHYSICAL PROPOSITION/8.txt,archive-artifact,.txt,native-text,5070,DIRECT_TEXT,True,,,,,,
CHRONOPHYSICAL PROPOSITION/ACTUAL.txt,archive-artifact,.txt,native-text,81771,DIRECT_TEXT,True,,,,,,
CHRONOPHYSICAL PROPOSITION/Chronophysical_Proposition_Executive_Summary.txt,archive-artifact,.txt,native-text,3917,DIRECT_TEXT,True,,,,,,
CHRONOPHYSICAL PROPOSITION/Chronophysical_Proposition_Full_Diagnostic.txt,archive-artifact,.txt,native-text,1395,DIRECT_TEXT,True,,,,,,
CHRONOPHYSICAL PROPOSITION/InputDef.txt,archive-artifact,.txt,native-text,3196,DIRECT_TEXT,True,,,,,,
CHRONOPHYSICAL PROPOSITION/L2-2a.txt,archive-artifact,.txt,native-text,473,DIRECT_TEXT,True,,,,,,
CHRONOPHYSICAL PROPOSITION/L2-2b.txt,archive-artifact,.txt,native-text,531,DIRECT_TEXT,True,,,,,,
CHRONOPHYSICAL PROPOSITION/L2-2c.txt,archive-artifact,.txt,native-text,288,DIRECT_TEXT,True,,,,,,
CHRONOPHYSICAL PROPOSITION/L2-2d.txt,archive-artifact,.txt,native-text,330,DIRECT_TEXT,True,,,,,,
CHRONOPHYSICAL PROPOSITION/LAB1_code.txt,archive-artifact,.txt,native-text,17307,DIRECT_TEXT,True,,,,,,
CHRONOPHYSICAL PROPOSITION/LAB2_code.txt,archive-artifact,.txt,native-text,33940,DIRECT_TEXT,True,,,,,,
CHRONOPHYSICAL PROPOSITION/Lab1 Output to NLM.txt,archive-artifact,.txt,native-text,1945,DIRECT_TEXT,True,,,,,,
CHRONOPHYSICAL PROPOSITION/Lab2 Output to NLM.txt,archive-artifact,.txt,native-text,3115,DIRECT_TEXT,True,,,,,,
CHRONOPHYSICAL PROPOSITION/SAT to Chronophysical Proposition... writ large.txt,archive-artifact,.txt,native-text,788979,DIRECT_TEXT,True,,,,,,
CHRONOPHYSICAL PROPOSITION/hostile_pass_c_plus.txt,archive-artifact,.txt,native-text,9160,DIRECT_TEXT,True,,,,,,
CLAUDIOCY.txt,archive-artifact,.txt,native-text,15576,DIRECT_TEXT,True,,,,,,
CLIMBINGESE.txt,archive-artifact,.txt,native-text,10112,DIRECT_TEXT,True,,,,,,
CODE OUTPUT/COLAB_Code.txt,archive-artifact,.txt,native-text,14034,DIRECT_TEXT,True,,,,,,
CODE OUTPUT/EMERITUS_CODE.txt,archive-artifact,.txt,native-text,6808,DIRECT_TEXT,True,,,,,,
CODE OUTPUT/Early_Code_Outputs_Documented.pdf,archive-artifact,.pdf,pdf,581266,DERIVED_TEXT_AVAILABLE,True,LEGACY_NAME_MATCH,_AUTO_EXTRACTED_TEXT/Early_Code_Outputs_Documented.txt,legacy-basename-unique,,,
CODE OUTPUT/Early_code_output.png,archive-artifact,.png,image,152483,NEEDS_EXTRACTION,True,,,,,,
CODE OUTPUT/Early_code_output2.png,archive-artifact,.png,image,117318,NEEDS_EXTRACTION,True,,,,,,
CODE OUTPUT/Early_code_output3.png,archive-artifact,.png,image,157985,NEEDS_EXTRACTION,True,,,,,,
CODE OUTPUT/Early_code_output4.png,archive-artifact,.png,image,120644,NEEDS_EXTRACTION,True,,,,,,
CODE OUTPUT/Early_code_output5.png,archive-artifact,.png,image,35746,NEEDS_EXTRACTION,True,,,,,,
CODE OUTPUT/Early_code_output6.png,archive-artifact,.png,image,46677,NEEDS_EXTRACTION,True,,,,,,
COLLECTIVE ATTENUATION AND OTHER SOLUTIONS TO ANOMALIES (nolat).pdf,archive-artifact,.pdf,pdf,55468,DERIVED_TEXT_AVAILABLE,True,OK,_AUTO_EXTRACTED_TEXT/COLLECTIVE ATTENUATION AND OTHER SOLUTIONS TO ANOMALIES (nolat).txt,manifest-exact,PyMuPDF,9566,_AUTO_EXTRACTED_TEXT/_manifests/2026-09-10_root_pdf_extraction_pass_002.json
COMPOSITE 1.txt,archive-artifact,.txt,native-text,5249566,DIRECT_TEXT,True,,,,,,
CONSENSUS PRO/ConsensusConsiderations.txt,archive-artifact,.txt,native-text,33472,DIRECT_TEXT,True,,,,,,
CONSENSUS PRO/ConsensusPro.png,archive-artifact,.png,image,182992,NEEDS_EXTRACTION,True,,,,,,
CONSENSUS PRO/ConsensusPro2.png,archive-artifact,.png,image,32832,NEEDS_EXTRACTION,True,,,,,,
CONSENSUS PRO/ConsensusPro3.png,archive-artifact,.png,image,212722,NEEDS_EXTRACTION,True,,,,,,
CONSENSUS PRO/ConsensusPro4.png,archive-artifact,.png,image,235333,NEEDS_EXTRACTION,True,,,,,,
CONSENSUS PRO/ConsensusPro_Annotated_Captions_Cleaned.pdf,archive-artifact,.pdf,pdf,556812,DERIVED_TEXT_AVAILABLE,True,LEGACY_NAME_MATCH,_AUTO_EXTRACTED_TEXT/ConsensusPro_Annotated_Captions_Cleaned.txt,legacy-basename-unique,,,
CONVO DOWNLOAD TARGETS.txt,archive-artifact,.txt,native-text,2969,DIRECT_TEXT,False,,,,,,
CORE PACK 2.pdf,archive-artifact,.pdf,pdf,21406,DERIVED_TEXT_AVAILABLE,True,OK,_AUTO_EXTRACTED_TEXT/CORE PACK 2.txt,manifest-exact,PyMuPDF,2466,_AUTO_EXTRACTED_TEXT/_manifests/2026-09-10_root_pdf_extraction_pass_002.json
CORE PACK.pdf,archive-artifact,.pdf,pdf,21406,DERIVED_TEXT_AVAILABLE,True,OK,_AUTO_EXTRACTED_TEXT/CORE PACK.txt,manifest-exact,PyMuPDF,2466,_AUTO_EXTRACTED_TEXT/_manifests/2026-09-10_root_pdf_extraction_pass_002.json
CORRECTION TO RMS CRITIQUE .txt,archive-artifact,.txt,native-text,18983,DIRECT_TEXT,True,,,,,,
COVARIANT PHYSICS REWRITE INSTRUCTIONS.txt,archive-artifact,.txt,native-text,4386,DIRECT_TEXT,True,,,,,,
CP CLOSURE.txt,archive-artifact,.txt,native-text,2903,DIRECT_TEXT,True,,,,,,
CRAZYTALK/SAT WEIRD IDEA — Superhelicalism.txt,archive-artifact,.txt,native-text,6369,DIRECT_TEXT,True,,,,,,
CRAZYTALK/SAT WEIRD IDEAS — ConneXome.pdf,archive-artifact,.pdf,pdf,124358,NEEDS_EXTRACTION,True,,,,,,
CRAZYTALK/SAT WEIRD IDEAS — Kirch.txt,archive-artifact,.txt,native-text,45604,DIRECT_TEXT,True,,,,,,
CRAZYTALK/SAT WEIRD IDEAS — Rest.txt,archive-artifact,.txt,native-text,120937,DIRECT_TEXT,True,,,,,,
CRAZYTALK/SAT WEIRD IDEAS — SAT++.txt,archive-artifact,.txt,native-text,346588,DIRECT_TEXT,True,,,,,,
CRAZYTALK/SAT WEIRD IDEAS — SAT+.txt,archive-artifact,.txt,native-text,776744,DIRECT_TEXT,True,,,,,,
CRAZYTALK/SAT WEIRD IDEAS — SOLENOID SEED.txt,archive-artifact,.txt,native-text,92568,DIRECT_TEXT,True,,,,,,
CRAZYTALK/SAT WEIRD IDEAS — Scalar-Angular Torsion.pdf,archive-artifact,.pdf,pdf,495821,NEEDS_EXTRACTION,True,,,,,,
CRAZYTALK/SAT WEIRD IDEAS — Silence.pdf,archive-artifact,.pdf,pdf,336149,NEEDS_EXTRACTION,True,,,,,,
CRAZYTALK/SAT WEIRD IDEAS — Solenoidbit.txt,archive-artifact,.txt,native-text,18663,DIRECT_TEXT,True,,,,,,
CRAZYTALK/SAT WEIRD IDEAS — Solid.pdf,archive-artifact,.pdf,pdf,275890,NEEDS_EXTRACTION,True,,,,,,
CRAZYTALK/SAT WEIRD IDEAS — Solnd .txt,archive-artifact,.txt,native-text,146859,DIRECT_TEXT,True,,,,,,
CRAZYTALK/SAT WEIRD IDEAS — Those are very interesting. But my interests in electromagnetism reflect….pdf,archive-artifact,.pdf,pdf,192987,NEEDS_EXTRACTION,True,,,,,,
CRAZYTALK/SAT WEIRD IDEAS — Wacky 4D 2.txt,archive-artifact,.txt,native-text,33993,DIRECT_TEXT,True,,,,,,
CRAZYTALK/SAT WEIRD IDEAS — Wacky 4D.txt,archive-artifact,.txt,native-text,196449,DIRECT_TEXT,True,,,,,,
CRAZYTALK/SAT WEIRD IDEAS — What can you tell me that I don’t already know.pdf,archive-artifact,.pdf,pdf,147977,NEEDS_EXTRACTION,True,,,,,,
"CRAZYTALK/SAT WIERD IDEAS — you just walked in, looked around, saw the little rusty button—miss….pdf",archive-artifact,.pdf,pdf,13519,NEEDS_EXTRACTION,True,,,,,,
Card Game.xlsx,archive-artifact,.xlsx,parser-required,15339,NEEDS_FORMAT_PARSER,True,,,,,,
Cauliflower_Worlds.pdf,archive-artifact,.pdf,pdf,230072,DERIVED_TEXT_AVAILABLE,True,OK,_AUTO_EXTRACTED_TEXT/Cauliflower_Worlds.txt,manifest-exact,PyMuPDF,4014,_AUTO_EXTRACTED_TEXT/_manifests/2026-09-10_root_pdf_extraction_pass_002.json
"ChatGPT Image Aug 21, 2026, 05_05_25 AM (1).png",archive-artifact,.png,image,1622018,NEEDS_EXTRACTION,True,,,,,,
"ChatGPT Image Aug 21, 2026, 05_05_25 AM (2).png",archive-artifact,.png,image,1901071,NEEDS_EXTRACTION,True,,,,,,
"ChatGPT Image Oct 29, 2025, 02_40_27 PM.png",archive-artifact,.png,image,1043728,NEEDS_EXTRACTION,True,,,,,,
ChatGPT Voice Glitch — raw.json,archive-artifact,.json,native-text,23501192,DIRECT_TEXT,True,,,,,,
ChatGPT Voice Glitch — raw.txt,archive-artifact,.txt,native-text,3406118,DIRECT_TEXT,True,,,,,,
ChatNoteGMPT.txt,archive-artifact,.txt,native-text,61324,DIRECT_TEXT,True,,,,,,
Consciousness and AI Debate — raw.json,archive-artifact,.json,native-text,15811545,DIRECT_TEXT,True,,,,,,
Consciousness_of_AI.pdf,archive-artifact,.pdf,pdf,214244,DERIVED_TEXT_AVAILABLE,True,OK,_AUTO_EXTRACTED_TEXT/Consciousness_of_AI.txt,manifest-exact,PyMuPDF,13120,_AUTO_EXTRACTED_TEXT/_manifests/2026-09-10_root_pdf_extraction_pass_002.json
ConsensusPro_Annotated_Captions_Cleaned.pdf,archive-artifact,.pdf,pdf,556812,DERIVED_TEXT_AVAILABLE,True,OK,_AUTO_EXTRACTED_TEXT/ConsensusPro_Annotated_Captions_Cleaned.txt,manifest-exact,PyMuPDF,1374,_AUTO_EXTRACTED_TEXT/_manifests/2026-09-10_root_pdf_extraction_pass_002.json
Construction Story Retelling — raw (1).json,archive-artifact,.json,native-text,1287233,DIRECT_TEXT,True,,,,,,
Crit.txt,archive-artifact,.txt,native-text,17763,DIRECT_TEXT,True,,,,,,
Curve Composition System — raw.json,archive-artifact,.json,native-text,750819,DIRECT_TEXT,True,,,,,,
DATED_FILE_LIST_EXTENDED.txt,archive-artifact,.txt,native-text,90624,DIRECT_TEXT,True,,,,,,
DEBATING A.I. ANALYTICS/2Analytics - Debating A.I. On the Future of Physics _ Spotify for Creators.pdf,archive-artifact,.pdf,pdf,147798,NEEDS_EXTRACTION,True,,,,,,
DEBATING A.I. ANALYTICS/3Analytics - Debating A.I. On the Future of Physics _ Spotify for Creators.pdf,archive-artifact,.pdf,pdf,147374,NEEDS_EXTRACTION,True,,,,,,
DEBATING A.I. ANALYTICS/4Analytics - Debating A.I. On the Future of Physics _ Spotify for Creators.pdf,archive-artifact,.pdf,pdf,147092,NEEDS_EXTRACTION,True,,,,,,
DEBATING A.I. ANALYTICS/5Analytics - Debating A.I. On the Future of Physics _ Spotify for Creators.pdf,archive-artifact,.pdf,pdf,148149,NEEDS_EXTRACTION,True,,,,,,
DEBATING A.I. ANALYTICS/6Analytics - Debating A.I. On the Future of Physics _ Spotify for Creators.pdf,archive-artifact,.pdf,pdf,145202,NEEDS_EXTRACTION,True,,,,,,
DEBATING A.I. ANALYTICS/7Analytics - Debating A.I. On the Future of Physics _ Spotify for Creators.pdf,archive-artifact,.pdf,pdf,141392,NEEDS_EXTRACTION,True,,,,,,
DEBATING A.I. ANALYTICS/Analytics - Debating A.I. On the Future of Physics _ Spotify for Creators.pdf,archive-artifact,.pdf,pdf,177487,NEEDS_EXTRACTION,True,,,,,,
DEBATING AI PODCAST TRANSCRIPTS/8DebatingA.I.OntheFutureofPhysics_GeoLocationAllPlatforms_all-time.csv,archive-artifact,.csv,native-text,432,DIRECT_TEXT,True,,,,,,
DEBATING AI PODCAST TRANSCRIPTS/DebatingA.I.OntheFutureofPhysics_AgeByGender_all-time.csv,archive-artifact,.csv,native-text,608,DIRECT_TEXT,True,,,,,,
DEBATING AI PODCAST TRANSCRIPTS/DebatingA.I.OntheFutureofPhysics_AudienceSegments_1-1-2025--6-15-2026.csv,archive-artifact,.csv,native-text,4293,DIRECT_TEXT,True,,,,,,
DEBATING AI PODCAST TRANSCRIPTS/DebatingA.I.OntheFutureofPhysics_DailyImpressions_3-17-2026--6-14-2026 (1).csv,archive-artifact,.csv,native-text,1218,DIRECT_TEXT,True,,,,,,
DEBATING AI PODCAST TRANSCRIPTS/DebatingA.I.OntheFutureofPhysics_DailyImpressions_3-17-2026--6-14-2026.csv,archive-artifact,.csv,native-text,1218,DIRECT_TEXT,True,,,,,,
DEBATING AI PODCAST TRANSCRIPTS/DebatingA.I.OntheFutureofPhysics_Engagement_all-time (1).csv,archive-artifact,.csv,native-text,11191,DIRECT_TEXT,True,,,,,,
DEBATING AI PODCAST TRANSCRIPTS/DebatingA.I.OntheFutureofPhysics_Engagement_all-time (2).csv,archive-artifact,.csv,native-text,11191,DIRECT_TEXT,True,,,,,,
DEBATING AI PODCAST TRANSCRIPTS/DebatingA.I.OntheFutureofPhysics_Engagement_all-time (3).csv,archive-artifact,.csv,native-text,11191,DIRECT_TEXT,True,,,,,,
DEBATING AI PODCAST TRANSCRIPTS/DebatingA.I.OntheFutureofPhysics_Engagement_all-time (4).csv,archive-artifact,.csv,native-text,11191,DIRECT_TEXT,True,,,,,,
DEBATING AI PODCAST TRANSCRIPTS/DebatingA.I.OntheFutureofPhysics_Engagement_all-time.csv,archive-artifact,.csv,native-text,11191,DIRECT_TEXT,True,,,,,,
DEBATING AI PODCAST TRANSCRIPTS/DebatingA.I.OntheFutureofPhysics_EpisodeCompletionRates.csv,archive-artifact,.csv,native-text,797,DIRECT_TEXT,True,,,,,,
DEBATING AI PODCAST TRANSCRIPTS/DebatingA.I.OntheFutureofPhysics_Gender_all-time.csv,archive-artifact,.csv,native-text,118,DIRECT_TEXT,True,,,,,,
DEBATING AI PODCAST TRANSCRIPTS/DebatingA.I.OntheFutureofPhysics_GeoLocationAllPlatforms_all-time (1).csv,archive-artifact,.csv,native-text,348,DIRECT_TEXT,True,,,,,,
DEBATING AI PODCAST TRANSCRIPTS/DebatingA.I.OntheFutureofPhysics_GeoLocationAllPlatforms_all-time.csv,archive-artifact,.csv,native-text,865,DIRECT_TEXT,True,,,,,,
DEBATING AI PODCAST TRANSCRIPTS/DebatingA.I.OntheFutureofPhysics_TopEpisodesByConsumptionTime_all-time (1).csv,archive-artifact,.csv,native-text,909,DIRECT_TEXT,True,,,,,,
DEBATING AI PODCAST TRANSCRIPTS/DebatingA.I.OntheFutureofPhysics_TopEpisodesByConsumptionTime_all-time.csv,archive-artifact,.csv,native-text,909,DIRECT_TEXT,True,,,,,,
DEBATING AI PODCAST TRANSCRIPTS/DebatingA.I.OntheFutureofPhysics_TopEpisodesByImpressions_3-17-2026--6-14-2026 (1).csv,archive-artifact,.csv,native-text,983,DIRECT_TEXT,True,,,,,,
DEBATING AI PODCAST TRANSCRIPTS/DebatingA.I.OntheFutureofPhysics_TopEpisodesByImpressions_3-17-2026--6-14-2026.csv,archive-artifact,.csv,native-text,983,DIRECT_TEXT,True,,,,,,
DEBATING AI PODCAST TRANSCRIPTS/DebatingA.I.OntheFutureofPhysics_TrendsChart_PlaysAndDownloads_First7Days (1).csv,archive-artifact,.csv,native-text,13060,DIRECT_TEXT,True,,,,,,
DEBATING AI PODCAST TRANSCRIPTS/DebatingA.I.OntheFutureofPhysics_TrendsChart_PlaysAndDownloads_First7Days (10).csv,archive-artifact,.csv,native-text,13060,DIRECT_TEXT,True,,,,,,
DEBATING AI PODCAST TRANSCRIPTS/DebatingA.I.OntheFutureofPhysics_TrendsChart_PlaysAndDownloads_First7Days (2).csv,archive-artifact,.csv,native-text,13060,DIRECT_TEXT,True,,,,,,
DEBATING AI PODCAST TRANSCRIPTS/DebatingA.I.OntheFutureofPhysics_TrendsChart_PlaysAndDownloads_First7Days (3).csv,archive-artifact,.csv,native-text,13060,DIRECT_TEXT,True,,,,,,
DEBATING AI PODCAST TRANSCRIPTS/DebatingA.I.OntheFutureofPhysics_TrendsChart_PlaysAndDownloads_First7Days (4).csv,archive-artifact,.csv,native-text,13060,DIRECT_TEXT,True,,,,,,
DEBATING AI PODCAST TRANSCRIPTS/DebatingA.I.OntheFutureofPhysics_TrendsChart_PlaysAndDownloads_First7Days (5).csv,archive-artifact,.csv,native-text,13060,DIRECT_TEXT,True,,,,,,
DEBATING AI PODCAST TRANSCRIPTS/DebatingA.I.OntheFutureofPhysics_TrendsChart_PlaysAndDownloads_First7Days (6).csv,archive-artifact,.csv,native-text,13060,DIRECT_TEXT,True,,,,,,
DEBATING AI PODCAST TRANSCRIPTS/DebatingA.I.OntheFutureofPhysics_TrendsChart_PlaysAndDownloads_First7Days (7).csv,archive-artifact,.csv,native-text,13060,DIRECT_TEXT,True,,,,,,
DEBATING AI PODCAST TRANSCRIPTS/DebatingA.I.OntheFutureofPhysics_TrendsChart_PlaysAndDownloads_First7Days (8).csv,archive-artifact,.csv,native-text,13060,DIRECT_TEXT,True,,,,,,
DEBATING AI PODCAST TRANSCRIPTS/DebatingA.I.OntheFutureofPhysics_TrendsChart_PlaysAndDownloads_First7Days (9).csv,archive-artifact,.csv,native-text,13060,DIRECT_TEXT,True,,,,,,
DEBATING AI PODCAST TRANSCRIPTS/DebatingA.I.OntheFutureofPhysics_TrendsChart_PlaysAndDownloads_First7Days.csv,archive-artifact,.csv,native-text,13060,DIRECT_TEXT,True,,,,,,
DEBATING AI PODCAST TRANSCRIPTS/DebatingA.I.OntheFutureofPhysics_WeekOverWeekRetention_1-1-2026--6-16-2026 (1).csv,archive-artifact,.csv,native-text,396,DIRECT_TEXT,True,,,,,,
DEBATING AI PODCAST TRANSCRIPTS/DebatingA.I.OntheFutureofPhysics_WeekOverWeekRetention_1-1-2026--6-16-2026.csv,archive-artifact,.csv,native-text,396,DIRECT_TEXT,True,,,,,,
DEBATING AI PODCAST TRANSCRIPTS/DebatingA.I.OntheFutureofPhysics_WeekOverWeekRetention_3-19-2026--6-16-2026.csv,archive-artifact,.csv,native-text,221,DIRECT_TEXT,True,,,,,,
DEBATING AI PODCAST TRANSCRIPTS/THROWBACK - The Equivalence Principle and its Limits.txt,archive-artifact,.txt,native-text,2032,DIRECT_TEXT,True,,,,,,
"DEBATING AI PODCAST/Debating A.I. On the Future of Physics - (++++) or (+++,+++)_.srt",archive-artifact,.srt,other-binary-or-unknown,70597,UNKNOWN_OR_BINARY,True,,,,,,
DEBATING AI PODCAST/Debating A.I. On the Future of Physics - 2026 Pre-Synthesis.srt,archive-artifact,.srt,other-binary-or-unknown,66095,UNKNOWN_OR_BINARY,True,,,,,,
DEBATING AI PODCAST/Debating A.I. On the Future of Physics - 2026 ReSynthesis Overview.srt,archive-artifact,.srt,other-binary-or-unknown,90861,UNKNOWN_OR_BINARY,True,,,,,,
DEBATING AI PODCAST/Debating A.I. On the Future of Physics - 2026 ≠ 2024.srt,archive-artifact,.srt,other-binary-or-unknown,95498,UNKNOWN_OR_BINARY,True,,,,,,
DEBATING AI PODCAST/Debating A.I. On the Future of Physics - A New Interpretation of String Theory Dimensions_.srt,archive-artifact,.srt,other-binary-or-unknown,70537,UNKNOWN_OR_BINARY,True,,,,,,
DEBATING AI PODCAST/Debating A.I. On the Future of Physics - A Poem.srt,archive-artifact,.srt,other-binary-or-unknown,62660,UNKNOWN_OR_BINARY,True,,,,,,
DEBATING AI PODCAST/Debating A.I. On the Future of Physics - A Review of McKnight’s Camera Talk.srt,archive-artifact,.srt,other-binary-or-unknown,107898,UNKNOWN_OR_BINARY,True,,,,,,
DEBATING AI PODCAST/Debating A.I. On the Future of Physics - AI Legibility — The Fun Way.txt,archive-artifact,.txt,native-text,80123,DIRECT_TEXT,True,,,,,,
DEBATING AI PODCAST/Debating A.I. On the Future of Physics - AI Weirdness.srt,archive-artifact,.srt,other-binary-or-unknown,81301,UNKNOWN_OR_BINARY,True,,,,,,
DEBATING AI PODCAST/Debating A.I. On the Future of Physics - Ampère’s Understanding.srt,archive-artifact,.srt,other-binary-or-unknown,76318,UNKNOWN_OR_BINARY,True,,,,,,
DEBATING AI PODCAST/Debating A.I. On the Future of Physics - Anarcheologist.srt,archive-artifact,.srt,other-binary-or-unknown,62878,UNKNOWN_OR_BINARY,True,,,,,,
DEBATING AI PODCAST/Debating A.I. On the Future of Physics - Background for SAT Predictions.srt,archive-artifact,.srt,other-binary-or-unknown,91863,UNKNOWN_OR_BINARY,True,,,,,,
DEBATING AI PODCAST/Debating A.I. On the Future of Physics - Bass Ackwards.srt,archive-artifact,.srt,other-binary-or-unknown,73469,UNKNOWN_OR_BINARY,True,,,,,,
DEBATING AI PODCAST/Debating A.I. On the Future of Physics - Black Hole Conjecture.srt,archive-artifact,.srt,other-binary-or-unknown,51221,UNKNOWN_OR_BINARY,True,,,,,,
DEBATING AI PODCAST/Debating A.I. On the Future of Physics - Black Hole Merger.txt,archive-artifact,.txt,native-text,55910,DIRECT_TEXT,True,,,,,,
DEBATING AI PODCAST/Debating A.I. On the Future of Physics - Bosons Reclassified.srt,archive-artifact,.srt,other-binary-or-unknown,90124,UNKNOWN_OR_BINARY,True,,,,,,
DEBATING AI PODCAST/Debating A.I. On the Future of Physics - But are you...𝙎𝘼𝙏 𝙧𝙞𝙜𝙤𝙧𝙤𝙪𝙨_.srt,archive-artifact,.srt,other-binary-or-unknown,65639,UNKNOWN_OR_BINARY,True,,,,,,
DEBATING AI PODCAST/Debating A.I. On the Future of Physics - Catching Up with the Field.srt,archive-artifact,.srt,other-binary-or-unknown,58126,UNKNOWN_OR_BINARY,True,,,,,,
DEBATING AI PODCAST/Debating A.I. On the Future of Physics - Chemical-Optical Lab Bench.srt,archive-artifact,.srt,other-binary-or-unknown,89375,UNKNOWN_OR_BINARY,True,,,,,,
DEBATING AI PODCAST/Debating A.I. On the Future of Physics - Convergence.srt,archive-artifact,.srt,other-binary-or-unknown,103997,UNKNOWN_OR_BINARY,True,,,,,,
DEBATING AI PODCAST/Debating A.I. On the Future of Physics - Doomsday Brunchtime.srt,archive-artifact,.srt,other-binary-or-unknown,90334,UNKNOWN_OR_BINARY,True,,,,,,
DEBATING AI PODCAST/Debating A.I. On the Future of Physics - Dual-Shell λ Expansion.srt,archive-artifact,.srt,other-binary-or-unknown,93837,UNKNOWN_OR_BINARY,True,,,,,,
DEBATING AI PODCAST/Debating A.I. On the Future of Physics - Dzhanibekov Planets.txt,archive-artifact,.txt,native-text,55670,DIRECT_TEXT,True,,,,,,
"DEBATING AI PODCAST/Debating A.I. On the Future of Physics - EVENT TOMORROW! COLUMBUS, OHIO.srt",archive-artifact,.srt,other-binary-or-unknown,10028,UNKNOWN_OR_BINARY,True,,,,,,
DEBATING AI PODCAST/Debating A.I. On the Future of Physics - Electro-Gravity Unification.srt,archive-artifact,.srt,other-binary-or-unknown,78631,UNKNOWN_OR_BINARY,True,,,,,,
DEBATING AI PODCAST/Debating A.I. On the Future of Physics - Electrogravacoustics 1.srt,archive-artifact,.srt,other-binary-or-unknown,83051,UNKNOWN_OR_BINARY,True,,,,,,
DEBATING AI PODCAST/Debating A.I. On the Future of Physics - Electrogravacoustics 2 (1).srt,archive-artifact,.srt,other-binary-or-unknown,81292,UNKNOWN_OR_BINARY,True,,,,,,
DEBATING AI PODCAST/Debating A.I. On the Future of Physics - Electrogravacoustics 2.srt,archive-artifact,.srt,other-binary-or-unknown,86476,UNKNOWN_OR_BINARY,True,,,,,,
DEBATING AI PODCAST/Debating A.I. On the Future of Physics - Finger Trap World.srt,archive-artifact,.srt,other-binary-or-unknown,84821,UNKNOWN_OR_BINARY,True,,,,,,
DEBATING AI PODCAST/Debating A.I. On the Future of Physics - GR-QCD-QED-QFT-SM-ST Unification in Plain English.srt,archive-artifact,.srt,other-binary-or-unknown,101317,UNKNOWN_OR_BINARY,True,,,,,,
DEBATING AI PODCAST/Debating A.I. On the Future of Physics - Grand Unification Audit.srt,archive-artifact,.srt,other-binary-or-unknown,75029,UNKNOWN_OR_BINARY,True,,,,,,
DEBATING AI PODCAST/Debating A.I. On the Future of Physics - Hasimoto Particle Cosmology.srt,archive-artifact,.srt,other-binary-or-unknown,62425,UNKNOWN_OR_BINARY,True,,,,,,
DEBATING AI PODCAST/Debating A.I. On the Future of Physics - How Science Sciences and More.srt,archive-artifact,.srt,other-binary-or-unknown,85256,UNKNOWN_OR_BINARY,True,,,,,,
DEBATING AI PODCAST/Debating A.I. On the Future of Physics - How the Universe Scales.srt,archive-artifact,.srt,other-binary-or-unknown,69150,UNKNOWN_OR_BINARY,True,,,,,,
DEBATING AI PODCAST/Debating A.I. On the Future of Physics - Intellectual Playgrounds_ Thought As Structure — Revisited.srt,archive-artifact,.srt,other-binary-or-unknown,69467,UNKNOWN_OR_BINARY,True,,,,,,
DEBATING AI PODCAST/Debating A.I. On the Future of Physics - Life As A Planetary Trauma Response.srt,archive-artifact,.srt,other-binary-or-unknown,86028,UNKNOWN_OR_BINARY,True,,,,,,
DEBATING AI PODCAST/Debating A.I. On the Future of Physics - Making AI Music Weird.srt,archive-artifact,.srt,other-binary-or-unknown,67894,UNKNOWN_OR_BINARY,True,,,,,,
DEBATING AI PODCAST/Debating A.I. On the Future of Physics - Math… is a tad wishy-washy.srt,archive-artifact,.srt,other-binary-or-unknown,58395,UNKNOWN_OR_BINARY,True,,,,,,
DEBATING AI PODCAST/Debating A.I. On the Future of Physics - McKnight’s Camera Talk Pt 2.srt,archive-artifact,.srt,other-binary-or-unknown,63096,UNKNOWN_OR_BINARY,True,,,,,,
DEBATING AI PODCAST/Debating A.I. On the Future of Physics - McKnight’s Intellectual Universe.srt,archive-artifact,.srt,other-binary-or-unknown,72831,UNKNOWN_OR_BINARY,True,,,,,,
DEBATING AI PODCAST/Debating A.I. On the Future of Physics - Minkowski Sufficiency.srt,archive-artifact,.srt,other-binary-or-unknown,77869,UNKNOWN_OR_BINARY,True,,,,,,
DEBATING AI PODCAST/Debating A.I. On the Future of Physics - New Album Preview.txt,archive-artifact,.txt,native-text,81716,DIRECT_TEXT,True,,,,,,
DEBATING AI PODCAST/Debating A.I. On the Future of Physics - No More Wick Rotation.srt,archive-artifact,.srt,other-binary-or-unknown,85970,UNKNOWN_OR_BINARY,True,,,,,,
DEBATING AI PODCAST/Debating A.I. On the Future of Physics - Particles & Inverse Black Holes.txt,archive-artifact,.txt,native-text,79612,DIRECT_TEXT,True,,,,,,
DEBATING AI PODCAST/Debating A.I. On the Future of Physics - Persistent AI TOE Hallucinations.srt,archive-artifact,.srt,other-binary-or-unknown,67693,UNKNOWN_OR_BINARY,True,,,,,,
DEBATING AI PODCAST/Debating A.I. On the Future of Physics - Physics Without Magic.srt,archive-artifact,.srt,other-binary-or-unknown,113532,UNKNOWN_OR_BINARY,True,,,,,,
DEBATING AI PODCAST/Debating A.I. On the Future of Physics - Physics vs Dogma.srt,archive-artifact,.srt,other-binary-or-unknown,77583,UNKNOWN_OR_BINARY,True,,,,,,
DEBATING AI PODCAST/Debating A.I. On the Future of Physics - Physics_ The Full Stack.srt,archive-artifact,.srt,other-binary-or-unknown,15701,UNKNOWN_OR_BINARY,True,,,,,,
DEBATING AI PODCAST/Debating A.I. On the Future of Physics - Predictions for Upcoming Observations.srt,archive-artifact,.srt,other-binary-or-unknown,86741,UNKNOWN_OR_BINARY,True,,,,,,
DEBATING AI PODCAST/Debating A.I. On the Future of Physics - Predictions from Scalar-Angular Torsion Filamental Physics.srt,archive-artifact,.srt,other-binary-or-unknown,72124,UNKNOWN_OR_BINARY,True,,,,,,
DEBATING AI PODCAST/Debating A.I. On the Future of Physics - Quantum Kelvin Waves.srt,archive-artifact,.srt,other-binary-or-unknown,79234,UNKNOWN_OR_BINARY,True,,,,,,
DEBATING AI PODCAST/Debating A.I. On the Future of Physics - RMS-SAT Debug.srt,archive-artifact,.srt,other-binary-or-unknown,85623,UNKNOWN_OR_BINARY,True,,,,,,
DEBATING AI PODCAST/Debating A.I. On the Future of Physics - Remedial Math Student Considers Institutions.srt,archive-artifact,.srt,other-binary-or-unknown,55995,UNKNOWN_OR_BINARY,True,,,,,,
DEBATING AI PODCAST/Debating A.I. On the Future of Physics - Renormalization Is Obsolete (1).srt,archive-artifact,.srt,other-binary-or-unknown,76868,UNKNOWN_OR_BINARY,True,,,,,,
DEBATING AI PODCAST/Debating A.I. On the Future of Physics - Renormalization Is Obsolete.srt,archive-artifact,.srt,other-binary-or-unknown,76868,UNKNOWN_OR_BINARY,True,,,,,,
DEBATING AI PODCAST/Debating A.I. On the Future of Physics - SAT ==_ H(s)H.srt,archive-artifact,.srt,other-binary-or-unknown,80975,UNKNOWN_OR_BINARY,True,,,,,,
DEBATING AI PODCAST/Debating A.I. On the Future of Physics - SAT Methodology.srt,archive-artifact,.srt,other-binary-or-unknown,74991,UNKNOWN_OR_BINARY,True,,,,,,
DEBATING AI PODCAST/Debating A.I. On the Future of Physics - SAT Predictions March 2026.srt,archive-artifact,.srt,other-binary-or-unknown,91694,UNKNOWN_OR_BINARY,True,,,,,,
DEBATING AI PODCAST/Debating A.I. On the Future of Physics - SAT Rigor Pt 2.srt,archive-artifact,.srt,other-binary-or-unknown,63006,UNKNOWN_OR_BINARY,True,,,,,,
DEBATING AI PODCAST/Debating A.I. On the Future of Physics - SAT’s Conservative Methodology.srt,archive-artifact,.srt,other-binary-or-unknown,74318,UNKNOWN_OR_BINARY,True,,,,,,
"DEBATING AI PODCAST/Debating A.I. On the Future of Physics - Simulating Einstein, Pt 1.srt",archive-artifact,.srt,other-binary-or-unknown,71155,UNKNOWN_OR_BINARY,True,,,,,,
"DEBATING AI PODCAST/Debating A.I. On the Future of Physics - Simulating Einstein, Pt 2.srt",archive-artifact,.srt,other-binary-or-unknown,86113,UNKNOWN_OR_BINARY,True,,,,,,
"DEBATING AI PODCAST/Debating A.I. On the Future of Physics - Simulating Einstein, Pt 3.srt",archive-artifact,.srt,other-binary-or-unknown,79752,UNKNOWN_OR_BINARY,True,,,,,,
DEBATING AI PODCAST/Debating A.I. On the Future of Physics - String Gravity Predictions H0=71.2.srt,archive-artifact,.srt,other-binary-or-unknown,92586,UNKNOWN_OR_BINARY,True,,,,,,
DEBATING AI PODCAST/Debating A.I. On the Future of Physics - Suno Nonsensorium 2.txt,archive-artifact,.txt,native-text,72042,DIRECT_TEXT,True,,,,,,
DEBATING AI PODCAST/Debating A.I. On the Future of Physics - Superdeterminism and SAT.srt,archive-artifact,.srt,other-binary-or-unknown,81071,UNKNOWN_OR_BINARY,True,,,,,,
DEBATING AI PODCAST/Debating A.I. On the Future of Physics - The Einstein-Rosen Key.srt,archive-artifact,.srt,other-binary-or-unknown,67948,UNKNOWN_OR_BINARY,True,,,,,,
DEBATING AI PODCAST/Debating A.I. On the Future of Physics - The Glass Sausage Factory.srt,archive-artifact,.srt,other-binary-or-unknown,74634,UNKNOWN_OR_BINARY,True,,,,,,
DEBATING AI PODCAST/Debating A.I. On the Future of Physics - The Least Radical TOE.srt,archive-artifact,.srt,other-binary-or-unknown,95919,UNKNOWN_OR_BINARY,True,,,,,,
DEBATING AI PODCAST/Debating A.I. On the Future of Physics - The Mass of the Photon.srt,archive-artifact,.srt,other-binary-or-unknown,38442,UNKNOWN_OR_BINARY,True,,,,,,
DEBATING AI PODCAST/Debating A.I. On the Future of Physics - The Math of it All.srt,archive-artifact,.srt,other-binary-or-unknown,75836,UNKNOWN_OR_BINARY,True,,,,,,
DEBATING AI PODCAST/Debating A.I. On the Future of Physics - The Ongoing Big Bang.srt,archive-artifact,.srt,other-binary-or-unknown,73023,UNKNOWN_OR_BINARY,True,,,,,,
DEBATING AI PODCAST/Debating A.I. On the Future of Physics - The Prehistory of SAT.srt,archive-artifact,.srt,other-binary-or-unknown,75134,UNKNOWN_OR_BINARY,True,,,,,,
DEBATING AI PODCAST/Debating A.I. On the Future of Physics - The Rabbit and the Duck.srt,archive-artifact,.srt,other-binary-or-unknown,96081,UNKNOWN_OR_BINARY,True,,,,,,
DEBATING AI PODCAST/Debating A.I. On the Future of Physics - The Scorecard 2026 (Cumulative).srt,archive-artifact,.srt,other-binary-or-unknown,72030,UNKNOWN_OR_BINARY,True,,,,,,
DEBATING AI PODCAST/Debating A.I. On the Future of Physics - The Theory That Wasn’t A Theory.srt,archive-artifact,.srt,other-binary-or-unknown,63751,UNKNOWN_OR_BINARY,True,,,,,,
DEBATING AI PODCAST/Debating A.I. On the Future of Physics - The Time Travel Brick Wall.txt,archive-artifact,.txt,native-text,83183,DIRECT_TEXT,True,,,,,,
DEBATING AI PODCAST/Debating A.I. On the Future of Physics - The Two Fundamental Forces.srt,archive-artifact,.srt,other-binary-or-unknown,94220,UNKNOWN_OR_BINARY,True,,,,,,
"DEBATING AI PODCAST/Debating A.I. On the Future of Physics - The Two Rocks, Revisited.srt",archive-artifact,.srt,other-binary-or-unknown,87142,UNKNOWN_OR_BINARY,True,,,,,,
DEBATING AI PODCAST/Debating A.I. On the Future of Physics - The c - H_0 Gap.srt,archive-artifact,.srt,other-binary-or-unknown,95780,UNKNOWN_OR_BINARY,True,,,,,,
DEBATING AI PODCAST/Debating A.I. On the Future of Physics - This Title Might Not Be Accurate.srt,archive-artifact,.srt,other-binary-or-unknown,79690,UNKNOWN_OR_BINARY,True,,,,,,
DEBATING AI PODCAST/Debating A.I. On the Future of Physics - Throwback Ep_ SAT One Year Ago 1.srt,archive-artifact,.srt,other-binary-or-unknown,225625,UNKNOWN_OR_BINARY,True,,,,,,
DEBATING AI PODCAST/Debating A.I. On the Future of Physics - Throwback_ SAT One Year Ago 2.srt,archive-artifact,.srt,other-binary-or-unknown,115684,UNKNOWN_OR_BINARY,True,,,,,,
DEBATING AI PODCAST/Debating A.I. On the Future of Physics - Throwback_ SAT One Year Ago 3 — The Debate.srt,archive-artifact,.srt,other-binary-or-unknown,28097,UNKNOWN_OR_BINARY,True,,,,,,
DEBATING AI PODCAST/Debating A.I. On the Future of Physics - Time.srt,archive-artifact,.srt,other-binary-or-unknown,76029,UNKNOWN_OR_BINARY,True,,,,,,
DEBATING AI PODCAST/Debating A.I. On the Future of Physics - Topological Primacy.srt,archive-artifact,.srt,other-binary-or-unknown,71684,UNKNOWN_OR_BINARY,True,,,,,,
DEBATING AI PODCAST/Debating A.I. On the Future of Physics - Unification Mark II Pt 1 — The Process.srt,archive-artifact,.srt,other-binary-or-unknown,65181,UNKNOWN_OR_BINARY,True,,,,,,
DEBATING AI PODCAST/Debating A.I. On the Future of Physics - Unification Missing Piece_.srt,archive-artifact,.srt,other-binary-or-unknown,81796,UNKNOWN_OR_BINARY,True,,,,,,
DEBATING AI PODCAST/Debating A.I. On the Future of Physics - Viscous_ Or Superfluid_.srt,archive-artifact,.srt,other-binary-or-unknown,72595,UNKNOWN_OR_BINARY,True,,,,,,
DEBATING AI PODCAST/Debating A.I. On the Future of Physics - WWRD_ What Would Rope Do_.srt,archive-artifact,.srt,other-binary-or-unknown,89626,UNKNOWN_OR_BINARY,True,,,,,,
DEBATING AI PODCAST/Debating A.I. On the Future of Physics - Welcome to the Zottenwelt.srt,archive-artifact,.srt,other-binary-or-unknown,84008,UNKNOWN_OR_BINARY,True,,,,,,
DEBATING AI PODCAST/Debating A.I. On the Future of Physics - Why No Tetraquarks.srt,archive-artifact,.srt,other-binary-or-unknown,47876,UNKNOWN_OR_BINARY,True,,,,,,
DEBATING AI PODCAST/Debating A.I. On the Future of Physics - Worldlines to Worldtube Manifolds and Kelvin Vortices.srt,archive-artifact,.srt,other-binary-or-unknown,29296,UNKNOWN_OR_BINARY,True,,,,,,
DEBATING AI PODCAST/DebatingA.I.OntheFutureofPhysics_The4-DimensionalStructureofThoughtSATFilamentTheory_EngagementStats_since-published.csv,archive-artifact,.csv,native-text,9019,DIRECT_TEXT,True,,,,,,
DEBATING AI PODCAST/DebatingA.I.OntheFutureofPhysics_TrendsChart_PlaysAndDownloads_First7Days.csv,archive-artifact,.csv,native-text,13204,DIRECT_TEXT,True,,,,,,
DEBATING AI PODCAST/SAT DAI - Podlodrev.txt,archive-artifact,.txt,native-text,13445,DIRECT_TEXT,True,,,,,,
DEBATING AI PODCAST/SAT DAI - Podstats_25may26.txt,archive-artifact,.txt,native-text,193220,DIRECT_TEXT,True,,,,,,
DEBATING AI PODCAST/SAT DAI WEIRD IDEAS — DEEP_DIVE_INTERIORITY.txt,archive-artifact,.txt,native-text,171479,DIRECT_TEXT,True,,,,,,
DEBATING AI PODCAST/SAT DAI — ABOUT YOU ABOUT ME .txt,archive-artifact,.txt,native-text,3831,DIRECT_TEXT,True,,,,,,
DEBATING AI PODCAST/SAT DAI — LLM ERROR Llmsrror.txt,archive-artifact,.txt,native-text,2938,DIRECT_TEXT,True,,,,,,
DEBATING AI PODCAST/SAT DAI — MORGAN & ELLIS Morgellis.txt,archive-artifact,.txt,native-text,2984,DIRECT_TEXT,True,,,,,,
DEBATING AI PODCAST/SAT DAI — STATS Posters.txt,archive-artifact,.txt,native-text,197752,DIRECT_TEXT,True,,,,,,
DEBATING AI PODCAST/SAT DAI — VERBAL_THEORY.txt,archive-artifact,.txt,native-text,861,DIRECT_TEXT,True,,,,,,
DEBATING AI PODCAST/SAT DAI — stats STAT_chunked.txt,archive-artifact,.txt,native-text,197753,DIRECT_TEXT,True,,,,,,
"DEBATING AI TRANSCRIPTS CONT/Debating A.I. On the Future of Physics - (++++) or (+++,+++)_.srt",archive-artifact,.srt,other-binary-or-unknown,70597,UNKNOWN_OR_BINARY,True,,,,,,
DEBATING AI TRANSCRIPTS CONT/Debating A.I. On the Future of Physics - 2026 Pre-Synthesis.srt,archive-artifact,.srt,other-binary-or-unknown,66095,UNKNOWN_OR_BINARY,True,,,,,,
DEBATING AI TRANSCRIPTS CONT/Debating A.I. On the Future of Physics - 2026 ReSynthesis Overview.srt,archive-artifact,.srt,other-binary-or-unknown,90861,UNKNOWN_OR_BINARY,True,,,,,,
DEBATING AI TRANSCRIPTS CONT/Debating A.I. On the Future of Physics - 2026 ≠ 2024.srt,archive-artifact,.srt,other-binary-or-unknown,95498,UNKNOWN_OR_BINARY,True,,,,,,
DEBATING AI TRANSCRIPTS CONT/Debating A.I. On the Future of Physics - A New Interpretation of String Theory Dimensions_.srt,archive-artifact,.srt,other-binary-or-unknown,70537,UNKNOWN_OR_BINARY,True,,,,,,
DEBATING AI TRANSCRIPTS CONT/Debating A.I. On the Future of Physics - A Poem.srt,archive-artifact,.srt,other-binary-or-unknown,62660,UNKNOWN_OR_BINARY,True,,,,,,
DEBATING AI TRANSCRIPTS CONT/Debating A.I. On the Future of Physics - A Review of McKnight’s Camera Talk.srt,archive-artifact,.srt,other-binary-or-unknown,107898,UNKNOWN_OR_BINARY,True,,,,,,
DEBATING AI TRANSCRIPTS CONT/Debating A.I. On the Future of Physics - AI Legibility — The Fun Way.txt,archive-artifact,.txt,native-text,80123,DIRECT_TEXT,True,,,,,,
DEBATING AI TRANSCRIPTS CONT/Debating A.I. On the Future of Physics - AI Weirdness.srt,archive-artifact,.srt,other-binary-or-unknown,81301,UNKNOWN_OR_BINARY,True,,,,,,
DEBATING AI TRANSCRIPTS CONT/Debating A.I. On the Future of Physics - Ampère’s Understanding.srt,archive-artifact,.srt,other-binary-or-unknown,76318,UNKNOWN_OR_BINARY,True,,,,,,
DEBATING AI TRANSCRIPTS CONT/Debating A.I. On the Future of Physics - Anarcheologist.srt,archive-artifact,.srt,other-binary-or-unknown,62878,UNKNOWN_OR_BINARY,True,,,,,,
DEBATING AI TRANSCRIPTS CONT/Debating A.I. On the Future of Physics - Background for SAT Predictions.srt,archive-artifact,.srt,other-binary-or-unknown,91863,UNKNOWN_OR_BINARY,True,,,,,,
DEBATING AI TRANSCRIPTS CONT/Debating A.I. On the Future of Physics - Bass Ackwards.srt,archive-artifact,.srt,other-binary-or-unknown,73469,UNKNOWN_OR_BINARY,True,,,,,,
DEBATING AI TRANSCRIPTS CONT/Debating A.I. On the Future of Physics - Black Hole Conjecture.srt,archive-artifact,.srt,other-binary-or-unknown,51221,UNKNOWN_OR_BINARY,True,,,,,,
DEBATING AI TRANSCRIPTS CONT/Debating A.I. On the Future of Physics - Black Hole Merger.txt,archive-artifact,.txt,native-text,55910,DIRECT_TEXT,True,,,,,,
DEBATING AI TRANSCRIPTS CONT/Debating A.I. On the Future of Physics - Bosons Reclassified.srt,archive-artifact,.srt,other-binary-or-unknown,90124,UNKNOWN_OR_BINARY,True,,,,,,
DEBATING AI TRANSCRIPTS CONT/Debating A.I. On the Future of Physics - But are you...𝙎𝘼𝙏 𝙧𝙞𝙜𝙤𝙧𝙤𝙪𝙨_.srt,archive-artifact,.srt,other-binary-or-unknown,65639,UNKNOWN_OR_BINARY,True,,,,,,
DEBATING AI TRANSCRIPTS CONT/Debating A.I. On the Future of Physics - Catching Up with the Field.srt,archive-artifact,.srt,other-binary-or-unknown,58126,UNKNOWN_OR_BINARY,True,,,,,,
DEBATING AI TRANSCRIPTS CONT/Debating A.I. On the Future of Physics - Chemical-Optical Lab Bench.srt,archive-artifact,.srt,other-binary-or-unknown,89375,UNKNOWN_OR_BINARY,True,,,,,,
DEBATING AI TRANSCRIPTS CONT/Debating A.I. On the Future of Physics - Convergence.srt,archive-artifact,.srt,other-binary-or-unknown,103997,UNKNOWN_OR_BINARY,True,,,,,,
DEBATING AI TRANSCRIPTS CONT/Debating A.I. On the Future of Physics - Doomsday Brunchtime.srt,archive-artifact,.srt,other-binary-or-unknown,90334,UNKNOWN_OR_BINARY,True,,,,,,
DEBATING AI TRANSCRIPTS CONT/Debating A.I. On the Future of Physics - Dual-Shell λ Expansion.srt,archive-artifact,.srt,other-binary-or-unknown,93837,UNKNOWN_OR_BINARY,True,,,,,,
DEBATING AI TRANSCRIPTS CONT/Debating A.I. On the Future of Physics - Dzhanibekov Planets.txt,archive-artifact,.txt,native-text,55670,DIRECT_TEXT,True,,,,,,
"DEBATING AI TRANSCRIPTS CONT/Debating A.I. On the Future of Physics - EVENT TOMORROW! COLUMBUS, OHIO.srt",archive-artifact,.srt,other-binary-or-unknown,10028,UNKNOWN_OR_BINARY,True,,,,,,
DEBATING AI TRANSCRIPTS CONT/Debating A.I. On the Future of Physics - Electro-Gravity Unification.srt,archive-artifact,.srt,other-binary-or-unknown,78631,UNKNOWN_OR_BINARY,True,,,,,,
DEBATING AI TRANSCRIPTS CONT/Debating A.I. On the Future of Physics - Electrogravacoustics 1.srt,archive-artifact,.srt,other-binary-or-unknown,83051,UNKNOWN_OR_BINARY,True,,,,,,
DEBATING AI TRANSCRIPTS CONT/Debating A.I. On the Future of Physics - Electrogravacoustics 2 (1).srt,archive-artifact,.srt,other-binary-or-unknown,81292,UNKNOWN_OR_BINARY,True,,,,,,
DEBATING AI TRANSCRIPTS CONT/Debating A.I. On the Future of Physics - Electrogravacoustics 2.srt,archive-artifact,.srt,other-binary-or-unknown,86476,UNKNOWN_OR_BINARY,True,,,,,,
DEBATING AI TRANSCRIPTS CONT/Debating A.I. On the Future of Physics - Finger Trap World.srt,archive-artifact,.srt,other-binary-or-unknown,84821,UNKNOWN_OR_BINARY,True,,,,,,
DEBATING AI TRANSCRIPTS CONT/Debating A.I. On the Future of Physics - GR-QCD-QED-QFT-SM-ST Unification in Plain English.srt,archive-artifact,.srt,other-binary-or-unknown,101317,UNKNOWN_OR_BINARY,True,,,,,,
DEBATING AI TRANSCRIPTS CONT/Debating A.I. On the Future of Physics - Grand Unification Audit.srt,archive-artifact,.srt,other-binary-or-unknown,75029,UNKNOWN_OR_BINARY,True,,,,,,
DEBATING AI TRANSCRIPTS CONT/Debating A.I. On the Future of Physics - Hasimoto Particle Cosmology.srt,archive-artifact,.srt,other-binary-or-unknown,62425,UNKNOWN_OR_BINARY,True,,,,,,
DEBATING AI TRANSCRIPTS CONT/Debating A.I. On the Future of Physics - How Science Sciences and More.srt,archive-artifact,.srt,other-binary-or-unknown,85256,UNKNOWN_OR_BINARY,True,,,,,,
DEBATING AI TRANSCRIPTS CONT/Debating A.I. On the Future of Physics - How the Universe Scales.srt,archive-artifact,.srt,other-binary-or-unknown,69150,UNKNOWN_OR_BINARY,True,,,,,,
DEBATING AI TRANSCRIPTS CONT/Debating A.I. On the Future of Physics - Intellectual Playgrounds_ Thought As Structure — Revisited.srt,archive-artifact,.srt,other-binary-or-unknown,69467,UNKNOWN_OR_BINARY,True,,,,,,
DEBATING AI TRANSCRIPTS CONT/Debating A.I. On the Future of Physics - Life As A Planetary Trauma Response.srt,archive-artifact,.srt,other-binary-or-unknown,86028,UNKNOWN_OR_BINARY,True,,,,,,
DEBATING AI TRANSCRIPTS CONT/Debating A.I. On the Future of Physics - Making AI Music Weird.srt,archive-artifact,.srt,other-binary-or-unknown,67894,UNKNOWN_OR_BINARY,True,,,,,,
DEBATING AI TRANSCRIPTS CONT/Debating A.I. On the Future of Physics - Math… is a tad wishy-washy.srt,archive-artifact,.srt,other-binary-or-unknown,58395,UNKNOWN_OR_BINARY,True,,,,,,
DEBATING AI TRANSCRIPTS CONT/Debating A.I. On the Future of Physics - McKnight’s Camera Talk Pt 2.srt,archive-artifact,.srt,other-binary-or-unknown,63096,UNKNOWN_OR_BINARY,True,,,,,,
DEBATING AI TRANSCRIPTS CONT/Debating A.I. On the Future of Physics - McKnight’s Intellectual Universe.srt,archive-artifact,.srt,other-binary-or-unknown,72831,UNKNOWN_OR_BINARY,True,,,,,,
DEBATING AI TRANSCRIPTS CONT/Debating A.I. On the Future of Physics - Minkowski Sufficiency.srt,archive-artifact,.srt,other-binary-or-unknown,77869,UNKNOWN_OR_BINARY,True,,,,,,
DEBATING AI TRANSCRIPTS CONT/Debating A.I. On the Future of Physics - New Album Preview.txt,archive-artifact,.txt,native-text,81716,DIRECT_TEXT,True,,,,,,
DEBATING AI TRANSCRIPTS CONT/Debating A.I. On the Future of Physics - No More Wick Rotation.srt,archive-artifact,.srt,other-binary-or-unknown,85970,UNKNOWN_OR_BINARY,True,,,,,,
DEBATING AI TRANSCRIPTS CONT/Debating A.I. On the Future of Physics - Particles & Inverse Black Holes.txt,archive-artifact,.txt,native-text,79612,DIRECT_TEXT,True,,,,,,
DEBATING AI TRANSCRIPTS CONT/Debating A.I. On the Future of Physics - Persistent AI TOE Hallucinations.srt,archive-artifact,.srt,other-binary-or-unknown,67693,UNKNOWN_OR_BINARY,True,,,,,,
DEBATING AI TRANSCRIPTS CONT/Debating A.I. On the Future of Physics - Physics Without Magic.srt,archive-artifact,.srt,other-binary-or-unknown,113532,UNKNOWN_OR_BINARY,True,,,,,,
DEBATING AI TRANSCRIPTS CONT/Debating A.I. On the Future of Physics - Physics vs Dogma.srt,archive-artifact,.srt,other-binary-or-unknown,77583,UNKNOWN_OR_BINARY,True,,,,,,
DEBATING AI TRANSCRIPTS CONT/Debating A.I. On the Future of Physics - Physics_ The Full Stack.srt,archive-artifact,.srt,other-binary-or-unknown,15701,UNKNOWN_OR_BINARY,True,,,,,,
DEBATING AI TRANSCRIPTS CONT/Debating A.I. On the Future of Physics - Predictions for Upcoming Observations.srt,archive-artifact,.srt,other-binary-or-unknown,86741,UNKNOWN_OR_BINARY,True,,,,,,
DEBATING AI TRANSCRIPTS CONT/Debating A.I. On the Future of Physics - Predictions from Scalar-Angular Torsion Filamental Physics.srt,archive-artifact,.srt,other-binary-or-unknown,72124,UNKNOWN_OR_BINARY,True,,,,,,
DEBATING AI TRANSCRIPTS CONT/Debating A.I. On the Future of Physics - Quantum Kelvin Waves.srt,archive-artifact,.srt,other-binary-or-unknown,79234,UNKNOWN_OR_BINARY,True,,,,,,
DEBATING AI TRANSCRIPTS CONT/Debating A.I. On the Future of Physics - RMS-SAT Debug.srt,archive-artifact,.srt,other-binary-or-unknown,85623,UNKNOWN_OR_BINARY,True,,,,,,
DEBATING AI TRANSCRIPTS CONT/Debating A.I. On the Future of Physics - Remedial Math Student Considers Institutions.srt,archive-artifact,.srt,other-binary-or-unknown,55995,UNKNOWN_OR_BINARY,True,,,,,,
DEBATING AI TRANSCRIPTS CONT/Debating A.I. On the Future of Physics - Renormalization Is Obsolete (1).srt,archive-artifact,.srt,other-binary-or-unknown,76868,UNKNOWN_OR_BINARY,True,,,,,,
DEBATING AI TRANSCRIPTS CONT/Debating A.I. On the Future of Physics - Renormalization Is Obsolete.srt,archive-artifact,.srt,other-binary-or-unknown,76868,UNKNOWN_OR_BINARY,True,,,,,,
DEBATING AI TRANSCRIPTS CONT/Debating A.I. On the Future of Physics - SAT ==_ H(s)H.srt,archive-artifact,.srt,other-binary-or-unknown,80975,UNKNOWN_OR_BINARY,True,,,,,,
DEBATING AI TRANSCRIPTS CONT/Debating A.I. On the Future of Physics - SAT Methodology.srt,archive-artifact,.srt,other-binary-or-unknown,74991,UNKNOWN_OR_BINARY,True,,,,,,
DEBATING AI TRANSCRIPTS CONT/Debating A.I. On the Future of Physics - SAT Predictions March 2026.srt,archive-artifact,.srt,other-binary-or-unknown,91694,UNKNOWN_OR_BINARY,True,,,,,,
DEBATING AI TRANSCRIPTS CONT/Debating A.I. On the Future of Physics - SAT Rigor Pt 2.srt,archive-artifact,.srt,other-binary-or-unknown,63006,UNKNOWN_OR_BINARY,True,,,,,,
DEBATING AI TRANSCRIPTS CONT/Debating A.I. On the Future of Physics - SAT’s Conservative Methodology.srt,archive-artifact,.srt,other-binary-or-unknown,74318,UNKNOWN_OR_BINARY,True,,,,,,
"DEBATING AI TRANSCRIPTS CONT/Debating A.I. On the Future of Physics - Simulating Einstein, Pt 1.srt",archive-artifact,.srt,other-binary-or-unknown,71155,UNKNOWN_OR_BINARY,True,,,,,,
"DEBATING AI TRANSCRIPTS CONT/Debating A.I. On the Future of Physics - Simulating Einstein, Pt 2.srt",archive-artifact,.srt,other-binary-or-unknown,86113,UNKNOWN_OR_BINARY,True,,,,,,
"DEBATING AI TRANSCRIPTS CONT/Debating A.I. On the Future of Physics - Simulating Einstein, Pt 3.srt",archive-artifact,.srt,other-binary-or-unknown,79752,UNKNOWN_OR_BINARY,True,,,,,,
DEBATING AI TRANSCRIPTS CONT/Debating A.I. On the Future of Physics - String Gravity Predictions H0=71.2.srt,archive-artifact,.srt,other-binary-or-unknown,92586,UNKNOWN_OR_BINARY,True,,,,,,
DEBATING AI TRANSCRIPTS CONT/Debating A.I. On the Future of Physics - Suno Nonsensorium 2.txt,archive-artifact,.txt,native-text,72042,DIRECT_TEXT,True,,,,,,
DEBATING AI TRANSCRIPTS CONT/Debating A.I. On the Future of Physics - Superdeterminism and SAT.srt,archive-artifact,.srt,other-binary-or-unknown,81071,UNKNOWN_OR_BINARY,True,,,,,,
DEBATING AI TRANSCRIPTS CONT/Debating A.I. On the Future of Physics - The Einstein-Rosen Key.srt,archive-artifact,.srt,other-binary-or-unknown,67948,UNKNOWN_OR_BINARY,True,,,,,,
DEBATING AI TRANSCRIPTS CONT/Debating A.I. On the Future of Physics - The Glass Sausage Factory.srt,archive-artifact,.srt,other-binary-or-unknown,74634,UNKNOWN_OR_BINARY,True,,,,,,
DEBATING AI TRANSCRIPTS CONT/Debating A.I. On the Future of Physics - The Least Radical TOE.srt,archive-artifact,.srt,other-binary-or-unknown,95919,UNKNOWN_OR_BINARY,True,,,,,,
DEBATING AI TRANSCRIPTS CONT/Debating A.I. On the Future of Physics - The Mass of the Photon.srt,archive-artifact,.srt,other-binary-or-unknown,38442,UNKNOWN_OR_BINARY,True,,,,,,
DEBATING AI TRANSCRIPTS CONT/Debating A.I. On the Future of Physics - The Math of it All.srt,archive-artifact,.srt,other-binary-or-unknown,75836,UNKNOWN_OR_BINARY,True,,,,,,
DEBATING AI TRANSCRIPTS CONT/Debating A.I. On the Future of Physics - The Ongoing Big Bang.srt,archive-artifact,.srt,other-binary-or-unknown,73023,UNKNOWN_OR_BINARY,True,,,,,,
DEBATING AI TRANSCRIPTS CONT/Debating A.I. On the Future of Physics - The Prehistory of SAT.srt,archive-artifact,.srt,other-binary-or-unknown,75134,UNKNOWN_OR_BINARY,True,,,,,,
DEBATING AI TRANSCRIPTS CONT/Debating A.I. On the Future of Physics - The Rabbit and the Duck.srt,archive-artifact,.srt,other-binary-or-unknown,96081,UNKNOWN_OR_BINARY,True,,,,,,
DEBATING AI TRANSCRIPTS CONT/Debating A.I. On the Future of Physics - The Scorecard 2026 (Cumulative).srt,archive-artifact,.srt,other-binary-or-unknown,72030,UNKNOWN_OR_BINARY,True,,,,,,
DEBATING AI TRANSCRIPTS CONT/Debating A.I. On the Future of Physics - The Theory That Wasn’t A Theory.srt,archive-artifact,.srt,other-binary-or-unknown,63751,UNKNOWN_OR_BINARY,True,,,,,,
DEBATING AI TRANSCRIPTS CONT/Debating A.I. On the Future of Physics - The Time Travel Brick Wall.txt,archive-artifact,.txt,native-text,83183,DIRECT_TEXT,True,,,,,,
DEBATING AI TRANSCRIPTS CONT/Debating A.I. On the Future of Physics - The Two Fundamental Forces.srt,archive-artifact,.srt,other-binary-or-unknown,94220,UNKNOWN_OR_BINARY,True,,,,,,
"DEBATING AI TRANSCRIPTS CONT/Debating A.I. On the Future of Physics - The Two Rocks, Revisited.srt",archive-artifact,.srt,other-binary-or-unknown,87142,UNKNOWN_OR_BINARY,True,,,,,,
DEBATING AI TRANSCRIPTS CONT/Debating A.I. On the Future of Physics - The c - H_0 Gap.srt,archive-artifact,.srt,other-binary-or-unknown,95780,UNKNOWN_OR_BINARY,True,,,,,,
DEBATING AI TRANSCRIPTS CONT/Debating A.I. On the Future of Physics - This Title Might Not Be Accurate.srt,archive-artifact,.srt,other-binary-or-unknown,79690,UNKNOWN_OR_BINARY,True,,,,,,
DEBATING AI TRANSCRIPTS CONT/Debating A.I. On the Future of Physics - Throwback Ep_ SAT One Year Ago 1.srt,archive-artifact,.srt,other-binary-or-unknown,225625,UNKNOWN_OR_BINARY,True,,,,,,
DEBATING AI TRANSCRIPTS CONT/Debating A.I. On the Future of Physics - Throwback_ SAT One Year Ago 2.srt,archive-artifact,.srt,other-binary-or-unknown,115684,UNKNOWN_OR_BINARY,True,,,,,,
DEBATING AI TRANSCRIPTS CONT/Debating A.I. On the Future of Physics - Throwback_ SAT One Year Ago 3 — The Debate.srt,archive-artifact,.srt,other-binary-or-unknown,28097,UNKNOWN_OR_BINARY,True,,,,,,
DEBATING AI TRANSCRIPTS CONT/Debating A.I. On the Future of Physics - Time.srt,archive-artifact,.srt,other-binary-or-unknown,76029,UNKNOWN_OR_BINARY,True,,,,,,
DEBATING AI TRANSCRIPTS CONT/Debating A.I. On the Future of Physics - Topological Primacy.srt,archive-artifact,.srt,other-binary-or-unknown,71684,UNKNOWN_OR_BINARY,True,,,,,,
DEBATING AI TRANSCRIPTS CONT/Debating A.I. On the Future of Physics - Unification Mark II Pt 1 — The Process.srt,archive-artifact,.srt,other-binary-or-unknown,65181,UNKNOWN_OR_BINARY,True,,,,,,
DEBATING AI TRANSCRIPTS CONT/Debating A.I. On the Future of Physics - Unification Missing Piece_.srt,archive-artifact,.srt,other-binary-or-unknown,81796,UNKNOWN_OR_BINARY,True,,,,,,
DEBATING AI TRANSCRIPTS CONT/Debating A.I. On the Future of Physics - Viscous_ Or Superfluid_.srt,archive-artifact,.srt,other-binary-or-unknown,72595,UNKNOWN_OR_BINARY,True,,,,,,
DEBATING AI TRANSCRIPTS CONT/Debating A.I. On the Future of Physics - WWRD_ What Would Rope Do_.srt,archive-artifact,.srt,other-binary-or-unknown,89626,UNKNOWN_OR_BINARY,True,,,,,,
DEBATING AI TRANSCRIPTS CONT/Debating A.I. On the Future of Physics - Welcome to the Zottenwelt.srt,archive-artifact,.srt,other-binary-or-unknown,84008,UNKNOWN_OR_BINARY,True,,,,,,
DEBATING AI TRANSCRIPTS CONT/Debating A.I. On the Future of Physics - Why No Tetraquarks.srt,archive-artifact,.srt,other-binary-or-unknown,47876,UNKNOWN_OR_BINARY,True,,,,,,
DEBATING AI TRANSCRIPTS CONT/Debating A.I. On the Future of Physics - Worldlines to Worldtube Manifolds and Kelvin Vortices.srt,archive-artifact,.srt,other-binary-or-unknown,29296,UNKNOWN_OR_BINARY,True,,,,,,
DEBATING AI TRANSCRIPTS CONT/DebatingA.I.OntheFutureofPhysics_The4-DimensionalStructureofThoughtSATFilamentTheory_EngagementStats_since-published.csv,archive-artifact,.csv,native-text,9019,DIRECT_TEXT,True,,,,,,
DEBATING AI TRANSCRIPTS CONT/DebatingA.I.OntheFutureofPhysics_TrendsChart_PlaysAndDownloads_First7Days.csv,archive-artifact,.csv,native-text,13204,DIRECT_TEXT,True,,,,,,
DEMO_QC.txt,archive-artifact,.txt,native-text,40385,DIRECT_TEXT,True,,,,,,
DERIVATIVE INDICATRIX (nolat).pdf,archive-artifact,.pdf,pdf,74973,DERIVED_TEXT_AVAILABLE,True,OK,_AUTO_EXTRACTED_TEXT/DERIVATIVE INDICATRIX (nolat).txt,manifest-exact,PyMuPDF,14005,_AUTO_EXTRACTED_TEXT/_manifests/2026-09-10_root_pdf_extraction_pass_002.json
DEV CONVERSATION/1.txt,archive-artifact,.txt,native-text,2703,DIRECT_TEXT,True,,,,,,
DEV CONVERSATION/2.txt,archive-artifact,.txt,native-text,3464,DIRECT_TEXT,True,,,,,,
DEV CONVERSATION/2025 RESUME.txt,archive-artifact,.txt,native-text,1875,DIRECT_TEXT,True,,,,,,
DEV CONVERSATION/3.txt,archive-artifact,.txt,native-text,4939,DIRECT_TEXT,True,,,,,,
DEV CONVERSATION/4.txt,archive-artifact,.txt,native-text,5230,DIRECT_TEXT,True,,,,,,
DEV CONVERSATION/5.txt,archive-artifact,.txt,native-text,3331,DIRECT_TEXT,True,,,,,,
DEV CONVERSATION/6.txt,archive-artifact,.txt,native-text,3879,DIRECT_TEXT,True,,,,,,
DEV CONVERSATION/7.txt,archive-artifact,.txt,native-text,3551,DIRECT_TEXT,True,,,,,,
DEV CONVERSATION/8.txt,archive-artifact,.txt,native-text,5070,DIRECT_TEXT,True,,,,,,
DEV CONVERSATION/Audioscript - THE FUNDAMENTAL INTUITIONS OF SAT.txt,archive-artifact,.txt,native-text,9399,DIRECT_TEXT,True,,,,,,
DEV CONVERSATION/Cleaned_Podcast_Episode_List.csv,archive-artifact,.csv,native-text,19982,DIRECT_TEXT,True,,,,,,
DEV CONVERSATION/DEVELOPMENT SNAPSHOTS/32FQWEFE.txt,archive-artifact,.txt,native-text,5849,DIRECT_TEXT,True,,,,,,
DEV CONVERSATION/DEVELOPMENT SNAPSHOTS/ADD.txt,archive-artifact,.txt,native-text,9724,DIRECT_TEXT,True,,,,,,
DEV CONVERSATION/DEVELOPMENT SNAPSHOTS/ADFA.txt,archive-artifact,.txt,native-text,9665,DIRECT_TEXT,True,,,,,,
DEV CONVERSATION/DEVELOPMENT SNAPSHOTS/AEFQWFE.txt,archive-artifact,.txt,native-text,8265,DIRECT_TEXT,True,,,,,,
DEV CONVERSATION/DEVELOPMENT SNAPSHOTS/AFD.txt,archive-artifact,.txt,native-text,9160,DIRECT_TEXT,True,,,,,,
DEV CONVERSATION/DEVELOPMENT SNAPSHOTS/ASDE.txt,archive-artifact,.txt,native-text,8668,DIRECT_TEXT,True,,,,,,
DEV CONVERSATION/DEVELOPMENT SNAPSHOTS/ASDF.txt,archive-artifact,.txt,native-text,9438,DIRECT_TEXT,True,,,,,,
DEV CONVERSATION/DEVELOPMENT SNAPSHOTS/ASFEF.csv,archive-artifact,.csv,native-text,4856,DIRECT_TEXT,True,,,,,,
DEV CONVERSATION/DEVELOPMENT SNAPSHOTS/ASG4FE.txt,archive-artifact,.txt,native-text,4953,DIRECT_TEXT,True,,,,,,
DEV CONVERSATION/DEVELOPMENT SNAPSHOTS/AWDSFE.txt,archive-artifact,.txt,native-text,4739,DIRECT_TEXT,True,,,,,,
DEV CONVERSATION/DEVELOPMENT SNAPSHOTS/AWEFEF.txt,archive-artifact,.txt,native-text,5461,DIRECT_TEXT,True,,,,,,
DEV CONVERSATION/DEVELOPMENT SNAPSHOTS/AWEFWFWEF.csv,archive-artifact,.csv,native-text,7792,DIRECT_TEXT,True,,,,,,
DEV CONVERSATION/DEVELOPMENT SNAPSHOTS/AWEG.txt,archive-artifact,.txt,native-text,4523,DIRECT_TEXT,True,,,,,,
DEV CONVERSATION/DEVELOPMENT SNAPSHOTS/AWFGS.txt,archive-artifact,.txt,native-text,5234,DIRECT_TEXT,True,,,,,,
DEV CONVERSATION/DEVELOPMENT SNAPSHOTS/AWFQFEW.txt,archive-artifact,.txt,native-text,4135,DIRECT_TEXT,True,,,,,,
DEV CONVERSATION/DEVELOPMENT SNAPSHOTS/AWGR.txt,archive-artifact,.txt,native-text,4922,DIRECT_TEXT,True,,,,,,
DEV CONVERSATION/DEVELOPMENT SNAPSHOTS/AWGR3AWFE.csv,archive-artifact,.csv,native-text,4756,DIRECT_TEXT,True,,,,,,
DEV CONVERSATION/DEVELOPMENT SNAPSHOTS/EF.txt,archive-artifact,.txt,native-text,5331,DIRECT_TEXT,True,,,,,,
DEV CONVERSATION/DEVELOPMENT SNAPSHOTS/EFAFQ.csv,archive-artifact,.csv,native-text,152,DIRECT_TEXT,True,,,,,,
DEV CONVERSATION/DEVELOPMENT SNAPSHOTS/EXTENDED COBORDISM.txt,archive-artifact,.txt,native-text,699999,DIRECT_TEXT,True,,,,,,
DEV CONVERSATION/DEVELOPMENT SNAPSHOTS/FEEFE.txt,archive-artifact,.txt,native-text,3165,DIRECT_TEXT,True,,,,,,
DEV CONVERSATION/DEVELOPMENT SNAPSHOTS/G35HWGRE.txt,archive-artifact,.txt,native-text,5094,DIRECT_TEXT,True,,,,,,
DEV CONVERSATION/DEVELOPMENT SNAPSHOTS/G3QGF.txt,archive-artifact,.txt,native-text,5147,DIRECT_TEXT,True,,,,,,
DEV CONVERSATION/DEVELOPMENT SNAPSHOTS/QWEF.csv,archive-artifact,.csv,native-text,309,DIRECT_TEXT,True,,,,,,
DEV CONVERSATION/DEVELOPMENT SNAPSHOTS/QWEF.txt,archive-artifact,.txt,native-text,3656,DIRECT_TEXT,True,,,,,,
DEV CONVERSATION/DEVELOPMENT SNAPSHOTS/QWEFEF.txt,archive-artifact,.txt,native-text,4403,DIRECT_TEXT,True,,,,,,
DEV CONVERSATION/DEVELOPMENT SNAPSHOTS/QWEFF.txt,archive-artifact,.txt,native-text,2699,DIRECT_TEXT,True,,,,,,
DEV CONVERSATION/DEVELOPMENT SNAPSHOTS/QWEFQWEFE.txt,archive-artifact,.txt,native-text,4227,DIRECT_TEXT,True,,,,,,
DEV CONVERSATION/DEVELOPMENT SNAPSHOTS/QWEFQWF.csv,archive-artifact,.csv,native-text,180,DIRECT_TEXT,True,,,,,,
DEV CONVERSATION/DEVELOPMENT SNAPSHOTS/QWEFWEF.txt,archive-artifact,.txt,native-text,4334,DIRECT_TEXT,True,,,,,,
DEV CONVERSATION/DEVELOPMENT SNAPSHOTS/QWEFWF.txt,archive-artifact,.txt,native-text,3136,DIRECT_TEXT,True,,,,,,
DEV CONVERSATION/DEVELOPMENT SNAPSHOTS/QWEFWQF.txt,archive-artifact,.txt,native-text,3876,DIRECT_TEXT,True,,,,,,
DEV CONVERSATION/DEVELOPMENT SNAPSHOTS/QWFE.csv,archive-artifact,.csv,native-text,725,DIRECT_TEXT,True,,,,,,
DEV CONVERSATION/DEVELOPMENT SNAPSHOTS/QWFEFE.txt,archive-artifact,.txt,native-text,3729,DIRECT_TEXT,True,,,,,,
DEV CONVERSATION/DEVELOPMENT SNAPSHOTS/QWFEFW.txt,archive-artifact,.txt,native-text,1363,DIRECT_TEXT,True,,,,,,
DEV CONVERSATION/DEVELOPMENT SNAPSHOTS/QWFEFWE.txt,archive-artifact,.txt,native-text,3758,DIRECT_TEXT,True,,,,,,
DEV CONVERSATION/DEVELOPMENT SNAPSHOTS/QWFF.txt,archive-artifact,.txt,native-text,3522,DIRECT_TEXT,True,,,,,,
DEV CONVERSATION/DEVELOPMENT SNAPSHOTS/QWQFWEF.txt,archive-artifact,.txt,native-text,4009,DIRECT_TEXT,True,,,,,,
DEV CONVERSATION/DEVELOPMENT SNAPSHOTS/QWWEFW.txt,archive-artifact,.txt,native-text,3735,DIRECT_TEXT,True,,,,,,
DEV CONVERSATION/DEVELOPMENT SNAPSHOTS/RENAME_MANIFEST.md,archive-artifact,.md,native-text,4566,DIRECT_TEXT,True,,,,,,
DEV CONVERSATION/DEVELOPMENT SNAPSHOTS/RGQEF.txt,archive-artifact,.txt,native-text,3542,DIRECT_TEXT,True,,,,,,
DEV CONVERSATION/DEVELOPMENT SNAPSHOTS/SATO4D_OVERVIEW_AUG2025.txt,archive-artifact,.txt,native-text,4470,DIRECT_TEXT,True,,,,,,
DEV CONVERSATION/DEVELOPMENT SNAPSHOTS/SATX_Overview_Aug2025.txt,archive-artifact,.txt,native-text,3963,DIRECT_TEXT,True,,,,,,
DEV CONVERSATION/DEVELOPMENT SNAPSHOTS/SATx_Predictions_and_Retrodictions.txt,archive-artifact,.txt,native-text,6652,DIRECT_TEXT,True,,,,,,
DEV CONVERSATION/DEVELOPMENT SNAPSHOTS/SD.txt,archive-artifact,.txt,native-text,9885,DIRECT_TEXT,True,,,,,,
DEV CONVERSATION/DEVELOPMENT SNAPSHOTS/SDFA.txt,archive-artifact,.txt,native-text,11614,DIRECT_TEXT,True,,,,,,
DEV CONVERSATION/DEVELOPMENT SNAPSHOTS/SDFAD.txt,archive-artifact,.txt,native-text,9932,DIRECT_TEXT,True,,,,,,
DEV CONVERSATION/DEVELOPMENT SNAPSHOTS/WEFEF.txt,archive-artifact,.txt,native-text,2490,DIRECT_TEXT,True,,,,,,
DEV CONVERSATION/DEVELOPMENT SNAPSHOTS/WEFEWF.txt,archive-artifact,.txt,native-text,3125,DIRECT_TEXT,True,,,,,,
DEV CONVERSATION/DEVELOPMENT SNAPSHOTS/WEFEWFF.txt,archive-artifact,.txt,native-text,4470,DIRECT_TEXT,True,,,,,,
DEV CONVERSATION/DEVELOPMENT SNAPSHOTS/WEFWEEF.txt,archive-artifact,.txt,native-text,3701,DIRECT_TEXT,True,,,,,,
DEV CONVERSATION/DEVELOPMENT SNAPSHOTS/WF32.txt,archive-artifact,.txt,native-text,6918,DIRECT_TEXT,True,,,,,,
DEV CONVERSATION/DEVELOPMENT SNAPSHOTS/WFEW.txt,archive-artifact,.txt,native-text,8113,DIRECT_TEXT,True,,,,,,
DEV CONVERSATION/DEVELOPMENT SNAPSHOTS/WFEWF.txt,archive-artifact,.txt,native-text,4395,DIRECT_TEXT,True,,,,,,
DEV CONVERSATION/DEVELOPMENT SNAPSHOTS/WFQWEFE.csv,archive-artifact,.csv,native-text,7244,DIRECT_TEXT,True,,,,,,
DEV CONVERSATION/DEVELOPMENT SNAPSHOTS/WQEFEWF.csv,archive-artifact,.csv,native-text,274,DIRECT_TEXT,True,,,,,,
DEV CONVERSATION/DEVELOPMENT SNAPSHOTS/WQEFFEW.txt,archive-artifact,.txt,native-text,4180,DIRECT_TEXT,True,,,,,,
DEV CONVERSATION/DEVELOPMENT SNAPSHOTS/WQFEWF.csv,archive-artifact,.csv,native-text,444,DIRECT_TEXT,True,,,,,,
DEV CONVERSATION/DEVELOPMENT SNAPSHOTS/WQFWEFE.txt,archive-artifact,.txt,native-text,4258,DIRECT_TEXT,True,,,,,,
DEV CONVERSATION/DEVELOPMENT SNAPSHOTS/WQWDFEW.txt,archive-artifact,.txt,native-text,4169,DIRECT_TEXT,True,,,,,,
DEV CONVERSATION/DEVELOPMENT SNAPSHOTS/WV.txt,archive-artifact,.txt,native-text,7471,DIRECT_TEXT,True,,,,,,
DEV CONVERSATION/DEV_1.txt,archive-artifact,.txt,native-text,2696,DIRECT_TEXT,True,,,,,,
DEV CONVERSATION/DEV_2.txt,archive-artifact,.txt,native-text,3464,DIRECT_TEXT,True,,,,,,
DEV CONVERSATION/DEV_3.txt,archive-artifact,.txt,native-text,4939,DIRECT_TEXT,True,,,,,,
DEV CONVERSATION/DEV_4.txt,archive-artifact,.txt,native-text,5230,DIRECT_TEXT,True,,,,,,
DEV CONVERSATION/DEV_5.txt,archive-artifact,.txt,native-text,3629,DIRECT_TEXT,True,,,,,,
DEV CONVERSATION/DEV_6.txt,archive-artifact,.txt,native-text,7074,DIRECT_TEXT,True,,,,,,
DEV CONVERSATION/DEV_7.txt,archive-artifact,.txt,native-text,6918,DIRECT_TEXT,True,,,,,,
DEV CONVERSATION/DEV_8.txt,archive-artifact,.txt,native-text,5070,DIRECT_TEXT,True,,,,,,
DEV CONVERSATION/FUNDAMENTAL INTUITIONS.txt,archive-artifact,.txt,native-text,9258,DIRECT_TEXT,True,,,,,,
DEV CONVERSATION/ITS_A_GO.png,archive-artifact,.png,image,2725053,NEEDS_EXTRACTION,True,,,,,,
DEV CONVERSATION/KEY CALCULATIONS.txt,archive-artifact,.txt,native-text,396048,DIRECT_TEXT,True,,,,,,
DEV CONVERSATION/PIPELINE_DESIGN.txt,archive-artifact,.txt,native-text,156808,DIRECT_TEXT,True,,,,,,
DEV CONVERSATION/PSEUDEINSTEIN.txt,archive-artifact,.txt,native-text,3055,DIRECT_TEXT,True,,,,,,
DEV CONVERSATION/SAT DEV DISCUSSIONS 1.txt,archive-artifact,.txt,native-text,14537491,DIRECT_TEXT,True,,,,,,
DEV CONVERSATION/SAT DEV HISTORY.txt,archive-artifact,.txt,native-text,6909872,DIRECT_TEXT,True,,,,,,
DEV CONVERSATION/SAT FORMALIZATION ROUND 3ish (1).txt,archive-artifact,.txt,native-text,22770,DIRECT_TEXT,True,,,,,,
DEV CONVERSATION/SAT FORMALIZATION ROUND 3ish.txt,archive-artifact,.txt,native-text,22770,DIRECT_TEXT,True,,,,,,
DEV CONVERSATION/SAT FORMALIZATION doc.txt,archive-artifact,.txt,native-text,60654,DIRECT_TEXT,True,,,,,,
DEV CONVERSATION/SAT FULL EVALUATION.txt,archive-artifact,.txt,native-text,218630,DIRECT_TEXT,True,,,,,,
DEV CONVERSATION/SAT Full Revamp.txt,archive-artifact,.txt,native-text,142698,DIRECT_TEXT,True,,,,,,
DEV CONVERSATION/SAT HARD FORMULATION (1).txt,archive-artifact,.txt,native-text,3416,DIRECT_TEXT,True,,,,,,
DEV CONVERSATION/SAT HARD FORMULATION(1).txt,archive-artifact,.txt,native-text,3416,DIRECT_TEXT,True,,,,,,
DEV CONVERSATION/SAT HARD FORMULATION.txt,archive-artifact,.txt,native-text,2713,DIRECT_TEXT,True,,,,,,
DEV CONVERSATION/SAT INCEPTION (1).txt,archive-artifact,.txt,native-text,4751,DIRECT_TEXT,True,,,,,,
DEV CONVERSATION/SAT INCEPTION SCRIPTS (1).txt,archive-artifact,.txt,native-text,4575,DIRECT_TEXT,True,,,,,,
DEV CONVERSATION/SAT INCEPTION SCRIPTS.txt,archive-artifact,.txt,native-text,4575,DIRECT_TEXT,True,,,,,,
DEV CONVERSATION/SAT INCEPTION.txt,archive-artifact,.txt,native-text,4751,DIRECT_TEXT,True,,,,,,
DEV CONVERSATION/SAT SCALAR ANGULAR THEORY (1).txt,archive-artifact,.txt,native-text,306418,DIRECT_TEXT,True,,,,,,
DEV CONVERSATION/SAT SCALAR ANGULAR THEORY.txt,archive-artifact,.txt,native-text,306418,DIRECT_TEXT,True,,,,,,
DEV CONVERSATION/SAT TEST.txt,archive-artifact,.txt,native-text,26999,DIRECT_TEXT,True,,,,,,
DEV CONVERSATION/SAT-OLD.txt,archive-artifact,.txt,native-text,23774,DIRECT_TEXT,True,,,,,,
DEV CONVERSATION/Weinstein & SAT(1).txt,archive-artifact,.txt,native-text,35838,DIRECT_TEXT,True,,,,,,
DEV CONVERSATION/Weinstein & SAT.txt,archive-artifact,.txt,native-text,35838,DIRECT_TEXT,True,,,,,,
DEV CONVERSATION/alberr-dirrections.txt,archive-artifact,.txt,native-text,50,DIRECT_TEXT,True,,,,,,
DEV CONVERSATION/detailed versioning.txt,archive-artifact,.txt,native-text,78356,DIRECT_TEXT,True,,,,,,
DIMENSIONAL_NORMALIZATION.pdf,archive-artifact,.pdf,pdf,445700,DERIVED_TEXT_AVAILABLE,True,OK,_AUTO_EXTRACTED_TEXT/DIMENSIONAL_NORMALIZATION.txt,manifest-exact,PyMuPDF,19846,_AUTO_EXTRACTED_TEXT/_manifests/2026-09-10_root_pdf_extraction_pass_002.json
DIMENSIONAL_NORMALIZATION.tex,archive-artifact,.tex,native-text,29224,DIRECT_TEXT,True,,,,,,
DOMAIN_WALL_REINTERPRETATION.txt,archive-artifact,.txt,native-text,71195,DIRECT_TEXT,True,,,,,,
DRAFT PAPERS/SAT 22Jun25.pdf,archive-artifact,.pdf,pdf,5381173,NEEDS_EXTRACTION,True,,,,,,
DRAFT PAPERS/SAT_REWRITE.pdf,archive-artifact,.pdf,pdf,5329850,NEEDS_EXTRACTION,True,,,,,,
Dim.txt,archive-artifact,.txt,native-text,17514,DIRECT_TEXT,True,,,,,,
Document Comparison and Integration — raw.json,archive-artifact,.json,native-text,537651,DIRECT_TEXT,True,,,,,,
Donut canon.txt,archive-artifact,.txt,native-text,18106,DIRECT_TEXT,True,,,,,,
Draft Paper Review — raw.json,archive-artifact,.json,native-text,74370,DIRECT_TEXT,True,,,,,,
EARLY 2026/SAT EARLY 2026 — BOSONIC_TIME.pdf,archive-artifact,.pdf,pdf,175326,NEEDS_EXTRACTION,True,,,,,,
EARLY 2026/SAT EARLY 2026 — BYO LAGRANGIAN.txt,archive-artifact,.txt,native-text,4184,DIRECT_TEXT,True,,,,,,
EARLY 2026/SAT EARLY 2026 — CSATOBLOC_pre_lean.pdf,archive-artifact,.pdf,pdf,135402,NEEDS_EXTRACTION,True,,,,,,
EARLY 2026/SAT EARLY 2026 — FINAL_FINALL-nolattice 2.pdf,archive-artifact,.pdf,pdf,495821,NEEDS_EXTRACTION,True,,,,,,
EARLY 2026/SAT EARLY 2026 — FULL_THEORY-lattice version.pdf,archive-artifact,.pdf,pdf,292502,NEEDS_EXTRACTION,True,,,,,,
EARLY 2026/SAT EARLY 2026 — FULL_THEORY.pdf,archive-artifact,.pdf,pdf,317822,NEEDS_EXTRACTION,True,,,,,,
EARLY 2026/SAT EARLY 2026 — FULL_THEORY_Line.pdf,archive-artifact,.pdf,pdf,222762,NEEDS_EXTRACTION,True,,,,,,
EARLY 2026/SAT EARLY 2026 — L PHYS_REV_D_V_1_Submission.pdf,archive-artifact,.pdf,pdf,92148,NEEDS_EXTRACTION,True,,,,,,
EARLY 2026/SAT EARLY 2026 — NOETHER NSATOBLOC_pre_lean.pdf,archive-artifact,.pdf,pdf,121577,NEEDS_EXTRACTION,True,,,,,,
EARLY 2026/SAT EARLY 2026 — QUANTUM HYPERFOAM 2.txt,archive-artifact,.txt,native-text,26978,DIRECT_TEXT,True,,,,,,
EARLY 2026/SAT EARLY 2026 — QUANTUM HYPERFOAM.txt,archive-artifact,.txt,native-text,26942,DIRECT_TEXT,True,,,,,,
EARLY 2026/SAT EARLY 2026 — SATOBLOC_pre_lean.pdf,archive-artifact,.pdf,pdf,143608,NEEDS_EXTRACTION,True,,,,,,
EARLY 2026/SAT EARLY 2026 — Submission_for_Physics_Review_D.pdf,archive-artifact,.pdf,pdf,252942,NEEDS_EXTRACTION,True,,,,,,
EARLY 2026/SAT EARLY 2026 — UBWA_SAT_4DHH_UC.pdf,archive-artifact,.pdf,pdf,130807,NEEDS_EXTRACTION,True,,,,,,
EARLY 2026/SAT EARLY 2026 — UNIT CELL LAGRANGIANS.txt,archive-artifact,.txt,native-text,60595,DIRECT_TEXT,True,,,,,,
EARLY 2026/SAT EARLY 2026 — cSAT_2026.pdf,archive-artifact,.pdf,pdf,198260,NEEDS_EXTRACTION,True,,,,,,
EARLY 2026/SAT EARLY 2026 — oSAT_2026.pdf,archive-artifact,.pdf,pdf,212031,NEEDS_EXTRACTION,True,,,,,,
EARLY 2026/SAT EARLY 2026 — sSubmission_for_Physics_Review_D.pdf,archive-artifact,.pdf,pdf,308655,NEEDS_EXTRACTION,True,,,,,,
EARLY 2026/SAT EARLY2026 — s2Submission_for_Physics_Review_D.pdf,archive-artifact,.pdf,pdf,158077,NEEDS_EXTRACTION,True,,,,,,
EARLY 2026/SAT EARLY2026 — s3Submission_for_Physics_Review_D.pdf,archive-artifact,.pdf,pdf,301766,NEEDS_EXTRACTION,True,,,,,,
EARLY LOGGED/000000001_2.pdf,archive-artifact,.pdf,pdf,5381173,NEEDS_EXTRACTION,True,,,,,,
EARLY LOGGED/2025 scatter amp.txt.txt,archive-artifact,.txt,native-text,28599,DIRECT_TEXT,True,,,,,,
EARLY LOGGED/2025-10-24_00 SAT O.txt,archive-artifact,.txt,native-text,2572,DIRECT_TEXT,True,,,,,,
EARLY LOGGED/2025-10-24_00SATO9.py,archive-artifact,.py,native-text,2173,DIRECT_TEXT,True,,,,,,
EARLY LOGGED/2025-10-24_00sat4d.txt,archive-artifact,.txt,native-text,3871,DIRECT_TEXT,True,,,,,,
EARLY LOGGED/2025-10-24_0101_SAT_Phase_Shift_Note.tex,archive-artifact,.tex,native-text,2165,DIRECT_TEXT,True,,,,,,
EARLY LOGGED/2025-10-24_0102_sat_optical_birefringence.png,archive-artifact,.png,image,70565,NEEDS_EXTRACTION,True,,,,,,
EARLY LOGGED/2025-10-24_0105_optics_sat_prediction.png,archive-artifact,.png,image,55907,NEEDS_EXTRACTION,True,,,,,,
EARLY LOGGED/2025-10-24_0143_Download TV with Transparent Screen (PNG).png,archive-artifact,.png,image,897656,NEEDS_EXTRACTION,True,,,,,,
EARLY LOGGED/2025-10-24_02sat20.txt,archive-artifact,.txt,native-text,1279,DIRECT_TEXT,True,,,,,,
EARLY LOGGED/2025-10-24_0231_operator_playbooks_chart.png,archive-artifact,.png,image,109726,NEEDS_EXTRACTION,True,,,,,,
EARLY LOGGED/2025-10-24_0427_Matplotlib Chart.png,archive-artifact,.png,image,167123,NEEDS_EXTRACTION,True,,,,,,
EARLY LOGGED/2025-10-24_0439_Annotated_Constraint_Network.png,archive-artifact,.png,image,521841,NEEDS_EXTRACTION,True,,,,,,
EARLY LOGGED/2025-10-24_0439_cauliflower.zip,archive-artifact,.zip,archive-container,3104,NEEDS_CONTAINER_INSPECTION,True,,,,,,
EARLY LOGGED/2025-10-24_0440_Annotated_Constraint_Network 2.png,archive-artifact,.png,image,521841,NEEDS_EXTRACTION,True,,,,,,
EARLY LOGGED/2025-10-24_0457_T = 8.5.png,archive-artifact,.png,image,1104888,NEEDS_EXTRACTION,True,,,,,,
EARLY LOGGED/2025-10-24_0554_Download Reversed Overlay Composite PNG 2.png,archive-artifact,.png,image,959986,NEEDS_EXTRACTION,True,,,,,,
EARLY LOGGED/2025-10-24_0657_UNIVERSAL PLAYGROUND _2025-05-27T10_55_25_Nathan McKnight_ivc_sp91_s35_sb75_se0_b_m2.mp3,archive-artifact,.mp3,audio,5532570,NEEDS_TRANSCRIPTION_OR_MEDIA_PROCESSING,True,,,,,,
EARLY LOGGED/2025-10-24_07_SAT_PhaseI_II.txt,archive-artifact,.txt,native-text,5337,DIRECT_TEXT,True,,,,,,
EARLY LOGGED/2025-10-24_0719_% ==============  module5_quantum_v1.0.tex (no preamble) ==============section{Module 5 Quantum Sector Corr.txt,archive-artifact,.txt,native-text,2811,DIRECT_TEXT,True,,,,,,
EARLY LOGGED/2025-10-24_0728_SAT 20 — Glossary and Model Index (Version 10 — Ultra-Hostile Critic-Hardened Full Patch)Symbol  Term      .txt,archive-artifact,.txt,native-text,5146,DIRECT_TEXT,True,,,,,,
EARLY LOGGED/2025-10-24_0728_SAT 20 — Master Decision Log (Ultra-Hostile Critic-Hardened Version)Stages 0–9 Critical-Hardened Summaries.txt,archive-artifact,.txt,native-text,2925,DIRECT_TEXT,True,,,,,,
EARLY LOGGED/2025-10-24_0732_% ==============  module0_foundations_v1.2.tex (no preamble) ==============% Produced-By Proofsection{Modu.txt,archive-artifact,.txt,native-text,3639,DIRECT_TEXT,True,,,,,,
EARLY LOGGED/2025-10-24_0733_% ==============  module1_gauge_v1.1.tex (no preamble) ==============% Produced-By Mechasection{Module 1 .txt,archive-artifact,.txt,native-text,3137,DIRECT_TEXT,True,,,,,,
EARLY LOGGED/2025-10-24_0740_% ==============  module4_sigmaT_v1.1.tex (no preamble) ==============% Produced-By Custom+Quantsection{Mo.txt,archive-artifact,.txt,native-text,3089,DIRECT_TEXT,True,,,,,,
EARLY LOGGED/2025-10-24_0744_% ==============  module7_gravity_v1.2.tex (no preamble) ==============% Produced-By Mecha+Quantsection{Mo.txt,archive-artifact,.txt,native-text,2942,DIRECT_TEXT,True,,,,,,
EARLY LOGGED/2025-10-24_0747_% ==============  module8_global_v1.2.tex (no preamble) ==============% Produced-By Sim+Quantsection{Modul.txt,archive-artifact,.txt,native-text,3940,DIRECT_TEXT,True,,,,,,
EARLY LOGGED/2025-10-24_0753_overlapping_parameters.png,archive-artifact,.png,image,176935,NEEDS_EXTRACTION,True,,,,,,
EARLY LOGGED/2025-10-24_0757_overlapping_parameters_linear.png,archive-artifact,.png,image,179630,NEEDS_EXTRACTION,True,,,,,,
EARLY LOGGED/2025-10-24_0822_SAT 20 — Master Decision Log (Version 11 — Ultra-Hostile Critic-Hardened through Stage 10)Stages 0–10 Criti.txt,archive-artifact,.txt,native-text,3279,DIRECT_TEXT,True,,,,,,
EARLY LOGGED/2025-10-24_0837_SAT 20 — Master Decision Log (Version 11 — Ultra-Hostile Critic-Hardened through Stage 10)Stages 0–10 Criti.txt,archive-artifact,.txt,native-text,3279,DIRECT_TEXT,True,,,,,,
EARLY LOGGED/2025-10-24_0_YSAG.txt,archive-artifact,.txt,native-text,5865,DIRECT_TEXT,True,,,,,,
EARLY LOGGED/2025-10-24_1144_Executive Summary Diagnostic Review of the Chronophysical Proposition (SAT)This document reviews the intern.txt,archive-artifact,.txt,native-text,3917,DIRECT_TEXT,True,,,,,,
EARLY LOGGED/2025-10-24_1146_Module_O8_Updated_PGCU.tex,archive-artifact,.tex,native-text,2711,DIRECT_TEXT,True,,,,,,
EARLY LOGGED/2025-10-24_1147_Full Diagnostic Review Chronophysical Proposition (SAT)[BEGIN DIAGNOSTIC CONTENT]I. Introduction and Obje.txt,archive-artifact,.txt,native-text,1395,DIRECT_TEXT,True,,,,,,
EARLY LOGGED/2025-10-24_1217_SAT_O1.tex,archive-artifact,.tex,native-text,3617,DIRECT_TEXT,True,,,,,,
EARLY LOGGED/2025-10-24_1218_SAT_O2.tex,archive-artifact,.tex,native-text,3728,DIRECT_TEXT,True,,,,,,
EARLY LOGGED/2025-10-24_1224_SAT_O5.tex,archive-artifact,.tex,native-text,3539,DIRECT_TEXT,True,,,,,,
EARLY LOGGED/2025-10-24_1228_SAT_O Supervisor Rubric Module O1Audit Deployment Master ThreadDate 2025-06-06Audit Evaluation Criteri.txt,archive-artifact,.txt,native-text,3418,DIRECT_TEXT,True,,,,,,
EARLY LOGGED/2025-10-24_1229_SAT_O6.tex,archive-artifact,.tex,native-text,2737,DIRECT_TEXT,True,,,,,,
EARLY LOGGED/2025-10-24_1233_SAT_O8.tex,archive-artifact,.tex,native-text,2994,DIRECT_TEXT,True,,,,,,
EARLY LOGGED/2025-10-24_1234_SAT_O7.tex,archive-artifact,.tex,native-text,2978,DIRECT_TEXT,True,,,,,,
EARLY LOGGED/2025-10-24_1235_SAT_O3.tex,archive-artifact,.tex,native-text,2909,DIRECT_TEXT,True,,,,,,
EARLY LOGGED/2025-10-24_1237_SAT_O4.tex,archive-artifact,.tex,native-text,2507,DIRECT_TEXT,True,,,,,,
EARLY LOGGED/2025-10-24_13AUDITOR PATCHifies and extends the.txt,archive-artifact,.txt,native-text,3125,DIRECT_TEXT,True,,,,,,
EARLY LOGGED/2025-10-24_1312_SAT_GLOSSARY_FINAL.txt,archive-artifact,.txt,native-text,2774,DIRECT_TEXT,True,,,,,,
"EARLY LOGGED/2025-10-24_1312_documentclass[12pt]{article}usepackage{amsmath,amssymb}usepackage{geometry}geometry{margin=1in}title{.txt",archive-artifact,.txt,native-text,3157,DIRECT_TEXT,True,,,,,,
EARLY LOGGED/2025-10-24_1314_SAT_PROJECT_INSTRUCTIONS.tex,archive-artifact,.tex,native-text,1999,DIRECT_TEXT,True,,,,,,
"EARLY LOGGED/2025-10-24_1318_MASTER THREAD READMERole Construct audit packages from SAT_O modules under ultra-hostile, zero-trust condit.txt",archive-artifact,.txt,native-text,633,DIRECT_TEXT,True,,,,,,
EARLY LOGGED/2025-10-24_1328_SAT_ACTION_PLAN_CLEAN.tex,archive-artifact,.tex,native-text,2858,DIRECT_TEXT,True,,,,,,
EARLY LOGGED/2025-10-24_1352_SAT_ACTION_PLAN_GUIDED.tex,archive-artifact,.tex,native-text,3790,DIRECT_TEXT,True,,,,,,
"EARLY LOGGED/2025-10-24_1400_SHEPARD.py — SAT_O Orchestration EngineThis module controls phase execution, placeholder enforcement, con.py",archive-artifact,.py,native-text,3064,DIRECT_TEXT,True,,,,,,
EARLY LOGGED/2025-10-24_1401_PROTOCOLS_REF.py — Core Logic Protocol Definitions for SAT_O SystemAuthoritative static file. Invoked by .py,archive-artifact,.py,native-text,3329,DIRECT_TEXT,True,,,,,,
EARLY LOGGED/2025-10-24_1414_SAT_CORE_4D 2.tex,archive-artifact,.tex,native-text,2046,DIRECT_TEXT,True,,,,,,
EARLY LOGGED/2025-10-24_1414_SAT_CORE_4D.tex,archive-artifact,.tex,native-text,2046,DIRECT_TEXT,True,,,,,,
EARLY LOGGED/2025-10-24_1503_SAT_O REDEVELOPMENT INITIATIVEPLAN OF ACTIONLessons Learned from Audits------------------------------1. .txt,archive-artifact,.txt,native-text,1471,DIRECT_TEXT,True,,,,,,
EARLY LOGGED/2025-10-24_1504_SAT_O REDEVELOPMENT INITIATIVEPROJECT INSTRUCTIONSObjective-----------To redevelop the SAT_O theoretical.txt,archive-artifact,.txt,native-text,2515,DIRECT_TEXT,True,,,,,,
EARLY LOGGED/2025-10-24_1531_sat_introduction_intro.tex,archive-artifact,.tex,native-text,3563,DIRECT_TEXT,True,,,,,,
EARLY LOGGED/2025-10-24_1532_sat_introduction_intro_technical.tex,archive-artifact,.tex,native-text,3962,DIRECT_TEXT,True,,,,,,
EARLY LOGGED/2025-10-24_1539_SATNathan McKnightJune 20251PART I — INTRODUCTION21 Scalar–Angular Theory (SAT) Lay OverviewFor Readers.pdf,archive-artifact,.pdf,pdf,5305098,NEEDS_EXTRACTION,True,,,,,,
EARLY LOGGED/2025-10-24_1548_ElevenLabs_2025-05-23T19_26_30_Nathan McKnight_ivc_sp100_s50_sb75_se0_b_m2.mp3,archive-artifact,.mp3,audio,3704835,NEEDS_TRANSCRIPTION_OR_MEDIA_PROCESSING,True,,,,,,
EARLY LOGGED/2025-10-24_1627_# SAT Framework Phase I–II Internal Completion SnapshotAs of May 2025  Prepared for Nathan McKnight  .md,archive-artifact,.md,native-text,3461,DIRECT_TEXT,True,,,,,,
"EARLY LOGGED/2025-10-24_1628_import sympy as sp# === Metadata ===INTERPRETIVE_MODE = 1DERIVED = TrueSOURCE_MODULES = [O1, O3, O8].py",archive-artifact,.py,native-text,1027,DIRECT_TEXT,True,,,,,,
"EARLY LOGGED/2025-10-24_1631_import sympy as sp# === Metadata ===INTERPRETIVE_MODE = 1DERIVED = TrueSOURCE_MODULES = [O1, O2, O3,.py",archive-artifact,.py,native-text,838,DIRECT_TEXT,True,,,,,,
"EARLY LOGGED/2025-10-24_1635_import sympy as sp# === Metadata ===INTERPRETIVE_MODE = 1DERIVED = TrueSOURCE_MODULES = [O3, O5]STATU.py",archive-artifact,.py,native-text,693,DIRECT_TEXT,True,,,,,,
"EARLY LOGGED/2025-10-24_1639_import sympy as sp# === Metadata ===INTERPRETIVE_MODE = 1DERIVED = TrueSOURCE_MODULES = [O1, O2, O3,.py",archive-artifact,.py,native-text,1390,DIRECT_TEXT,True,,,,,,
EARLY LOGGED/2025-10-24_1642_import sympy as sp# === Metadata ===INTERPRETIVE_MODE = 1DERIVED = TrueSOURCE_MODULES = [O1]STATUS = E.py,archive-artifact,.py,native-text,835,DIRECT_TEXT,True,,,,,,
"EARLY LOGGED/2025-10-24_1645_{metadata{statusvalidated,derived_from[O1],interpretive_mode1},D4.1{force_term∂L_self .json",archive-artifact,.json,native-text,607,DIRECT_TEXT,True,,,,,,
EARLY LOGGED/2025-10-24_1648_247•!! 5G100Find in this showDebating Al OnConsciousness and RealityNathan McKnight 5.0 (1) • Philo.txt,archive-artifact,.txt,native-text,21482,DIRECT_TEXT,True,,,,,,
"EARLY LOGGED/2025-10-24_1649_{D5.1{entropy_rateS(x) dφ,descriptionEntropy rate and drift vector from strain and uμ,drift_vecto.json",archive-artifact,.json,native-text,521,DIRECT_TEXT,True,,,,,,
"EARLY LOGGED/2025-10-24_1657_import sympy as sp# === Metadata ===INTERPRETIVE_MODE = 1DERIVED = TrueSOURCE_MODULES = [O1, O3]STATU.py",archive-artifact,.py,native-text,1023,DIRECT_TEXT,True,,,,,,
"EARLY LOGGED/2025-10-24_1710_documentclass[11pt]{article}usepackage{amsmath,amssymb}usepackage{hyperref}usepackage{geometry}geometr.txt",archive-artifact,.txt,native-text,3384,DIRECT_TEXT,True,,,,,,
"EARLY LOGGED/2025-10-24_1713_import sympy as sp# === Metadata ===INTERPRETIVE_MODE = 1DERIVED = TrueSOURCE_MODULES = [O1, O8]STATU.py",archive-artifact,.py,native-text,843,DIRECT_TEXT,True,,,,,,
EARLY LOGGED/2025-10-24_1717_import sympy as sp# === Metadata ===INTERPRETIVE_MODE = 1SIMULATION_SUITE = SAT_SIM_0VERSION = v1.0#.py,archive-artifact,.py,native-text,961,DIRECT_TEXT,True,,,,,,
EARLY LOGGED/2025-10-24_1727_SAT_GLOSSARY_FINAL.txtDirective SAT_DIRECTIVESInterpretive Mode Mode 1Classification coreGlossary of Sy.txt,archive-artifact,.txt,native-text,1320,DIRECT_TEXT,True,,,,,,
EARLY LOGGED/2025-10-24_1728_% SAT_GLOSSARY_Jun17-2027.tex% Directive SAT_DIRECTIVES% Interpretive Mode Mode 1% Classification cored.txt,archive-artifact,.txt,native-text,1801,DIRECT_TEXT,True,,,,,,
EARLY LOGGED/2025-10-24_1736_import sympy as sp# === Metadata ===INTERPRETIVE_MODE = 1MODULE = SAT_QMC_MassCouplingSTATUS = Validate.py,archive-artifact,.py,native-text,991,DIRECT_TEXT,True,,,,,,
"EARLY LOGGED/2025-10-24_1742_documentclass[12pt]{article}usepackage{amsmath,amssymb}usepackage{geometry}geometry{margin=1in}title{S.txt",archive-artifact,.txt,native-text,1328,DIRECT_TEXT,True,,,,,,
EARLY LOGGED/2025-10-24_1803_documentclass[12pt]{article}usepackage{geometry}geometry{margin=1in}title{SAT DEPLOYMENT GUIDELINES}da.txt,archive-artifact,.txt,native-text,3426,DIRECT_TEXT,True,,,,,,
EARLY LOGGED/2025-10-24_1803_documentclass[12pt]{article}usepackage{geometry}geometry{margin=1in}title{SAT DIRECTIVES}date{}begin.txt,archive-artifact,.txt,native-text,3128,DIRECT_TEXT,True,,,,,,
EARLY LOGGED/2025-10-24_1814_Candidate tension potential forms for O1 using symbolic definitions.import sympy as spdef elastic_rod.py,archive-artifact,.py,native-text,1004,DIRECT_TEXT,True,,,,,,
EARLY LOGGED/2025-10-24_1817_Skeleton for the filament-network simulator with basic functionality.import numpy as npdef build_disc.py,archive-artifact,.py,native-text,513,DIRECT_TEXT,True,,,,,,
EARLY LOGGED/2025-10-24_1818_Filament-network simulator with topological densities and gauge coupling calculations.import numpy as .py,archive-artifact,.py,native-text,1966,DIRECT_TEXT,True,,,,,,
EARLY LOGGED/2025-10-24_1900_360 3.webp,archive-artifact,.webp,image,4478,NEEDS_EXTRACTION,True,,,,,,
EARLY LOGGED/2025-10-24_1900_360 5.webp,archive-artifact,.webp,image,4478,NEEDS_EXTRACTION,True,,,,,,
EARLY LOGGED/2025-10-24_1900_360.webp,archive-artifact,.webp,image,4478,NEEDS_EXTRACTION,True,,,,,,
EARLY LOGGED/2025-10-24_1906_. . . . ..   .   .  .    . .  .txt,archive-artifact,.txt,native-text,33,DIRECT_TEXT,True,,,,,,
EARLY LOGGED/2025-10-24_1937_SAT_Lay_Overview.tex,archive-artifact,.tex,native-text,2596,DIRECT_TEXT,True,,,,,,
EARLY LOGGED/2025-10-24_1937_SAT_Scientific_Intro.tex,archive-artifact,.tex,native-text,2846,DIRECT_TEXT,True,,,,,,
EARLY LOGGED/2025-10-24_1947_sat_june_2025.png,archive-artifact,.png,image,9596918,NEEDS_EXTRACTION,True,,,,,,
"EARLY LOGGED/2025-10-24_2010_A Full-Length Script in Three CoursesCAST•Customer Earnest, articulate, increasingly baffled. Wears a pat.txt",archive-artifact,.txt,native-text,4787,DIRECT_TEXT,True,,,,,,
"EARLY LOGGED/2025-10-24_2033_SAT LAYMAN17Jun2025Imagine the universe as a giant four-dimensional block of spacetime, threaded through by .txt",archive-artifact,.txt,native-text,24587,DIRECT_TEXT,True,,,,,,
EARLY LOGGED/2025-10-24_2035_Second third Second-Order Consequences1.Spatial Anisotropy of Fundamental “Constants”Since each gauge cou.txt,archive-artifact,.txt,native-text,2796,DIRECT_TEXT,True,,,,,,
EARLY LOGGED/2025-10-24_2036_NotebookLM Mind Map.png,archive-artifact,.png,image,1078032,NEEDS_EXTRACTION,True,,,,,,
EARLY LOGGED/2025-10-24_2044_Nautilus Article ShortThe α-Aperture HypothesisWhat magic-angle superconductors might be trying to tell us a.txt,archive-artifact,.txt,native-text,8927,DIRECT_TEXT,True,,,,,,
"EARLY LOGGED/2025-10-24_2103_May 23, 2025 at 09_03_24 PM.png",archive-artifact,.png,image,1596077,NEEDS_EXTRACTION,True,,,,,,
EARLY LOGGED/2025-10-24_2245_SAT_section_mass_spectrum 2.tex,archive-artifact,.tex,native-text,2931,DIRECT_TEXT,True,,,,,,
EARLY LOGGED/2025-10-24_2245_SAT_section_mass_spectrum.tex,archive-artifact,.tex,native-text,2931,DIRECT_TEXT,True,,,,,,
EARLY LOGGED/2025-10-24_2250_SAT_section_gravity.tex,archive-artifact,.tex,native-text,1942,DIRECT_TEXT,True,,,,,,
EARLY LOGGED/2025-10-24_2258_SAT_section_gravity_force_hierarchy.tex,archive-artifact,.tex,native-text,2439,DIRECT_TEXT,True,,,,,,
EARLY LOGGED/2025-10-24_2307_SAT_section_chiral_anomaly_full_calc.tex,archive-artifact,.tex,native-text,2829,DIRECT_TEXT,True,,,,,,
EARLY LOGGED/2025-10-24_2312_SAT_section_lepton_mass_failure.tex,archive-artifact,.tex,native-text,2950,DIRECT_TEXT,True,,,,,,
EARLY LOGGED/2025-10-24_2318_Click to open the image.png,archive-artifact,.png,image,1051599,NEEDS_EXTRACTION,True,,,,,,
EARLY LOGGED/2025-10-24_SAT O.txt,archive-artifact,.txt,native-text,2599,DIRECT_TEXT,True,,,,,,
EARLY LOGGED/2025-10-24_sat20gloss.txt.txt,archive-artifact,.txt,native-text,5028,DIRECT_TEXT,True,,,,,,
EARLY LOGGED/2025-10-24_sat20v2.txt,archive-artifact,.txt,native-text,2563,DIRECT_TEXT,True,,,,,,
EARLY LOGGED/2025-10-24_theory type.txtThought for 23 se.txt,archive-artifact,.txt,native-text,21982,DIRECT_TEXT,True,,,,,,
EARLY LOGGED/2025-10-24sat_flavor.txt,archive-artifact,.txt,native-text,3657,DIRECT_TEXT,True,,,,,,
EARLY LOGGED/2025-10-24sat0.txt,archive-artifact,.txt,native-text,4908,DIRECT_TEXT,True,,,,,,
EARLY LOGGED/A reaction.txt,archive-artifact,.txt,native-text,6387,DIRECT_TEXT,True,,,,,,
EARLY LOGGED/Act Plan.txt,archive-artifact,.txt,native-text,3160,DIRECT_TEXT,True,,,,,,
EARLY LOGGED/C2.txt,archive-artifact,.txt,native-text,4744,DIRECT_TEXT,True,,,,,,
EARLY LOGGED/C4.txt,archive-artifact,.txt,native-text,1699,DIRECT_TEXT,True,,,,,,
EARLY LOGGED/Chronophysical_Theory_Structure.txt,archive-artifact,.txt,native-text,2190,DIRECT_TEXT,True,,,,,,
EARLY LOGGED/Cronin Levin SAT.txt.txt,archive-artifact,.txt,native-text,29727,DIRECT_TEXT,True,,,,,,
EARLY LOGGED/FAM.txt,archive-artifact,.txt,native-text,3658,DIRECT_TEXT,True,,,,,,
EARLY LOGGED/GodelianFix.txt,archive-artifact,.txt,native-text,66292,DIRECT_TEXT,True,,,,,,
EARLY LOGGED/LeeCronin.txt,archive-artifact,.txt,native-text,53673,DIRECT_TEXT,True,,,,,,
EARLY LOGGED/Levin.txt,archive-artifact,.txt,native-text,152008,DIRECT_TEXT,True,,,,,,
EARLY LOGGED/Made of.txt.txt,archive-artifact,.txt,native-text,452216,DIRECT_TEXT,True,,,,,,
EARLY LOGGED/Misc RMS.txt,archive-artifact,.txt,native-text,391,DIRECT_TEXT,True,,,,,,
EARLY LOGGED/Module_O8_Audit_Combined 2.txt,archive-artifact,.txt,native-text,17299,DIRECT_TEXT,True,,,,,,
EARLY LOGGED/Module_O8_Audit_Combined 3.txt,archive-artifact,.txt,native-text,17299,DIRECT_TEXT,True,,,,,,
EARLY LOGGED/Module_O8_Audit_Combined.txt,archive-artifact,.txt,native-text,17299,DIRECT_TEXT,True,,,,,,
EARLY LOGGED/Nautilus Article Full.txt,archive-artifact,.txt,native-text,97955,DIRECT_TEXT,True,,,,,,
EARLY LOGGED/PodcastReboot.txt,archive-artifact,.txt,native-text,14376,DIRECT_TEXT,True,,,,,,
EARLY LOGGED/RMS2.txt,archive-artifact,.txt,native-text,14915,DIRECT_TEXT,True,,,,,,
EARLY LOGGED/RMS_Canonical2.txt,archive-artifact,.txt,native-text,1921802,DIRECT_TEXT,True,,,,,,
EARLY LOGGED/Refutness .txt,archive-artifact,.txt,native-text,6153,DIRECT_TEXT,True,,,,,,
EARLY LOGGED/SAT O3.1.txt,archive-artifact,.txt,native-text,4517,DIRECT_TEXT,True,,,,,,
EARLY LOGGED/SAT OVERVIEW 17Jun2025.txt,archive-artifact,.txt,native-text,24587,DIRECT_TEXT,True,,,,,,
EARLY LOGGED/SAT.4D Sketch.txt,archive-artifact,.txt,native-text,69116,DIRECT_TEXT,True,,,,,,
EARLY LOGGED/SAT2025-sat-gauge-lie.txt.tex,archive-artifact,.tex,native-text,4519,DIRECT_TEXT,True,,,,,,
EARLY LOGGED/SAT4Dovervoew.txt.txt,archive-artifact,.txt,native-text,15873,DIRECT_TEXT,True,,,,,,
EARLY LOGGED/SATCoMast v2.txt,archive-artifact,.txt,native-text,6262,DIRECT_TEXT,True,,,,,,
EARLY LOGGED/SATO-4D.pdf,archive-artifact,.pdf,pdf,1985630,NEEDS_EXTRACTION,True,,,,,,
EARLY LOGGED/SATO-COMPLIANCE-MOD.txt.py,archive-artifact,.py,native-text,1606,DIRECT_TEXT,True,,,,,,
EARLY LOGGED/SATO-scattering.txt,archive-artifact,.txt,native-text,3375,DIRECT_TEXT,True,,,,,,
EARLY LOGGED/SATW_PhaseDiagram_Theta_vs_Mass.png,archive-artifact,.png,image,192630,NEEDS_EXTRACTION,True,,,,,,
EARLY LOGGED/SAT_CLEAN.pdf,archive-artifact,.pdf,pdf,9,DERIVED_TEXT_AVAILABLE,True,LEGACY_NAME_MATCH,_AUTO_EXTRACTED_TEXT/SAT_CLEAN.txt,legacy-basename-unique,,,
EARLY LOGGED/SAT_CORE_4D_structure_lock 2.py,archive-artifact,.py,native-text,6170,DIRECT_TEXT,True,,,,,,
EARLY LOGGED/SAT_CORE_4D_structure_lock 3.py,archive-artifact,.py,native-text,6170,DIRECT_TEXT,True,,,,,,
EARLY LOGGED/SAT_COSMOLOGY_ShearDrivenExpansion.py,archive-artifact,.py,native-text,606,DIRECT_TEXT,True,,,,,,
EARLY LOGGED/SAT_COSMOLOGY_module.txt,archive-artifact,.txt,native-text,1598,DIRECT_TEXT,True,,,,,,
EARLY LOGGED/SAT_D1_1_DiracThetaCoupling.py,archive-artifact,.py,native-text,1149,DIRECT_TEXT,True,,,,,,
EARLY LOGGED/SAT_D1_2_DiracCovariant.py,archive-artifact,.py,native-text,1499,DIRECT_TEXT,True,,,,,,
EARLY LOGGED/SAT_D2_0_TripletBundle.py,archive-artifact,.py,native-text,1386,DIRECT_TEXT,True,,,,,,
EARLY LOGGED/SAT_D2_1_TripletGaugeCoupling.py,archive-artifact,.py,native-text,1661,DIRECT_TEXT,True,,,,,,
EARLY LOGGED/SAT_D2_2_TripletCommutators.py,archive-artifact,.py,native-text,888,DIRECT_TEXT,True,,,,,,
EARLY LOGGED/SAT_D2_3_TripletFieldStrength.py,archive-artifact,.py,native-text,1294,DIRECT_TEXT,True,,,,,,
EARLY LOGGED/SAT_D3_1_CurvedDiracVariation.py,archive-artifact,.py,native-text,1447,DIRECT_TEXT,True,,,,,,
EARLY LOGGED/SAT_D3_2_CurvedEigenmodes.py,archive-artifact,.py,native-text,838,DIRECT_TEXT,True,,,,,,
EARLY LOGGED/SAT_D3_CurvedBundleSuite.json,archive-artifact,.json,native-text,703,DIRECT_TEXT,True,,,,,,
EARLY LOGGED/SAT_D4_1_SelfInteractionVariation.py,archive-artifact,.py,native-text,797,DIRECT_TEXT,True,,,,,,
EARLY LOGGED/SAT_D4_2_EffectivePotential.py,archive-artifact,.py,native-text,980,DIRECT_TEXT,True,,,,,,
EARLY LOGGED/SAT_D5_1_EntropyRate.py,archive-artifact,.py,native-text,935,DIRECT_TEXT,True,,,,,,
EARLY LOGGED/SAT_D6_0_CosmologyFromStrain.py,archive-artifact,.py,native-text,840,DIRECT_TEXT,True,,,,,,
EARLY LOGGED/SAT_D6_1_CosmologySolver.py,archive-artifact,.py,native-text,906,DIRECT_TEXT,True,,,,,,
EARLY LOGGED/SAT_D6_CosmologySuite.json,archive-artifact,.json,native-text,419,DIRECT_TEXT,True,,,,,,
EARLY LOGGED/SAT_D7_SpinorTopologySuite.json,archive-artifact,.json,native-text,588,DIRECT_TEXT,True,,,,,,
EARLY LOGGED/SAT_D8_0_TopologicalFluctuation.py,archive-artifact,.py,native-text,722,DIRECT_TEXT,True,,,,,,
EARLY LOGGED/SAT_D8_1_ModeQuantization 2.py,archive-artifact,.py,native-text,843,DIRECT_TEXT,True,,,,,,
EARLY LOGGED/SAT_D8_1_ModeQuantization.py,archive-artifact,.py,native-text,843,DIRECT_TEXT,True,,,,,,
EARLY LOGGED/SAT_DERIVATIONS_INDEX.txt,archive-artifact,.txt,native-text,1552,DIRECT_TEXT,True,,,,,,
EARLY LOGGED/SAT_DERIVED_COMPENDIUM_v1.json,archive-artifact,.json,native-text,1136,DIRECT_TEXT,True,,,,,,
EARLY LOGGED/SAT_Extended_Cobordism_Framework.txt,archive-artifact,.txt,native-text,2033,DIRECT_TEXT,True,,,,,,
EARLY LOGGED/SAT_GLOSSARY_MODEL_INDEX_v11.txt,archive-artifact,.txt,native-text,5028,DIRECT_TEXT,True,,,,,,
EARLY LOGGED/SAT_GLOSSARY_MODEL_INDEX_v5.txt,archive-artifact,.txt,native-text,4446,DIRECT_TEXT,True,,,,,,
EARLY LOGGED/SAT_GLOSSARY_MODEL_INDEX_v6.txt,archive-artifact,.txt,native-text,5432,DIRECT_TEXT,True,,,,,,
EARLY LOGGED/SAT_Moduli_Topology_Quantization_Triad.txt,archive-artifact,.txt,native-text,2771,DIRECT_TEXT,True,,,,,,
EARLY LOGGED/SAT_O1_Audit_Package.txt,archive-artifact,.txt,native-text,2561,DIRECT_TEXT,True,,,,,,
EARLY LOGGED/SAT_O3.1_topology_gauge_lie_algebras 2.tex,archive-artifact,.tex,native-text,4519,DIRECT_TEXT,True,,,,,,
EARLY LOGGED/SAT_O4_AUDIT_Results.txt,archive-artifact,.txt,native-text,5020,DIRECT_TEXT,True,,,,,,
EARLY LOGGED/SAT_O8_AUDIT_Results.txt,archive-artifact,.txt,native-text,31942,DIRECT_TEXT,True,,,,,,
EARLY LOGGED/SAT_Phase_Shift_Control_Patch.txt,archive-artifact,.txt,native-text,1464,DIRECT_TEXT,True,,,,,,
EARLY LOGGED/SAT_QMC_MassCoupling.txt,archive-artifact,.txt,native-text,2126,DIRECT_TEXT,True,,,,,,
EARLY LOGGED/SAT_Status_Report.txt,archive-artifact,.txt,native-text,2457,DIRECT_TEXT,True,,,,,,
EARLY LOGGED/SAT_TRANSLATION_COMPENDIUM.tex,archive-artifact,.tex,native-text,737,DIRECT_TEXT,True,,,,,,
EARLY LOGGED/SAT_glossary_17jun2025_wrapped.txt,archive-artifact,.txt,native-text,2056,DIRECT_TEXT,True,,,,,,
EARLY LOGGED/SAT_json_.txt.json,archive-artifact,.json,native-text,1246,DIRECT_TEXT,True,,,,,,
EARLY LOGGED/SAT_quantum1.txt,archive-artifact,.txt,native-text,3180,DIRECT_TEXT,True,,,,,,
EARLY LOGGED/SAT_section_exotic.tex,archive-artifact,.tex,native-text,3602,DIRECT_TEXT,True,,,,,,
EARLY LOGGED/SAT_section_gauge_ratios.tex,archive-artifact,.tex,native-text,2437,DIRECT_TEXT,True,,,,,,
EARLY LOGGED/SAT_section_meson_widths.tex,archive-artifact,.tex,native-text,3036,DIRECT_TEXT,True,,,,,,
EARLY LOGGED/Sat2025-pred.txt.txt,archive-artifact,.txt,native-text,11354,DIRECT_TEXT,True,,,,,,
EARLY LOGGED/Sato py.txt,archive-artifact,.txt,native-text,175468,DIRECT_TEXT,True,,,,,,
EARLY LOGGED/Sato python.txt,archive-artifact,.txt,native-text,175468,DIRECT_TEXT,True,,,,,,
EARLY LOGGED/Sato-ledger.txt.md,archive-artifact,.md,native-text,2827,DIRECT_TEXT,True,,,,,,
EARLY LOGGED/Satopy.txt.txt,archive-artifact,.txt,native-text,266740,DIRECT_TEXT,True,,,,,,
EARLY LOGGED/Tax of perc.txt.txt,archive-artifact,.txt,native-text,665,DIRECT_TEXT,True,,,,,,
EARLY LOGGED/The radical insight of SAT.txt,archive-artifact,.txt,native-text,64186,DIRECT_TEXT,True,,,,,,
EARLY LOGGED/Zhup.txt.txt,archive-artifact,.txt,native-text,6919,DIRECT_TEXT,True,,,,,,
EARLY LOGGED/concordance_colab_block_1.py,archive-artifact,.py,native-text,191,DIRECT_TEXT,True,,,,,,
EARLY LOGGED/concordance_colab_block_3_expanded.py,archive-artifact,.py,native-text,4399,DIRECT_TEXT,True,,,,,,
EARLY LOGGED/ensemble_average.py,archive-artifact,.py,native-text,794,DIRECT_TEXT,True,,,,,,
EARLY LOGGED/optics_standard_model.png,archive-artifact,.png,image,35353,NEEDS_EXTRACTION,True,,,,,,
EARLY LOGGED/param_mapping.py,archive-artifact,.py,native-text,612,DIRECT_TEXT,True,,,,,,
ENGINE_OUTPUTS/BEST_OF_RUN_20260709_161016/Batch_Physics_Summary.csv,archive-artifact,.csv,native-text,97,DIRECT_TEXT,True,,,,,,
ENGINE_OUTPUTS/BEST_OF_RUN_20260709_161108/Batch_Physics_Summary.csv,archive-artifact,.csv,native-text,124,DIRECT_TEXT,True,,,,,,
ENGINE_OUTPUTS/OBSERVATORY_RUN_20260709_022243/000000001_capture.png,archive-artifact,.png,image,425274,NEEDS_EXTRACTION,True,,,,,,
ENGINE_OUTPUTS/STABLE_RUN_20260709_030652/000000029_snap.png,archive-artifact,.png,image,227153,NEEDS_EXTRACTION,True,,,,,,
EXPLAINING PHYSICS TO NATHAN.txt,archive-artifact,.txt,native-text,3696,DIRECT_TEXT,True,,,,,,
Early Misc/4D_THINKING.txt,archive-artifact,.txt,native-text,254035,DIRECT_TEXT,True,,,,,,
Early Misc/AN INDULGENCE.txt,archive-artifact,.txt,native-text,354263,DIRECT_TEXT,True,,,,,,
Early Misc/BIOLOGICAL IMPLICATIONS OF SAT.txt,archive-artifact,.txt,native-text,16096,DIRECT_TEXT,True,,,,,,
Early Misc/BrainTrustFULL.txt,archive-artifact,.txt,native-text,300538,DIRECT_TEXT,True,,,,,,
Early Misc/BrainTrust_v2_Example1.png,archive-artifact,.png,image,74515,NEEDS_EXTRACTION,True,,,,,,
Early Misc/BrainTrust_v2_Example2.png,archive-artifact,.png,image,74010,NEEDS_EXTRACTION,True,,,,,,
Early Misc/BrainTrust_v2_Initiation.png,archive-artifact,.png,image,147291,NEEDS_EXTRACTION,True,,,,,,
Early Misc/CARROLL-HAWKING DISCO.txt,archive-artifact,.txt,native-text,1049682,DIRECT_TEXT,True,,,,,,
Early Misc/Chronophysical_Proposition_Executive_Summary.txt,archive-artifact,.txt,native-text,3917,DIRECT_TEXT,True,,,,,,
Early Misc/Chronophysical_Proposition_Full_Diagnostic.txt,archive-artifact,.txt,native-text,1395,DIRECT_TEXT,True,,,,,,
Early Misc/EMERITUS_CP Responses.txt,archive-artifact,.txt,native-text,11402,DIRECT_TEXT,True,,,,,,
Early Misc/GPT_Tools_and_SAT-Naive_Analysis_Captions_FINAL_SAFE.pdf,archive-artifact,.pdf,pdf,695372,DERIVED_TEXT_AVAILABLE,True,LEGACY_NAME_MATCH,_AUTO_EXTRACTED_TEXT/GPT_Tools_and_SAT-Naive_Analysis_Captions_FINAL_SAFE.txt,legacy-basename-unique,,,
Early Misc/InputDef.txt,archive-artifact,.txt,native-text,3196,DIRECT_TEXT,True,,,,,,
Early Misc/L2-2d.txt,archive-artifact,.txt,native-text,330,DIRECT_TEXT,True,,,,,,
Early Misc/LAB1_code.txt,archive-artifact,.txt,native-text,17307,DIRECT_TEXT,True,,,,,,
Early Misc/LAB2_SAT_Dirac_Brackets_And_Closure_3D.pdf,archive-artifact,.pdf,pdf,2275,DERIVED_TEXT_AVAILABLE,True,LEGACY_NAME_MATCH,_AUTO_EXTRACTED_TEXT/LAB2_SAT_Dirac_Brackets_And_Closure_3D.txt,legacy-basename-unique,,,
Early Misc/Lab1 Output to NLM (notebooklm).txt,archive-artifact,.txt,native-text,1945,DIRECT_TEXT,True,,,,,,
Early Misc/Lab2 Output to NLM (NotebookLM).txt,archive-artifact,.txt,native-text,3115,DIRECT_TEXT,True,,,,,,
Early Misc/MAY21 Phase IV Completion.txt,archive-artifact,.txt,native-text,37374,DIRECT_TEXT,True,,,,,,
Early Misc/MAY21 STATUS+TODO.txt,archive-artifact,.txt,native-text,5694,DIRECT_TEXT,True,,,,,,
Early Misc/Mar23.2024 - DIMENSIONAL GRAVITY - iPhone_Screenshot - bellomy.txt,archive-artifact,.txt,native-text,212698,DIRECT_TEXT,True,,,,,,
Early Misc/NLM(NotebookLM)_CP Results.txt,archive-artifact,.txt,native-text,10508,DIRECT_TEXT,True,,,,,,
Early Misc/README — SAT METAMATICIAN IDENTITY & MISSION DECLARATION.txt,archive-artifact,.txt,native-text,9622,DIRECT_TEXT,True,,,,,,
Early Misc/REPORT1-rough.txt,archive-artifact,.txt,native-text,6071,DIRECT_TEXT,True,,,,,,
Early Misc/REPORT1.txt,archive-artifact,.txt,native-text,80287,DIRECT_TEXT,True,,,,,,
Early Misc/REPORT1_DRAFT.txt,archive-artifact,.txt,native-text,36442,DIRECT_TEXT,True,,,,,,
Early Misc/THE NUGGETS.txt,archive-artifact,.txt,native-text,10685,DIRECT_TEXT,True,,,,,,
Early Misc/THREAD1 ACTIVE INTERFACE.txt,archive-artifact,.txt,native-text,4538,DIRECT_TEXT,True,,,,,,
Early Misc/THREAD1 First Qs.txt,archive-artifact,.txt,native-text,4857,DIRECT_TEXT,True,,,,,,
Early Misc/THREAD2 ACTIVE INTERFACE.txt,archive-artifact,.txt,native-text,7816,DIRECT_TEXT,True,,,,,,
Early Misc/THREAD2.txt,archive-artifact,.txt,native-text,5863,DIRECT_TEXT,True,,,,,,
Early Misc/TauTwistPodcast.txt,archive-artifact,.txt,native-text,5952,DIRECT_TEXT,True,,,,,,
Early Misc/Tests+Predictions.txt,archive-artifact,.txt,native-text,233092,DIRECT_TEXT,True,,,,,,
Early Misc/TheorizerEmeritus (former ActiveEdgeGPT).txt,archive-artifact,.txt,native-text,761947,DIRECT_TEXT,True,,,,,,
Early Misc/Theorizer_Emeritus_SAT_Development_Annotated.pdf,archive-artifact,.pdf,pdf,524933,DERIVED_TEXT_AVAILABLE,True,LEGACY_NAME_MATCH,_AUTO_EXTRACTED_TEXT/Theorizer_Emeritus_SAT_Development_Annotated.txt,legacy-basename-unique,,,
Early Misc/Thread1todate.txt,archive-artifact,.txt,native-text,45516,DIRECT_TEXT,True,,,,,,
Early Misc/Thread2todate.txt,archive-artifact,.txt,native-text,59917,DIRECT_TEXT,True,,,,,,
Early Misc/Wavefront_BrainTrust_Captioned.pdf,archive-artifact,.pdf,pdf,420035,DERIVED_TEXT_AVAILABLE,True,LEGACY_NAME_MATCH,_AUTO_EXTRACTED_TEXT/Wavefront_BrainTrust_Captioned.txt,legacy-basename-unique,,,
Early SAT/A reaction.txt,archive-artifact,.txt,native-text,6387,DIRECT_TEXT,True,,,,,,
Early SAT/BRAIN OPACITY.txt,archive-artifact,.txt,native-text,293119,DIRECT_TEXT,True,,,,,,
Early SAT/CONSCI.txt,archive-artifact,.txt,native-text,214756,DIRECT_TEXT,True,,,,,,
Early SAT/Critique response.txt,archive-artifact,.txt,native-text,136455,DIRECT_TEXT,True,,,,,,
Early SAT/Cronin Levin SAT.txt,archive-artifact,.txt,native-text,10909,DIRECT_TEXT,True,,,,,,
Early SAT/EARLIEST AI DISCUSSIONS.txt,archive-artifact,.txt,native-text,669034,DIRECT_TEXT,True,,,,,,
Early SAT/GLOSSARY (LIVE).txt,archive-artifact,.txt,native-text,1896,DIRECT_TEXT,True,,,,,,
Early SAT/INCORPORATION.txt,archive-artifact,.txt,native-text,11932,DIRECT_TEXT,True,,,,,,
Early SAT/RMS&SAT.txt,archive-artifact,.txt,native-text,29727,DIRECT_TEXT,True,,,,,,
Early SAT/SAT & String Theory.txt,archive-artifact,.txt,native-text,127384,DIRECT_TEXT,True,,,,,,
Early SAT/SAT FORMALIZATION doc.txt,archive-artifact,.txt,native-text,60654,DIRECT_TEXT,True,,,,,,
Early SAT/SAT Overview .txt,archive-artifact,.txt,native-text,127384,DIRECT_TEXT,True,,,,,,
Early SAT/SAT Reformulation & Fine Structure Comstant.txt,archive-artifact,.txt,native-text,432885,DIRECT_TEXT,True,,,,,,
Early SAT/SAT intro.txt,archive-artifact,.txt,native-text,137112,DIRECT_TEXT,True,,,,,,
Early SAT/Weinstein & SAT.txt,archive-artifact,.txt,native-text,35838,DIRECT_TEXT,True,,,,,,
Early SAT/j_phys-2020-0111_fig_010-979198401.jpg,archive-artifact,.jpg,image,146829,NEEDS_EXTRACTION,True,,,,,,
Early SAT/recursive_multi_ai_convo.txt,archive-artifact,.txt,native-text,63236,DIRECT_TEXT,True,,,,,,
Early_Code_Outputs_Documented.pdf,archive-artifact,.pdf,pdf,581266,DERIVED_TEXT_AVAILABLE,True,OK,_AUTO_EXTRACTED_TEXT/Early_Code_Outputs_Documented.txt,manifest-exact,PyMuPDF,1158,_AUTO_EXTRACTED_TEXT/_manifests/2026-09-10_root_pdf_extraction_pass_002.json
Einstein-Rosen Bridges — raw.json,archive-artifact,.json,native-text,344171,DIRECT_TEXT,True,,,,,,
Episodess.txt,archive-artifact,.txt,native-text,19392,DIRECT_TEXT,True,,,,,,
Equation Breakdown Topological Tension — raw.json,archive-artifact,.json,native-text,558230,DIRECT_TEXT,True,,,,,,
FINAL AUDIT PRE-CONDITIONING 2.pdf,archive-artifact,.pdf,pdf,645414,DERIVED_TEXT_AVAILABLE,True,OK,_AUTO_EXTRACTED_TEXT/FINAL AUDIT PRE-CONDITIONING 2.txt,manifest-exact,PyMuPDF,167846,_AUTO_EXTRACTED_TEXT/_manifests/2026-09-10_root_pdf_extraction_pass_002.json
FINAL AUDIT PRE-CONDITIONING.pdf,archive-artifact,.pdf,pdf,645414,DERIVED_TEXT_AVAILABLE,True,OK,_AUTO_EXTRACTED_TEXT/FINAL AUDIT PRE-CONDITIONING.txt,manifest-exact,PyMuPDF,167846,_AUTO_EXTRACTED_TEXT/_manifests/2026-09-10_root_pdf_extraction_pass_002.json
FINAL.pdf,archive-artifact,.pdf,pdf,495821,DERIVED_TEXT_AVAILABLE,True,OK,_AUTO_EXTRACTED_TEXT/FINAL.txt,manifest-exact,PyMuPDF,41487,_AUTO_EXTRACTED_TEXT/_manifests/2026-09-10_root_pdf_extraction_pass_002.json
FINAL_CLOSURE.pdf,archive-artifact,.pdf,pdf,0,NEEDS_EXTRACTION,True,,,,,,
FINDING THE DONUT (nolat).pdf,archive-artifact,.pdf,pdf,194100,DERIVED_TEXT_AVAILABLE,True,OK,_AUTO_EXTRACTED_TEXT/FINDING THE DONUT (nolat).txt,manifest-exact,PyMuPDF,56327,_AUTO_EXTRACTED_TEXT/_manifests/2026-09-10_root_pdf_extraction_pass_002.json
FIRST PUBLIC MENTION SAT DAI -- WHAT IS THOUGHT MADE OF.txt,archive-artifact,.txt,native-text,19641,DIRECT_TEXT,True,,,,,,
FOR & AGAINST.txt,archive-artifact,.txt,native-text,9452,DIRECT_TEXT,True,,,,,,
FORMALIZATION DEVELOPMENTS/ACTUAL.txt,archive-artifact,.txt,native-text,81771,DIRECT_TEXT,True,,,,,,
FORMALIZATION DEVELOPMENTS/CHRONOPHYSICAL PROPOSITION/Chronophysical_Proposition_Executive_Summary.txt,archive-artifact,.txt,native-text,3917,DIRECT_TEXT,True,,,,,,
FORMALIZATION DEVELOPMENTS/CHRONOPHYSICAL PROPOSITION/Chronophysical_Proposition_Full_Diagnostic.txt,archive-artifact,.txt,native-text,1395,DIRECT_TEXT,True,,,,,,
FORMALIZATION DEVELOPMENTS/DEV CONVERSATION/1.txt,archive-artifact,.txt,native-text,2696,DIRECT_TEXT,True,,,,,,
FORMALIZATION DEVELOPMENTS/DEV CONVERSATION/2.txt,archive-artifact,.txt,native-text,3464,DIRECT_TEXT,True,,,,,,
FORMALIZATION DEVELOPMENTS/DEV CONVERSATION/3.txt,archive-artifact,.txt,native-text,4939,DIRECT_TEXT,True,,,,,,
FORMALIZATION DEVELOPMENTS/DEV CONVERSATION/4.txt,archive-artifact,.txt,native-text,5230,DIRECT_TEXT,True,,,,,,
FORMALIZATION DEVELOPMENTS/DEV CONVERSATION/5.txt,archive-artifact,.txt,native-text,3629,DIRECT_TEXT,True,,,,,,
FORMALIZATION DEVELOPMENTS/DEV CONVERSATION/6.txt,archive-artifact,.txt,native-text,7074,DIRECT_TEXT,True,,,,,,
FORMALIZATION DEVELOPMENTS/DEV CONVERSATION/7.txt,archive-artifact,.txt,native-text,6918,DIRECT_TEXT,True,,,,,,
FORMALIZATION DEVELOPMENTS/DEV CONVERSATION/8.txt,archive-artifact,.txt,native-text,5070,DIRECT_TEXT,True,,,,,,
FORMALIZATION DEVELOPMENTS/FULL_MASSSPEC.txt,archive-artifact,.txt,native-text,3110,DIRECT_TEXT,True,,,,,,
FORMALIZATION DEVELOPMENTS/ITS_A_GO.png,archive-artifact,.png,image,2725053,NEEDS_EXTRACTION,True,,,,,,
FORMALIZATION DEVELOPMENTS/LEAN CHECK_drafts/FULL_THEORY_LEANCHECK_draft.txt,archive-artifact,.txt,native-text,4720,DIRECT_TEXT,True,,,,,,
FORMALIZATION DEVELOPMENTS/LEAN CHECK_drafts/LEANCHECK.txt,archive-artifact,.txt,native-text,5300,DIRECT_TEXT,True,,,,,,
FORMALIZATION DEVELOPMENTS/LEAN CHECK_drafts/LEANCHECK_massSpec_basic.txt,archive-artifact,.txt,native-text,1756,DIRECT_TEXT,True,,,,,,
FORMALIZATION DEVELOPMENTS/LEAN CHECK_drafts/LEANCHECK_massSpectrum.txt,archive-artifact,.txt,native-text,2040,DIRECT_TEXT,True,,,,,,
FORMALIZATION DEVELOPMENTS/LEAN CHECK_drafts/LEANCHECK_notebook.txt,archive-artifact,.txt,native-text,4527,DIRECT_TEXT,True,,,,,,
FORMALIZATION DEVELOPMENTS/LEAN CHECK_drafts/SATO-BLOCKWAVE_leancheck.txt,archive-artifact,.txt,native-text,8079,DIRECT_TEXT,True,,,,,,
FORMALIZATION DEVELOPMENTS/LEAN CHECK_drafts/leancheck1.txt,archive-artifact,.txt,native-text,8079,DIRECT_TEXT,True,,,,,,
FORMALIZATION DEVELOPMENTS/LEAN CHECK_drafts/leancheck_support.txt,archive-artifact,.txt,native-text,1930,DIRECT_TEXT,True,,,,,,
FORMALIZATION DEVELOPMENTS/SATOBLOCK_FULLTHEORY_leancheck.txt,archive-artifact,.txt,native-text,3705,DIRECT_TEXT,True,,,,,,
FORMALIZATION DEVELOPMENTS/SATOBLOCK_nostring.txt,archive-artifact,.txt,native-text,4596,DIRECT_TEXT,True,,,,,,
FORMALIZATION DEVELOPMENTS/SATOBLOCK_operationalized.txt,archive-artifact,.txt,native-text,4186,DIRECT_TEXT,True,,,,,,
FOUNDATIONAL.txt,archive-artifact,.txt,native-text,7971,DIRECT_TEXT,True,,,,,,
FREEFORM DISCUSSION/ACTION_PLAN.txt,archive-artifact,.txt,native-text,2853,DIRECT_TEXT,True,,,,,,
FREEFORM DISCUSSION/ACTIVATOR MODES.txt,archive-artifact,.txt,native-text,18642,DIRECT_TEXT,True,,,,,,
FREEFORM DISCUSSION/ACTUAL.txt,archive-artifact,.txt,native-text,81771,DIRECT_TEXT,True,,,,,,
FREEFORM DISCUSSION/AIWorkflow.txt,archive-artifact,.txt,native-text,31648,DIRECT_TEXT,True,,,,,,
FREEFORM DISCUSSION/AN INDULGENCE.txt,archive-artifact,.txt,native-text,354263,DIRECT_TEXT,True,,,,,,
FREEFORM DISCUSSION/ActiveEdge_vNext.text,archive-artifact,.text,other-binary-or-unknown,806310,UNKNOWN_OR_BINARY,True,,,,,,
FREEFORM DISCUSSION/Appendix.txt,archive-artifact,.txt,native-text,28775,DIRECT_TEXT,True,,,,,,
FREEFORM DISCUSSION/BIOLOGICAL IMPLICATIONS OF SAT.txt,archive-artifact,.txt,native-text,16096,DIRECT_TEXT,True,,,,,,
FREEFORM DISCUSSION/BULBEK.txt,archive-artifact,.txt,native-text,51341,DIRECT_TEXT,True,,,,,,
FREEFORM DISCUSSION/BrainTrust.txt,archive-artifact,.txt,native-text,143548,DIRECT_TEXT,True,,,,,,
FREEFORM DISCUSSION/BrainTrustFULL.txt,archive-artifact,.txt,native-text,300538,DIRECT_TEXT,True,,,,,,
FREEFORM DISCUSSION/CARROLL-HAWKING DISCO.txt,archive-artifact,.txt,native-text,1049682,DIRECT_TEXT,True,,,,,,
FREEFORM DISCUSSION/CHAT 1.0.2 DATE.txt,archive-artifact,.txt,native-text,3246706,DIRECT_TEXT,True,,,,,,
FREEFORM DISCUSSION/CHAT 1.25.2.3 DATE.txt,archive-artifact,.txt,native-text,1977068,DIRECT_TEXT,True,,,,,,
FREEFORM DISCUSSION/CHAT 1.5 DATE.txt,archive-artifact,.txt,native-text,2189110,DIRECT_TEXT,True,,,,,,
FREEFORM DISCUSSION/CHAT 1.5.2 DATE.txt,archive-artifact,.txt,native-text,2860365,DIRECT_TEXT,True,,,,,,
FREEFORM DISCUSSION/CHAT 1.5.3 DATE.txt,archive-artifact,.txt,native-text,1457605,DIRECT_TEXT,True,,,,,,
FREEFORM DISCUSSION/CHAT 1.75.2 DATE.txt,archive-artifact,.txt,native-text,3738810,DIRECT_TEXT,True,,,,,,
FREEFORM DISCUSSION/COLAB_Code.txt,archive-artifact,.txt,native-text,14034,DIRECT_TEXT,True,,,,,,
FREEFORM DISCUSSION/CURRENT MISSION.txt,archive-artifact,.txt,native-text,2852,DIRECT_TEXT,True,,,,,,
FREEFORM DISCUSSION/ChatGPT_28MAY25_MEMORY.txt,archive-artifact,.txt,native-text,164445,DIRECT_TEXT,True,,,,,,
FREEFORM DISCUSSION/Chronophysical_Proposition_Executive_Summary.txt,archive-artifact,.txt,native-text,3917,DIRECT_TEXT,True,,,,,,
FREEFORM DISCUSSION/Chronophysical_Proposition_Full_Diagnostic.txt,archive-artifact,.txt,native-text,1395,DIRECT_TEXT,True,,,,,,
FREEFORM DISCUSSION/ColabCode.txt,archive-artifact,.txt,native-text,7588,DIRECT_TEXT,True,,,,,,
FREEFORM DISCUSSION/CompositeLogic.txt,archive-artifact,.txt,native-text,1084,DIRECT_TEXT,True,,,,,,
FREEFORM DISCUSSION/ConsensusConsiderations.txt,archive-artifact,.txt,native-text,33472,DIRECT_TEXT,True,,,,,,
FREEFORM DISCUSSION/ConsensusDataMining.txt,archive-artifact,.txt,native-text,22840,DIRECT_TEXT,True,,,,,,
FREEFORM DISCUSSION/ConsensusRound3.txt,archive-artifact,.txt,native-text,27798,DIRECT_TEXT,True,,,,,,
FREEFORM DISCUSSION/CoreBundle.txt,archive-artifact,.txt,native-text,1993,DIRECT_TEXT,True,,,,,,
FREEFORM DISCUSSION/Cronin Levin SAT(1).txt,archive-artifact,.txt,native-text,10909,DIRECT_TEXT,True,,,,,,
FREEFORM DISCUSSION/Cronin Levin SAT.txt,archive-artifact,.txt,native-text,10909,DIRECT_TEXT,True,,,,,,
FREEFORM DISCUSSION/EINSTEIN_SELBST_ERKLAERUNG.txt,archive-artifact,.txt,native-text,323075,DIRECT_TEXT,True,,,,,,
FREEFORM DISCUSSION/EINSTEIN_UBERBLICK.txt,archive-artifact,.txt,native-text,17226,DIRECT_TEXT,True,,,,,,
FREEFORM DISCUSSION/EMERITUS_CODE.txt,archive-artifact,.txt,native-text,6808,DIRECT_TEXT,True,,,,,,
FREEFORM DISCUSSION/EMERITUS_CP Responses.txt,archive-artifact,.txt,native-text,11402,DIRECT_TEXT,True,,,,,,
FREEFORM DISCUSSION/EMULATOR SPECS.txt,archive-artifact,.txt,native-text,3228,DIRECT_TEXT,True,,,,,,
FREEFORM DISCUSSION/FLAGS.txt,archive-artifact,.txt,native-text,1093,DIRECT_TEXT,True,,,,,,
FREEFORM DISCUSSION/Flow2o.txt,archive-artifact,.txt,native-text,14803,DIRECT_TEXT,True,,,,,,
FREEFORM DISCUSSION/L2-2d.txt,archive-artifact,.txt,native-text,330,DIRECT_TEXT,True,,,,,,
FREEFORM DISCUSSION/LAB1_code.txt,archive-artifact,.txt,native-text,17307,DIRECT_TEXT,True,,,,,,
FREEFORM DISCUSSION/LAB2_code.txt,archive-artifact,.txt,native-text,33940,DIRECT_TEXT,True,,,,,,
FREEFORM DISCUSSION/Lab1 Output to NLM.txt,archive-artifact,.txt,native-text,1945,DIRECT_TEXT,True,,,,,,
FREEFORM DISCUSSION/Lab2 Output to NLM.txt,archive-artifact,.txt,native-text,3115,DIRECT_TEXT,True,,,,,,
FREEFORM DISCUSSION/Langan and SAT(1).txt,archive-artifact,.txt,native-text,667946,DIRECT_TEXT,True,,,,,,
FREEFORM DISCUSSION/Langan and SAT.txt,archive-artifact,.txt,native-text,667946,DIRECT_TEXT,True,,,,,,
FREEFORM DISCUSSION/Limits.txt,archive-artifact,.txt,native-text,10097,DIRECT_TEXT,True,,,,,,
FREEFORM DISCUSSION/NLM_CP Results.txt,archive-artifact,.txt,native-text,10508,DIRECT_TEXT,True,,,,,,
FREEFORM DISCUSSION/REPORT1-OUTLINE.txt,archive-artifact,.txt,native-text,5531,DIRECT_TEXT,True,,,,,,
FREEFORM DISCUSSION/REPORT1-rough.txt,archive-artifact,.txt,native-text,6071,DIRECT_TEXT,True,,,,,,
FREEFORM DISCUSSION/REPORT1.txt,archive-artifact,.txt,native-text,80287,DIRECT_TEXT,True,,,,,,
FREEFORM DISCUSSION/REPORT1_DRAFT.txt,archive-artifact,.txt,native-text,36442,DIRECT_TEXT,True,,,,,,
FREEFORM DISCUSSION/RMS-OLD.txt,archive-artifact,.txt,native-text,146585,DIRECT_TEXT,True,,,,,,
FREEFORM DISCUSSION/RMS-TAXO-OLD.txt,archive-artifact,.txt,native-text,20952,DIRECT_TEXT,True,,,,,,
FREEFORM DISCUSSION/SAT DEBUG SHEET.txt,archive-artifact,.txt,native-text,3518,DIRECT_TEXT,True,,,,,,
FREEFORM DISCUSSION/SAT FORMALIZATION ROUND 3ish.txt,archive-artifact,.txt,native-text,22770,DIRECT_TEXT,True,,,,,,
FREEFORM DISCUSSION/SAT HARD FORMULATION.txt,archive-artifact,.txt,native-text,3416,DIRECT_TEXT,True,,,,,,
FREEFORM DISCUSSION/SAT INCEPTION SCRIPTS.txt,archive-artifact,.txt,native-text,4575,DIRECT_TEXT,True,,,,,,
FREEFORM DISCUSSION/SAT INCEPTION.txt,archive-artifact,.txt,native-text,4751,DIRECT_TEXT,True,,,,,,
FREEFORM DISCUSSION/SAT INDEX TERMS.txt,archive-artifact,.txt,native-text,3392,DIRECT_TEXT,True,,,,,,
FREEFORM DISCUSSION/SAT Lagrangian and Variational Derivation.txt,archive-artifact,.txt,native-text,2208,DIRECT_TEXT,True,,,,,,
FREEFORM DISCUSSION/SAT MATH.txt,archive-artifact,.txt,native-text,9445,DIRECT_TEXT,True,,,,,,
FREEFORM DISCUSSION/SAT SCALAR ANGULAR THEORY.txt,archive-artifact,.txt,native-text,306418,DIRECT_TEXT,True,,,,,,
FREEFORM DISCUSSION/SAT WORKABLE PODCAST.txt,archive-artifact,.txt,native-text,6918,DIRECT_TEXT,True,,,,,,
FREEFORM DISCUSSION/SAT-OLD.txt,archive-artifact,.txt,native-text,23774,DIRECT_TEXT,True,,,,,,
FREEFORM DISCUSSION/SATELLITE_DATA_UNSORTED.txt,archive-artifact,.txt,native-text,14769,DIRECT_TEXT,True,,,,,,
FREEFORM DISCUSSION/SATEvolution.txt,archive-artifact,.txt,native-text,592122,DIRECT_TEXT,True,,,,,,
FREEFORM DISCUSSION/SATInterpreted.txt,archive-artifact,.txt,native-text,65752,DIRECT_TEXT,True,,,,,,
FREEFORM DISCUSSION/SAT_Framework_Full_Report_Text.txt,archive-artifact,.txt,native-text,4323,DIRECT_TEXT,True,,,,,,
FREEFORM DISCUSSION/SAT_Framework_Report.tex,archive-artifact,.tex,native-text,1003,DIRECT_TEXT,True,,,,,,
FREEFORM DISCUSSION/SAT_JUN25_SUMMARY.txt,archive-artifact,.txt,native-text,13453,DIRECT_TEXT,True,,,,,,
FREEFORM DISCUSSION/SAT_SATELLITE_ANOMALY_ANALYSIS.txt,archive-artifact,.txt,native-text,35311,DIRECT_TEXT,True,,,,,,
FREEFORM DISCUSSION/SAT_optics_finding.txt,archive-artifact,.txt,native-text,138153,DIRECT_TEXT,True,,,,,,
FREEFORM DISCUSSION/SATx ADDENDUM.txt,archive-artifact,.txt,native-text,37829,DIRECT_TEXT,True,,,,,,
FREEFORM DISCUSSION/SATx ADDENDUM2.txt,archive-artifact,.txt,native-text,36146,DIRECT_TEXT,True,,,,,,
FREEFORM DISCUSSION/SATx ADDENDUM3.txt,archive-artifact,.txt,native-text,486578,DIRECT_TEXT,True,,,,,,
FREEFORM DISCUSSION/SATx Addendum4.txt,archive-artifact,.txt,native-text,115830,DIRECT_TEXT,True,,,,,,
FREEFORM DISCUSSION/SATx STATE OF SAT.txt,archive-artifact,.txt,native-text,225048,DIRECT_TEXT,True,,,,,,
FREEFORM DISCUSSION/SATx-y INSIGHTS.txt,archive-artifact,.txt,native-text,17263,DIRECT_TEXT,True,,,,,,
FREEFORM DISCUSSION/SATx_FULL_PODCAST.txt,archive-artifact,.txt,native-text,100182,DIRECT_TEXT,True,,,,,,
FREEFORM DISCUSSION/SATx_PODCAST_LONG_EDITED.txt,archive-artifact,.txt,native-text,99680,DIRECT_TEXT,True,,,,,,
FREEFORM DISCUSSION/SATx_PODCAST_LONG_EDITED_PRON.txt,archive-artifact,.txt,native-text,99366,DIRECT_TEXT,True,,,,,,
FREEFORM DISCUSSION/SATxyACTIVATOR_DO_NOT_USE.txt,archive-artifact,.txt,native-text,3694,DIRECT_TEXT,True,,,,,,
FREEFORM DISCUSSION/STATE OF SAT.txt,archive-artifact,.txt,native-text,225047,DIRECT_TEXT,True,,,,,,
FREEFORM DISCUSSION/THE LOGIC OF SAT.txt,archive-artifact,.txt,native-text,7531,DIRECT_TEXT,True,,,,,,
FREEFORM DISCUSSION/THREAD1 ACTIVE INTERFACE.txt,archive-artifact,.txt,native-text,4538,DIRECT_TEXT,True,,,,,,
FREEFORM DISCUSSION/THREAD1 First Qs.txt,archive-artifact,.txt,native-text,4857,DIRECT_TEXT,True,,,,,,
FREEFORM DISCUSSION/THREAD1.txt,archive-artifact,.txt,native-text,3819,DIRECT_TEXT,True,,,,,,
FREEFORM DISCUSSION/THREAD2 ACTIVE INTERFACE.txt,archive-artifact,.txt,native-text,7816,DIRECT_TEXT,True,,,,,,
FREEFORM DISCUSSION/THREAD2 First Qs.txt,archive-artifact,.txt,native-text,7481,DIRECT_TEXT,True,,,,,,
FREEFORM DISCUSSION/THREAD2.txt,archive-artifact,.txt,native-text,5863,DIRECT_TEXT,True,,,,,,
FREEFORM DISCUSSION/TauTwistPodcast.txt,archive-artifact,.txt,native-text,5952,DIRECT_TEXT,True,,,,,,
FREEFORM DISCUSSION/TheorizerEmeritus (former ActiveEdgeGPT).txt,archive-artifact,.txt,native-text,761947,DIRECT_TEXT,True,,,,,,
FREEFORM DISCUSSION/Thread1todate.txt,archive-artifact,.txt,native-text,45516,DIRECT_TEXT,True,,,,,,
FREEFORM DISCUSSION/Thread2todate.txt,archive-artifact,.txt,native-text,59917,DIRECT_TEXT,True,,,,,,
FREEFORM DISCUSSION/deep dive prompt.txt,archive-artifact,.txt,native-text,693,DIRECT_TEXT,True,,,,,,
FULL_THEORY.pdf,archive-artifact,.pdf,pdf,222740,DERIVED_TEXT_AVAILABLE,True,OK,_AUTO_EXTRACTED_TEXT/FULL_THEORY.txt,manifest-exact,PyMuPDF,20041,_AUTO_EXTRACTED_TEXT/_manifests/2026-09-10_root_pdf_extraction_pass_002.json
FUN STUFF/GREAT MOMENTS IN PERSONAL SICENCE HISTORY/0. MEMOIR INDEX.txt,archive-artifact,.txt,native-text,3251,DIRECT_TEXT,True,,,,,,
FUN STUFF/GREAT MOMENTS IN PERSONAL SICENCE HISTORY/4D ORGANISM WEIRD SHIT/08304ec9-3547-4347-b992-6a5a01a1a689.png,archive-artifact,.png,image,2102264,NEEDS_EXTRACTION,True,,,,,,
FUN STUFF/GREAT MOMENTS IN PERSONAL SICENCE HISTORY/4D ORGANISM WEIRD SHIT/2000px-Earthquake_wave_shadow_zone.svg-3735637010.png,archive-artifact,.png,image,577128,NEEDS_EXTRACTION,True,,,,,,
FUN STUFF/GREAT MOMENTS IN PERSONAL SICENCE HISTORY/4D ORGANISM WEIRD SHIT/31a96306-74aa-4890-9278-8349561c03bb.png,archive-artifact,.png,image,1598838,NEEDS_EXTRACTION,True,,,,,,
FUN STUFF/GREAT MOMENTS IN PERSONAL SICENCE HISTORY/4D ORGANISM WEIRD SHIT/34ed7541-45a4-45db-925b-2270417b7779.png,archive-artifact,.png,image,2149287,NEEDS_EXTRACTION,True,,,,,,
FUN STUFF/GREAT MOMENTS IN PERSONAL SICENCE HISTORY/4D ORGANISM WEIRD SHIT/4D ORGANISMAL BIOLOGY.txt,archive-artifact,.txt,native-text,49024,DIRECT_TEXT,True,,,,,,
FUN STUFF/GREAT MOMENTS IN PERSONAL SICENCE HISTORY/4D ORGANISM WEIRD SHIT/CELLCapture.PNG,archive-artifact,.png,image,1172307,NEEDS_EXTRACTION,True,,,,,,
FUN STUFF/GREAT MOMENTS IN PERSONAL SICENCE HISTORY/4D ORGANISM WEIRD SHIT/CHCapture.PNG,archive-artifact,.png,image,771935,NEEDS_EXTRACTION,True,,,,,,
FUN STUFF/GREAT MOMENTS IN PERSONAL SICENCE HISTORY/4D ORGANISM WEIRD SHIT/CHROMOCapture.PNG,archive-artifact,.png,image,553396,NEEDS_EXTRACTION,True,,,,,,
FUN STUFF/GREAT MOMENTS IN PERSONAL SICENCE HISTORY/4D ORGANISM WEIRD SHIT/Capture.PNG,archive-artifact,.png,image,1191178,NEEDS_EXTRACTION,True,,,,,,
FUN STUFF/GREAT MOMENTS IN PERSONAL SICENCE HISTORY/4D ORGANISM WEIRD SHIT/Capture6.PNG,archive-artifact,.png,image,103428,NEEDS_EXTRACTION,True,,,,,,
FUN STUFF/GREAT MOMENTS IN PERSONAL SICENCE HISTORY/4D ORGANISM WEIRD SHIT/Capture7.PNG,archive-artifact,.png,image,181522,NEEDS_EXTRACTION,True,,,,,,
FUN STUFF/GREAT MOMENTS IN PERSONAL SICENCE HISTORY/4D ORGANISM WEIRD SHIT/Capture8.PNG,archive-artifact,.png,image,178040,NEEDS_EXTRACTION,True,,,,,,
FUN STUFF/GREAT MOMENTS IN PERSONAL SICENCE HISTORY/4D ORGANISM WEIRD SHIT/IMG_4492.jpeg,archive-artifact,.jpeg,image,812431,NEEDS_EXTRACTION,True,,,,,,
FUN STUFF/GREAT MOMENTS IN PERSONAL SICENCE HISTORY/4D ORGANISM WEIRD SHIT/IMG_4497.jpeg,archive-artifact,.jpeg,image,228443,NEEDS_EXTRACTION,True,,,,,,
FUN STUFF/GREAT MOMENTS IN PERSONAL SICENCE HISTORY/4D ORGANISM WEIRD SHIT/IMG_4499.jpeg,archive-artifact,.jpeg,image,648026,NEEDS_EXTRACTION,True,,,,,,
FUN STUFF/GREAT MOMENTS IN PERSONAL SICENCE HISTORY/4D ORGANISM WEIRD SHIT/IMG_4525.jpeg,archive-artifact,.jpeg,image,739279,NEEDS_EXTRACTION,True,,,,,,
FUN STUFF/GREAT MOMENTS IN PERSONAL SICENCE HISTORY/4D ORGANISM WEIRD SHIT/IMG_4531.jpeg,archive-artifact,.jpeg,image,580123,NEEDS_EXTRACTION,True,,,,,,
FUN STUFF/GREAT MOMENTS IN PERSONAL SICENCE HISTORY/4D ORGANISM WEIRD SHIT/SDFCapture.PNG,archive-artifact,.png,image,1198789,NEEDS_EXTRACTION,True,,,,,,
FUN STUFF/GREAT MOMENTS IN PERSONAL SICENCE HISTORY/4D ORGANISM WEIRD SHIT/WildeZotti.png,archive-artifact,.png,image,2339107,NEEDS_EXTRACTION,True,,,,,,
FUN STUFF/GREAT MOMENTS IN PERSONAL SICENCE HISTORY/4D ORGANISM WEIRD SHIT/Zottenwelt.png,archive-artifact,.png,image,1473926,NEEDS_EXTRACTION,True,,,,,,
FUN STUFF/GREAT MOMENTS IN PERSONAL SICENCE HISTORY/4D ORGANISM WEIRD SHIT/chhCapture.PNG,archive-artifact,.png,image,1235037,NEEDS_EXTRACTION,True,,,,,,
FUN STUFF/GREAT MOMENTS IN PERSONAL SICENCE HISTORY/4D ORGANISM WEIRD SHIT/dfdfeCapture.PNG,archive-artifact,.png,image,1239694,NEEDS_EXTRACTION,True,,,,,,
FUN STUFF/GREAT MOMENTS IN PERSONAL SICENCE HISTORY/4D ORGANISM WEIRD SHIT/internal.PNG,archive-artifact,.png,image,676322,NEEDS_EXTRACTION,True,,,,,,
FUN STUFF/GREAT MOMENTS IN PERSONAL SICENCE HISTORY/4D ORGANISM WEIRD SHIT/meattubeCapture.PNG,archive-artifact,.png,image,1150294,NEEDS_EXTRACTION,True,,,,,,
FUN STUFF/GREAT MOMENTS IN PERSONAL SICENCE HISTORY/4D ORGANISM WEIRD SHIT/netCapture.PNG,archive-artifact,.png,image,1124697,NEEDS_EXTRACTION,True,,,,,,
FUN STUFF/GREAT MOMENTS IN PERSONAL SICENCE HISTORY/4D ORGANISM WEIRD SHIT/orbitsCapture.PNG,archive-artifact,.png,image,1252246,NEEDS_EXTRACTION,True,,,,,,
FUN STUFF/GREAT MOMENTS IN PERSONAL SICENCE HISTORY/4D ORGANISM WEIRD SHIT/t4rthCapture.PNG,archive-artifact,.png,image,479914,NEEDS_EXTRACTION,True,,,,,,
FUN STUFF/GREAT MOMENTS IN PERSONAL SICENCE HISTORY/4D ORGANISM WEIRD SHIT/the performer.PNG,archive-artifact,.png,image,39797,NEEDS_EXTRACTION,True,,,,,,
FUN STUFF/GREAT MOMENTS IN PERSONAL SICENCE HISTORY/4D ORGANISM WEIRD SHIT/vxssCapture.PNG,archive-artifact,.png,image,652762,NEEDS_EXTRACTION,True,,,,,,
FUN STUFF/GREAT MOMENTS IN PERSONAL SICENCE HISTORY/Alberr/text 13.txt,archive-artifact,.txt,native-text,22308,DIRECT_TEXT,True,,,,,,
FUN STUFF/GREAT MOMENTS IN PERSONAL SICENCE HISTORY/Alberr/text 24.txt,archive-artifact,.txt,native-text,298752,DIRECT_TEXT,True,,,,,,
FUN STUFF/GREAT MOMENTS IN PERSONAL SICENCE HISTORY/Alberr/text 25.txt,archive-artifact,.txt,native-text,298752,DIRECT_TEXT,True,,,,,,
FUN STUFF/GREAT MOMENTS IN PERSONAL SICENCE HISTORY/Alberr/text 26.txt,archive-artifact,.txt,native-text,33686,DIRECT_TEXT,True,,,,,,
FUN STUFF/GREAT MOMENTS IN PERSONAL SICENCE HISTORY/Alberr/text 27.txt,archive-artifact,.txt,native-text,55808,DIRECT_TEXT,True,,,,,,
FUN STUFF/GREAT MOMENTS IN PERSONAL SICENCE HISTORY/Alberr/text 28.txt,archive-artifact,.txt,native-text,113857,DIRECT_TEXT,True,,,,,,
FUN STUFF/GREAT MOMENTS IN PERSONAL SICENCE HISTORY/Alberr/text 4.txt,archive-artifact,.txt,native-text,140669,DIRECT_TEXT,True,,,,,,
FUN STUFF/GREAT MOMENTS IN PERSONAL SICENCE HISTORY/Alberr/text 5.txt,archive-artifact,.txt,native-text,130938,DIRECT_TEXT,True,,,,,,
FUN STUFF/GREAT MOMENTS IN PERSONAL SICENCE HISTORY/Alberr/text 7.txt,archive-artifact,.txt,native-text,160028,DIRECT_TEXT,True,,,,,,
FUN STUFF/GREAT MOMENTS IN PERSONAL SICENCE HISTORY/Alberr/text 8.txt,archive-artifact,.txt,native-text,123208,DIRECT_TEXT,True,,,,,,
FUN STUFF/GREAT MOMENTS IN PERSONAL SICENCE HISTORY/BENT N MORE.txt,archive-artifact,.txt,native-text,574215,DIRECT_TEXT,True,,,,,,
FUN STUFF/GREAT MOMENTS IN PERSONAL SICENCE HISTORY/CONSCI.txt,archive-artifact,.txt,native-text,214756,DIRECT_TEXT,True,,,,,,
FUN STUFF/GREAT MOMENTS IN PERSONAL SICENCE HISTORY/CORE  ANECDOTES.txt,archive-artifact,.txt,native-text,120395,DIRECT_TEXT,True,,,,,,
FUN STUFF/GREAT MOMENTS IN PERSONAL SICENCE HISTORY/DRAKE EQ.txt,archive-artifact,.txt,native-text,156188,DIRECT_TEXT,True,,,,,,
FUN STUFF/GREAT MOMENTS IN PERSONAL SICENCE HISTORY/GAPS_ROUGH.txt,archive-artifact,.txt,native-text,8052,DIRECT_TEXT,True,,,,,,
FUN STUFF/GREAT MOMENTS IN PERSONAL SICENCE HISTORY/INDEX_ROUGH.txt,archive-artifact,.txt,native-text,12753,DIRECT_TEXT,True,,,,,,
FUN STUFF/GREAT MOMENTS IN PERSONAL SICENCE HISTORY/JONADS AND JILLS.txt,archive-artifact,.txt,native-text,95478,DIRECT_TEXT,True,,,,,,
FUN STUFF/GREAT MOMENTS IN PERSONAL SICENCE HISTORY/LIST OF TOPICS.txt,archive-artifact,.txt,native-text,8388,DIRECT_TEXT,True,,,,,,
FUN STUFF/GREAT MOMENTS IN PERSONAL SICENCE HISTORY/MEMORY FLAGS.txt,archive-artifact,.txt,native-text,92913,DIRECT_TEXT,True,,,,,,
FUN STUFF/GREAT MOMENTS IN PERSONAL SICENCE HISTORY/MIX TAPES.txt,archive-artifact,.txt,native-text,53410,DIRECT_TEXT,True,,,,,,
FUN STUFF/GREAT MOMENTS IN PERSONAL SICENCE HISTORY/NOTEBOOKLM cosplaying CHATGPT.txt,archive-artifact,.txt,native-text,21798,DIRECT_TEXT,True,,,,,,
FUN STUFF/GREAT MOMENTS IN PERSONAL SICENCE HISTORY/NotebookLM Mind Map (2).png,archive-artifact,.png,image,1775254,NEEDS_EXTRACTION,True,,,,,,
FUN STUFF/GREAT MOMENTS IN PERSONAL SICENCE HISTORY/PSEUDEINSTEIN.txt,archive-artifact,.txt,native-text,3055,DIRECT_TEXT,True,,,,,,
FUN STUFF/GREAT MOMENTS IN PERSONAL SICENCE HISTORY/SCIENCE ANECDOTE CONVO.txt,archive-artifact,.txt,native-text,317025,DIRECT_TEXT,True,,,,,,
FUN STUFF/GREAT MOMENTS IN PERSONAL SICENCE HISTORY/TIMELINE_ROUGH.txt,archive-artifact,.txt,native-text,23371,DIRECT_TEXT,True,,,,,,
FUN STUFF/GREAT MOMENTS IN PERSONAL SICENCE HISTORY/Victorian’s Midnight Cafe – Love Letter To Columbus.txt,archive-artifact,.txt,native-text,5234728,DIRECT_TEXT,True,,,,,,
FUN STUFF/GREAT MOMENTS IN PERSONAL SICENCE HISTORY/alberr-dirrections.txt,archive-artifact,.txt,native-text,50,DIRECT_TEXT,True,,,,,,
FUN STUFF/GREAT MOMENTS IN PERSONAL SICENCE HISTORY/bits_tagged.csv,archive-artifact,.csv,native-text,65930,DIRECT_TEXT,True,,,,,,
Filament onto.txt,archive-artifact,.txt,native-text,107020,DIRECT_TEXT,True,,,,,,
FileIndex.csv,archive-artifact,.csv,native-text,14325,DIRECT_TEXT,True,,,,,,
Freeze SAT Object Hierarchy — raw.json,archive-artifact,.json,native-text,166562,DIRECT_TEXT,True,,,,,,
Friday Research Briefs — raw.json,archive-artifact,.json,native-text,2206305,DIRECT_TEXT,True,,,,,,
GEOMETRIC VISUALIZATION.txt,archive-artifact,.txt,native-text,13840,DIRECT_TEXT,False,,,,,,
GITHUB_8-26_STATS.txt,archive-artifact,.txt,native-text,2762,DIRECT_TEXT,True,,,,,,
GITOPSY.txt,archive-artifact,.txt,native-text,63268,DIRECT_TEXT,True,,,,,,
GITWORLD.txt,archive-artifact,.txt,native-text,254320,DIRECT_TEXT,True,,,,,,
GLITCH (nolat).pdf,archive-artifact,.pdf,pdf,61392,DERIVED_TEXT_AVAILABLE,True,OK,_AUTO_EXTRACTED_TEXT/GLITCH (nolat).txt,manifest-exact,PyMuPDF,13723,_AUTO_EXTRACTED_TEXT/_manifests/2026-09-10_root_pdf_extraction_pass_002.json
GNEW 1.txt,archive-artifact,.txt,native-text,16137,DIRECT_TEXT,True,,,,,,
GNEW 2.txt,archive-artifact,.txt,native-text,38166,DIRECT_TEXT,True,,,,,,
GPT_Tools_and_SAT-Naive_Analysis_Captions.pdf,archive-artifact,.pdf,pdf,695474,DERIVED_TEXT_AVAILABLE,True,OK,_AUTO_EXTRACTED_TEXT/GPT_Tools_and_SAT-Naive_Analysis_Captions.txt,manifest-exact,PyMuPDF,2087,_AUTO_EXTRACTED_TEXT/_manifests/2026-09-10_root_pdf_extraction_pass_002.json
GPT_Tools_and_SAT-Naive_Analysis_Captions_FINAL_SAFE.pdf,archive-artifact,.pdf,pdf,695372,DERIVED_TEXT_AVAILABLE,True,OK,_AUTO_EXTRACTED_TEXT/GPT_Tools_and_SAT-Naive_Analysis_Captions_FINAL_SAFE.txt,manifest-exact,PyMuPDF,1937,_AUTO_EXTRACTED_TEXT/_manifests/2026-09-10_root_pdf_extraction_pass_002.json
GRAVITATIONAL NANOSTRUCTURE (Nolat).pdf,archive-artifact,.pdf,pdf,45745,DERIVED_TEXT_AVAILABLE,True,OK,_AUTO_EXTRACTED_TEXT/GRAVITATIONAL NANOSTRUCTURE (Nolat).txt,manifest-exact,PyMuPDF,7335,_AUTO_EXTRACTED_TEXT/_manifests/2026-09-10_root_pdf_extraction_pass_002.json
Geometric Foundations Evaluation2 — raw.json,archive-artifact,.json,native-text,2194428,DIRECT_TEXT,True,,,,,,
Geometry in Physics — raw.json,archive-artifact,.json,native-text,17988441,DIRECT_TEXT,True,,,,,,
Gravitational Changes and Motion — raw.json,archive-artifact,.json,native-text,599842,DIRECT_TEXT,True,,,,,,
H UNIVERSES/GOLD_STANDARD_PY.txt,archive-artifact,.txt,native-text,10659,DIRECT_TEXT,True,,,,,,
H UNIVERSES/HUNIVERSAM_GEMINI.txt,archive-artifact,.txt,native-text,107795,DIRECT_TEXT,True,,,,,,
H UNIVERSES/H_BALANCE.txt,archive-artifact,.txt,native-text,324633,DIRECT_TEXT,True,,,,,,
H UNIVERSES/H_TOO_MUCH.txt,archive-artifact,.txt,native-text,63993,DIRECT_TEXT,True,,,,,,
H UNIVERSES/H_UNIVERSE_DESIGN.txt,archive-artifact,.txt,native-text,233944,DIRECT_TEXT,True,,,,,,
H UNIVERSES/TRILLION UNIVERSE SPREE.txt,archive-artifact,.txt,native-text,36901,DIRECT_TEXT,True,,,,,,
H UNIVERSES/_RANDOM_H_UNIVERSES_0.txt,archive-artifact,.txt,native-text,20096,DIRECT_TEXT,True,,,,,,
H UNIVERSES/full SIXTY THOUSAND UNIVERSES.txt,archive-artifact,.txt,native-text,1810299,DIRECT_TEXT,True,,,,,,
H(s)H 2026 STARTUP DOCS.txt,archive-artifact,.txt,native-text,76495,DIRECT_TEXT,True,,,,,,
H(s)H BEGIN REVIEW.txt,archive-artifact,.txt,native-text,14673,DIRECT_TEXT,True,,,,,,
H(s)H CLASSIC.txt,archive-artifact,.txt,native-text,222145,DIRECT_TEXT,True,,,,,,
H(s)H COMBINOTATION.txt,archive-artifact,.txt,native-text,112839,DIRECT_TEXT,True,,,,,,
H(s)H Dev +/CLAUD--CONTINUED.txt,archive-artifact,.txt,native-text,69890,DIRECT_TEXT,True,,,,,,
H(s)H Dev +/H(s)H CLAUDUH.txt,archive-artifact,.txt,native-text,32931,DIRECT_TEXT,True,,,,,,
H(s)H Dev +/H(s)H COMBINOTATION.txt,archive-artifact,.txt,native-text,112839,DIRECT_TEXT,True,,,,,,
H(s)H Dev +/H(s)H MANIFOLDS.txt,archive-artifact,.txt,native-text,237077,DIRECT_TEXT,True,,,,,,
H(s)H Dev +/H(s)H NOTATION.txt,archive-artifact,.txt,native-text,14758,DIRECT_TEXT,True,,,,,,
H(s)H Dev +/H(s)H REWORK.txt,archive-artifact,.txt,native-text,25525,DIRECT_TEXT,True,,,,,,
H(s)H Dev +/H(s)H Satobloc Mix.txt,archive-artifact,.txt,native-text,752064,DIRECT_TEXT,True,,,,,,
H(s)H Dev +/H_universes.py,archive-artifact,.py,native-text,2805,DIRECT_TEXT,True,,,,,,
H(s)H Dev +/HsH ARCHITECT.txt,archive-artifact,.txt,native-text,49337,DIRECT_TEXT,True,,,,,,
H(s)H Dev +/HsH ARCHITECTING.txt,archive-artifact,.txt,native-text,109370,DIRECT_TEXT,True,,,,,,
H(s)H Dev +/HsH CLAUDE.txt,archive-artifact,.txt,native-text,69890,DIRECT_TEXT,True,,,,,,
H(s)H Dev +/HsH MINKOWSKI LITERALISM.txt,archive-artifact,.txt,native-text,41248,DIRECT_TEXT,True,,,,,,
H(s)H HEAVY TOOLBOX.txt,archive-artifact,.txt,native-text,1196449,DIRECT_TEXT,True,,,,,,
H(s)H MATH TO DO.txt,archive-artifact,.txt,native-text,46371,DIRECT_TEXT,True,,,,,,
H(s)H NOTATION.txt,archive-artifact,.txt,native-text,14758,DIRECT_TEXT,True,,,,,,
H(s)H TOOLKIT.txt,archive-artifact,.txt,native-text,3727,DIRECT_TEXT,True,,,,,,
H(s)H_TIME_RESIDUALS.txt,archive-artifact,.txt,native-text,33801,DIRECT_TEXT,True,,,,,,
HOLONOMY DRAFT.txt,archive-artifact,.txt,native-text,3525,DIRECT_TEXT,False,,,,,,
HYPERFOAM THEORY/4DHH-UC BUILDOUT DEV.txt,archive-artifact,.txt,native-text,813457,DIRECT_TEXT,True,,,,,,
HYPERFOAM THEORY/4DHHMISC.txt,archive-artifact,.txt,native-text,55135,DIRECT_TEXT,True,,,,,,
HYPERFOAM THEORY/4DHHUC—DISCUSSION.txt,archive-artifact,.txt,native-text,197316,DIRECT_TEXT,True,,,,,,
HYPERFOAM THEORY/BYO LAGRANGIAN.txt,archive-artifact,.txt,native-text,4184,DIRECT_TEXT,True,,,,,,
HYPERFOAM THEORY/COLLECTED REFINEMENTS.txt,archive-artifact,.txt,native-text,18131,DIRECT_TEXT,True,,,,,,
HYPERFOAM THEORY/FINAL BOLT TIGHENING LOG.txt,archive-artifact,.txt,native-text,7465,DIRECT_TEXT,True,,,,,,
HYPERFOAM THEORY/FINAL TIGHTENING.txt,archive-artifact,.txt,native-text,317236,DIRECT_TEXT,True,,,,,,
HYPERFOAM THEORY/FOR_PUBLICATION.txt,archive-artifact,.txt,native-text,14448,DIRECT_TEXT,True,,,,,,
HYPERFOAM THEORY/GEDANKENEXPERIMENT.txt,archive-artifact,.txt,native-text,28995,DIRECT_TEXT,True,,,,,,
HYPERFOAM THEORY/HELIUM STANDARD ATOM.txt,archive-artifact,.txt,native-text,22469,DIRECT_TEXT,True,,,,,,
HYPERFOAM THEORY/HIGH PRECISION UI.txt,archive-artifact,.txt,native-text,4190,DIRECT_TEXT,True,,,,,,
HYPERFOAM THEORY/More SAT Speculation.txt,archive-artifact,.txt,native-text,83195,DIRECT_TEXT,True,,,,,,
HYPERFOAM THEORY/PHYS D FULL 4DHHUC+U_I PAPER PLAN.txt,archive-artifact,.txt,native-text,5357,DIRECT_TEXT,True,,,,,,
HYPERFOAM THEORY/PHYS D SUBMISSION GUIDELINES.txt,archive-artifact,.txt,native-text,272079,DIRECT_TEXT,True,,,,,,
HYPERFOAM THEORY/PHYS D UNIVERSAL INDICATRIX.txt,archive-artifact,.txt,native-text,4848,DIRECT_TEXT,True,,,,,,
HYPERFOAM THEORY/PLAN - 2026 SAT-4DHH-UC BIG PAPER.txt,archive-artifact,.txt,native-text,153473,DIRECT_TEXT,True,,,,,,
HYPERFOAM THEORY/PREDICTION REASSESSMENT.txt,archive-artifact,.txt,native-text,6076,DIRECT_TEXT,True,,,,,,
HYPERFOAM THEORY/PULSAR GLITCH PROGRAMME.txt,archive-artifact,.txt,native-text,12815,DIRECT_TEXT,True,,,,,,
HYPERFOAM THEORY/QUANTUM HYPERFOAM copy.txt,archive-artifact,.txt,native-text,26942,DIRECT_TEXT,True,,,,,,
HYPERFOAM THEORY/QUANTUM HYPERFOAM.txt,archive-artifact,.txt,native-text,26978,DIRECT_TEXT,True,,,,,,
HYPERFOAM THEORY/RELATAVISTIC EXPERIMENT.txt,archive-artifact,.txt,native-text,7018,DIRECT_TEXT,True,,,,,,
HYPERFOAM THEORY/RESEARCHER REVIEW PACK.txt,archive-artifact,.txt,native-text,71784,DIRECT_TEXT,True,,,,,,
HYPERFOAM THEORY/SAT HISTORICAL GLOSSARY.txt,archive-artifact,.txt,native-text,243287,DIRECT_TEXT,True,,,,,,
HYPERFOAM THEORY/SAT4DHHUC.txt,archive-artifact,.txt,native-text,59213,DIRECT_TEXT,True,,,,,,
HYPERFOAM THEORY/SATRDHHUCUI DEV.txt,archive-artifact,.txt,native-text,131494,DIRECT_TEXT,True,,,,,,
HYPERFOAM THEORY/TIGHTENING OBSERVATIONS.txt,archive-artifact,.txt,native-text,317228,DIRECT_TEXT,True,,,,,,
HYPERFOAM THEORY/UI BUILDOUT.txt,archive-artifact,.txt,native-text,416525,DIRECT_TEXT,True,,,,,,
HYPERFOAM THEORY/UI CONFIG.txt,archive-artifact,.txt,native-text,6534,DIRECT_TEXT,True,,,,,,
HYPERFOAM THEORY/UNIT CELL LAGRANGIANS.txt,archive-artifact,.txt,native-text,60595,DIRECT_TEXT,True,,,,,,
HYPERFOAM THEORY/UNIVERSAL_INDICATRIX.txt,archive-artifact,.txt,native-text,175072,DIRECT_TEXT,True,,,,,,
H_universes.py,archive-artifact,.py,native-text,2805,DIRECT_TEXT,True,,,,,,
Homes in Cardinal Order — raw.json,archive-artifact,.json,native-text,9228126,DIRECT_TEXT,True,,,,,,
Hostile Review Auditor Setup/FREE MODE PRIORITIES.txt,archive-artifact,.txt,native-text,1788,DIRECT_TEXT,True,,,,,,
Hostile Review Auditor Setup/SAT20 BUILD SETUP.txt,archive-artifact,.txt,native-text,9280,DIRECT_TEXT,True,,,,,,
Hostile Review Auditor Setup/SAT20 MASTER PLAN.txt,archive-artifact,.txt,native-text,3756,DIRECT_TEXT,True,,,,,,
Hostile Review Auditor Setup/SAT20 PRINCIPLES OF MINIMAL ASSUMPTION.txt,archive-artifact,.txt,native-text,4540,DIRECT_TEXT,True,,,,,,
Hostile Review Auditor Setup/SAT20 TOP LEVEL GOALS.txt,archive-artifact,.txt,native-text,4239,DIRECT_TEXT,True,,,,,,
Hostile Review Auditor Setup/SAT_20_AUDIT.txt,archive-artifact,.txt,native-text,4939,DIRECT_TEXT,True,,,,,,
How hard is it to make a first principles estimate of an element’s… 2.pdf,archive-artifact,.pdf,pdf,498003,DERIVED_TEXT_AVAILABLE,True,OK,_AUTO_EXTRACTED_TEXT/How hard is it to make a first principles estimate of an element’s… 2.txt,manifest-exact,PyMuPDF,159492,_AUTO_EXTRACTED_TEXT/_manifests/2026-09-10_root_pdf_extraction_pass_002.json
How hard is it to make a first principles estimate of an element’s….pdf,archive-artifact,.pdf,pdf,498003,DERIVED_TEXT_AVAILABLE,True,OK,_AUTO_EXTRACTED_TEXT/How hard is it to make a first principles estimate of an element’s….txt,manifest-exact,PyMuPDF,159492,_AUTO_EXTRACTED_TEXT/_manifests/2026-09-10_root_pdf_extraction_pass_002.json
HsH AHA TOPOLOGY.txt,archive-artifact,.txt,native-text,164784,DIRECT_TEXT,True,,,,,,
HsH CLASSIC AUDIT.txt,archive-artifact,.txt,native-text,25753,DIRECT_TEXT,True,,,,,,
HsH COSMOTOPOLOGY.txt,archive-artifact,.txt,native-text,99309,DIRECT_TEXT,True,,,,,,
HsH Classic Run.txt,archive-artifact,.txt,native-text,212205,DIRECT_TEXT,True,,,,,,
HsH SAT 2026 ROUNDUP/SAT PARTICLE LAGRANGIAN.txt,archive-artifact,.txt,native-text,124236,DIRECT_TEXT,True,,,,,,
HsH SAT 2026 ROUNDUP/SAT PREDICTIVE BENCHMARKING.txt,archive-artifact,.txt,native-text,151977,DIRECT_TEXT,True,,,,,,
HsH SAT 2026 ROUNDUP/SAT RADIAN LEAP.txt,archive-artifact,.txt,native-text,17694,DIRECT_TEXT,True,,,,,,
HsH SAT 2026 ROUNDUP/SAT RMS EPIST — NON AND SENSE.txt,archive-artifact,.txt,native-text,92425,DIRECT_TEXT,True,,,,,,
HsH SAT 2026 ROUNDUP/SAT THEORY - Bell’s + Light Cones.txt,archive-artifact,.txt,native-text,11751,DIRECT_TEXT,True,,,,,,
HsH SAT 2026 ROUNDUP/SAT THEORY —  Fromscratch.txt,archive-artifact,.txt,native-text,11174,DIRECT_TEXT,True,,,,,,
HsH SAT 2026 ROUNDUP/SAT THEORY — Dimensoins.txt,archive-artifact,.txt,native-text,17514,DIRECT_TEXT,True,,,,,,
HsH SAT 2026 ROUNDUP/SAT THEORY — Frame dim .txt,archive-artifact,.txt,native-text,4854,DIRECT_TEXT,True,,,,,,
HsH SAT 2026 ROUNDUP/SAT THEORY — Gx Halos Etc .txt,archive-artifact,.txt,native-text,107014,DIRECT_TEXT,True,,,,,,
HsH SAT 2026 ROUNDUP/SAT THEORY — PROPER DIMENSIONALITY copy.txt,archive-artifact,.txt,native-text,98915,DIRECT_TEXT,True,,,,,,
HsH SAT 2026 ROUNDUP/SAT THEORY — PROPER DIMENSIONALITY.txt,archive-artifact,.txt,native-text,203511,DIRECT_TEXT,True,,,,,,
HsH SAT 2026 ROUNDUP/SAT THEORY — Superhelicalism.txt,archive-artifact,.txt,native-text,6369,DIRECT_TEXT,True,,,,,,
HsH SAT 2026 ROUNDUP/SAT THEORY — Tentative Experiment Design.txt,archive-artifact,.txt,native-text,10011,DIRECT_TEXT,True,,,,,,
HsH SAT 2026 ROUNDUP/SAT THEORY — Worldlines.txt,archive-artifact,.txt,native-text,41828,DIRECT_TEXT,True,,,,,,
HsH SAT 2026 ROUNDUP/SAT THOUGHTS — Frimscrarcg3.txt,archive-artifact,.txt,native-text,26299,DIRECT_TEXT,True,,,,,,
HsH SAT 2026 ROUNDUP/SAT THOUGHTS — Frimscrarch2.txt,archive-artifact,.txt,native-text,52437,DIRECT_TEXT,True,,,,,,
HsH SAT 2026 ROUNDUP/SAT THOUGHTS — Mechwaall.txt,archive-artifact,.txt,native-text,132332,DIRECT_TEXT,True,,,,,,
HsH SAT 2026 ROUNDUP/SAT THOUGHTS — from scratch .txt,archive-artifact,.txt,native-text,182096,DIRECT_TEXT,True,,,,,,
HsH SAT 2026 ROUNDUP/SAT THOUGTS—Black Holes + Big Bangs.txt,archive-artifact,.txt,native-text,19996,DIRECT_TEXT,True,,,,,,
HsH-SAT Roundup 2/H(s)H—Ouroboros.txt,archive-artifact,.txt,native-text,575734,DIRECT_TEXT,True,,,,,,
HsH-SAT Roundup 2/SAT AUDIT — Cyclerev.txt,archive-artifact,.txt,native-text,47253,DIRECT_TEXT,True,,,,,,
HsH-SAT Roundup 2/SAT AUDIT — Formal rules .txt,archive-artifact,.txt,native-text,4108,DIRECT_TEXT,True,,,,,,
HsH-SAT Roundup 2/SAT AUDIT — Refine .txt,archive-artifact,.txt,native-text,119445,DIRECT_TEXT,True,,,,,,
HsH-SAT Roundup 2/SAT AUDIT — Space Do over.txt,archive-artifact,.txt,native-text,10900,DIRECT_TEXT,True,,,,,,
HsH-SAT Roundup 2/SAT AUDIT — Spectra-Heat anom.txt,archive-artifact,.txt,native-text,38166,DIRECT_TEXT,True,,,,,,
HsH-SAT Roundup 2/SAT BUILDING STORY.txt,archive-artifact,.txt,native-text,346588,DIRECT_TEXT,True,,,,,,
HsH-SAT Roundup 2/SAT CORE PACK.txt,archive-artifact,.txt,native-text,10928,DIRECT_TEXT,True,,,,,,
HsH-SAT Roundup 2/SAT CORE — Donut canon.txt,archive-artifact,.txt,native-text,18106,DIRECT_TEXT,True,,,,,,
HsH-SAT Roundup 2/SAT CORE — HELIUM STANDARD ATOM 2.txt,archive-artifact,.txt,native-text,22469,DIRECT_TEXT,True,,,,,,
HsH-SAT Roundup 2/SAT CORE — Orders .txt,archive-artifact,.txt,native-text,3008,DIRECT_TEXT,True,,,,,,
HsH-SAT Roundup 2/SAT CORE — ReDonut.txt,archive-artifact,.txt,native-text,41602,DIRECT_TEXT,True,,,,,,
HsH-SAT Roundup 2/SAT CYCLES 37-50.txt,archive-artifact,.txt,native-text,43096,DIRECT_TEXT,True,,,,,,
HsH-SAT Roundup 2/SAT HISTORICAL GLOSSARY.txt,archive-artifact,.txt,native-text,243287,DIRECT_TEXT,True,,,,,,
HsH-SAT Roundup 2/SAT MATH — BACKBONE.txt,archive-artifact,.txt,native-text,234527,DIRECT_TEXT,True,,,,,,
HsH-SAT Roundup 2/SAT METRICS — Basic.txt,archive-artifact,.txt,native-text,275,DIRECT_TEXT,True,,,,,,
HsH-SAT Roundup 2/SAT4DHHUC.txt,archive-artifact,.txt,native-text,59213,DIRECT_TEXT,True,,,,,,
HsH-SAT Roundup 2/SATO-BLOCK Hamiltonian and Hilbert Space.txt,archive-artifact,.txt,native-text,9730,DIRECT_TEXT,True,,,,,,
HsH-SAT Roundup 2/SATOBLOC-CALIBRATED.txt,archive-artifact,.txt,native-text,15514,DIRECT_TEXT,True,,,,,,
HsH-SAT Roundup 2/SATPatch.txt,archive-artifact,.txt,native-text,54359,DIRECT_TEXT,True,,,,,,
HsH-SAT Roundup 2/SATRDHHUCUI DEV.txt,archive-artifact,.txt,native-text,131494,DIRECT_TEXT,True,,,,,,
HsH-SAT Roundup 2/SAT_Phenomenology_2025_SATQR.txt,archive-artifact,.txt,native-text,3601,DIRECT_TEXT,True,,,,,,
HsH-SAT Roundup 2/SAT_STANDALONE.txt,archive-artifact,.txt,native-text,66289,DIRECT_TEXT,True,,,,,,
HsH-SAT Roundup 2/STREAMLINE 11MAR26.txt,archive-artifact,.txt,native-text,60347,DIRECT_TEXT,True,,,,,,
HsH-SAT Roundup 2/THE CONSTANTS.txt,archive-artifact,.txt,native-text,32566,DIRECT_TEXT,True,,,,,,
HsH-SAT Roundup 3/4DHH-UC BUILDOUT DEV.txt,archive-artifact,.txt,native-text,813457,DIRECT_TEXT,True,,,,,,
HsH-SAT Roundup 3/4DHHMISC.txt,archive-artifact,.txt,native-text,55135,DIRECT_TEXT,True,,,,,,
HsH-SAT Roundup 3/4DHHUC—DISCUSSION.txt,archive-artifact,.txt,native-text,197316,DIRECT_TEXT,True,,,,,,
HsH-SAT Roundup 3/AUDIT CYCLE 1-7.txt,archive-artifact,.txt,native-text,93056,DIRECT_TEXT,True,,,,,,
HsH-SAT Roundup 3/BOSONIC SATOBLOCSTRING.txt,archive-artifact,.txt,native-text,399308,DIRECT_TEXT,True,,,,,,
HsH-SAT Roundup 3/BYO LAGRANGIAN.txt,archive-artifact,.txt,native-text,4184,DIRECT_TEXT,True,,,,,,
HsH-SAT Roundup 3/COLLECTED REFINEMENTS.txt,archive-artifact,.txt,native-text,18131,DIRECT_TEXT,True,,,,,,
HsH-SAT Roundup 3/CONCAT_SAT_TO_MAINSTREAM.txt,archive-artifact,.txt,native-text,49932,DIRECT_TEXT,True,,,,,,
HsH-SAT Roundup 3/CORE TEAM CURRENT PLAN.txt,archive-artifact,.txt,native-text,6664,DIRECT_TEXT,True,,,,,,
HsH-SAT Roundup 3/CORE_TEAM.txt,archive-artifact,.txt,native-text,3522,DIRECT_TEXT,True,,,,,,
HsH-SAT Roundup 3/FINAL BOLT TIGHENING LOG.txt,archive-artifact,.txt,native-text,7465,DIRECT_TEXT,True,,,,,,
HsH-SAT Roundup 3/FINAL TIGHTENING.txt.txt,archive-artifact,.txt,native-text,317236,DIRECT_TEXT,True,,,,,,
HsH-SAT Roundup 3/FOR_PUBLICATION.txt.txt,archive-artifact,.txt,native-text,14448,DIRECT_TEXT,True,,,,,,
HsH-SAT Roundup 3/GEDANKENEXPERIMENT.txt,archive-artifact,.txt,native-text,28995,DIRECT_TEXT,True,,,,,,
HsH-SAT Roundup 3/HIGH PRECISION UI.txt.txt,archive-artifact,.txt,native-text,4190,DIRECT_TEXT,True,,,,,,
HsH-SAT Roundup 3/HOMESTRETCH ALIGNMENT.txt,archive-artifact,.txt,native-text,3929,DIRECT_TEXT,True,,,,,,
HsH-SAT Roundup 3/HOMESTRETCH.txt.txt,archive-artifact,.txt,native-text,44058,DIRECT_TEXT,True,,,,,,
HsH-SAT Roundup 3/IS AND ISNT.txt,archive-artifact,.txt,native-text,27285,DIRECT_TEXT,True,,,,,,
HsH-SAT Roundup 3/MINKOWSKI_VARIATIONS.txt,archive-artifact,.txt,native-text,134286,DIRECT_TEXT,True,,,,,,
HsH-SAT Roundup 3/McKnight_N_SAT-QR.tex.txt,archive-artifact,.txt,native-text,4294,DIRECT_TEXT,True,,,,,,
HsH-SAT Roundup 3/McKnight_et_al_SAT_Whitepaper_Number_One_02Jun25.txt,archive-artifact,.txt,native-text,84827,DIRECT_TEXT,True,,,,,,
HsH-SAT Roundup 3/More SAT Speculation.txt,archive-artifact,.txt,native-text,83195,DIRECT_TEXT,True,,,,,,
HsH-SAT Roundup 3/NOVEL PREDICTOINS.txt,archive-artifact,.txt,native-text,68477,DIRECT_TEXT,True,,,,,,
HsH-SAT Roundup 3/ONTOLOGY MADE OF.txt,archive-artifact,.txt,native-text,399869,DIRECT_TEXT,True,,,,,,
HsH-SAT Roundup 3/PAPERS TO LOOK UP.txt,archive-artifact,.txt,native-text,2425,DIRECT_TEXT,True,,,,,,
HsH-SAT Roundup 3/PHYS D FULL 4DHHUC+U_I PAPER PLAN.txt,archive-artifact,.txt,native-text,5357,DIRECT_TEXT,True,,,,,,
HsH-SAT Roundup 3/PHYS D UNIVERSAL INDICATRIX.txt,archive-artifact,.txt,native-text,4848,DIRECT_TEXT,True,,,,,,
HsH-SAT Roundup 3/PLAN - 2026 SAT-4DHH-UC BIG PAPER.txt,archive-artifact,.txt,native-text,153473,DIRECT_TEXT,True,,,,,,
HsH-SAT Roundup 3/PULSAR GLITCH PROGRAMME.txt,archive-artifact,.txt,native-text,12815,DIRECT_TEXT,True,,,,,,
HsH-SAT Roundup 3/QUANTUM HYPERFOAM.txt,archive-artifact,.txt,native-text,26978,DIRECT_TEXT,True,,,,,,
HsH-SAT Roundup 3/REF - Constants.txt,archive-artifact,.txt,native-text,44441,DIRECT_TEXT,True,,,,,,
HsH-SAT Roundup 3/RESEARCHER REVIEW PACK.txt,archive-artifact,.txt,native-text,71784,DIRECT_TEXT,True,,,,,,
HsH-SAT Roundup 3/SAT & String Theory(1).txt,archive-artifact,.txt,native-text,127384,DIRECT_TEXT,True,,,,,,
HsH-SAT Roundup 3/SAT DAI — VERBAL_THEORY.txt,archive-artifact,.txt,native-text,861,DIRECT_TEXT,True,,,,,,
HsH-SAT Roundup 3/SAT — Audit.txt,archive-artifact,.txt,native-text,1458,DIRECT_TEXT,True,,,,,,
HsH-SAT Roundup 3/SAT — NOT SURE.txt,archive-artifact,.txt,native-text,17514,DIRECT_TEXT,True,,,,,,
HsH-SAT Roundup 3/THE_WHIRLIGIG.txt,archive-artifact,.txt,native-text,78705,DIRECT_TEXT,True,,,,,,
HsH-SAT Roundup 3/UI BUILDOUT.txt,archive-artifact,.txt,native-text,416525,DIRECT_TEXT,True,,,,,,
HsH-SAT Roundup 3/UI CONFIG.txt,archive-artifact,.txt,native-text,6534,DIRECT_TEXT,True,,,,,,
HsH-SAT Roundup 3/UNIT CELL LAGRANGIANS.txt,archive-artifact,.txt,native-text,60595,DIRECT_TEXT,True,,,,,,
HsH-SAT Roundup 3/UNIVERSAL_INDICATRIX.txt,archive-artifact,.txt,native-text,175072,DIRECT_TEXT,True,,,,,,
HsH-SAT Roundup 3/VERBAL SatoBlockString_Bosonic.txt,archive-artifact,.txt,native-text,42011,DIRECT_TEXT,True,,,,,,
HsH-SAT Roundup 3/WHIRLIGIG SIMPLIFICATION TAKE 1.txt,archive-artifact,.txt,native-text,4493,DIRECT_TEXT,True,,,,,,
IMG_2411.jpeg,archive-artifact,.jpeg,image,566142,NEEDS_EXTRACTION,True,,,,,,
INGESTION_LEDGER (1) - Copy.txt,archive-artifact,.txt,native-text,38865,DIRECT_TEXT,True,,,,,,
INGESTION_LEDGER (1).md,archive-artifact,.md,native-text,38865,DIRECT_TEXT,True,,,,,,
INGESTION_LEDGER.md,archive-artifact,.md,native-text,38865,DIRECT_TEXT,True,,,,,,
Idea Evaluation Request — raw.json,archive-artifact,.json,native-text,154761,DIRECT_TEXT,True,,,,,,
Image overlay blending — raw.txt,archive-artifact,.txt,native-text,465089,DIRECT_TEXT,True,,,,,,
Index1.PNG,archive-artifact,.png,image,70606,NEEDS_EXTRACTION,True,,,,,,
JETSTREAMS 2.txt,archive-artifact,.txt,native-text,4217928,DIRECT_TEXT,True,,,,,,
Jetstream Construction Story Retelling — raw (2).json,archive-artifact,.json,native-text,8240406,DIRECT_TEXT,True,,,,,,
KEY CALCULATIONS.txt,archive-artifact,.txt,native-text,396048,DIRECT_TEXT,True,,,,,,
KEY_METRICS.txt,archive-artifact,.txt,native-text,24395,DIRECT_TEXT,True,,,,,,
KLEIN_LOGIC2.txt,archive-artifact,.txt,native-text,257410,DIRECT_TEXT,True,,,,,,
Klein3.txt,archive-artifact,.txt,native-text,302228,DIRECT_TEXT,True,,,,,,
LAB2_SAT_Dirac_And_Coupling_Closure_ReportLab.pdf,archive-artifact,.pdf,pdf,2123,DERIVED_TEXT_AVAILABLE,True,OK,_AUTO_EXTRACTED_TEXT/LAB2_SAT_Dirac_And_Coupling_Closure_ReportLab.txt,manifest-exact,PyMuPDF,924,_AUTO_EXTRACTED_TEXT/_manifests/2026-09-10_root_pdf_extraction_pass_002.json
LAB2_SAT_Dirac_Brackets_And_Closure_3D.pdf,archive-artifact,.pdf,pdf,2275,DERIVED_TEXT_AVAILABLE,True,OK,_AUTO_EXTRACTED_TEXT/LAB2_SAT_Dirac_Brackets_And_Closure_3D.txt,manifest-exact,PyMuPDF,911,_AUTO_EXTRACTED_TEXT/_manifests/2026-09-10_root_pdf_extraction_pass_002.json
LATELY IN SAT.txt,archive-artifact,.txt,native-text,27144,DIRECT_TEXT,True,,,,,,
LEAN CHECK_drafts/FULL_THEORY_LEANCHECK_draft.txt,archive-artifact,.txt,native-text,4720,DIRECT_TEXT,True,,,,,,
LEAN CHECK_drafts/LEANCHECK.txt,archive-artifact,.txt,native-text,5300,DIRECT_TEXT,True,,,,,,
LEAN CHECK_drafts/LEANCHECK_massSpec_basic.txt,archive-artifact,.txt,native-text,1756,DIRECT_TEXT,True,,,,,,
LEAN CHECK_drafts/LEANCHECK_massSpectrum.txt,archive-artifact,.txt,native-text,2040,DIRECT_TEXT,True,,,,,,
LEAN CHECK_drafts/LEANCHECK_notebook.txt,archive-artifact,.txt,native-text,4527,DIRECT_TEXT,True,,,,,,
LEAN CHECK_drafts/SATO-BLOCKWAVE_leancheck.txt,archive-artifact,.txt,native-text,8079,DIRECT_TEXT,True,,,,,,
LEAN CHECK_drafts/leancheck1.txt,archive-artifact,.txt,native-text,8079,DIRECT_TEXT,True,,,,,,
LEAN CHECK_drafts/leancheck_support.txt,archive-artifact,.txt,native-text,1930,DIRECT_TEXT,True,,,,,,
LEAN_CHECK_/SATOBLOCKSTRING_LEAN_TEST.txt,archive-artifact,.txt,native-text,5324,DIRECT_TEXT,True,,,,,,
LEAN_CHECK_/SATOBLOCSTRING_leantest.txt,archive-artifact,.txt,native-text,4693,DIRECT_TEXT,True,,,,,,
LEAN_CHECK_/satoblock_latticechecker.txt,archive-artifact,.txt,native-text,1570,DIRECT_TEXT,True,,,,,,
LICENSE,archive-artifact,,extensionless,20654,UNKNOWN_OR_BINARY,True,,,,,,
LIGHT CONES AND ENTANGLEMENT (Nolat).pdf,archive-artifact,.pdf,pdf,61294,DERIVED_TEXT_AVAILABLE,True,OK,_AUTO_EXTRACTED_TEXT/LIGHT CONES AND ENTANGLEMENT (Nolat).txt,manifest-exact,PyMuPDF,11301,_AUTO_EXTRACTED_TEXT/_manifests/2026-09-10_root_pdf_extraction_pass_002.json
Lab2_Lagrangian_Captioned.pdf,archive-artifact,.pdf,pdf,491360,DERIVED_TEXT_AVAILABLE,True,OK,_AUTO_EXTRACTED_TEXT/Lab2_Lagrangian_Captioned.txt,manifest-exact,PyMuPDF,1022,_AUTO_EXTRACTED_TEXT/_manifests/2026-09-10_root_pdf_extraction_pass_002.json
Lab2_Lagrangian_Evolution.pdf,archive-artifact,.pdf,pdf,489938,DERIVED_TEXT_AVAILABLE,True,OK,_AUTO_EXTRACTED_TEXT/Lab2_Lagrangian_Evolution.txt,manifest-exact,OCRmyPDF + PyMuPDF,8107,_AUTO_EXTRACTED_TEXT/_manifests/2026-09-10_root_pdf_extraction_pass_002.json
Late High Gothoslavic Conodont Treatise.txt,archive-artifact,.txt,native-text,3942,DIRECT_TEXT,True,,,,,,
Loessl Construction Story Retelling — raw (2).json,archive-artifact,.json,native-text,2054992,DIRECT_TEXT,True,,,,,,
MARCH 12 SYNTHESIS (nolat).pdf,archive-artifact,.pdf,pdf,104319,DERIVED_TEXT_AVAILABLE,True,OK,_AUTO_EXTRACTED_TEXT/MARCH 12 SYNTHESIS (nolat).txt,manifest-exact,PyMuPDF,29499,_AUTO_EXTRACTED_TEXT/_manifests/2026-09-10_root_pdf_extraction_pass_002.json
MASS SPECTRUM CALCULATION.txt,archive-artifact,.txt,native-text,8761,DIRECT_TEXT,True,,,,,,
MASTER THREAD README.txt,archive-artifact,.txt,native-text,3168,DIRECT_TEXT,True,,,,,,
MAY GITHUB ACTIVITY.txt,archive-artifact,.txt,native-text,4049,DIRECT_TEXT,True,,,,,,
MAY_2026_SNAPSHOT.txt,archive-artifact,.txt,native-text,6741,DIRECT_TEXT,True,,,,,,
MEMORY.pdf,archive-artifact,.pdf,pdf,70735,DERIVED_TEXT_AVAILABLE,True,OK,_AUTO_EXTRACTED_TEXT/MEMORY.txt,manifest-exact,PyMuPDF,26250,_AUTO_EXTRACTED_TEXT/_manifests/2026-09-10_root_pdf_extraction_pass_002.json
METHODOLOGICAL_SNAPSHOT.txt,archive-artifact,.txt,native-text,1611,DIRECT_TEXT,True,,,,,,
MILLENIUM PRIZE.txt,archive-artifact,.txt,native-text,17518,DIRECT_TEXT,True,,,,,,
MINKOWSKI PROPER 2.pdf,archive-artifact,.pdf,pdf,2140186,DERIVED_TEXT_AVAILABLE,True,OK,_AUTO_EXTRACTED_TEXT/MINKOWSKI PROPER 2.txt,manifest-exact,OCRmyPDF + PyMuPDF,12577,_AUTO_EXTRACTED_TEXT/_manifests/2026-09-10_root_pdf_extraction_pass_002.json
MINKOWSKI PROPER.pdf,archive-artifact,.pdf,pdf,2140186,DERIVED_TEXT_AVAILABLE,True,OK,_AUTO_EXTRACTED_TEXT/MINKOWSKI PROPER.txt,manifest-exact,OCRmyPDF + PyMuPDF,12577,_AUTO_EXTRACTED_TEXT/_manifests/2026-09-10_root_pdf_extraction_pass_002.json
MISC CODE/sat_data_pipeline.py,archive-artifact,.py,native-text,2571,DIRECT_TEXT,True,,,,,,
MISC CODE/sat_dynamics.py,archive-artifact,.py,native-text,2688,DIRECT_TEXT,True,,,,,,
MISC CODE/sat_geometry.py,archive-artifact,.py,native-text,3783,DIRECT_TEXT,True,,,,,,
MISC CODE/sat_observables.py,archive-artifact,.py,native-text,2388,DIRECT_TEXT,True,,,,,,
MISC/09b77132-08d5-4e18-aa91-4d83bbce5fef.nb,archive-artifact,.nb,other-binary-or-unknown,3816678,UNKNOWN_OR_BINARY,True,,,,,,
MISC/10-20-25 FULL THEORY.txt,archive-artifact,.txt,native-text,127783,DIRECT_TEXT,True,,,,,,
MISC/10-20-25 definitions.txt,archive-artifact,.txt,native-text,9051,DIRECT_TEXT,True,,,,,,
MISC/4DHH LAGRANGIAN (nolat).pdf,archive-artifact,.pdf,pdf,220413,DERIVED_TEXT_AVAILABLE,True,LEGACY_NAME_MATCH,_AUTO_EXTRACTED_TEXT/4DHH LAGRANGIAN (nolat).txt,legacy-basename-unique,,,
MISC/91364946_10158031586940540_1417431966088691712_n.jpg,archive-artifact,.jpg,image,16443,NEEDS_EXTRACTION,True,,,,,,
MISC/A SELECTION OF GOTHOSLAVIC LITERATURE.txt,archive-artifact,.txt,native-text,119307,DIRECT_TEXT,True,,,,,,
MISC/AN Excellent Request.txt,archive-artifact,.txt,native-text,45836,DIRECT_TEXT,True,,,,,,
MISC/ANSWER.txt,archive-artifact,.txt,native-text,32344,DIRECT_TEXT,True,,,,,,
MISC/BELLOMY CV.txt,archive-artifact,.txt,native-text,11071,DIRECT_TEXT,True,,,,,,
MISC/BELLOMY_N_Phys_Rev_D_Submission.pdf,archive-artifact,.pdf,pdf,231211,NEEDS_EXTRACTION,True,,,,,,
MISC/BELLOMY_N_Phys_Rev_D_Supplement.pdf,archive-artifact,.pdf,pdf,308901,NEEDS_EXTRACTION,True,,,,,,
MISC/BIG PAPER 2026 OUTLINE  SAT-4DHH-UC BIG PAPER.txt,archive-artifact,.txt,native-text,153473,DIRECT_TEXT,True,,,,,,
MISC/BOGOTHIA.txt,archive-artifact,.txt,native-text,1288787,DIRECT_TEXT,True,,,,,,
MISC/BOGOTHIAN.txt,archive-artifact,.txt,native-text,700009,DIRECT_TEXT,True,,,,,,
MISC/Bogothic Grammar and Lexicon.txt,archive-artifact,.txt,native-text,282291,DIRECT_TEXT,True,,,,,,
MISC/CORE PACK.pdf,archive-artifact,.pdf,pdf,21406,DERIVED_TEXT_AVAILABLE,True,LEGACY_NAME_MATCH,_AUTO_EXTRACTED_TEXT/CORE PACK.txt,legacy-basename-unique,,,
MISC/CRITIQUE.txt,archive-artifact,.txt,native-text,18579,DIRECT_TEXT,True,,,,,,
MISC/DERIVATIVE INDICATRIX (nolat).pdf,archive-artifact,.pdf,pdf,74973,DERIVED_TEXT_AVAILABLE,True,LEGACY_NAME_MATCH,_AUTO_EXTRACTED_TEXT/DERIVATIVE INDICATRIX (nolat).txt,legacy-basename-unique,,,
MISC/DUGUP.txt,archive-artifact,.txt,native-text,51939,DIRECT_TEXT,True,,,,,,
MISC/Expanded-Computational-Geometry-Graph-1-0-0-definition.nb,archive-artifact,.nb,other-binary-or-unknown,622735,UNKNOWN_OR_BINARY,True,,,,,,
MISC/FINDING THE DONUT (nolat).pdf,archive-artifact,.pdf,pdf,194100,DERIVED_TEXT_AVAILABLE,True,LEGACY_NAME_MATCH,_AUTO_EXTRACTED_TEXT/FINDING THE DONUT (nolat).txt,legacy-basename-unique,,,
MISC/FULL THEORY V2.txt,archive-artifact,.txt,native-text,46538,DIRECT_TEXT,True,,,,,,
MISC/GRAVITATIONAL NANOSTRUCTURE (Nolat).pdf,archive-artifact,.pdf,pdf,45745,DERIVED_TEXT_AVAILABLE,True,LEGACY_NAME_MATCH,_AUTO_EXTRACTED_TEXT/GRAVITATIONAL NANOSTRUCTURE (Nolat).txt,legacy-basename-unique,,,
MISC/H_UNIVERSES.py,archive-artifact,.py,native-text,5929,DIRECT_TEXT,True,,,,,,
MISC/HoloJesu Fleshlight.txt,archive-artifact,.txt,native-text,209802,DIRECT_TEXT,True,,,,,,
MISC/Hrandoverses.py,archive-artifact,.py,native-text,13277,DIRECT_TEXT,True,,,,,,
MISC/INTERESTING IMPLICATIONS.txt,archive-artifact,.txt,native-text,91266,DIRECT_TEXT,True,,,,,,
MISC/LaTeX_Documentation.txt,archive-artifact,.txt,native-text,6653,DIRECT_TEXT,True,,,,,,
MISC/PERFECT v2.txt,archive-artifact,.txt,native-text,8197,DIRECT_TEXT,True,,,,,,
MISC/Physical Review D Guidelines.txt,archive-artifact,.txt,native-text,256103,DIRECT_TEXT,True,,,,,,
MISC/Physical Review D.txt,archive-artifact,.txt,native-text,4008,DIRECT_TEXT,True,,,,,,
MISC/SAT Earthquake predictor.txt,archive-artifact,.txt,native-text,2332,DIRECT_TEXT,True,,,,,,
MISC/SAT FIRST LEG 3 of 3.txt,archive-artifact,.txt,native-text,234952,DIRECT_TEXT,True,,,,,,
MISC/SAT RETRODICTED DATA JUNE 1 2025.txt,archive-artifact,.txt,native-text,30338,DIRECT_TEXT,True,,,,,,
MISC/SAT-PERFECT.txt,archive-artifact,.txt,native-text,15224,DIRECT_TEXT,True,,,,,,
MISC/SAT-Y Hamiltonian+Quantum.txt,archive-artifact,.txt,native-text,53352,DIRECT_TEXT,True,,,,,,
MISC/SATHsH-TWIST-TENSION.JPG,archive-artifact,.jpg,image,204842,NEEDS_EXTRACTION,True,,,,,,
MISC/SAT_2026.pdf,archive-artifact,.pdf,pdf,198264,DERIVED_TEXT_AVAILABLE,True,LEGACY_NAME_MATCH,_AUTO_EXTRACTED_TEXT/SAT_2026.txt,legacy-basename-unique,,,
MISC/SAT_NOT_MYSTICISM.txt,archive-artifact,.txt,native-text,100159,DIRECT_TEXT,True,,,,,,
MISC/SAT_REVAMP.txt,archive-artifact,.txt,native-text,995543,DIRECT_TEXT,True,,,,,,
MISC/SATiii REWORK MARK III.txt,archive-artifact,.txt,native-text,777367,DIRECT_TEXT,True,,,,,,
MISC/SATv EXPLORATIONS.txt,archive-artifact,.txt,native-text,1056115,DIRECT_TEXT,True,,,,,,
MISC/SATx-y FULL LOG.txt,archive-artifact,.txt,native-text,764091,DIRECT_TEXT,True,,,,,,
MISC/SATxy CYCLETHROUGH2-4.txt,archive-artifact,.txt,native-text,68225,DIRECT_TEXT,True,,,,,,
MISC/SATxy CYCLETHROUGH3-4.txt,archive-artifact,.txt,native-text,100079,DIRECT_TEXT,True,,,,,,
MISC/SATxy CYCLETHROUGH4-4.txt,archive-artifact,.txt,native-text,116685,DIRECT_TEXT,True,,,,,,
MISC/SECTION 1.txt,archive-artifact,.txt,native-text,84271,DIRECT_TEXT,True,,,,,,
MISC/SUBMISSION_SUPPLEMENTAL.txt,archive-artifact,.txt,native-text,43137,DIRECT_TEXT,True,,,,,,
MISC/TEST BATTERY 1 10-20-25.txt,archive-artifact,.txt,native-text,133086,DIRECT_TEXT,True,,,,,,
MISC/Test Battery 2.txt,archive-artifact,.txt,native-text,17304,DIRECT_TEXT,True,,,,,,
MISC/Universal Indicatrix in my words CHARACTERIZATION (Nolat).pdf,archive-artifact,.pdf,pdf,35766,DERIVED_TEXT_AVAILABLE,True,LEGACY_NAME_MATCH,_AUTO_EXTRACTED_TEXT/Universal Indicatrix in my words CHARACTERIZATION (Nolat).txt,legacy-basename-unique,,,
MISC/auguide4-2.tex,archive-artifact,.tex,native-text,85974,DIRECT_TEXT,True,,,,,,
MISC/f348a07e-1c61-4ac9-b5f5-5989a7d76941.nb,archive-artifact,.nb,other-binary-or-unknown,10509,UNKNOWN_OR_BINARY,True,,,,,,
MISC/gitignore.txt,archive-artifact,.txt,native-text,1,DIRECT_TEXT,True,,,,,,
MISC/huniverses.py,archive-artifact,.py,native-text,5929,DIRECT_TEXT,True,,,,,,
MISC/solar-flare-coronal-loops-Daniel-K-Inouye-Solar-Telescope.png.jpeg,archive-artifact,.jpeg,image,351426,NEEDS_EXTRACTION,True,,,,,,
MISC/summary4-2.tex,archive-artifact,.tex,native-text,22384,DIRECT_TEXT,True,,,,,,
MISC/test battery 2 10-20-25.txt,archive-artifact,.txt,native-text,17093,DIRECT_TEXT,True,,,,,,
MISC/wolfram_sat_bridge_starter.zip,archive-artifact,.zip,archive-container,4903,NEEDS_CONTAINER_INSPECTION,True,,,,,,
MORE_PYTHON/CLOSED_STRING_VIZ.py,archive-artifact,.py,native-text,5005,DIRECT_TEXT,True,,,,,,
MORE_PYTHON/COMPLEX_RESONANCES.py,archive-artifact,.py,native-text,7333,DIRECT_TEXT,True,,,,,,
MORE_PYTHON/GENRELAB.txt,archive-artifact,.txt,native-text,7553,DIRECT_TEXT,True,,,,,,
MORE_PYTHON/HELIX_GENERATOR.py,archive-artifact,.py,native-text,4995,DIRECT_TEXT,True,,,,,,
MORE_PYTHON/MUSIC_SCRATCHPAD.txt,archive-artifact,.txt,native-text,3354,DIRECT_TEXT,True,,,,,,
MORE_PYTHON/SONYBOARD.txt,archive-artifact,.txt,native-text,2793,DIRECT_TEXT,True,,,,,,
MORE_PYTHON/WIGGLESPRING.ph.txt,archive-artifact,.txt,native-text,5365,DIRECT_TEXT,True,,,,,,
MORE_PYTHON/WIGGLESPRING.py,archive-artifact,.py,native-text,5365,DIRECT_TEXT,True,,,,,,
MORE_PYTHON/ab_initio.txt,archive-artifact,.txt,native-text,3669,DIRECT_TEXT,True,,,,,,
MORE_PYTHON/gitignore.txt,archive-artifact,.txt,native-text,1,DIRECT_TEXT,True,,,,,,
MORE_PYTHON/hello/Hello.lean,archive-artifact,.lean,native-text,378,DIRECT_TEXT,True,,,,,,
MORE_PYTHON/hello/Hello/Basic.lean,archive-artifact,.lean,native-text,21,DIRECT_TEXT,True,,,,,,
MORE_PYTHON/hello/Main.lean,archive-artifact,.lean,native-text,69,DIRECT_TEXT,True,,,,,,
MORE_PYTHON/hello/README.md,archive-artifact,.md,native-text,7,DIRECT_TEXT,True,,,,,,
MORE_PYTHON/hello/lake-manifest.json,archive-artifact,.json,native-text,111,DIRECT_TEXT,True,,,,,,
MORE_PYTHON/hello/lakefile.toml,archive-artifact,.toml,native-text,132,DIRECT_TEXT,True,,,,,,
MORE_PYTHON/hello/lean-toolchain,archive-artifact,,extensionless,25,UNKNOWN_OR_BINARY,True,,,,,,
MORE_PYTHON/multiharmonic.py,archive-artifact,.py,native-text,7337,DIRECT_TEXT,True,,,,,,
MORE_PYTHON/multiharmonic_proj.py,archive-artifact,.py,native-text,5639,DIRECT_TEXT,True,,,,,,
MORE_PYTHON/open_loop_proj.txt,archive-artifact,.txt,native-text,2930,DIRECT_TEXT,True,,,,,,
MORE_PYTHON/quark_4d_proj.py,archive-artifact,.py,native-text,2414,DIRECT_TEXT,True,,,,,,
MORE_PYTHON/simple_helix_proj.py,archive-artifact,.py,native-text,1481,DIRECT_TEXT,True,,,,,,
MORE_PYTHON/timesheet_proj.py,archive-artifact,.py,native-text,3755,DIRECT_TEXT,True,,,,,,
Mar23.2024 - DIMENSIONAL GRAVITY - iPhone_Screenshot - bellomy.txt,archive-artifact,.txt,native-text,212698,DIRECT_TEXT,True,,,,,,
Mathematical Equation Breakdown — raw.json,archive-artifact,.json,native-text,169765,DIRECT_TEXT,True,,,,,,
McKnight_N_SAT-QR.pdf,archive-artifact,.pdf,pdf,203382,DERIVED_TEXT_AVAILABLE,True,OK,_AUTO_EXTRACTED_TEXT/McKnight_N_SAT-QR.txt,manifest-exact,PyMuPDF,3152,_AUTO_EXTRACTED_TEXT/_manifests/2026-09-10_root_pdf_extraction_pass_002.json
McKnight_et_al_SAT_Whitepaper_Number_One_02Jun25.pdf,archive-artifact,.pdf,pdf,412967,DERIVED_TEXT_AVAILABLE,True,OK,_AUTO_EXTRACTED_TEXT/McKnight_et_al_SAT_Whitepaper_Number_One_02Jun25.txt,manifest-exact,PyMuPDF,69264,_AUTO_EXTRACTED_TEXT/_manifests/2026-09-10_root_pdf_extraction_pass_002.json
Minimal Introduction (SAT O era).pdf,archive-artifact,.pdf,pdf,150401,DERIVED_TEXT_AVAILABLE,True,OK,_AUTO_EXTRACTED_TEXT/Minimal Introduction (SAT O era).txt,manifest-exact,PyMuPDF,3919,_AUTO_EXTRACTED_TEXT/_manifests/2026-09-10_root_pdf_extraction_pass_002.json
Minkowski-1-6 2.pdf,archive-artifact,.pdf,pdf,2140186,DERIVED_TEXT_AVAILABLE,True,OK,_AUTO_EXTRACTED_TEXT/Minkowski-1-6 2.txt,manifest-exact,OCRmyPDF + PyMuPDF,12577,_AUTO_EXTRACTED_TEXT/_manifests/2026-09-10_root_pdf_extraction_pass_002.json
Minkowski-1-6.pdf,archive-artifact,.pdf,pdf,2140186,DERIVED_TEXT_AVAILABLE,True,OK,_AUTO_EXTRACTED_TEXT/Minkowski-1-6.txt,manifest-exact,OCRmyPDF + PyMuPDF,12577,_AUTO_EXTRACTED_TEXT/_manifests/2026-09-10_root_pdf_extraction_pass_002.json
Misc HsH-SAT/CAUTIONS.txt,archive-artifact,.txt,native-text,12792,DIRECT_TEXT,True,,,,,,
Misc HsH-SAT/E-B DISUCSSION.txt,archive-artifact,.txt,native-text,77848,DIRECT_TEXT,True,,,,,,
Misc HsH-SAT/EARLY MOTIVATIONS.txt,archive-artifact,.txt,native-text,44336,DIRECT_TEXT,True,,,,,,
Misc HsH-SAT/INTERLACEDNESS.txt,archive-artifact,.txt,native-text,21596,DIRECT_TEXT,True,,,,,,
Misc HsH-SAT/NESTED HOLONOMIES.txt,archive-artifact,.txt,native-text,347073,DIRECT_TEXT,True,,,,,,
Misc HsH-SAT/SAT RIGOR.txt,archive-artifact,.txt,native-text,97363,DIRECT_TEXT,True,,,,,,
Misc HsH-SAT/SAT STUFF.txt,archive-artifact,.txt,native-text,78055,DIRECT_TEXT,True,,,,,,
Monorail Schede — raw.txt,archive-artifact,.txt,native-text,426626,DIRECT_TEXT,True,,,,,,
More SAT Speculation.txt,archive-artifact,.txt,native-text,83195,DIRECT_TEXT,True,,,,,,
NATHAN VOICE MODEL.txt,archive-artifact,.txt,native-text,100004,DIRECT_TEXT,True,,,,,,
NEWS - Blind chatter check.txt,archive-artifact,.txt,native-text,99451,DIRECT_TEXT,True,,,,,,
NSATOBLOC_pre_lean.pdf,archive-artifact,.pdf,pdf,121577,DERIVED_TEXT_AVAILABLE,True,OK,_AUTO_EXTRACTED_TEXT/NSATOBLOC_pre_lean.txt,manifest-exact,PyMuPDF,6310,_AUTO_EXTRACTED_TEXT/_manifests/2026-09-10_root_pdf_extraction_pass_002.json
Nautilus Draft/Nautilus article meso .txt,archive-artifact,.txt,native-text,18534,DIRECT_TEXT,True,,,,,,
Nautilus Draft/NextPhases.txt,archive-artifact,.txt,native-text,55196,DIRECT_TEXT,True,,,,,,
Nautilus Draft/PhaseNext2.txt,archive-artifact,.txt,native-text,35365,DIRECT_TEXT,True,,,,,,
Nautilus Draft/Purely Speculative .txt,archive-artifact,.txt,native-text,35838,DIRECT_TEXT,True,,,,,,
NotebookLM Mind Map.png,archive-artifact,.png,image,5467539,NEEDS_EXTRACTION,True,,,,,,
NotebookLM_Captioned_Archive.pdf,archive-artifact,.pdf,pdf,975986,DERIVED_TEXT_AVAILABLE,True,OK,_AUTO_EXTRACTED_TEXT/NotebookLM_Captioned_Archive.txt,manifest-exact,PyMuPDF,418,_AUTO_EXTRACTED_TEXT/_manifests/2026-09-10_root_pdf_extraction_pass_002.json
NotebookLM_Internal States.txt,archive-artifact,.txt,native-text,10610,DIRECT_TEXT,True,,,,,,
Nov 2024 RMS MORAL REALISM & PERCEPTUAL TAXONOMY.txt,archive-artifact,.txt,native-text,433907,DIRECT_TEXT,True,,,,,,
OLD BIG PAPER SAT_4D_LEGACY_REFERENCE.pdf,archive-artifact,.pdf,pdf,459067,DERIVED_TEXT_AVAILABLE,True,OK,_AUTO_EXTRACTED_TEXT/OLD BIG PAPER SAT_4D_LEGACY_REFERENCE.txt,manifest-exact,PyMuPDF,123708,_AUTO_EXTRACTED_TEXT/_manifests/2026-09-10_root_pdf_extraction_pass_002.json
ONE FILE SAT 2.pdf,archive-artifact,.pdf,pdf,121081,DERIVED_TEXT_AVAILABLE,True,OK,_AUTO_EXTRACTED_TEXT/ONE FILE SAT 2.txt,manifest-exact,PyMuPDF,35553,_AUTO_EXTRACTED_TEXT/_manifests/2026-09-10_root_pdf_extraction_pass_002.json
ORDERS.txt,archive-artifact,.txt,native-text,5162,DIRECT_TEXT,True,,,,,,
OS-00 world overview — raw.txt,archive-artifact,.txt,native-text,4733123,DIRECT_TEXT,True,,,,,,
Older Conversations/FUNDAMENTAL INTUITIONS.txt,archive-artifact,.txt,native-text,9258,DIRECT_TEXT,True,,,,,,
Older Conversations/SAT DEV HISTORY.txt,archive-artifact,.txt,native-text,6909872,DIRECT_TEXT,True,,,,,,
Older Conversations/SAT FORMALIZATION ROUND 3ish (1).txt,archive-artifact,.txt,native-text,22770,DIRECT_TEXT,True,,,,,,
Older Conversations/SAT FORMALIZATION ROUND 3ish.txt,archive-artifact,.txt,native-text,22770,DIRECT_TEXT,True,,,,,,
Older Conversations/SAT FORMALIZATION doc.txt,archive-artifact,.txt,native-text,60654,DIRECT_TEXT,True,,,,,,
Older Conversations/SAT FULL EVALUATION.txt,archive-artifact,.txt,native-text,218630,DIRECT_TEXT,True,,,,,,
Older Conversations/SAT Full Revamp.txt,archive-artifact,.txt,native-text,142698,DIRECT_TEXT,True,,,,,,
Older Conversations/SAT HARD FORMULATION (1).txt,archive-artifact,.txt,native-text,3416,DIRECT_TEXT,True,,,,,,
Older Conversations/SAT HARD FORMULATION(1).txt,archive-artifact,.txt,native-text,3416,DIRECT_TEXT,True,,,,,,
Older Conversations/SAT HARD FORMULATION.txt,archive-artifact,.txt,native-text,2713,DIRECT_TEXT,True,,,,,,
Older Conversations/SAT INCEPTION (1).txt,archive-artifact,.txt,native-text,4751,DIRECT_TEXT,True,,,,,,
Older Conversations/SAT INCEPTION SCRIPTS (1).txt,archive-artifact,.txt,native-text,4575,DIRECT_TEXT,True,,,,,,
Older Conversations/SAT INCEPTION SCRIPTS.txt,archive-artifact,.txt,native-text,4575,DIRECT_TEXT,True,,,,,,
Older Conversations/SAT INCEPTION.txt,archive-artifact,.txt,native-text,4751,DIRECT_TEXT,True,,,,,,
Older Conversations/SAT SCALAR ANGULAR THEORY (1).txt,archive-artifact,.txt,native-text,306418,DIRECT_TEXT,True,,,,,,
Older Conversations/SAT SCALAR ANGULAR THEORY.txt,archive-artifact,.txt,native-text,306418,DIRECT_TEXT,True,,,,,,
Older Conversations/SAT TEST.txt,archive-artifact,.txt,native-text,26999,DIRECT_TEXT,True,,,,,,
Older Conversations/SAT-OLD.txt,archive-artifact,.txt,native-text,23774,DIRECT_TEXT,True,,,,,,
Older Conversations/Weinstein & SAT(1).txt,archive-artifact,.txt,native-text,35838,DIRECT_TEXT,True,,,,,,
Older Conversations/Weinstein & SAT.txt,archive-artifact,.txt,native-text,35838,DIRECT_TEXT,True,,,,,,
Ontic 2.txt.txt,archive-artifact,.txt,native-text,16995,DIRECT_TEXT,True,,,,,,
Ontic.txt,archive-artifact,.txt,native-text,2464,DIRECT_TEXT,True,,,,,,
Ontology and Math Check — raw.json,archive-artifact,.json,native-text,3275822,DIRECT_TEXT,True,,,,,,
Ooo Construction Story Retelling — raw (2).json,archive-artifact,.json,native-text,2256543,DIRECT_TEXT,True,,,,,,
Orders and Q numbers 2.pdf,archive-artifact,.pdf,pdf,27254,DERIVED_TEXT_AVAILABLE,True,OK,_AUTO_EXTRACTED_TEXT/Orders and Q numbers 2.txt,manifest-exact,PyMuPDF,5085,_AUTO_EXTRACTED_TEXT/_manifests/2026-09-10_root_pdf_extraction_pass_002.json
Orders and Q numbers.pdf,archive-artifact,.pdf,pdf,27254,DERIVED_TEXT_AVAILABLE,True,OK,_AUTO_EXTRACTED_TEXT/Orders and Q numbers.txt,manifest-exact,PyMuPDF,5085,_AUTO_EXTRACTED_TEXT/_manifests/2026-09-10_root_pdf_extraction_pass_002.json
PARADIGM FOR & AGAINST CONVO.txt,archive-artifact,.txt,native-text,89459,DIRECT_TEXT,True,,,,,,
PARADIGM SHIFT.txt,archive-artifact,.txt,native-text,99451,DIRECT_TEXT,True,,,,,,
PAXBOOK.txt,archive-artifact,.txt,native-text,167146,DIRECT_TEXT,True,,,,,,
PDF LIBRARY [OLD]/Audit Code Package Construction Guide.pdf,archive-artifact,.pdf,pdf,44507,DERIVED_TEXT_AVAILABLE,True,LEGACY_NAME_MATCH,_AUTO_EXTRACTED_TEXT/Audit Code Package Construction Guide.txt,legacy-basename-unique,,,
PDF LIBRARY [OLD]/BELLOMY_N_Phys_Rev_D_Submission.pdf,archive-artifact,.pdf,pdf,231211,NEEDS_EXTRACTION,True,,,,,,
PDF LIBRARY [OLD]/BELLOMY_N_Phys_Rev_D_Supplement.pdf,archive-artifact,.pdf,pdf,308901,NEEDS_EXTRACTION,True,,,,,,
PDF LIBRARY [OLD]/BIG PAPER 3 SAT_CLEAN.pdf,archive-artifact,.pdf,pdf,243930,NEEDS_EXTRACTION,True,,,,,,
PDF LIBRARY [OLD]/DEEP DIVE PRONUNCIATION GUIDE PT2.pdf,archive-artifact,.pdf,pdf,44533,NEEDS_EXTRACTION,True,,,,,,
PDF LIBRARY [OLD]/DEEP DIVE PRONUNCIATION GUIDE.pdf,archive-artifact,.pdf,pdf,150302,NEEDS_EXTRACTION,True,,,,,,
PDF LIBRARY [OLD]/McKnight_N_SAT-QR.pdf,archive-artifact,.pdf,pdf,203382,DERIVED_TEXT_AVAILABLE,True,LEGACY_NAME_MATCH,_AUTO_EXTRACTED_TEXT/McKnight_N_SAT-QR.txt,legacy-basename-unique,,,
PDF LIBRARY [OLD]/Minimal Introduction (SAT O era).pdf,archive-artifact,.pdf,pdf,150401,DERIVED_TEXT_AVAILABLE,True,LEGACY_NAME_MATCH,_AUTO_EXTRACTED_TEXT/Minimal Introduction (SAT O era).txt,legacy-basename-unique,,,
PDF LIBRARY [OLD]/Proof1).pdf,archive-artifact,.pdf,pdf,212890,DERIVED_TEXT_AVAILABLE,True,LEGACY_NAME_MATCH,_AUTO_EXTRACTED_TEXT/Proof1).txt,legacy-basename-unique,,,
PDF LIBRARY [OLD]/SAT 20 Minimal Intro.pdf,archive-artifact,.pdf,pdf,171943,DERIVED_TEXT_AVAILABLE,True,LEGACY_NAME_MATCH,_AUTO_EXTRACTED_TEXT/SAT 20 Minimal Intro.txt,legacy-basename-unique,,,
PDF LIBRARY [OLD]/SAT 22Jun25.pdf,archive-artifact,.pdf,pdf,5381173,NEEDS_EXTRACTION,True,,,,,,
PDF LIBRARY [OLD]/SAT.4D Deep Dive Pronunciation Guide.pdf,archive-artifact,.pdf,pdf,112037,NEEDS_EXTRACTION,True,,,,,,
PDF LIBRARY [OLD]/SAT_4D-Sketch.pdf,archive-artifact,.pdf,pdf,305464,NEEDS_EXTRACTION,True,,,,,,
PDF LIBRARY [OLD]/SAT_4D_LEGACY_REFERENCE.pdf,archive-artifact,.pdf,pdf,459067,DERIVED_TEXT_AVAILABLE,True,LEGACY_NAME_MATCH,_AUTO_EXTRACTED_TEXT/SAT_4D_LEGACY_REFERENCE.txt,legacy-basename-unique,,,
PDF LIBRARY [OLD]/SAT_4D_LIVE.pdf,archive-artifact,.pdf,pdf,318744,NEEDS_EXTRACTION,True,,,,,,
PDF LIBRARY [OLD]/SAT_4D_LIVE_DRAFT-10Jul2025 - Copy.pdf,archive-artifact,.pdf,pdf,472047,DERIVED_TEXT_AVAILABLE,True,LEGACY_NAME_MATCH,_AUTO_EXTRACTED_TEXT/SAT_4D_LIVE_DRAFT-10Jul2025 - Copy.txt,legacy-basename-unique,,,
PDF LIBRARY [OLD]/SAT_ATTEMPTED_FORMALIZATION.pdf,archive-artifact,.pdf,pdf,1077897,NEEDS_EXTRACTION,True,,,,,,
PDF LIBRARY [OLD]/SAT_CLEAN (1).pdf,archive-artifact,.pdf,pdf,407677,NEEDS_EXTRACTION,True,,,,,,
PDF LIBRARY [OLD]/SAT_CLEAN-eval.pdf,archive-artifact,.pdf,pdf,311482,NEEDS_EXTRACTION,True,,,,,,
PDF LIBRARY [OLD]/SAT_CLEAN_LIVE.pdf,archive-artifact,.pdf,pdf,328128,NEEDS_EXTRACTION,True,,,,,,
PDF LIBRARY [OLD]/SAT_DATA_FITS.pdf,archive-artifact,.pdf,pdf,175833,DERIVED_TEXT_AVAILABLE,True,LEGACY_NAME_MATCH,_AUTO_EXTRACTED_TEXT/SAT_DATA_FITS.txt,legacy-basename-unique,,,
PDF LIBRARY [OLD]/SAT_FULL_BUILDOUT.pdf,archive-artifact,.pdf,pdf,488753,NEEDS_EXTRACTION,True,,,,,,
PDF LIBRARY [OLD]/SAT_O1.pdf,archive-artifact,.pdf,pdf,150401,DERIVED_TEXT_AVAILABLE,True,LEGACY_NAME_MATCH,_AUTO_EXTRACTED_TEXT/SAT_O1.txt,legacy-basename-unique,,,
PDF LIBRARY [OLD]/SAT_O2.pdf,archive-artifact,.pdf,pdf,162528,DERIVED_TEXT_AVAILABLE,True,LEGACY_NAME_MATCH,_AUTO_EXTRACTED_TEXT/SAT_O2.txt,legacy-basename-unique,,,
PDF LIBRARY [OLD]/SAT_O3.pdf,archive-artifact,.pdf,pdf,115477,DERIVED_TEXT_AVAILABLE,True,LEGACY_NAME_MATCH,_AUTO_EXTRACTED_TEXT/SAT_O3.txt,legacy-basename-unique,,,
PDF LIBRARY [OLD]/SAT_O4.pdf,archive-artifact,.pdf,pdf,150740,DERIVED_TEXT_AVAILABLE,True,LEGACY_NAME_MATCH,_AUTO_EXTRACTED_TEXT/SAT_O4.txt,legacy-basename-unique,,,
PDF LIBRARY [OLD]/SAT_O5.pdf,archive-artifact,.pdf,pdf,152388,DERIVED_TEXT_AVAILABLE,True,LEGACY_NAME_MATCH,_AUTO_EXTRACTED_TEXT/SAT_O5.txt,legacy-basename-unique,,,
PDF LIBRARY [OLD]/SAT_O6.pdf,archive-artifact,.pdf,pdf,119592,DERIVED_TEXT_AVAILABLE,True,LEGACY_NAME_MATCH,_AUTO_EXTRACTED_TEXT/SAT_O6.txt,legacy-basename-unique,,,
PDF LIBRARY [OLD]/SAT_O7_tentative.pdf,archive-artifact,.pdf,pdf,166113,DERIVED_TEXT_AVAILABLE,True,LEGACY_NAME_MATCH,_AUTO_EXTRACTED_TEXT/SAT_O7_tentative.txt,legacy-basename-unique,,,
PDF LIBRARY [OLD]/SAT_O7_time_tentative.pdf,archive-artifact,.pdf,pdf,169065,NEEDS_EXTRACTION,True,,,,,,
PDF LIBRARY [OLD]/SAT_O_Glossary_1.pdf,archive-artifact,.pdf,pdf,129701,DERIVED_TEXT_AVAILABLE,True,LEGACY_NAME_MATCH,_AUTO_EXTRACTED_TEXT/SAT_O_Glossary_1.txt,legacy-basename-unique,,,
PDF LIBRARY [OLD]/SAT_REWRITE (1).pdf,archive-artifact,.pdf,pdf,5305098,NEEDS_EXTRACTION,True,,,,,,
PDF LIBRARY [OLD]/SAT_REWRITE.pdf,archive-artifact,.pdf,pdf,5329850,NEEDS_EXTRACTION,True,,,,,,
PDF LIBRARY [OLD]/SAT_ST_integration_test.pdf,archive-artifact,.pdf,pdf,393387,DERIVED_TEXT_AVAILABLE,True,LEGACY_NAME_MATCH,_AUTO_EXTRACTED_TEXT/SAT_ST_integration_test.txt,legacy-basename-unique,,,
PDF LIBRARY [OLD]/Test (1).pdf,archive-artifact,.pdf,pdf,350527,DERIVED_TEXT_AVAILABLE,True,LEGACY_NAME_MATCH,_AUTO_EXTRACTED_TEXT/Test (1).txt,legacy-basename-unique,,,
PDF LIBRARY [OLD]/Test.pdf,archive-artifact,.pdf,pdf,322966,DERIVED_TEXT_AVAILABLE,True,LEGACY_NAME_MATCH,_AUTO_EXTRACTED_TEXT/Test.txt,legacy-basename-unique,,,
PDF LIBRARY [OLD]/desktop.ini,archive-artifact,.ini,native-text,138,DIRECT_TEXT,True,,,,,,
PDF LIBRARY [OLD]/refractive_index_modulation.pdf,archive-artifact,.pdf,pdf,382611,NEEDS_EXTRACTION,True,,,,,,
PHYS (nolat) 2.pdf,archive-artifact,.pdf,pdf,60915,DERIVED_TEXT_AVAILABLE,True,OK,_AUTO_EXTRACTED_TEXT/PHYS (nolat) 2.txt,manifest-exact,PyMuPDF,10677,_AUTO_EXTRACTED_TEXT/_manifests/2026-09-10_root_pdf_extraction_pass_002.json
PHYS (nolat).pdf,archive-artifact,.pdf,pdf,60915,DERIVED_TEXT_AVAILABLE,True,OK,_AUTO_EXTRACTED_TEXT/PHYS (nolat).txt,manifest-exact,PyMuPDF,10677,_AUTO_EXTRACTED_TEXT/_manifests/2026-09-10_root_pdf_extraction_pass_002.json
PODCAST_EPISODES.txt,archive-artifact,.txt,native-text,5267,DIRECT_TEXT,True,,,,,,
POSCAST_EPISODES_FULL.txt,archive-artifact,.txt,native-text,6327,DIRECT_TEXT,True,,,,,,
PREDICTIONS/ANONYM RETRO 2 EXPECTED OUTCOMES.txt,archive-artifact,.txt,native-text,828,DIRECT_TEXT,True,,,,,,
PREDICTIONS/ANONYM RETRO 2.txt,archive-artifact,.txt,native-text,8052,DIRECT_TEXT,True,,,,,,
PREDICTIONS/ANONYMIZED RETRODICTION EXPECTED OUTCOMES.txt,archive-artifact,.txt,native-text,857,DIRECT_TEXT,True,,,,,,
PREDICTIONS/ANONYMIZED RETRODICTIONS.txt,archive-artifact,.txt,native-text,5101,DIRECT_TEXT,True,,,,,,
PREDICTIONS/C6BC517C-3500-4197-A463-A092A2628869.mov,archive-artifact,.mov,video,19639364,NEEDS_TRANSCRIPTION_OR_MEDIA_PROCESSING,True,,,,,,
PREDICTIONS/CLOCK SHIFT PREDICTION PROTOCOL.txt,archive-artifact,.txt,native-text,20454,DIRECT_TEXT,True,,,,,,
PREDICTIONS/CONCAT_COMB_SAT_PREDICTIONS.txt,archive-artifact,.txt,native-text,1123479,DIRECT_TEXT,True,,,,,,
PREDICTIONS/CONCAT_COMB_SAT_PREDICTIONS_2.txt,archive-artifact,.txt,native-text,2729602,DIRECT_TEXT,True,,,,,,
PREDICTIONS/CONCAT_COMB_SAT_PREDICTIONS_3.txt,archive-artifact,.txt,native-text,1288675,DIRECT_TEXT,True,,,,,,
PREDICTIONS/CONCAT_COMB_SAT_PREDICTIONS_4.txt,archive-artifact,.txt,native-text,1462822,DIRECT_TEXT,True,,,,,,
PREDICTIONS/CONCAT_COMB_SAT_PREDICTIONS_5.txt,archive-artifact,.txt,native-text,2727110,DIRECT_TEXT,True,,,,,,
PREDICTIONS/DOMAIN WALL PREDICTION.txt,archive-artifact,.txt,native-text,15548,DIRECT_TEXT,True,,,,,,
PREDICTIONS/PHYS_SUPP_PRED.txt,archive-artifact,.txt,native-text,2485,DIRECT_TEXT,True,,,,,,
PREDICTIONS/PREDICTION REASSESSMENT.txt,archive-artifact,.txt,native-text,6076,DIRECT_TEXT,True,,,,,,
PREDICTIONS/PREDICTIONS--PULSAR TIMING RESIDUALS.txt,archive-artifact,.txt,native-text,28374,DIRECT_TEXT,True,,,,,,
PREDICTIONS/PREDICTIONS_ROUNDUP.txt,archive-artifact,.txt,native-text,84615,DIRECT_TEXT,True,,,,,,
PREDICTIONS/RETRODICTIONS 1.txt,archive-artifact,.txt,native-text,9462,DIRECT_TEXT,True,,,,,,
PREDICTIONS/SAT Earthquake predictor.txt,archive-artifact,.txt,native-text,2332,DIRECT_TEXT,True,,,,,,
PREDICTIONS/SAT PREDICTION HIST - ROUNDUP 2.5.txt,archive-artifact,.txt,native-text,5027237,DIRECT_TEXT,True,,,,,,
PREDICTIONS/SAT PREDICTION — METRICS + OTHER SAT's.txt,archive-artifact,.txt,native-text,122022,DIRECT_TEXT,True,,,,,,
PREDICTIONS/SAT PREDICTIONS - ROUNDUP 2.txt,archive-artifact,.txt,native-text,1125571,DIRECT_TEXT,True,,,,,,
PREDICTIONS/SAT PREDICTIONS JUNE 1 2025.txt,archive-artifact,.txt,native-text,1223,DIRECT_TEXT,True,,,,,,
PREDICTIONS/SAT PREDICTIONS — ROUNDUP 1.5.txt,archive-artifact,.txt,native-text,896659,DIRECT_TEXT,True,,,,,,
PREDICTIONS/SAT PREDICTIONS — ROUNDUP 1.txt,archive-artifact,.txt,native-text,337364,DIRECT_TEXT,True,,,,,,
PREDICTIONS/SAT PREDICTIONS — ROUNDUP 2.5.5.txt,archive-artifact,.txt,native-text,1097439,DIRECT_TEXT,True,,,,,,
PREDICTIONS/SAT PREDICTIONS — SCORECARD.txt,archive-artifact,.txt,native-text,7864,DIRECT_TEXT,True,,,,,,
PREDICTIONS/SAT RETRODICTED DATA JUNE 1 2025.txt,archive-artifact,.txt,native-text,30338,DIRECT_TEXT,True,,,,,,
PREDICTIONS/SAT TRUE PREDICTIONS.txt,archive-artifact,.txt,native-text,4385,DIRECT_TEXT,True,,,,,,
PREDICTIONS/SAT predictions 3.txt,archive-artifact,.txt,native-text,3684,DIRECT_TEXT,True,,,,,,
PREDICTIONS/SAT-PREDICTION-PROTOCOL NONONYMIZED.txt,archive-artifact,.txt,native-text,10016,DIRECT_TEXT,True,,,,,,
PREDICTIONS/SAT-Y Predictions.txt,archive-artifact,.txt,native-text,11578,DIRECT_TEXT,True,,,,,,
PREDICTIONS/SATOBLOCK Full Theory & Predictions.txt,archive-artifact,.txt,native-text,204044,DIRECT_TEXT,True,,,,,,
PREDICTIONS/SATx_Predictions_and_Retrodictions.txt,archive-artifact,.txt,native-text,6652,DIRECT_TEXT,True,,,,,,
PREDICTIONS/Tests+Predictions.txt,archive-artifact,.txt,native-text,233092,DIRECT_TEXT,True,,,,,,
PREDICTIONS/Vera Predictions 2.txt,archive-artifact,.txt,native-text,4410,DIRECT_TEXT,True,,,,,,
PRE_HSH_ROUNDUP/2 H(S)H EQUATION ROUNDUP.txt,archive-artifact,.txt,native-text,596173,DIRECT_TEXT,True,,,,,,
PRE_HSH_ROUNDUP/3 H(S)H EQUATION ROUNDUP.txt,archive-artifact,.txt,native-text,121147,DIRECT_TEXT,True,,,,,,
PRE_HSH_ROUNDUP/CHATGPT_EXPORT_SNIPPET.txt,archive-artifact,.txt,native-text,22420,DIRECT_TEXT,True,,,,,,
PRE_HSH_ROUNDUP/H(S)H EQUATION ROUNDUP.txt,archive-artifact,.txt,native-text,3110271,DIRECT_TEXT,True,,,,,,
PRE_HSH_ROUNDUP/NEWTONGLITCH ChatGPT Voice Glitch — raw.json,archive-artifact,.json,native-text,2157434,DIRECT_TEXT,True,,,,,,
PRE_HSH_ROUNDUP/SAT ELECTRON MASS CALC.txt,archive-artifact,.txt,native-text,2795,DIRECT_TEXT,True,,,,,,
PRE_HSH_ROUNDUP/github rep.txt,archive-artifact,.txt,native-text,3287,DIRECT_TEXT,True,,,,,,
PRE_HSH_ROUNDUP/gitignore.txt,archive-artifact,.txt,native-text,1,DIRECT_TEXT,True,,,,,,
PRIOR SAT ROSTER SURVEY.txt,archive-artifact,.txt,native-text,5474,DIRECT_TEXT,False,,,,,,
PROP Q.txt,archive-artifact,.txt,native-text,132650,DIRECT_TEXT,True,,,,,,
PROTOTESTPRINT.pdf,archive-artifact,.pdf,pdf,12368446,DERIVED_TEXT_AVAILABLE,True,LOW_TEXT,_AUTO_EXTRACTED_TEXT/PROTOTESTPRINT.txt,manifest-exact,OCRmyPDF + PyMuPDF,104,_AUTO_EXTRACTED_TEXT/_manifests/2026-09-10_root_pdf_extraction_pass_002.json
PROTO_RESUME 2.pdf,archive-artifact,.pdf,pdf,24013,DERIVED_TEXT_AVAILABLE,True,OK,_AUTO_EXTRACTED_TEXT/PROTO_RESUME 2.txt,manifest-exact,PyMuPDF,5182,_AUTO_EXTRACTED_TEXT/_manifests/2026-09-10_root_pdf_extraction_pass_002.json
PROTO_RESUME 3.pdf,archive-artifact,.pdf,pdf,4874620,DERIVED_TEXT_AVAILABLE,True,OK,_AUTO_EXTRACTED_TEXT/PROTO_RESUME 3.txt,manifest-exact,PyMuPDF,2278,_AUTO_EXTRACTED_TEXT/_manifests/2026-09-10_root_pdf_extraction_pass_002.json
PROTO_RESUME-back.pdf,archive-artifact,.pdf,pdf,24013,DERIVED_TEXT_AVAILABLE,True,OK,_AUTO_EXTRACTED_TEXT/PROTO_RESUME-back.txt,manifest-exact,PyMuPDF,5182,_AUTO_EXTRACTED_TEXT/_manifests/2026-09-10_root_pdf_extraction_pass_002.json
PROTO_RESUME-front.pdf,archive-artifact,.pdf,pdf,22682,DERIVED_TEXT_AVAILABLE,True,OK,_AUTO_EXTRACTED_TEXT/PROTO_RESUME-front.txt,manifest-exact,PyMuPDF,1086,_AUTO_EXTRACTED_TEXT/_manifests/2026-09-10_root_pdf_extraction_pass_002.json
PROTO_RESUME.pdf,archive-artifact,.pdf,pdf,22682,DERIVED_TEXT_AVAILABLE,True,OK,_AUTO_EXTRACTED_TEXT/PROTO_RESUME.txt,manifest-exact,PyMuPDF,1086,_AUTO_EXTRACTED_TEXT/_manifests/2026-09-10_root_pdf_extraction_pass_002.json
PUB DRAFTS/ABST-APP.txt,archive-artifact,.txt,native-text,57064,DIRECT_TEXT,True,,,,,,
PUB DRAFTS/APPENDIX A.txt,archive-artifact,.txt,native-text,7689,DIRECT_TEXT,True,,,,,,
PUB DRAFTS/APPENDIX B.txt,archive-artifact,.txt,native-text,3664,DIRECT_TEXT,True,,,,,,
PUB DRAFTS/APPENDIX C.txt,archive-artifact,.txt,native-text,3323,DIRECT_TEXT,True,,,,,,
PUB DRAFTS/APPENDIX D.txt,archive-artifact,.txt,native-text,3868,DIRECT_TEXT,True,,,,,,
PUB DRAFTS/APPENDIX E.txt,archive-artifact,.txt,native-text,5560,DIRECT_TEXT,True,,,,,,
PUB DRAFTS/APPENDIX F.txt,archive-artifact,.txt,native-text,2803,DIRECT_TEXT,True,,,,,,
PUB DRAFTS/APPENDIX G.txt,archive-artifact,.txt,native-text,3599,DIRECT_TEXT,True,,,,,,
PUB DRAFTS/APPENDIX H.txt,archive-artifact,.txt,native-text,4051,DIRECT_TEXT,True,,,,,,
PUB DRAFTS/APPENDIX I.txt,archive-artifact,.txt,native-text,4406,DIRECT_TEXT,True,,,,,,
PUB DRAFTS/APPENDIX INTRO.txt,archive-artifact,.txt,native-text,5228,DIRECT_TEXT,True,,,,,,
PUB DRAFTS/APPENDIX J.txt,archive-artifact,.txt,native-text,3039,DIRECT_TEXT,True,,,,,,
PUB DRAFTS/APPENDIX K.txt,archive-artifact,.txt,native-text,6230,DIRECT_TEXT,True,,,,,,
PUB DRAFTS/APPENDIX L.txt,archive-artifact,.txt,native-text,3363,DIRECT_TEXT,True,,,,,,
PUB DRAFTS/APPENDIX M.txt,archive-artifact,.txt,native-text,3652,DIRECT_TEXT,True,,,,,,
PUB DRAFTS/Bellomy_N_SAT_Submission.pdf,archive-artifact,.pdf,pdf,173625,NEEDS_EXTRACTION,True,,,,,,
PUB DRAFTS/Bellomy_SAT_Framework.pdf,archive-artifact,.pdf,pdf,275753,NEEDS_EXTRACTION,True,,,,,,
PUB DRAFTS/CORE TEAM CURRENT PLAN.txt,archive-artifact,.txt,native-text,6664,DIRECT_TEXT,True,,,,,,
PUB DRAFTS/CORE_TEAM.txt,archive-artifact,.txt,native-text,3522,DIRECT_TEXT,True,,,,,,
PUB DRAFTS/FUNDAMENTAL INTUITIONS MIND MAP.png,archive-artifact,.png,image,4087325,NEEDS_EXTRACTION,True,,,,,,
PUB DRAFTS/McKnight_N_SAT-QR.pdf,archive-artifact,.pdf,pdf,203382,DERIVED_TEXT_AVAILABLE,True,LEGACY_NAME_MATCH,_AUTO_EXTRACTED_TEXT/McKnight_N_SAT-QR.txt,legacy-basename-unique,,,
PUB DRAFTS/McKnight_N_SAT-QR.tex.txt,archive-artifact,.txt,native-text,4294,DIRECT_TEXT,True,,,,,,
PUB DRAFTS/McKnight_et_al_SAT_Whitepaper_Number_One_02Jun25.tex,archive-artifact,.tex,native-text,84827,DIRECT_TEXT,True,,,,,,
PUB DRAFTS/NotebookLM Mind Map.png,archive-artifact,.png,image,4087325,NEEDS_EXTRACTION,True,,,,,,
PUB DRAFTS/Proof1).pdf,archive-artifact,.pdf,pdf,212890,DERIVED_TEXT_AVAILABLE,True,LEGACY_NAME_MATCH,_AUTO_EXTRACTED_TEXT/Proof1).txt,legacy-basename-unique,,,
PUB DRAFTS/SAT 22Jun25.pdf,archive-artifact,.pdf,pdf,5381173,NEEDS_EXTRACTION,True,,,,,,
PUB DRAFTS/SAT_Phenomenology_2025.tex,archive-artifact,.tex,native-text,4070,DIRECT_TEXT,True,,,,,,
PUB DRAFTS/SAT_Phenomenology_2025_SATQR.txt,archive-artifact,.txt,native-text,3601,DIRECT_TEXT,True,,,,,,
PUB DRAFTS/SAT_REWRITE (1).pdf,archive-artifact,.pdf,pdf,5305098,NEEDS_EXTRACTION,True,,,,,,
PUB DRAFTS/SAT_REWRITE.pdf,archive-artifact,.pdf,pdf,5329850,NEEDS_EXTRACTION,True,,,,,,
PUB DRAFTS/Test (1).pdf,archive-artifact,.pdf,pdf,350527,DERIVED_TEXT_AVAILABLE,True,LEGACY_NAME_MATCH,_AUTO_EXTRACTED_TEXT/Test (1).txt,legacy-basename-unique,,,
PUB DRAFTS/Test.pdf,archive-artifact,.pdf,pdf,322966,DERIVED_TEXT_AVAILABLE,True,LEGACY_NAME_MATCH,_AUTO_EXTRACTED_TEXT/Test.txt,legacy-basename-unique,,,
PUB DRAFTS/WHITE PAPER OUTLINE.txt,archive-artifact,.txt,native-text,3694,DIRECT_TEXT,True,,,,,,
PUB DRAFTS/clock_drift_satqr.png,archive-artifact,.png,image,156226,NEEDS_EXTRACTION,True,,,,,,
PULSAR GLITCH (Nolat).pdf,archive-artifact,.pdf,pdf,83460,DERIVED_TEXT_AVAILABLE,True,OK,_AUTO_EXTRACTED_TEXT/PULSAR GLITCH (Nolat).txt,manifest-exact,PyMuPDF,9827,_AUTO_EXTRACTED_TEXT/_manifests/2026-09-10_root_pdf_extraction_pass_002.json
PULSAR_MODEL,archive-artifact,,extensionless,83862,UNKNOWN_OR_BINARY,True,,,,,,
PULSAR_PAPER.pdf,archive-artifact,.pdf,pdf,189995,DERIVED_TEXT_AVAILABLE,True,OK,_AUTO_EXTRACTED_TEXT/PULSAR_PAPER.txt,manifest-exact,PyMuPDF,4680,_AUTO_EXTRACTED_TEXT/_manifests/2026-09-10_root_pdf_extraction_pass_002.json
PYTHON Math Locking (SAT.O)/..folder_summary.txt,artifact-catalog-control,.txt,native-text,2417,NON_SOURCE_LAYER,True,,,,,,
PYTHON Math Locking (SAT.O)/4+link_fallapart.py,archive-artifact,.py,native-text,1863,DIRECT_TEXT,True,,,,,,
PYTHON Math Locking (SAT.O)/AUDITOR README.txt,archive-artifact,.txt,native-text,2755,DIRECT_TEXT,True,,,,,,
PYTHON Math Locking (SAT.O)/MASTER THREAD README.txt,archive-artifact,.txt,native-text,3168,DIRECT_TEXT,True,,,,,,
PYTHON Math Locking (SAT.O)/MASTER_CONTROL.py,archive-artifact,.py,native-text,1606,DIRECT_TEXT,True,,,,,,
PYTHON Math Locking (SAT.O)/PROTOCOLS_REF.py,archive-artifact,.py,native-text,3329,DIRECT_TEXT,True,,,,,,
PYTHON Math Locking (SAT.O)/SAT4DCORE_MASTER_STRUCTURE_LOCK.py,archive-artifact,.py,native-text,6419,DIRECT_TEXT,True,,,,,,
PYTHON Math Locking (SAT.O)/SAT4_MASTER_STRUCTURE_LOCK.py,archive-artifact,.py,native-text,5545,DIRECT_TEXT,True,,,,,,
PYTHON Math Locking (SAT.O)/SAT_O1_structure_lock.py,archive-artifact,.py,native-text,2318,DIRECT_TEXT,True,,,,,,
PYTHON Math Locking (SAT.O)/SAT_O2_structure_lock.py,archive-artifact,.py,native-text,1526,DIRECT_TEXT,True,,,,,,
PYTHON Math Locking (SAT.O)/SAT_O3_structure_lock.py,archive-artifact,.py,native-text,1891,DIRECT_TEXT,True,,,,,,
PYTHON Math Locking (SAT.O)/SAT_O4_structure_lock.py,archive-artifact,.py,native-text,1559,DIRECT_TEXT,True,,,,,,
PYTHON Math Locking (SAT.O)/SAT_O5_structure_lock.py,archive-artifact,.py,native-text,1832,DIRECT_TEXT,True,,,,,,
PYTHON Math Locking (SAT.O)/SAT_O6_structure_lock.py,archive-artifact,.py,native-text,1785,DIRECT_TEXT,True,,,,,,
PYTHON Math Locking (SAT.O)/SAT_O7_structure_lock.py,archive-artifact,.py,native-text,1185,DIRECT_TEXT,True,,,,,,
PYTHON Math Locking (SAT.O)/SAT_O8_structure_lock.py,archive-artifact,.py,native-text,1107,DIRECT_TEXT,True,,,,,,
PYTHON Math Locking (SAT.O)/SAT_O9_structure_lock.py,archive-artifact,.py,native-text,976,DIRECT_TEXT,True,,,,,,
PYTHON Math Locking (SAT.O)/SHEPARD.py,archive-artifact,.py,native-text,3064,DIRECT_TEXT,True,,,,,,
PYTHON Math Locking (SAT.O)/baryon_visualizer.py,archive-artifact,.py,native-text,1760,DIRECT_TEXT,True,,,,,,
PYTHON Math Locking (SAT.O)/borromean_binding.py,archive-artifact,.py,native-text,2040,DIRECT_TEXT,True,,,,,,
PYTHON Math Locking (SAT.O)/concordance_colab_block_3_fixed.py,archive-artifact,.py,native-text,4526,DIRECT_TEXT,True,,,,,,
PYTHON Math Locking (SAT.O)/helix_intersection_visualizer.py,archive-artifact,.py,native-text,2276,DIRECT_TEXT,True,,,,,,
PYTHON Math Locking (SAT.O)/helix_visualizer.py,archive-artifact,.py,native-text,5275,DIRECT_TEXT,True,,,,,,
PYTHON Math Locking (SAT.O)/master_module_loader.py,archive-artifact,.py,native-text,1153,DIRECT_TEXT,True,,,,,,
PYTHON Math Locking (SAT.O)/meson_visualizer.py,archive-artifact,.py,native-text,2394,DIRECT_TEXT,True,,,,,,
PYTHON Math Locking (SAT.O)/neutrino_visualizer.py,archive-artifact,.py,native-text,1333,DIRECT_TEXT,True,,,,,,
PYTHON Math Locking (SAT.O)/quark_binding.py,archive-artifact,.py,native-text,2393,DIRECT_TEXT,True,,,,,,
PYTHON Math Locking (SAT.O)/sat_diagnostics.ipynb,archive-artifact,.ipynb,other-binary-or-unknown,2945,UNKNOWN_OR_BINARY,True,,,,,,
PYTHON Math Locking (SAT.O)/theta_4_concept_visualizer.py,archive-artifact,.py,native-text,2719,DIRECT_TEXT,True,,,,,,
PYTHON Math Locking (SAT.O)/theta_4_visualizer.py,archive-artifact,.py,native-text,2576,DIRECT_TEXT,True,,,,,,
Paper Restructuring Plan — raw.json,archive-artifact,.json,native-text,249469,DIRECT_TEXT,True,,,,,,
Peer Review Process — raw.json,archive-artifact,.json,native-text,163324,DIRECT_TEXT,True,,,,,,
Photoneutrino Sector (nolat).pdf,archive-artifact,.pdf,pdf,39057,DERIVED_TEXT_AVAILABLE,True,OK,_AUTO_EXTRACTED_TEXT/Photoneutrino Sector (nolat).txt,manifest-exact,PyMuPDF,6865,_AUTO_EXTRACTED_TEXT/_manifests/2026-09-10_root_pdf_extraction_pass_002.json
Physical Reality Evaluation — raw.json,archive-artifact,.json,native-text,571896,DIRECT_TEXT,True,,,,,,
Physics Beyond Mathematics — raw.json,archive-artifact,.json,native-text,3384409,DIRECT_TEXT,True,,,,,,
Physics Equation Encoding Analysis — raw.json,archive-artifact,.json,native-text,554472,DIRECT_TEXT,True,,,,,,
Physics Theory Sandbox — raw.json,archive-artifact,.json,native-text,735817,DIRECT_TEXT,True,,,,,,
Podcast Analysis Summary — raw.json,archive-artifact,.json,native-text,55935,DIRECT_TEXT,True,,,,,,
Podcast Transcript Summary — raw.json,archive-artifact,.json,native-text,3007208,DIRECT_TEXT,True,,,,,,
Podcast feedback summary — raw.json,archive-artifact,.json,native-text,82785,DIRECT_TEXT,True,,,,,,
Posters.txt,archive-artifact,.txt,native-text,197752,DIRECT_TEXT,True,,,,,,
Procedure Request — raw.json,archive-artifact,.json,native-text,86532,DIRECT_TEXT,True,,,,,,
Prompt Puller — raw.txt,archive-artifact,.txt,native-text,1400642,DIRECT_TEXT,True,,,,,,
Proof1).pdf,archive-artifact,.pdf,pdf,212890,DERIVED_TEXT_AVAILABLE,True,OK,_AUTO_EXTRACTED_TEXT/Proof1).txt,manifest-exact,PyMuPDF,4333,_AUTO_EXTRACTED_TEXT/_manifests/2026-09-10_root_pdf_extraction_pass_002.json
ProtoRes.pdf,archive-artifact,.pdf,pdf,101582,DERIVED_TEXT_AVAILABLE,True,OK,_AUTO_EXTRACTED_TEXT/ProtoRes.txt,manifest-exact,PyMuPDF,4820,_AUTO_EXTRACTED_TEXT/_manifests/2026-09-10_root_pdf_extraction_pass_002.json
Proton-Electron Mass Ratio — raw.json,archive-artifact,.json,native-text,175701,DIRECT_TEXT,True,,,,,,
QUANTUM GRAVITYFOAM (nolat).pdf,archive-artifact,.pdf,pdf,58696,DERIVED_TEXT_AVAILABLE,True,OK,_AUTO_EXTRACTED_TEXT/QUANTUM GRAVITYFOAM (nolat).txt,manifest-exact,PyMuPDF,6499,_AUTO_EXTRACTED_TEXT/_manifests/2026-09-10_root_pdf_extraction_pass_002.json
README.md,archive-artifact,.md,native-text,42938,DIRECT_TEXT,True,,,,,,
README_SAT_KMAP_PIPELINE.txt,archive-artifact,.txt,native-text,817,DIRECT_TEXT,True,,,,,,
README—CORE_RULESET_1.txt,archive-artifact,.txt,native-text,2228,DIRECT_TEXT,True,,,,,,
REUILIGIG.txt,archive-artifact,.txt,native-text,1479,DIRECT_TEXT,True,,,,,,
RMS (Radical Meta-Skepticism).txt,archive-artifact,.txt,native-text,14375,DIRECT_TEXT,True,,,,,,
RMS SAT CRITIQUE.txt,archive-artifact,.txt,native-text,8620,DIRECT_TEXT,True,,,,,,
RMS SAT.txt,archive-artifact,.txt,native-text,212873,DIRECT_TEXT,True,,,,,,
"RMS STABILITY, INTELLIGENCE, PANPSYCHISM, AND THE DRAKE EQUATION.txt",archive-artifact,.txt,native-text,3867,DIRECT_TEXT,True,,,,,,
RMS Spacetime Filaments.txt,archive-artifact,.txt,native-text,10663,DIRECT_TEXT,True,,,,,,
RMS THE CLUB.txt,archive-artifact,.txt,native-text,525038,DIRECT_TEXT,True,,,,,,
RMS THE FRAMEWORK.txt,archive-artifact,.txt,native-text,550324,DIRECT_TEXT,True,,,,,,
RMS THE ROLE OF WORDS.text,archive-artifact,.text,other-binary-or-unknown,7547,UNKNOWN_OR_BINARY,True,,,,,,
RMS THE ROLE OF WORDS.txt,archive-artifact,.txt,native-text,117774,DIRECT_TEXT,True,,,,,,
RMS_CRITIQUE_AND_RESPONSE.txt,archive-artifact,.txt,native-text,17842,DIRECT_TEXT,True,,,,,,
RMS_Materials_summary.txt,archive-artifact,.txt,native-text,22469,DIRECT_TEXT,True,,,,,,
RMS_OVERVIEW_AND_STUDY_GUIDE.txt,archive-artifact,.txt,native-text,32360,DIRECT_TEXT,True,,,,,,
Reasoning with SAT-HSH Skill — raw.json,archive-artifact,.json,native-text,7964873,DIRECT_TEXT,True,,,,,,
Reddit OCR Analysis — raw.json,archive-artifact,.json,native-text,915309,DIRECT_TEXT,True,,,,,,
Relativistic–Quantum Isomorphism (nolat).pdf,archive-artifact,.pdf,pdf,38084,DERIVED_TEXT_AVAILABLE,True,OK,_AUTO_EXTRACTED_TEXT/Relativistic–Quantum Isomorphism (nolat).txt,manifest-exact,PyMuPDF,4992,_AUTO_EXTRACTED_TEXT/_manifests/2026-09-10_root_pdf_extraction_pass_002.json
Ret--Jun1 SAT Z Review — raw.json,archive-artifact,.json,native-text,665220,DIRECT_TEXT,True,,,,,,
RevLaTeX Fix Assistance — raw.json,archive-artifact,.json,native-text,169472,DIRECT_TEXT,True,,,,,,
Russia's Nuclear Arsenal Maintenance — raw (1).json,archive-artifact,.json,native-text,2204362,DIRECT_TEXT,True,,,,,,
Russia's Nuclear Arsenal Maintenance — raw.json,archive-artifact,.json,native-text,2174733,DIRECT_TEXT,True,,,,,,
SAT & RMS/..folder_summary.txt,artifact-catalog-control,.txt,native-text,3792,NON_SOURCE_LAYER,True,,,,,,
SAT & RMS/Critique response.txt,archive-artifact,.txt,native-text,136455,DIRECT_TEXT,True,,,,,,
SAT & RMS/Cronin Levin SAT.txt,archive-artifact,.txt,native-text,10909,DIRECT_TEXT,True,,,,,,
SAT & RMS/GProof.txt,archive-artifact,.txt,native-text,6144,DIRECT_TEXT,True,,,,,,
SAT & RMS/INCORPORATION.txt,archive-artifact,.txt,native-text,11932,DIRECT_TEXT,True,,,,,,
SAT & RMS/Langan and SAT.txt,archive-artifact,.txt,native-text,667946,DIRECT_TEXT,True,,,,,,
SAT & RMS/NAUTILUS ARTICLE EVOLVING.txt,archive-artifact,.txt,native-text,94683,DIRECT_TEXT,True,,,,,,
SAT & RMS/NAUTILUS ARTICLE OUTLINE.txt,archive-artifact,.txt,native-text,9745,DIRECT_TEXT,True,,,,,,
SAT & RMS/Nautilus article draft short.txt,archive-artifact,.txt,native-text,8927,DIRECT_TEXT,True,,,,,,
SAT & RMS/Nautilus article draft.txt,archive-artifact,.txt,native-text,89905,DIRECT_TEXT,True,,,,,,
SAT & RMS/Nautilus article meso .txt,archive-artifact,.txt,native-text,18534,DIRECT_TEXT,True,,,,,,
SAT & RMS/Nautilus article.txt,archive-artifact,.txt,native-text,9737,DIRECT_TEXT,True,,,,,,
SAT & RMS/Purely Speculative .txt,archive-artifact,.txt,native-text,35838,DIRECT_TEXT,True,,,,,,
SAT & RMS/RMS SAT (1).txt,archive-artifact,.txt,native-text,212873,DIRECT_TEXT,True,,,,,,
SAT & RMS/RMS SAT.txt,archive-artifact,.txt,native-text,212873,DIRECT_TEXT,True,,,,,,
SAT & RMS/RMS Taxonomy and Truth to 3-8.txt,archive-artifact,.txt,native-text,81375,DIRECT_TEXT,True,,,,,,
SAT & RMS/RMS&SAT(1).txt,archive-artifact,.txt,native-text,29727,DIRECT_TEXT,True,,,,,,
SAT & RMS/RMS&SAT.txt,archive-artifact,.txt,native-text,29727,DIRECT_TEXT,True,,,,,,
SAT & RMS/RMS-OLD.txt,archive-artifact,.txt,native-text,146585,DIRECT_TEXT,True,,,,,,
SAT & RMS/RMS-TAXO-OLD.txt,archive-artifact,.txt,native-text,20952,DIRECT_TEXT,True,,,,,,
SAT & RMS/Radical Meta-Skepticism Overview - Bellomy.txt,archive-artifact,.txt,native-text,64537,DIRECT_TEXT,True,,,,,,
SAT & RMS/Refutness .txt,archive-artifact,.txt,native-text,6153,DIRECT_TEXT,True,,,,,,
SAT & RMS/SAT & String Theory.txt,archive-artifact,.txt,native-text,127384,DIRECT_TEXT,True,,,,,,
SAT & RMS/SAT Overview .txt,archive-artifact,.txt,native-text,127384,DIRECT_TEXT,True,,,,,,
SAT & RMS/SAT Reformulation & Fine Structure Comstant.txt,archive-artifact,.txt,native-text,432885,DIRECT_TEXT,True,,,,,,
SAT & RMS/SAT intro.txt,archive-artifact,.txt,native-text,137112,DIRECT_TEXT,True,,,,,,
SAT & RMS/The radical insight of SAT.txt,archive-artifact,.txt,native-text,64186,DIRECT_TEXT,True,,,,,,
SAT & RMS/Weinstein & SAT.txt,archive-artifact,.txt,native-text,35838,DIRECT_TEXT,True,,,,,,
SAT & RMS/Wrong.txt,archive-artifact,.txt,native-text,95476,DIRECT_TEXT,True,,,,,,
SAT & RMS/Zhoopy.txt,archive-artifact,.txt,native-text,39614,DIRECT_TEXT,True,,,,,,
SAT & RMS/text 3.txt,archive-artifact,.txt,native-text,195867,DIRECT_TEXT,True,,,,,,
SAT & String Theory/SAT & STRING THEORY/C5.txt,archive-artifact,.txt,native-text,71726,DIRECT_TEXT,True,,,,,,
"SAT & String Theory/SAT & STRING THEORY/ChatGPT Image Oct 29, 2025, 02_40_27 PM.png",archive-artifact,.png,image,1043728,NEEDS_EXTRACTION,True,,,,,,
SAT & String Theory/SAT & STRING THEORY/ChatNoteGMPT.txt,archive-artifact,.txt,native-text,61324,DIRECT_TEXT,True,,,,,,
SAT & String Theory/SAT & STRING THEORY/ITS_A_GO.png,archive-artifact,.png,image,2725053,NEEDS_EXTRACTION,True,,,,,,
SAT & String Theory/SAT & STRING THEORY/MAKING FRIENDS WITH NOTEBOOKLM.txt,archive-artifact,.txt,native-text,260732,DIRECT_TEXT,True,,,,,,
SAT & String Theory/SAT & STRING THEORY/MASS SPECTRUM CALCULATION.txt,archive-artifact,.txt,native-text,8761,DIRECT_TEXT,True,,,,,,
SAT & String Theory/SAT & STRING THEORY/MILLENIUM PRIZE.txt,archive-artifact,.txt,native-text,17518,DIRECT_TEXT,True,,,,,,
SAT & String Theory/SAT & STRING THEORY/SAT-ST Module Dev Plan.txt,archive-artifact,.txt,native-text,5360,DIRECT_TEXT,True,,,,,,
SAT & String Theory/SAT & STRING THEORY/SAT-ST SELECTIONS.txt,archive-artifact,.txt,native-text,460575,DIRECT_TEXT,True,,,,,,
SAT & String Theory/SAT & STRING THEORY/SEARCH-REPORT-POWERSHELL.txt,archive-artifact,.txt,native-text,13374,DIRECT_TEXT,True,,,,,,
SAT & String Theory/SAT & STRING THEORY/SKETCH_GUITAR_STRING_MODEL.txt,archive-artifact,.txt,native-text,2740,DIRECT_TEXT,True,,,,,,
SAT & String Theory/SAT & STRING THEORY/STRING_THEORY INTEGRATOIN.txt,archive-artifact,.txt,native-text,6336,DIRECT_TEXT,True,,,,,,
SAT & String Theory/SAT & STRING THEORY/ST_MASSLESS_PARTICLE_REINTERPRETATION.txt,archive-artifact,.txt,native-text,1452,DIRECT_TEXT,True,,,,,,
SAT & String Theory/SAT & STRING THEORY/ST_MESON_REINTERPRETATION.txt,archive-artifact,.txt,native-text,2424,DIRECT_TEXT,True,,,,,,
SAT & String Theory/SAT & STRING THEORY/ST_QUARK_REINTERPRETATION.txt,archive-artifact,.txt,native-text,2515,DIRECT_TEXT,True,,,,,,
SAT & String Theory/SAT & STRING THEORY/VERSIONING_HISTORY.txt,archive-artifact,.txt,native-text,226368,DIRECT_TEXT,True,,,,,,
SAT & String Theory/SAT & String Theory(1).txt,archive-artifact,.txt,native-text,127384,DIRECT_TEXT,True,,,,,,
SAT & String Theory/SAT & String Theory.txt,archive-artifact,.txt,native-text,127384,DIRECT_TEXT,True,,,,,,
SAT 20 Build Plans/Questions.txt,archive-artifact,.txt,native-text,876,DIRECT_TEXT,True,,,,,,
SAT 20 Build Plans/ROADMAP.txt,archive-artifact,.txt,native-text,4119,DIRECT_TEXT,True,,,,,,
SAT 20 Build Plans/SAT20 PROJECT OVERVIEW.png,archive-artifact,.png,image,8771998,NEEDS_EXTRACTION,True,,,,,,
SAT 20 Build Plans/SAT20_Emergent_Filament_Surface_Theory_CriticHardened_v2.txt,archive-artifact,.txt,native-text,5670,DIRECT_TEXT,True,,,,,,
SAT 20 Build Plans/SAT20_Emergent_Filament_Surface_Theory_Neutral.txt,archive-artifact,.txt,native-text,5487,DIRECT_TEXT,True,,,,,,
SAT 20 Build Plans/SAT_20_CHATGPT_MODE_SPECIFICATIONS.txt,archive-artifact,.txt,native-text,3787,DIRECT_TEXT,True,,,,,,
SAT 20 Build Plans/SAT_20_COMBINED_MODE_REFERENCE_SHEET.txt,archive-artifact,.txt,native-text,2233,DIRECT_TEXT,True,,,,,,
SAT 20 Build Plans/SAT_20_MASTER_DOCUMENT_CONTROL_SHEET.txt,archive-artifact,.txt,native-text,2176,DIRECT_TEXT,True,,,,,,
SAT 20 Build Plans/SAT_20_MASTER_PLAN.txt,archive-artifact,.txt,native-text,3749,DIRECT_TEXT,True,,,,,,
SAT 20 Build Plans/SAT_20_MODE_LOGIC_TREE_ADVISORY.txt,archive-artifact,.txt,native-text,2946,DIRECT_TEXT,True,,,,,,
SAT 20 Build Plans/SAT_20_MODE_QUICK_LOOKUP.txt,archive-artifact,.txt,native-text,932,DIRECT_TEXT,True,,,,,,
SAT 20 Build Plans/SAT_20_MODE_TO_MODEL_ASSIGNMENT_TABLE.txt,archive-artifact,.txt,native-text,880,DIRECT_TEXT,True,,,,,,
SAT 20 Build Plans/SAT_20_QUICK_MODE_SWITCH_TEMPLATE.txt,archive-artifact,.txt,native-text,1294,DIRECT_TEXT,True,,,,,,
SAT 20 Build Plans/SAT_20_QUICK_REFERENCE_CARD.txt,archive-artifact,.txt,native-text,1835,DIRECT_TEXT,True,,,,,,
SAT 20 Build Plans/SAT_20_SESSION_RECAP_TEMPLATE.txt,archive-artifact,.txt,native-text,1247,DIRECT_TEXT,True,,,,,,
SAT 20 Build Plans/SAT_20_TOP_LEVEL_GOALS.txt,archive-artifact,.txt,native-text,4319,DIRECT_TEXT,True,,,,,,
SAT 20 Build Plans/TIME INSTRUCTIONS.txt,archive-artifact,.txt,native-text,3322,DIRECT_TEXT,True,,,,,,
SAT 20 Minimal Intro.pdf,archive-artifact,.pdf,pdf,171943,DERIVED_TEXT_AVAILABLE,True,OK,_AUTO_EXTRACTED_TEXT/SAT 20 Minimal Intro.txt,manifest-exact,PyMuPDF,2510,_AUTO_EXTRACTED_TEXT/_manifests/2026-09-10_root_pdf_extraction_pass_002.json
SAT 2025 LAB SIM — KINK TESTS/output-10.png,archive-artifact,.png,image,117361,NEEDS_EXTRACTION,True,,,,,,
SAT 2025 LAB SIM — KINK TESTS/output-11.png,archive-artifact,.png,image,117361,NEEDS_EXTRACTION,True,,,,,,
SAT 2025 LAB SIM — KINK TESTS/output-12.png,archive-artifact,.png,image,115586,NEEDS_EXTRACTION,True,,,,,,
SAT 2025 LAB SIM — KINK TESTS/output-13.png,archive-artifact,.png,image,199964,NEEDS_EXTRACTION,True,,,,,,
SAT 2025 LAB SIM — KINK TESTS/output-14.png,archive-artifact,.png,image,115586,NEEDS_EXTRACTION,True,,,,,,
SAT 2025 LAB SIM — KINK TESTS/output-15.png,archive-artifact,.png,image,199964,NEEDS_EXTRACTION,True,,,,,,
SAT 2025 LAB SIM — KINK TESTS/output-16.png,archive-artifact,.png,image,111888,NEEDS_EXTRACTION,True,,,,,,
SAT 2025 LAB SIM — KINK TESTS/output-17.png,archive-artifact,.png,image,111888,NEEDS_EXTRACTION,True,,,,,,
SAT 2025 LAB SIM — KINK TESTS/output-18.png,archive-artifact,.png,image,158780,NEEDS_EXTRACTION,True,,,,,,
SAT 2025 LAB SIM — KINK TESTS/output-19.png,archive-artifact,.png,image,192597,NEEDS_EXTRACTION,True,,,,,,
SAT 2025 LAB SIM — KINK TESTS/output-2.png,archive-artifact,.png,image,188911,NEEDS_EXTRACTION,True,,,,,,
SAT 2025 LAB SIM — KINK TESTS/output-20.png,archive-artifact,.png,image,175922,NEEDS_EXTRACTION,True,,,,,,
SAT 2025 LAB SIM — KINK TESTS/output-21.png,archive-artifact,.png,image,115586,NEEDS_EXTRACTION,True,,,,,,
SAT 2025 LAB SIM — KINK TESTS/output-22.png,archive-artifact,.png,image,199964,NEEDS_EXTRACTION,True,,,,,,
SAT 2025 LAB SIM — KINK TESTS/output-23.png,archive-artifact,.png,image,111888,NEEDS_EXTRACTION,True,,,,,,
SAT 2025 LAB SIM — KINK TESTS/output-24.png,archive-artifact,.png,image,352863,NEEDS_EXTRACTION,True,,,,,,
SAT 2025 LAB SIM — KINK TESTS/output-25.png,archive-artifact,.png,image,499590,NEEDS_EXTRACTION,True,,,,,,
SAT 2025 LAB SIM — KINK TESTS/output-26.png,archive-artifact,.png,image,499590,NEEDS_EXTRACTION,True,,,,,,
SAT 2025 LAB SIM — KINK TESTS/output-3.png,archive-artifact,.png,image,188911,NEEDS_EXTRACTION,True,,,,,,
SAT 2025 LAB SIM — KINK TESTS/output-4.png,archive-artifact,.png,image,196630,NEEDS_EXTRACTION,True,,,,,,
SAT 2025 LAB SIM — KINK TESTS/output-5.png,archive-artifact,.png,image,196630,NEEDS_EXTRACTION,True,,,,,,
SAT 2025 LAB SIM — KINK TESTS/output-6.png,archive-artifact,.png,image,126558,NEEDS_EXTRACTION,True,,,,,,
SAT 2025 LAB SIM — KINK TESTS/output-7.png,archive-artifact,.png,image,126558,NEEDS_EXTRACTION,True,,,,,,
SAT 2025 LAB SIM — KINK TESTS/output-8.png,archive-artifact,.png,image,132223,NEEDS_EXTRACTION,True,,,,,,
SAT 2025 LAB SIM — KINK TESTS/output-9.png,archive-artifact,.png,image,132223,NEEDS_EXTRACTION,True,,,,,,
SAT 2025 LAB SIM — KINK TESTS/output.png,archive-artifact,.png,image,324229,NEEDS_EXTRACTION,True,,,,,,
SAT 2026 CONCEPTS/2026 AUDITS — Cyclerev.txt,archive-artifact,.txt,native-text,47253,DIRECT_TEXT,True,,,,,,
SAT 2026 CONCEPTS/2026 LEGACY - HELIUM STANDARD ATOM.txt,archive-artifact,.txt,native-text,22469,DIRECT_TEXT,True,,,,,,
SAT 2026 CONCEPTS/2026 NEW - Gg1.txt,archive-artifact,.txt,native-text,38166,DIRECT_TEXT,True,,,,,,
SAT 2026 CONCEPTS/2026 NEW - Gg2.txt,archive-artifact,.txt,native-text,10900,DIRECT_TEXT,True,,,,,,
SAT 2026 CONCEPTS/2026 NEW - Goog.txt,archive-artifact,.txt,native-text,16137,DIRECT_TEXT,True,,,,,,
SAT 2026 CONCEPTS/2026 NEW - Google py.txt,archive-artifact,.txt,native-text,33610,DIRECT_TEXT,True,,,,,,
SAT 2026 CONCEPTS/2026 NEW — Dimensionality.txt,archive-artifact,.txt,native-text,17514,DIRECT_TEXT,True,,,,,,
SAT 2026 CONCEPTS/2026 NEW — ELECTROGRAVACOUSTICS.txt,archive-artifact,.txt,native-text,175298,DIRECT_TEXT,True,,,,,,
SAT 2026 CONCEPTS/2026 NEW — ER GRAVITY.txt,archive-artifact,.txt,native-text,80563,DIRECT_TEXT,True,,,,,,
SAT 2026 CONCEPTS/2026 NEW — FROM SCRATCH.pdf,archive-artifact,.pdf,pdf,443604,NEEDS_EXTRACTION,True,,,,,,
SAT 2026 CONCEPTS/2026 NEW — Filament onto.txt,archive-artifact,.txt,native-text,107020,DIRECT_TEXT,True,,,,,,
SAT 2026 CONCEPTS/2026 NEW — Frame dim .txt,archive-artifact,.txt,native-text,4854,DIRECT_TEXT,True,,,,,,
SAT 2026 CONCEPTS/2026 NEW — Frimscrarcg3.txt,archive-artifact,.txt,native-text,26299,DIRECT_TEXT,True,,,,,,
SAT 2026 CONCEPTS/2026 NEW — Frimscrarch2.txt,archive-artifact,.txt,native-text,52437,DIRECT_TEXT,True,,,,,,
SAT 2026 CONCEPTS/2026 NEW — Fromscratch.txt,archive-artifact,.txt,native-text,11174,DIRECT_TEXT,True,,,,,,
SAT 2026 CONCEPTS/2026 NEW — GRAVITY TWIST.txt,archive-artifact,.txt,native-text,114116,DIRECT_TEXT,True,,,,,,
SAT 2026 CONCEPTS/2026 NEW — Gg3.txt,archive-artifact,.txt,native-text,16137,DIRECT_TEXT,True,,,,,,
SAT 2026 CONCEPTS/2026 NEW — HALOS.txt,archive-artifact,.txt,native-text,4203,DIRECT_TEXT,True,,,,,,
SAT 2026 CONCEPTS/2026 NEW — HEX.txt,archive-artifact,.txt,native-text,873,DIRECT_TEXT,True,,,,,,
SAT 2026 CONCEPTS/2026 NEW — from scratch .txt,archive-artifact,.txt,native-text,182096,DIRECT_TEXT,True,,,,,,
SAT 2026 CONCEPTS/2026 PLAN - Formal rules .txt,archive-artifact,.txt,native-text,4108,DIRECT_TEXT,True,,,,,,
SAT 2026 CONCEPTS/2026 — Backbone.txt,archive-artifact,.txt,native-text,234527,DIRECT_TEXT,True,,,,,,
SAT 2026 HARD METHOD.txt,archive-artifact,.txt,native-text,3877,DIRECT_TEXT,True,,,,,,
SAT 2026 PRE HsH/SAT 2025 — COVARIANT EQ CovSATOBLOC_pre_lean.pdf,archive-artifact,.pdf,pdf,231899,NEEDS_EXTRACTION,True,,,,,,
SAT 2026 PRE HsH/SAT 2025 — SSATOBLOC.pdf,archive-artifact,.pdf,pdf,173625,NEEDS_EXTRACTION,True,,,,,,
SAT 2026 PRE HsH/SAT 2025 — oWanna_Bounce_.pdf,archive-artifact,.pdf,pdf,670811,NEEDS_EXTRACTION,True,,,,,,
SAT 2026 PRE HsH/SAT 2026  — STANDARD ATOM.pdf,archive-artifact,.pdf,pdf,144564,NEEDS_EXTRACTION,True,,,,,,
SAT 2026 PRE HsH/SAT 2026 4DHH-UC BUILDOUT DEV.txt,archive-artifact,.txt,native-text,813457,DIRECT_TEXT,True,,,,,,
SAT 2026 PRE HsH/SAT 2026 AUDITS — Refine .txt,archive-artifact,.txt,native-text,119445,DIRECT_TEXT,True,,,,,,
SAT 2026 PRE HsH/SAT 2026 AUDITS — Refine disc.txt,archive-artifact,.txt,native-text,184982,DIRECT_TEXT,True,,,,,,
SAT 2026 PRE HsH/SAT 2026 CRIT — A critic.txt,archive-artifact,.txt,native-text,2983,DIRECT_TEXT,True,,,,,,
SAT 2026 PRE HsH/SAT 2026 PARTICLE TYPES — Worldlines.txt,archive-artifact,.txt,native-text,41828,DIRECT_TEXT,True,,,,,,
SAT 2026 PRE HsH/SAT 2026 THOUGHTS — BLACK HOLES AND BIG BANGS.txt,archive-artifact,.txt,native-text,19996,DIRECT_TEXT,True,,,,,,
SAT 2026 PRE HsH/SAT 2026 THOUGHTS — Bell’s + Light Cones.txt,archive-artifact,.txt,native-text,11751,DIRECT_TEXT,True,,,,,,
SAT 2026 PRE HsH/SAT 2026 THOUGHTS — SOME THOUGHTS.txt,archive-artifact,.txt,native-text,107014,DIRECT_TEXT,True,,,,,,
SAT 2026 PRE HsH/SAT 2026 THOUGHTS — Space Doover.txt,archive-artifact,.txt,native-text,10900,DIRECT_TEXT,True,,,,,,
SAT 2026 PRE HsH/SAT 2026 THOUGHTS — Spectra-Heat anom.txt,archive-artifact,.txt,native-text,38166,DIRECT_TEXT,True,,,,,,
SAT 2026 PRE HsH/SAT 2026 UI — UI BUILDOUT.txt,archive-artifact,.txt,native-text,416525,DIRECT_TEXT,True,,,,,,
SAT 2026 PRE HsH/SAT 2026 UI — UI CONFIG.txt,archive-artifact,.txt,native-text,6534,DIRECT_TEXT,True,,,,,,
SAT 2026 PRE HsH/SAT 2026 UI — UI-SAT_4DHH_UC.pdf,archive-artifact,.pdf,pdf,128022,NEEDS_EXTRACTION,True,,,,,,
SAT 2026 PRE HsH/SAT 2026 UI — UI_Procedure_SAT_4DHH_UC.pdf,archive-artifact,.pdf,pdf,128022,NEEDS_EXTRACTION,True,,,,,,
SAT 2026 PRE HsH/SAT 2026 UI — UI_SAT_4DHH_UC.pdf,archive-artifact,.pdf,pdf,128022,NEEDS_EXTRACTION,True,,,,,,
SAT 2026 PRE HsH/SAT 2026 WHIRLIGIG — Donut canon.txt,archive-artifact,.txt,native-text,18106,DIRECT_TEXT,True,,,,,,
SAT 2026 PRE HsH/SAT 2026 WHIRLYGIG — ReDonut.txt,archive-artifact,.txt,native-text,41602,DIRECT_TEXT,True,,,,,,
SAT 2026 PRE HsH/SAT 2026 — 25 SAT VERSIONS.pdf,archive-artifact,.pdf,pdf,1203889,NEEDS_EXTRACTION,True,,,,,,
SAT 2026 PRE HsH/SAT 2026 — 2SATOBLOC_pre_lean.pdf,archive-artifact,.pdf,pdf,109755,NEEDS_EXTRACTION,True,,,,,,
SAT 2026 PRE HsH/SAT 2026 — 2Submission_for_Physics_Review_D.pdf,archive-artifact,.pdf,pdf,231340,NEEDS_EXTRACTION,True,,,,,,
"SAT 2026 PRE HsH/SAT 2026 — And, of course, the braiding of three world lines together explains….pdf",archive-artifact,.pdf,pdf,109729,NEEDS_EXTRACTION,True,,,,,,
SAT 2026 PRE HsH/SAT 2026 — BATTERY EXPERIMENT Tent Exp.txt,archive-artifact,.txt,native-text,10011,DIRECT_TEXT,True,,,,,,
SAT 2026 PRE HsH/SAT 2026 — Base units .txt,archive-artifact,.txt,native-text,275,DIRECT_TEXT,True,,,,,,
SAT 2026 PRE HsH/SAT 2026 — COIL Orders .txt,archive-artifact,.txt,native-text,3008,DIRECT_TEXT,True,,,,,,
SAT 2026 PRE HsH/SAT 2026 — Crit.txt,archive-artifact,.txt,native-text,17763,DIRECT_TEXT,True,,,,,,
SAT 2026 PRE HsH/SAT 2026 — OVERVIEW Mechwaall.txt,archive-artifact,.txt,native-text,132332,DIRECT_TEXT,True,,,,,,
SAT 2026 PRE HsH/SAT 2026 — PHYS_REV_D_V_1_Submission.pdf,archive-artifact,.pdf,pdf,105780,NEEDS_EXTRACTION,True,,,,,,
SAT 2026 PRE HsH/SAT 2026 — Q COUNTING CONCERNS.pdf,archive-artifact,.pdf,pdf,80845,NEEDS_EXTRACTION,True,,,,,,
"SAT 2026 PRE HsH/SAT 2026 — SPECULATION, CONJECTURE, and EXPLAINING ANOMALIES.pdf",archive-artifact,.pdf,pdf,310260,NEEDS_EXTRACTION,True,,,,,,
SAT 2026 PRE HsH/SAT 2026 — Spring 2026 Post-Audit Notes.txt,archive-artifact,.txt,native-text,43995,DIRECT_TEXT,True,,,,,,
SAT 2026 PRE HsH/SAT 2026 — THEORY REFINEMENT SUMMARY.pdf,archive-artifact,.pdf,pdf,488381,NEEDS_EXTRACTION,True,,,,,,
SAT 2026 PRE HsH/SAT 2026 — THEORY REFINEMENT SUMMARY.txt,archive-artifact,.txt,native-text,45711,DIRECT_TEXT,True,,,,,,
SAT 2026 PRE HsH/SAT 2026 — THOUGHTS — SOME THOUGHTS .txt,archive-artifact,.txt,native-text,107014,DIRECT_TEXT,True,,,,,,
SAT 2026 PRE HsH/SAT 2026 — Unifall.txt,archive-artifact,.txt,native-text,3680,DIRECT_TEXT,True,,,,,,
SAT 2026 PRE HsH/SAT 2026 — WHIRLIGIG SUMMARY-1.pdf,archive-artifact,.pdf,pdf,3256732,NEEDS_EXTRACTION,True,,,,,,
SAT 2026 ROUNDUP DOCS/2023 SPACETIME CHAT.txt,archive-artifact,.txt,native-text,62782,DIRECT_TEXT,True,,,,,,
SAT 2026 ROUNDUP DOCS/2026 BIG PAPER.txt,archive-artifact,.txt,native-text,153534,DIRECT_TEXT,True,,,,,,
SAT 2026 ROUNDUP DOCS/2026 LEGACY - HELIUM STANDARD ATOM.txt,archive-artifact,.txt,native-text,22469,DIRECT_TEXT,True,,,,,,
SAT 2026 ROUNDUP DOCS/2026 NEW - Google py.txt,archive-artifact,.txt,native-text,33610,DIRECT_TEXT,True,,,,,,
SAT 2026 ROUNDUP DOCS/2026 NEW — ELECTROGRAVACOUSTICS.txt,archive-artifact,.txt,native-text,175298,DIRECT_TEXT,True,,,,,,
SAT 2026 ROUNDUP DOCS/2026 NEW — ER GRAVITY.txt,archive-artifact,.txt,native-text,80563,DIRECT_TEXT,True,,,,,,
SAT 2026 ROUNDUP DOCS/2026 NEW — GRAVITY TWIST.txt,archive-artifact,.txt,native-text,114116,DIRECT_TEXT,True,,,,,,
SAT 2026 ROUNDUP DOCS/2026 NEW — Gg3.txt,archive-artifact,.txt,native-text,16137,DIRECT_TEXT,True,,,,,,
SAT 2026 ROUNDUP DOCS/2026 NEW — HALOS.txt,archive-artifact,.txt,native-text,4203,DIRECT_TEXT,True,,,,,,
SAT 2026 ROUNDUP DOCS/2026 NEW — HEX.txt,archive-artifact,.txt,native-text,873,DIRECT_TEXT,True,,,,,,
SAT 2026 ROUNDUP DOCS/GLOSS_2026.txt,archive-artifact,.txt,native-text,18209,DIRECT_TEXT,True,,,,,,
SAT 2026 ROUNDUP DOCS/SAT 2026 CRIT — A critic.txt,archive-artifact,.txt,native-text,2983,DIRECT_TEXT,True,,,,,,
SAT 2026 ROUNDUP DOCS/SAT 2026 — Crit.txt,archive-artifact,.txt,native-text,17763,DIRECT_TEXT,True,,,,,,
SAT 2026 ROUNDUP DOCS/SAT 2026 — THEORY REFINEMENT SUMMARY.txt,archive-artifact,.txt,native-text,45711,DIRECT_TEXT,True,,,,,,
SAT 2026 ROUNDUP DOCS/SAT 2026 — Unifall.txt,archive-artifact,.txt,native-text,3680,DIRECT_TEXT,True,,,,,,
SAT 2026 ROUNDUP DOCS/SAT EARLY 2026 — QUANTUM HYPERFOAM 2.txt,archive-artifact,.txt,native-text,26978,DIRECT_TEXT,True,,,,,,
SAT 2026 ROUNDUP DOCS/SAT MAY 2026 REFINEMENT FORMALIZATION.txt,archive-artifact,.txt,native-text,184980,DIRECT_TEXT,True,,,,,,
SAT 2026 ROUNDUP DOCS/SAT Thoughts — Spring 2026 Post-Audit Notes.txt,archive-artifact,.txt,native-text,43995,DIRECT_TEXT,True,,,,,,
SAT 2026 ROUNDUP DOCS/SAT VERSIONS — 25 SAT VERSIONS.txt,archive-artifact,.txt,native-text,14059,DIRECT_TEXT,True,,,,,,
SAT 2026 ROUNDUP DOCS/SAT26 MATH ROUNDUP.txt,archive-artifact,.txt,native-text,4425,DIRECT_TEXT,True,,,,,,
SAT 2026 ROUNDUP DOCS/SAT26 THOUGHTS ROUNDUP.txt,archive-artifact,.txt,native-text,27225,DIRECT_TEXT,True,,,,,,
SAT 2026 ROUNDUP DOCS/SAT26 VETTING TEMPLATE.txt,archive-artifact,.txt,native-text,7328,DIRECT_TEXT,True,,,,,,
SAT 4D Theory Work/Audit Code Package Construction Guide.pdf,archive-artifact,.pdf,pdf,44507,DERIVED_TEXT_AVAILABLE,True,LEGACY_NAME_MATCH,_AUTO_EXTRACTED_TEXT/Audit Code Package Construction Guide.txt,legacy-basename-unique,,,
SAT 4D Theory Work/D1.tex,archive-artifact,.tex,native-text,484,DIRECT_TEXT,True,,,,,,
SAT 4D Theory Work/D2.tex,archive-artifact,.tex,native-text,4101,DIRECT_TEXT,True,,,,,,
SAT 4D Theory Work/D3.tex,archive-artifact,.tex,native-text,2208,DIRECT_TEXT,True,,,,,,
SAT 4D Theory Work/D4.tex,archive-artifact,.tex,native-text,2574,DIRECT_TEXT,True,,,,,,
SAT 4D Theory Work/D5.tex,archive-artifact,.tex,native-text,2759,DIRECT_TEXT,True,,,,,,
SAT 4D Theory Work/D6.tex,archive-artifact,.tex,native-text,3329,DIRECT_TEXT,True,,,,,,
SAT 4D Theory Work/D7.tex,archive-artifact,.tex,native-text,2000,DIRECT_TEXT,True,,,,,,
SAT 4D Theory Work/D8.tex,archive-artifact,.tex,native-text,2210,DIRECT_TEXT,True,,,,,,
SAT 4D Theory Work/Module_0A_interpretive_modes.tex,archive-artifact,.tex,native-text,3583,DIRECT_TEXT,True,,,,,,
SAT 4D Theory Work/Module_5B_mass_hierarchy_benchmarks.tex,archive-artifact,.tex,native-text,3626,DIRECT_TEXT,True,,,,,,
SAT 4D Theory Work/Module_7C_exotic_hadron_projections.tex,archive-artifact,.tex,native-text,3375,DIRECT_TEXT,True,,,,,,
SAT 4D Theory Work/Module_8A_cmb_tensor_test.tex,archive-artifact,.tex,native-text,3782,DIRECT_TEXT,True,,,,,,
SAT 4D Theory Work/Module_8A_cmb_tensor_test.zip,archive-artifact,.zip,archive-container,37256,NEEDS_CONTAINER_INSPECTION,True,,,,,,
SAT 4D Theory Work/Module_O10.tex,archive-artifact,.tex,native-text,5377,DIRECT_TEXT,True,,,,,,
SAT 4D Theory Work/Module_O12.tex,archive-artifact,.tex,native-text,6205,DIRECT_TEXT,True,,,,,,
SAT 4D Theory Work/Module_O3B_quantisation.tex,archive-artifact,.tex,native-text,3910,DIRECT_TEXT,True,,,,,,
SAT 4D Theory Work/Module_O3C_renormalisation.tex,archive-artifact,.tex,native-text,4724,DIRECT_TEXT,True,,,,,,
SAT 4D Theory Work/Module_O3D_surface_dynamics.tex,archive-artifact,.tex,native-text,4510,DIRECT_TEXT,True,,,,,,
SAT 4D Theory Work/O10.tex,archive-artifact,.tex,native-text,3767,DIRECT_TEXT,True,,,,,,
SAT 4D Theory Work/O9-10_intro.tex,archive-artifact,.tex,native-text,3273,DIRECT_TEXT,True,,,,,,
SAT 4D Theory Work/O9-10_intro_IDS.tex,archive-artifact,.tex,native-text,3518,DIRECT_TEXT,True,,,,,,
SAT 4D Theory Work/O9.tex,archive-artifact,.tex,native-text,1994,DIRECT_TEXT,True,,,,,,
SAT 4D Theory Work/Phase_VIII-A_SAT_Diagnostics.tex,archive-artifact,.tex,native-text,3184,DIRECT_TEXT,True,,,,,,
SAT 4D Theory Work/SAT.4D Action Plan.txt,archive-artifact,.txt,native-text,2858,DIRECT_TEXT,True,,,,,,
SAT 4D Theory Work/SAT.4D Deep Dive Pronunciation Guide.pdf,archive-artifact,.pdf,pdf,112037,NEEDS_EXTRACTION,True,,,,,,
SAT 4D Theory Work/SAT.4D Deployment Guidelines.txt,archive-artifact,.txt,native-text,3157,DIRECT_TEXT,True,,,,,,
SAT 4D Theory Work/SAT.4D Glossary.txt,archive-artifact,.txt,native-text,2774,DIRECT_TEXT,True,,,,,,
SAT 4D Theory Work/SAT4D_1.txt,archive-artifact,.txt,native-text,1999,DIRECT_TEXT,True,,,,,,
SAT 4D Theory Work/SAT4D_2.txt,archive-artifact,.txt,native-text,735,DIRECT_TEXT,True,,,,,,
SAT 4D Theory Work/SAT4D_3.txt,archive-artifact,.txt,native-text,3790,DIRECT_TEXT,True,,,,,,
SAT 4D Theory Work/SAT4D_4.txt,archive-artifact,.txt,native-text,2774,DIRECT_TEXT,True,,,,,,
SAT 4D Theory Work/SAT4D_5.txt,archive-artifact,.txt,native-text,2046,DIRECT_TEXT,True,,,,,,
SAT 4D Theory Work/SAT4D_6.txt,archive-artifact,.txt,native-text,2881,DIRECT_TEXT,True,,,,,,
SAT 4D Theory Work/SAT4D_7.txt,archive-artifact,.txt,native-text,2858,DIRECT_TEXT,True,,,,,,
SAT 4D Theory Work/SAT4D_8.txt,archive-artifact,.txt,native-text,3157,DIRECT_TEXT,True,,,,,,
SAT 4D Theory Work/SAT4D_9.txt,archive-artifact,.txt,native-text,1552,DIRECT_TEXT,True,,,,,,
SAT 4D Theory Work/SAT4D_Covariant_Field_Equations.tex,archive-artifact,.tex,native-text,3288,DIRECT_TEXT,True,,,,,,
SAT 4D Theory Work/SAT4D_DERIVATIONS_MASTER.tex,archive-artifact,.tex,native-text,2347,DIRECT_TEXT,True,,,,,,
SAT 4D Theory Work/SAT4D_Glossary_Sync.tex,archive-artifact,.tex,native-text,2034,DIRECT_TEXT,True,,,,,,
SAT 4D Theory Work/SAT4D_Structural_Supplement.tex,archive-artifact,.tex,native-text,3640,DIRECT_TEXT,True,,,,,,
SAT 4D Theory Work/SAT4D_ToE_Roadmap.tex,archive-artifact,.tex,native-text,3089,DIRECT_TEXT,True,,,,,,
SAT 4D Theory Work/SAT_4D_LIVE_DRAFT-10Jul2025 - Copy.pdf,archive-artifact,.pdf,pdf,472047,DERIVED_TEXT_AVAILABLE,True,LEGACY_NAME_MATCH,_AUTO_EXTRACTED_TEXT/SAT_4D_LIVE_DRAFT-10Jul2025 - Copy.txt,legacy-basename-unique,,,
SAT 4D Theory Work/SAT_4D_Pronunciation_Guide.tex,archive-artifact,.tex,native-text,2903,DIRECT_TEXT,True,,,,,,
SAT 4D Theory Work/SAT_CLEAN (1).pdf,archive-artifact,.pdf,pdf,407677,NEEDS_EXTRACTION,True,,,,,,
SAT 4D Theory Work/SAT_CLEAN-eval.pdf,archive-artifact,.pdf,pdf,311482,NEEDS_EXTRACTION,True,,,,,,
SAT 4D Theory Work/SAT_CLEAN.pdf,archive-artifact,.pdf,pdf,243930,DERIVED_TEXT_AVAILABLE,True,LEGACY_NAME_MATCH,_AUTO_EXTRACTED_TEXT/SAT_CLEAN.txt,legacy-basename-unique,,,
SAT 4D Theory Work/SAT_CLEAN_LIVE.pdf,archive-artifact,.pdf,pdf,328128,NEEDS_EXTRACTION,True,,,,,,
SAT 4D Theory Work/SAT_CORE_4D.txt,archive-artifact,.txt,native-text,2046,DIRECT_TEXT,True,,,,,,
SAT 4D Theory Work/SAT_CORE_CODE.tex,archive-artifact,.tex,native-text,6020,DIRECT_TEXT,True,,,,,,
SAT 4D Theory Work/SAT_FULL_BUILDOUT.pdf,archive-artifact,.pdf,pdf,488753,NEEDS_EXTRACTION,True,,,,,,
SAT 4D Theory Work/SAT_GLOSSARY_PATCH.tex,archive-artifact,.tex,native-text,3580,DIRECT_TEXT,True,,,,,,
SAT 4D Theory Work/SAT_Glossary_FULL_BUILDOUT.tex,archive-artifact,.tex,native-text,3737,DIRECT_TEXT,True,,,,,,
SAT 4D Theory Work/SAT_PGCU_Integration.tex,archive-artifact,.tex,native-text,4005,DIRECT_TEXT,True,,,,,,
SAT 4D Theory Work/SAT_PhaseIII.tex,archive-artifact,.tex,native-text,4326,DIRECT_TEXT,True,,,,,,
SAT 4D Theory Work/SAT_PhaseIV.tex,archive-artifact,.tex,native-text,3974,DIRECT_TEXT,True,,,,,,
SAT 4D Theory Work/SAT_PhaseI_II.tex,archive-artifact,.tex,native-text,5337,DIRECT_TEXT,True,,,,,,
SAT 4D Theory Work/SAT_PhaseV.tex,archive-artifact,.tex,native-text,4135,DIRECT_TEXT,True,,,,,,
SAT 4D Theory Work/SAT_PhaseVI.tex,archive-artifact,.tex,native-text,3532,DIRECT_TEXT,True,,,,,,
SAT 4D Theory Work/SAT_Phase_III_Rewrite.tex,archive-artifact,.tex,native-text,4171,DIRECT_TEXT,True,,,,,,
SAT 4D Theory Work/SAT_Phase_IV_PGCU_Rewrite.tex,archive-artifact,.tex,native-text,4805,DIRECT_TEXT,True,,,,,,
SAT 4D Theory Work/SAT_Phase_IX_Buildout.tex,archive-artifact,.tex,native-text,1886,DIRECT_TEXT,True,,,,,,
SAT 4D Theory Work/SAT_Phase_I_II_Rewrite.tex,archive-artifact,.tex,native-text,4704,DIRECT_TEXT,True,,,,,,
SAT 4D Theory Work/SAT_Phase_VIII_Buildout.tex,archive-artifact,.tex,native-text,2234,DIRECT_TEXT,True,,,,,,
SAT 4D Theory Work/SAT_STATED_SIMPLY.txt,archive-artifact,.txt,native-text,75352,DIRECT_TEXT,True,,,,,,
SAT 4D Theory Work/SAT_ST_integration_test.pdf,archive-artifact,.pdf,pdf,393387,DERIVED_TEXT_AVAILABLE,True,LEGACY_NAME_MATCH,_AUTO_EXTRACTED_TEXT/SAT_ST_integration_test.txt,legacy-basename-unique,,,
SAT 4D Theory Work/module8H.tex,archive-artifact,.tex,native-text,3987,DIRECT_TEXT,True,,,,,,
SAT 4D Theory Work/phaseVII_topological_barriers.tex,archive-artifact,.tex,native-text,3659,DIRECT_TEXT,True,,,,,,
SAT 4D Theory Work/refractive_index_modulation.pdf,archive-artifact,.pdf,pdf,382611,NEEDS_EXTRACTION,True,,,,,,
SAT 4D Theory Work/sat4d_glossary_unified.tex,archive-artifact,.tex,native-text,3735,DIRECT_TEXT,True,,,,,,
SAT 4D Theory Work/sat_o10_module.tex,archive-artifact,.tex,native-text,3767,DIRECT_TEXT,True,,,,,,
SAT 4D Theory Work/sat_o9_module.tex,archive-artifact,.tex,native-text,1994,DIRECT_TEXT,True,,,,,,
SAT 4D Theory Work/working.txt,archive-artifact,.txt,native-text,0,DIRECT_TEXT,True,,,,,,
SAT ACTIVE EDGE vNext — raw.json,archive-artifact,.json,native-text,3327405,DIRECT_TEXT,True,,,,,,
SAT ALL TOGETHER SYNTHESIS.txt,archive-artifact,.txt,native-text,37260,DIRECT_TEXT,True,,,,,,
SAT CLAUDE FIRST CHAT.txt,archive-artifact,.txt,native-text,20178,DIRECT_TEXT,True,,,,,,
SAT DEVELOPMENT/ACTION_PLAN.txt,archive-artifact,.txt,native-text,2853,DIRECT_TEXT,True,,,,,,
SAT DEVELOPMENT/ACTIVATOR MODES.txt,archive-artifact,.txt,native-text,18642,DIRECT_TEXT,True,,,,,,
SAT DEVELOPMENT/ActiveEdge_vNext.text,archive-artifact,.text,other-binary-or-unknown,806310,UNKNOWN_OR_BINARY,True,,,,,,
SAT DEVELOPMENT/BrainTrust.txt,archive-artifact,.txt,native-text,143548,DIRECT_TEXT,True,,,,,,
SAT DEVELOPMENT/CARROLL-HAWKING DISCO.txt,archive-artifact,.txt,native-text,1049682,DIRECT_TEXT,True,,,,,,
SAT DEVELOPMENT/COLAB_Code.txt,archive-artifact,.txt,native-text,14034,DIRECT_TEXT,True,,,,,,
SAT DEVELOPMENT/ChatGPT_28MAY25_MEMORY.txt,archive-artifact,.txt,native-text,164445,DIRECT_TEXT,True,,,,,,
SAT DEVELOPMENT/ColabCode.txt,archive-artifact,.txt,native-text,7588,DIRECT_TEXT,True,,,,,,
SAT DEVELOPMENT/CompositeLogic.txt,archive-artifact,.txt,native-text,1084,DIRECT_TEXT,True,,,,,,
SAT DEVELOPMENT/ConsensusConsiderations.txt,archive-artifact,.txt,native-text,33472,DIRECT_TEXT,True,,,,,,
SAT DEVELOPMENT/ConsensusDataMining.txt,archive-artifact,.txt,native-text,22840,DIRECT_TEXT,True,,,,,,
SAT DEVELOPMENT/ConsensusRound3.txt,archive-artifact,.txt,native-text,27798,DIRECT_TEXT,True,,,,,,
SAT DEVELOPMENT/EINSTEIN_SELBST_ERKLAERUNG.txt,archive-artifact,.txt,native-text,323075,DIRECT_TEXT,True,,,,,,
SAT DEVELOPMENT/EINSTEIN_UBERBLICK.txt,archive-artifact,.txt,native-text,17226,DIRECT_TEXT,True,,,,,,
SAT DEVELOPMENT/EMERITUS_CODE.txt,archive-artifact,.txt,native-text,6808,DIRECT_TEXT,True,,,,,,
SAT DEVELOPMENT/EMERITUS_CP Responses.txt,archive-artifact,.txt,native-text,11402,DIRECT_TEXT,True,,,,,,
SAT DEVELOPMENT/EMULATOR SPECS.txt,archive-artifact,.txt,native-text,3228,DIRECT_TEXT,True,,,,,,
SAT DEVELOPMENT/FLAGS.txt,archive-artifact,.txt,native-text,1093,DIRECT_TEXT,True,,,,,,
SAT DEVELOPMENT/L2-2a.txt,archive-artifact,.txt,native-text,473,DIRECT_TEXT,True,,,,,,
SAT DEVELOPMENT/L2-2b.txt,archive-artifact,.txt,native-text,531,DIRECT_TEXT,True,,,,,,
SAT DEVELOPMENT/L2-2c.txt,archive-artifact,.txt,native-text,288,DIRECT_TEXT,True,,,,,,
SAT DEVELOPMENT/L2-2d.txt,archive-artifact,.txt,native-text,330,DIRECT_TEXT,True,,,,,,
SAT DEVELOPMENT/LAB1_code.txt,archive-artifact,.txt,native-text,17307,DIRECT_TEXT,True,,,,,,
SAT DEVELOPMENT/LAB2_code.txt,archive-artifact,.txt,native-text,33940,DIRECT_TEXT,True,,,,,,
SAT DEVELOPMENT/Lab1 Output to NLM.txt,archive-artifact,.txt,native-text,1945,DIRECT_TEXT,True,,,,,,
SAT DEVELOPMENT/Lab2 Output to NLM.txt,archive-artifact,.txt,native-text,3115,DIRECT_TEXT,True,,,,,,
SAT DEVELOPMENT/NLM_CP Results.txt,archive-artifact,.txt,native-text,10508,DIRECT_TEXT,True,,,,,,
SAT DEVELOPMENT/REPORT1-OUTLINE.txt,archive-artifact,.txt,native-text,3229,DIRECT_TEXT,True,,,,,,
SAT DEVELOPMENT/REPORT1-rough.txt,archive-artifact,.txt,native-text,3275,DIRECT_TEXT,True,,,,,,
SAT DEVELOPMENT/REPORT1.txt,archive-artifact,.txt,native-text,80287,DIRECT_TEXT,True,,,,,,
SAT DEVELOPMENT/REPORT1_DRAFT.txt,archive-artifact,.txt,native-text,36442,DIRECT_TEXT,True,,,,,,
SAT DEVELOPMENT/RMS-OLD.txt,archive-artifact,.txt,native-text,146585,DIRECT_TEXT,True,,,,,,
SAT DEVELOPMENT/RMS-TAXO-OLD.txt,archive-artifact,.txt,native-text,20952,DIRECT_TEXT,True,,,,,,
SAT DEVELOPMENT/SAT DEBUG SHEET.txt,archive-artifact,.txt,native-text,3518,DIRECT_TEXT,True,,,,,,
SAT DEVELOPMENT/deep dive prompt.txt,archive-artifact,.txt,native-text,693,DIRECT_TEXT,True,,,,,,
SAT DEVELOPMENT/hostile_pass_c_plus.txt,archive-artifact,.txt,native-text,9160,DIRECT_TEXT,True,,,,,,
SAT DEVELOPMENT/pre-mathproofBAK.txt,archive-artifact,.txt,native-text,12145,DIRECT_TEXT,True,,,,,,
SAT Daily Action — raw.json,archive-artifact,.json,native-text,9461103,DIRECT_TEXT,True,,,,,,
SAT EARLY 2026 — HOMESTRETCH/HOMESTRETCH ALIGNMENT.txt,archive-artifact,.txt,native-text,3929,DIRECT_TEXT,True,,,,,,
SAT EARLY 2026 — HOMESTRETCH/HOMESTRETCH.txt,archive-artifact,.txt,native-text,44058,DIRECT_TEXT,True,,,,,,
SAT EARLY 2026 — HOMESTRETCH/SAT CORE PACK.txt,archive-artifact,.txt,native-text,10928,DIRECT_TEXT,True,,,,,,
SAT EARLY 2026 — HOMESTRETCH/STREAMLINE 11MAR26.txt,archive-artifact,.txt,native-text,60347,DIRECT_TEXT,True,,,,,,
SAT Framework Analysis — raw.json,archive-artifact,.json,native-text,3336556,DIRECT_TEXT,True,,,,,,
SAT Framework Evaluation — raw.json,archive-artifact,.json,native-text,731038,DIRECT_TEXT,True,,,,,,
SAT GEOMETRIC SOLVERS.txt,archive-artifact,.txt,native-text,5526,DIRECT_TEXT,True,,,,,,
SAT History/SATEvolution (1).txt,archive-artifact,.txt,native-text,592122,DIRECT_TEXT,True,,,,,,
SAT History/SATEvolution.txt,archive-artifact,.txt,native-text,592122,DIRECT_TEXT,True,,,,,,
SAT History/SAT_ARCHIVE_topic_index.txt,archive-artifact,.txt,native-text,995,DIRECT_TEXT,True,,,,,,
SAT METRICS — Basic.txt,archive-artifact,.txt,native-text,275,DIRECT_TEXT,True,,,,,,
SAT Mark III/SATiii REWORK MARK III.txt,archive-artifact,.txt,native-text,776184,DIRECT_TEXT,True,,,,,,
SAT Mark IV.2/STATE OF SAT (1).txt,archive-artifact,.txt,native-text,225047,DIRECT_TEXT,True,,,,,,
SAT Mark IV.2/STATE OF SAT.txt,archive-artifact,.txt,native-text,225047,DIRECT_TEXT,True,,,,,,
SAT Mark IV.2/Setup.txt,archive-artifact,.txt,native-text,14803,DIRECT_TEXT,True,,,,,,
SAT Mark V/..folder_summary.txt,artifact-catalog-control,.txt,native-text,10683,NON_SOURCE_LAYER,True,,,,,,
SAT Mark V/..folder_summary_2026-06-09_supplement.txt,archive-artifact,.txt,native-text,4933,DIRECT_TEXT,True,,,,,,
SAT Mark V/A DOZEN THEORY STUBS.txt,archive-artifact,.txt,native-text,4739,DIRECT_TEXT,True,,,,,,
SAT Mark V/ActiveEdgevNext.txt,archive-artifact,.txt,native-text,806310,DIRECT_TEXT,True,,,,,,
SAT Mark V/Alberr.txt,archive-artifact,.txt,native-text,253466,DIRECT_TEXT,True,,,,,,
SAT Mark V/MAY21 Phase IV Completion.txt,archive-artifact,.txt,native-text,37374,DIRECT_TEXT,True,,,,,,
SAT Mark V/MAY21 STATUS+TODO.txt,archive-artifact,.txt,native-text,5694,DIRECT_TEXT,True,,,,,,
SAT Mark V/METAMATICIAN ROLE DEFINITION.txt,archive-artifact,.txt,native-text,9632,DIRECT_TEXT,True,,,,,,
SAT Mark V/MODELING SEISMIC WAVE PROP.txt,archive-artifact,.txt,native-text,44681,DIRECT_TEXT,True,,,,,,
SAT Mark V/Mathematizer.txt,archive-artifact,.txt,native-text,2311,DIRECT_TEXT,True,,,,,,
SAT Mark V/MeasuringTheta.txt,archive-artifact,.txt,native-text,6002,DIRECT_TEXT,True,,,,,,
SAT Mark V/Metamatician Role Definition(1).txt,archive-artifact,.txt,native-text,3098,DIRECT_TEXT,True,,,,,,
SAT Mark V/NLM_CP Results.txt,archive-artifact,.txt,native-text,10508,DIRECT_TEXT,True,,,,,,
SAT Mark V/PARTICLE_SAVE.txt,archive-artifact,.txt,native-text,4051,DIRECT_TEXT,True,,,,,,
SAT Mark V/PARTICLE_SAVE_FORMUL.txt,archive-artifact,.txt,native-text,41762,DIRECT_TEXT,True,,,,,,
SAT Mark V/PRIMARY INVESTIGATOR DIRECTIVE.txt,archive-artifact,.txt,native-text,9216,DIRECT_TEXT,True,,,,,,
SAT Mark V/Process.txt,archive-artifact,.txt,native-text,6305,DIRECT_TEXT,True,,,,,,
SAT Mark V/README — SAT METAMATICIAN IDENTITY & MISSION DECLARATION.txt,archive-artifact,.txt,native-text,9622,DIRECT_TEXT,True,,,,,,
SAT Mark V/REPORT1-OUTLINE.txt,archive-artifact,.txt,native-text,3228,DIRECT_TEXT,True,,,,,,
SAT Mark V/REPORT1-rough.txt,archive-artifact,.txt,native-text,6071,DIRECT_TEXT,True,,,,,,
SAT Mark V/REPORT1.txt,archive-artifact,.txt,native-text,80287,DIRECT_TEXT,True,,,,,,
SAT Mark V/REPORT1_DRAFT.txt,archive-artifact,.txt,native-text,36442,DIRECT_TEXT,True,,,,,,
SAT Mark V/Reccs.txt,archive-artifact,.txt,native-text,5843,DIRECT_TEXT,True,,,,,,
SAT Mark V/Roundtable.txt,archive-artifact,.txt,native-text,4023,DIRECT_TEXT,True,,,,,,
SAT Mark V/SAT CRIT.txt,archive-artifact,.txt,native-text,4558,DIRECT_TEXT,True,,,,,,
SAT Mark V/SAT DEBUG SHEET (1).txt,archive-artifact,.txt,native-text,3518,DIRECT_TEXT,True,,,,,,
SAT Mark V/SAT DEBUG SHEET.txt,archive-artifact,.txt,native-text,3518,DIRECT_TEXT,True,,,,,,
SAT Mark V/SAT FORMALIZATION doc.txt,archive-artifact,.txt,native-text,60654,DIRECT_TEXT,True,,,,,,
SAT Mark V/SAT MARK V Testable.txt,archive-artifact,.txt,native-text,6804,DIRECT_TEXT,True,,,,,,
SAT Mark V/SAT MARK V.txt,archive-artifact,.txt,native-text,48290,DIRECT_TEXT,True,,,,,,
SAT Mark V/SAT TO-DO LIST APR2025.txt,archive-artifact,.txt,native-text,6162,DIRECT_TEXT,True,,,,,,
SAT Mark V/SAT TRICK As.txt,archive-artifact,.txt,native-text,9656,DIRECT_TEXT,True,,,,,,
SAT Mark V/SAT TRICK Qs.txt,archive-artifact,.txt,native-text,38309,DIRECT_TEXT,True,,,,,,
SAT Mark V/SAT TRUE PREDICTIONS.txt,archive-artifact,.txt,native-text,4385,DIRECT_TEXT,True,,,,,,
SAT Mark V/SAT WORKABLE PODCAST (1).txt,archive-artifact,.txt,native-text,6918,DIRECT_TEXT,True,,,,,,
SAT Mark V/SAT WORKABLE PODCAST.txt,archive-artifact,.txt,native-text,6918,DIRECT_TEXT,True,,,,,,
SAT Mark V/SATELLITE_DATA_UNSORTED (1).txt,archive-artifact,.txt,native-text,14769,DIRECT_TEXT,True,,,,,,
SAT Mark V/SATELLITE_DATA_UNSORTED.txt,archive-artifact,.txt,native-text,14769,DIRECT_TEXT,True,,,,,,
SAT Mark V/SAT_ATTEMPTED_FORMALIZATION.pdf,archive-artifact,.pdf,pdf,1077897,NEEDS_EXTRACTION,True,,,,,,
SAT Mark V/SAT_Buildout_Snapshot.md,archive-artifact,.md,native-text,3461,DIRECT_TEXT,True,,,,,,
SAT Mark V/SAT_Extended_Cobordism_Framework.txt,archive-artifact,.txt,native-text,2033,DIRECT_TEXT,True,,,,,,
SAT Mark V/SAT_Falsifiability_Ledger.md,archive-artifact,.md,native-text,2827,DIRECT_TEXT,True,,,,,,
SAT Mark V/SAT_Framework_Full_Report_Text (1).txt,archive-artifact,.txt,native-text,4323,DIRECT_TEXT,True,,,,,,
SAT Mark V/SAT_Framework_Full_Report_Text.txt,archive-artifact,.txt,native-text,4323,DIRECT_TEXT,True,,,,,,
SAT Mark V/SAT_Framework_Report.tex,archive-artifact,.tex,native-text,1003,DIRECT_TEXT,True,,,,,,
SAT Mark V/SAT_JUN25_SUMMARY.txt,archive-artifact,.txt,native-text,13453,DIRECT_TEXT,True,,,,,,
SAT Mark V/SAT_Moduli_Topology_Quantization_Triad.txt,archive-artifact,.txt,native-text,2771,DIRECT_TEXT,True,,,,,,
SAT Mark V/SAT_Phase_Shift_Control_Patch.txt,archive-artifact,.txt,native-text,1464,DIRECT_TEXT,True,,,,,,
SAT Mark V/SAT_Phase_Shift_Note.txt,archive-artifact,.txt,native-text,2165,DIRECT_TEXT,True,,,,,,
SAT Mark V/SAT_SATELLITE_ANOMALY_ANALYSIS (1).txt,archive-artifact,.txt,native-text,35311,DIRECT_TEXT,True,,,,,,
SAT Mark V/SAT_SATELLITE_ANOMALY_ANALYSIS.txt,archive-artifact,.txt,native-text,35311,DIRECT_TEXT,True,,,,,,
SAT Mark V/SAT_Status_Report.txt,archive-artifact,.txt,native-text,2457,DIRECT_TEXT,True,,,,,,
SAT Mark V/SAT_Symbolic_Kernel.txt,archive-artifact,.txt,native-text,2318,DIRECT_TEXT,True,,,,,,
SAT Mark V/SAT_optics_finding.txt,archive-artifact,.txt,native-text,138153,DIRECT_TEXT,True,,,,,,
SAT Mark V/SAT_overview.txt,archive-artifact,.txt,native-text,128313,DIRECT_TEXT,True,,,,,,
SAT Mark V/SATv  TO STANDARD MAP.txt,archive-artifact,.txt,native-text,9286,DIRECT_TEXT,True,,,,,,
SAT Mark V/SATv ACTUAL ANSWERS.txt,archive-artifact,.txt,native-text,79835,DIRECT_TEXT,True,,,,,,
SAT Mark V/SATv ANSWER KEY.txt,archive-artifact,.txt,native-text,4258,DIRECT_TEXT,True,,,,,,
SAT Mark V/SATv ASSESSMENT.txt,archive-artifact,.txt,native-text,7009,DIRECT_TEXT,True,,,,,,
SAT Mark V/SATv ATTEMPTED FORMALIZATION.txt,archive-artifact,.txt,native-text,280587,DIRECT_TEXT,True,,,,,,
SAT Mark V/SATv EXPLORATIONS.txt,archive-artifact,.txt,native-text,1054407,DIRECT_TEXT,True,,,,,,
SAT Mark V/SATv FORMAL POSTULATES.txt,archive-artifact,.txt,native-text,3855,DIRECT_TEXT,True,,,,,,
SAT Mark V/SATv REFORMULATION.xtx.txt,archive-artifact,.txt,native-text,7070,DIRECT_TEXT,True,,,,,,
SAT Mark V/SATv THE PARTICLE ZOO.txt,archive-artifact,.txt,native-text,4008,DIRECT_TEXT,True,,,,,,
SAT Mark V/SATv TIME_WAVEFRONT.txt,archive-artifact,.txt,native-text,3494,DIRECT_TEXT,True,,,,,,
SAT Mark V/SATv Test Battery.txt,archive-artifact,.txt,native-text,64010,DIRECT_TEXT,True,,,,,,
SAT Mark V/SATv VISUAL VOCABULARY.txt,archive-artifact,.txt,native-text,3016,DIRECT_TEXT,True,,,,,,
SAT Mark V/SATv _REFORM_TRIAL.txt,archive-artifact,.txt,native-text,398146,DIRECT_TEXT,True,,,,,,
SAT Mark V/SATv aSAT vs SAT.txt,archive-artifact,.txt,native-text,115633,DIRECT_TEXT,True,,,,,,
SAT Mark V/SATv_CONSENSUS.txt,archive-artifact,.txt,native-text,6496,DIRECT_TEXT,True,,,,,,
SAT Mark V/SUCCINCT SAT5.txt,archive-artifact,.txt,native-text,3164,DIRECT_TEXT,True,,,,,,
SAT Mark V/THE FUNDAMENTAL INTUITIONS OF SAT (1).txt,archive-artifact,.txt,native-text,9394,DIRECT_TEXT,True,,,,,,
SAT Mark V/THE FUNDAMENTAL INTUITIONS OF SAT.txt,archive-artifact,.txt,native-text,9394,DIRECT_TEXT,True,,,,,,
SAT Mark V/THE LOGIC OF SAT (1).txt,archive-artifact,.txt,native-text,7531,DIRECT_TEXT,True,,,,,,
SAT Mark V/THE LOGIC OF SAT.txt,archive-artifact,.txt,native-text,7531,DIRECT_TEXT,True,,,,,,
SAT Mark V/THE NUGGETS.txt,archive-artifact,.txt,native-text,10685,DIRECT_TEXT,True,,,,,,
SAT Mark V/THE PRIME DIRECTIVE.txt,archive-artifact,.txt,native-text,61363,DIRECT_TEXT,True,,,,,,
SAT Mark V/THREAD1 ACTIVE INTERFACE.txt,archive-artifact,.txt,native-text,4538,DIRECT_TEXT,True,,,,,,
SAT Mark V/THREAD1 First Qs.txt,archive-artifact,.txt,native-text,4857,DIRECT_TEXT,True,,,,,,
SAT Mark V/THREAD1.txt,archive-artifact,.txt,native-text,3819,DIRECT_TEXT,True,,,,,,
SAT Mark V/THREAD2 ACTIVE INTERFACE.txt,archive-artifact,.txt,native-text,7816,DIRECT_TEXT,True,,,,,,
SAT Mark V/THREAD2 First Qs.txt,archive-artifact,.txt,native-text,7481,DIRECT_TEXT,True,,,,,,
SAT Mark V/THREAD2.txt,archive-artifact,.txt,native-text,5863,DIRECT_TEXT,True,,,,,,
SAT Mark V/TauTwistPodcast.txt,archive-artifact,.txt,native-text,5952,DIRECT_TEXT,True,,,,,,
SAT Mark V/Tests+Predictions.txt,archive-artifact,.txt,native-text,233092,DIRECT_TEXT,True,,,,,,
SAT Mark V/The radical insight of SAT(1).txt,archive-artifact,.txt,native-text,64186,DIRECT_TEXT,True,,,,,,
SAT Mark V/The radical insight of SAT.txt,archive-artifact,.txt,native-text,64186,DIRECT_TEXT,True,,,,,,
SAT Mark V/TheTANGLE.txt,archive-artifact,.txt,native-text,120112,DIRECT_TEXT,True,,,,,,
SAT Mark V/TheorizerEmeritus (former ActiveEdgeGPT).txt,archive-artifact,.txt,native-text,761947,DIRECT_TEXT,True,,,,,,
SAT Mark V/Thread1todate.txt,archive-artifact,.txt,native-text,45516,DIRECT_TEXT,True,,,,,,
SAT Mark V/Thread2todate.txt,archive-artifact,.txt,native-text,59917,DIRECT_TEXT,True,,,,,,
SAT Mark V/WHY SAT.txt,archive-artifact,.txt,native-text,176369,DIRECT_TEXT,True,,,,,,
SAT Mark V/particle_analysis_corrected.xlsx,archive-artifact,.xlsx,parser-required,11735,NEEDS_FORMAT_PARSER,True,,,,,,
SAT O AUDITS/EMULATOR ANALYSIS.txt,archive-artifact,.txt,native-text,42731,DIRECT_TEXT,True,,,,,,
SAT O AUDITS/EMULATOR RESULTS.txt,archive-artifact,.txt,native-text,19442,DIRECT_TEXT,True,,,,,,
SAT O AUDITS/EMULATOR_FIRST RUN.txt,archive-artifact,.txt,native-text,103189,DIRECT_TEXT,True,,,,,,
SAT O AUDITS/EMULATOR_SECOND RUN.txt,archive-artifact,.txt,native-text,81413,DIRECT_TEXT,True,,,,,,
SAT O AUDITS/MOD1 CHECKLIST.txt,archive-artifact,.txt,native-text,622,DIRECT_TEXT,True,,,,,,
SAT O AUDITS/SAT_O4_Prelim_Audit_Report.txt,archive-artifact,.txt,native-text,5079,DIRECT_TEXT,True,,,,,,
SAT O AUDITS/SAT_O8_Audit_Results.txt,archive-artifact,.txt,native-text,32466,DIRECT_TEXT,True,,,,,,
SAT O AUDITS/o1 (X) AUDIT.txt,archive-artifact,.txt,native-text,11459,DIRECT_TEXT,True,,,,,,
SAT O AUDITS/o2 AUDIT.txt,archive-artifact,.txt,native-text,9743,DIRECT_TEXT,True,,,,,,
SAT O AUDITS/o3 AUDIT.txt,archive-artifact,.txt,native-text,10230,DIRECT_TEXT,True,,,,,,
SAT O AUDITS/o6 AUDIT.txt,archive-artifact,.txt,native-text,10766,DIRECT_TEXT,True,,,,,,
SAT O Core Modules/..folder_summary.txt,artifact-catalog-control,.txt,native-text,3005,NON_SOURCE_LAYER,True,,,,,,
SAT O Core Modules/Module_O13.txt,archive-artifact,.txt,native-text,5835,DIRECT_TEXT,True,,,,,,
SAT O Core Modules/O10.txt,archive-artifact,.txt,native-text,2389,DIRECT_TEXT,True,,,,,,
SAT O Core Modules/O9-10_intro.txt,archive-artifact,.txt,native-text,3273,DIRECT_TEXT,True,,,,,,
SAT O Core Modules/O9-10_intro_IDS.txt,archive-artifact,.txt,native-text,3518,DIRECT_TEXT,True,,,,,,
SAT O Core Modules/O9.txt,archive-artifact,.txt,native-text,1587,DIRECT_TEXT,True,,,,,,
SAT O Core Modules/SAT.O Official Directives.txt,archive-artifact,.txt,native-text,2881,DIRECT_TEXT,True,,,,,,
SAT O Core Modules/SAT_O1.pdf,archive-artifact,.pdf,pdf,150401,DERIVED_TEXT_AVAILABLE,True,LEGACY_NAME_MATCH,_AUTO_EXTRACTED_TEXT/SAT_O1.txt,legacy-basename-unique,,,
SAT O Core Modules/SAT_O2.pdf,archive-artifact,.pdf,pdf,162528,DERIVED_TEXT_AVAILABLE,True,LEGACY_NAME_MATCH,_AUTO_EXTRACTED_TEXT/SAT_O2.txt,legacy-basename-unique,,,
SAT O Core Modules/SAT_O5.pdf,archive-artifact,.pdf,pdf,152388,DERIVED_TEXT_AVAILABLE,True,LEGACY_NAME_MATCH,_AUTO_EXTRACTED_TEXT/SAT_O5.txt,legacy-basename-unique,,,
SAT O Core Modules/SAT_O6.pdf,archive-artifact,.pdf,pdf,119592,DERIVED_TEXT_AVAILABLE,True,LEGACY_NAME_MATCH,_AUTO_EXTRACTED_TEXT/SAT_O6.txt,legacy-basename-unique,,,
SAT O Core Modules/SAT_O7_time_tentative.pdf,archive-artifact,.pdf,pdf,169065,NEEDS_EXTRACTION,True,,,,,,
SAT O Derivations/..folder_summary.txt,artifact-catalog-control,.txt,native-text,3447,NON_SOURCE_LAYER,True,,,,,,
SAT O Derivations/ACTION PLAN.txt,archive-artifact,.txt,native-text,4186,DIRECT_TEXT,True,,,,,,
SAT O Derivations/ACTION_PLAN--next phase.txt,archive-artifact,.txt,native-text,8248,DIRECT_TEXT,True,,,,,,
SAT O Derivations/ANALYSIS_MODES_REDEPLOY.txt,archive-artifact,.txt,native-text,39510,DIRECT_TEXT,True,,,,,,
SAT O Derivations/CODE-LOCKED DERIVS.txt,archive-artifact,.txt,native-text,17810,DIRECT_TEXT,True,,,,,,
SAT O Derivations/DEEP DIVE PRONUNCIATION GUIDE PT2.txt,archive-artifact,.txt,native-text,44533,DIRECT_TEXT,True,,,,,,
SAT O Derivations/RE_project_files_index.txt,archive-artifact,.txt,native-text,4280,DIRECT_TEXT,True,,,,,,
SAT O Derivations/SAT_000_Audit_Package.txt,archive-artifact,.txt,native-text,2905,DIRECT_TEXT,True,,,,,,
SAT O Derivations/SAT_ActionPlan.txt,archive-artifact,.txt,native-text,6337,DIRECT_TEXT,True,,,,,,
SAT O Derivations/SAT_Completion_Protocol_v1.txt,archive-artifact,.txt,native-text,5125,DIRECT_TEXT,True,,,,,,
SAT O Derivations/SAT_D1_CANONICAL_QUANTIZATION.txt,archive-artifact,.txt,native-text,1612,DIRECT_TEXT,True,,,,,,
SAT O Derivations/SAT_D2_MODE_EXPANSION.txt,archive-artifact,.txt,native-text,1889,DIRECT_TEXT,True,,,,,,
SAT O Derivations/SAT_D3_TOPOLOGICAL_SUPPRESSION.txt,archive-artifact,.txt,native-text,1819,DIRECT_TEXT,True,,,,,,
SAT O Derivations/SAT_D4_STRAIN_CURVATURE_MAPPING.txt,archive-artifact,.txt,native-text,2211,DIRECT_TEXT,True,,,,,,
SAT O Derivations/SAT_D5_GAUGE_TOPOLOGY.txt,archive-artifact,.txt,native-text,2273,DIRECT_TEXT,True,,,,,,
SAT O Derivations/SAT_D6_LEGACY_TRANSLATION.txt,archive-artifact,.txt,native-text,2884,DIRECT_TEXT,True,,,,,,
SAT O Derivations/SAT_D7_FIELD_MAPPING_PSI.txt,archive-artifact,.txt,native-text,1983,DIRECT_TEXT,True,,,,,,
SAT O Derivations/SAT_D8_SUMMARY_INTERACTIONS.txt,archive-artifact,.txt,native-text,2165,DIRECT_TEXT,True,,,,,,
SAT O Derivations/SAT_DERIVATIONS_INDEX.txt,archive-artifact,.txt,native-text,1552,DIRECT_TEXT,True,,,,,,
SAT O Derivations/SAT_GLOSSARY_PATCH (1).txt,archive-artifact,.txt,native-text,3580,DIRECT_TEXT,True,,,,,,
SAT O Derivations/audit_results.txt,archive-artifact,.txt,native-text,2722,DIRECT_TEXT,True,,,,,,
SAT Overview and Details — raw.json,archive-artifact,.json,native-text,160072,DIRECT_TEXT,True,,,,,,
SAT Overview — raw.json,archive-artifact,.json,native-text,8552294,DIRECT_TEXT,True,,,,,,
SAT PARTICLE ZOO LAGRANGIAN (nolattice).pdf,archive-artifact,.pdf,pdf,369884,DERIVED_TEXT_AVAILABLE,True,OK,_AUTO_EXTRACTED_TEXT/SAT PARTICLE ZOO LAGRANGIAN (nolattice).txt,manifest-exact,PyMuPDF,121906,_AUTO_EXTRACTED_TEXT/_manifests/2026-09-10_root_pdf_extraction_pass_002.json
SAT PODCAST STATS/PODCAST - LISTENERSHIP.txt,archive-artifact,.txt,native-text,62305,DIRECT_TEXT,True,,,,,,
SAT PODCAST STATS/PODCAST - Listeners .txt,archive-artifact,.txt,native-text,3055,DIRECT_TEXT,True,,,,,,
SAT PODCAST STATS/PODCAST - Listeners 2.txt,archive-artifact,.txt,native-text,62305,DIRECT_TEXT,True,,,,,,
SAT PODCAST STATS/PODCAST - PODlod.txt,archive-artifact,.txt,native-text,49885,DIRECT_TEXT,True,,,,,,
SAT PODCAST STATS/PODCAST - Pod LoD.txt,archive-artifact,.txt,native-text,3899,DIRECT_TEXT,True,,,,,,
SAT PODCAST STATS/PODCAST - Podcast stats.txt,archive-artifact,.txt,native-text,193220,DIRECT_TEXT,True,,,,,,
SAT PODCAST STATS/PODCAST - Podlode.txt,archive-artifact,.txt,native-text,22443,DIRECT_TEXT,True,,,,,,
SAT PRE-H(s)H TIGHTENING.txt,archive-artifact,.txt,native-text,188080,DIRECT_TEXT,True,,,,,,
SAT QR/SATPatch.txt,archive-artifact,.txt,native-text,54359,DIRECT_TEXT,True,,,,,,
SAT QR/SATRev.txt,archive-artifact,.txt,native-text,55508,DIRECT_TEXT,True,,,,,,
SAT QR/SATState May2025.txt,archive-artifact,.txt,native-text,20600,DIRECT_TEXT,True,,,,,,
SAT REDISCOVERY.txt,archive-artifact,.txt,native-text,137476,DIRECT_TEXT,True,,,,,,
SAT TIMELINE + GITHUB/GITHUB ACTIVITY - Changing paradigm .txt,archive-artifact,.txt,native-text,9397,DIRECT_TEXT,True,,,,,,
SAT TIMELINE + GITHUB/GITHUB ACTIVITY - Clones in last 14 days.csv,archive-artifact,.csv,native-text,161,DIRECT_TEXT,True,,,,,,
SAT TIMELINE + GITHUB/GITHUB ACTIVITY - MAY GITHUB ACTIVITY.txt,archive-artifact,.txt,native-text,4086,DIRECT_TEXT,True,,,,,,
SAT TIMELINE + GITHUB/GITHUB ACTIVITY - Satobloc's Commits.csv,archive-artifact,.csv,native-text,488,DIRECT_TEXT,True,,,,,,
SAT TIMELINE + GITHUB/GITHUB ACTIVITY - Unique cloners in last 14 days.csv,archive-artifact,.csv,native-text,162,DIRECT_TEXT,True,,,,,,
SAT TIMELINE + GITHUB/GITHUB ACTIVITY - Unique visitors in last 14 days.csv,archive-artifact,.csv,native-text,162,DIRECT_TEXT,True,,,,,,
SAT TIMELINE + GITHUB/NEWS - BROADER SCIENCE.txt,archive-artifact,.txt,native-text,13005,DIRECT_TEXT,True,,,,,,
SAT TIMELINE + GITHUB/PODCAST - Episodess.txt,archive-artifact,.txt,native-text,19392,DIRECT_TEXT,True,,,,,,
SAT TIMELINE + GITHUB/SAT - Timelines .txt,archive-artifact,.txt,native-text,10708,DIRECT_TEXT,True,,,,,,
SAT TIMELINE + GITHUB/SAT TIMELINE.txt,archive-artifact,.txt,native-text,26034,DIRECT_TEXT,True,,,,,,
SAT TIMELINE + GITHUB/SAT_TIMELINE.txt,archive-artifact,.txt,native-text,26034,DIRECT_TEXT,True,,,,,,
SAT TIMELINE.txt,archive-artifact,.txt,native-text,26034,DIRECT_TEXT,True,,,,,,
SAT TIMESTAMPS.txt,archive-artifact,.txt,native-text,8710,DIRECT_TEXT,True,,,,,,
SAT Tester 2.pdf,archive-artifact,.pdf,pdf,49503,DERIVED_TEXT_AVAILABLE,True,OK,_AUTO_EXTRACTED_TEXT/SAT Tester 2.txt,manifest-exact,PyMuPDF,9083,_AUTO_EXTRACTED_TEXT/_manifests/2026-09-10_root_pdf_extraction_pass_002.json
SAT Tester.pdf,archive-artifact,.pdf,pdf,49503,DERIVED_TEXT_AVAILABLE,True,OK,_AUTO_EXTRACTED_TEXT/SAT Tester.txt,manifest-exact,PyMuPDF,9083,_AUTO_EXTRACTED_TEXT/_manifests/2026-09-10_root_pdf_extraction_pass_002.json
SAT Theory Archive Review — raw.json,archive-artifact,.json,native-text,292573,DIRECT_TEXT,True,,,,,,
SAT Theory Synthesis — raw.json,archive-artifact,.json,native-text,1197973,DIRECT_TEXT,True,,,,,,
SAT UNODROP.txt,archive-artifact,.txt,native-text,99100,DIRECT_TEXT,True,,,,,,
SAT VISUALS/3ea27668-0954-4547-85f5-dce64497dfe3.png,archive-artifact,.png,image,793112,NEEDS_EXTRACTION,True,,,,,,
SAT VISUALS/4190589d-dd62-4ecd-8889-bbc258d43f12.png,archive-artifact,.png,image,1663012,NEEDS_EXTRACTION,True,,,,,,
SAT VISUALS/5e45c144-1fb1-4b7d-8a0c-611a838dc5bf.png,archive-artifact,.png,image,1310887,NEEDS_EXTRACTION,True,,,,,,
SAT VISUALS/64266694-f943-41d0-b018-868fb8191d16.png,archive-artifact,.png,image,1470649,NEEDS_EXTRACTION,True,,,,,,
SAT VISUALS/ActiveEdge_vNext_initiation.png,archive-artifact,.png,image,142360,NEEDS_EXTRACTION,True,,,,,,
SAT VISUALS/BrainTrust_v2_Example1.png,archive-artifact,.png,image,74515,NEEDS_EXTRACTION,True,,,,,,
SAT VISUALS/BrainTrust_v2_Example2.png,archive-artifact,.png,image,74010,NEEDS_EXTRACTION,True,,,,,,
SAT VISUALS/BrainTrust_v2_Initiation.png,archive-artifact,.png,image,147291,NEEDS_EXTRACTION,True,,,,,,
SAT VISUALS/COMPARE.PNG,archive-artifact,.png,image,63313,NEEDS_EXTRACTION,True,,,,,,
SAT VISUALS/Capture.PNG,archive-artifact,.png,image,55121,NEEDS_EXTRACTION,True,,,,,,
SAT VISUALS/Capture2.PNG,archive-artifact,.png,image,29784,NEEDS_EXTRACTION,True,,,,,,
SAT VISUALS/Capture3.PNG,archive-artifact,.png,image,18813,NEEDS_EXTRACTION,True,,,,,,
SAT VISUALS/Capture4.PNG,archive-artifact,.png,image,47784,NEEDS_EXTRACTION,True,,,,,,
SAT VISUALS/Capture5.PNG,archive-artifact,.png,image,80773,NEEDS_EXTRACTION,True,,,,,,
SAT VISUALS/ConsensusPro.png,archive-artifact,.png,image,182992,NEEDS_EXTRACTION,True,,,,,,
SAT VISUALS/ConsensusPro2.png,archive-artifact,.png,image,32832,NEEDS_EXTRACTION,True,,,,,,
SAT VISUALS/ConsensusPro3.png,archive-artifact,.png,image,212722,NEEDS_EXTRACTION,True,,,,,,
SAT VISUALS/ConsensusPro4.png,archive-artifact,.png,image,235333,NEEDS_EXTRACTION,True,,,,,,
SAT VISUALS/ConsensusPro_Annotated_Captions_Cleaned.pdf,archive-artifact,.pdf,pdf,556812,DERIVED_TEXT_AVAILABLE,True,LEGACY_NAME_MATCH,_AUTO_EXTRACTED_TEXT/ConsensusPro_Annotated_Captions_Cleaned.txt,legacy-basename-unique,,,
SAT VISUALS/Early_Code_Outputs_Documented.pdf,archive-artifact,.pdf,pdf,581266,DERIVED_TEXT_AVAILABLE,True,LEGACY_NAME_MATCH,_AUTO_EXTRACTED_TEXT/Early_Code_Outputs_Documented.txt,legacy-basename-unique,,,
SAT VISUALS/Early_code_output.png,archive-artifact,.png,image,152483,NEEDS_EXTRACTION,True,,,,,,
SAT VISUALS/Early_code_output2.png,archive-artifact,.png,image,117318,NEEDS_EXTRACTION,True,,,,,,
SAT VISUALS/Early_code_output3.png,archive-artifact,.png,image,157985,NEEDS_EXTRACTION,True,,,,,,
SAT VISUALS/Early_code_output4.png,archive-artifact,.png,image,120644,NEEDS_EXTRACTION,True,,,,,,
SAT VISUALS/Early_code_output5.png,archive-artifact,.png,image,35746,NEEDS_EXTRACTION,True,,,,,,
SAT VISUALS/Early_code_output6.png,archive-artifact,.png,image,46677,NEEDS_EXTRACTION,True,,,,,,
SAT VISUALS/Former_ActiveEdge_FirstLagrangian_attempt.PNG,archive-artifact,.png,image,47676,NEEDS_EXTRACTION,True,,,,,,
SAT VISUALS/Former_ActiveEdge_MarkIII-IV_formulation.PNG,archive-artifact,.png,image,120029,NEEDS_EXTRACTION,True,,,,,,
SAT VISUALS/GPT-first_and_former_now_Emeritus-ActiveEdge_development.png,archive-artifact,.png,image,178730,NEEDS_EXTRACTION,True,,,,,,
SAT VISUALS/GPT-first_and_former_now_Emeritus-ActiveEdge_initiation.png,archive-artifact,.png,image,118907,NEEDS_EXTRACTION,True,,,,,,
SAT VISUALS/GPT-first_and_former_now_Emeritus-ActiveEdge_initiation2.png,archive-artifact,.png,image,136136,NEEDS_EXTRACTION,True,,,,,,
SAT VISUALS/GPT_Tools_and_SAT-Naive_Analysis_Captions.pdf,archive-artifact,.pdf,pdf,695474,DERIVED_TEXT_AVAILABLE,True,LEGACY_NAME_MATCH,_AUTO_EXTRACTED_TEXT/GPT_Tools_and_SAT-Naive_Analysis_Captions.txt,legacy-basename-unique,,,
SAT VISUALS/GPT_Tools_and_SAT-Naive_Analysis_Captions_FINAL_SAFE.pdf,archive-artifact,.pdf,pdf,695372,DERIVED_TEXT_AVAILABLE,True,LEGACY_NAME_MATCH,_AUTO_EXTRACTED_TEXT/GPT_Tools_and_SAT-Naive_Analysis_Captions_FINAL_SAFE.txt,legacy-basename-unique,,,
SAT VISUALS/GPT_core_team.png,archive-artifact,.png,image,29395,NEEDS_EXTRACTION,True,,,,,,
SAT VISUALS/GPT_instances.png,archive-artifact,.png,image,31144,NEEDS_EXTRACTION,True,,,,,,
SAT VISUALS/LAB2_SAT_Dirac_And_Coupling_Closure_ReportLab.pdf,archive-artifact,.pdf,pdf,2123,DERIVED_TEXT_AVAILABLE,True,LEGACY_NAME_MATCH,_AUTO_EXTRACTED_TEXT/LAB2_SAT_Dirac_And_Coupling_Closure_ReportLab.txt,legacy-basename-unique,,,
SAT VISUALS/LAB2_SAT_Dirac_Brackets_And_Closure_3D.pdf,archive-artifact,.pdf,pdf,2275,DERIVED_TEXT_AVAILABLE,True,LEGACY_NAME_MATCH,_AUTO_EXTRACTED_TEXT/LAB2_SAT_Dirac_Brackets_And_Closure_3D.txt,legacy-basename-unique,,,
SAT VISUALS/LAGRANGIAN.PNG,archive-artifact,.png,image,11269,NEEDS_EXTRACTION,True,,,,,,
SAT VISUALS/LAGRANGIAN10.PNG,archive-artifact,.png,image,43444,NEEDS_EXTRACTION,True,,,,,,
SAT VISUALS/LAGRANGIAN11.PNG,archive-artifact,.png,image,48236,NEEDS_EXTRACTION,True,,,,,,
SAT VISUALS/LAGRANGIAN12.PNG,archive-artifact,.png,image,48450,NEEDS_EXTRACTION,True,,,,,,
SAT VISUALS/LAGRANGIAN13.PNG,archive-artifact,.png,image,46167,NEEDS_EXTRACTION,True,,,,,,
SAT VISUALS/LAGRANGIAN2.PNG,archive-artifact,.png,image,7678,NEEDS_EXTRACTION,True,,,,,,
SAT VISUALS/LAGRANGIAN3.PNG,archive-artifact,.png,image,44117,NEEDS_EXTRACTION,True,,,,,,
SAT VISUALS/LAGRANGIAN4.PNG,archive-artifact,.png,image,47830,NEEDS_EXTRACTION,True,,,,,,
SAT VISUALS/LAGRANGIAN5.PNG,archive-artifact,.png,image,40043,NEEDS_EXTRACTION,True,,,,,,
SAT VISUALS/LAGRANGIAN6.PNG,archive-artifact,.png,image,28106,NEEDS_EXTRACTION,True,,,,,,
SAT VISUALS/LAGRANGIAN7.PNG,archive-artifact,.png,image,60616,NEEDS_EXTRACTION,True,,,,,,
SAT VISUALS/LAGRANGIAN8.PNG,archive-artifact,.png,image,61540,NEEDS_EXTRACTION,True,,,,,,
SAT VISUALS/LAGRANGIAN9.PNG,archive-artifact,.png,image,61222,NEEDS_EXTRACTION,True,,,,,,
SAT VISUALS/Lab2_Lagrangian_Captioned.pdf,archive-artifact,.pdf,pdf,491360,DERIVED_TEXT_AVAILABLE,True,LEGACY_NAME_MATCH,_AUTO_EXTRACTED_TEXT/Lab2_Lagrangian_Captioned.txt,legacy-basename-unique,,,
SAT VISUALS/Lab2_Lagrangian_Evolution.pdf,archive-artifact,.pdf,pdf,489938,DERIVED_TEXT_AVAILABLE,True,LEGACY_NAME_MATCH,_AUTO_EXTRACTED_TEXT/Lab2_Lagrangian_Evolution.txt,legacy-basename-unique,,,
SAT VISUALS/NORMCapture.PNG,archive-artifact,.png,image,142218,NEEDS_EXTRACTION,True,,,,,,
SAT VISUALS/NotebookLM Mind Map.png,archive-artifact,.png,image,14978593,NEEDS_EXTRACTION,True,,,,,,
SAT VISUALS/NotebookLM.PNG,archive-artifact,.png,image,278921,NEEDS_EXTRACTION,True,,,,,,
SAT VISUALS/NotebookLM2.PNG,archive-artifact,.png,image,301825,NEEDS_EXTRACTION,True,,,,,,
SAT VISUALS/NotebookLM3.PNG,archive-artifact,.png,image,297146,NEEDS_EXTRACTION,True,,,,,,
SAT VISUALS/NotebookLM_Captioned_Archive.pdf,archive-artifact,.pdf,pdf,975986,DERIVED_TEXT_AVAILABLE,True,LEGACY_NAME_MATCH,_AUTO_EXTRACTED_TEXT/NotebookLM_Captioned_Archive.txt,legacy-basename-unique,,,
SAT VISUALS/NotebookLM_example2.png,archive-artifact,.png,image,278350,NEEDS_EXTRACTION,True,,,,,,
SAT VISUALS/PARTICLES0.PNG,archive-artifact,.png,image,572635,NEEDS_EXTRACTION,True,,,,,,
SAT VISUALS/PARTICLES1.PNG,archive-artifact,.png,image,625236,NEEDS_EXTRACTION,True,,,,,,
SAT VISUALS/PARTICLES2.PNG,archive-artifact,.png,image,655759,NEEDS_EXTRACTION,True,,,,,,
SAT VISUALS/PARTICLES_heatmap+horiznorm.PNG,archive-artifact,.png,image,57363,NEEDS_EXTRACTION,True,,,,,,
SAT VISUALS/PARTICLES_vertnorm+zscore.PNG,archive-artifact,.png,image,36510,NEEDS_EXTRACTION,True,,,,,,
SAT VISUALS/PARTICLE_SAVE_img.PNG,archive-artifact,.png,image,305115,NEEDS_EXTRACTION,True,,,,,,
SAT VISUALS/PARTICLE_TABLE.PNG,archive-artifact,.png,image,36259,NEEDS_EXTRACTION,True,,,,,,
SAT VISUALS/PART_BAR.PNG,archive-artifact,.png,image,74185,NEEDS_EXTRACTION,True,,,,,,
SAT VISUALS/PART_BAR2.PNG,archive-artifact,.png,image,72897,NEEDS_EXTRACTION,True,,,,,,
SAT VISUALS/PART_heatmap.PNG,archive-artifact,.png,image,30922,NEEDS_EXTRACTION,True,,,,,,
SAT VISUALS/Proto-BrainTrust_Example.png,archive-artifact,.png,image,67406,NEEDS_EXTRACTION,True,,,,,,
SAT VISUALS/Proto-BrainTrust_Example2.png,archive-artifact,.png,image,73597,NEEDS_EXTRACTION,True,,,,,,
SAT VISUALS/Proto-BrainTrust_Example3.png,archive-artifact,.png,image,73546,NEEDS_EXTRACTION,True,,,,,,
SAT VISUALS/Pseudeinstein.PNG,archive-artifact,.png,image,0,NEEDS_EXTRACTION,True,,,,,,
SAT VISUALS/QUARKS.PNG,archive-artifact,.png,image,632861,NEEDS_EXTRACTION,True,,,,,,
SAT VISUALS/QUARKS_m_theta.PNG,archive-artifact,.png,image,24660,NEEDS_EXTRACTION,True,,,,,,
SAT VISUALS/SAT-NaiveGPT.png,archive-artifact,.png,image,125789,NEEDS_EXTRACTION,True,,,,,,
SAT VISUALS/SAT-NaiveGPT2.png,archive-artifact,.png,image,109805,NEEDS_EXTRACTION,True,,,,,,
SAT VISUALS/SAT-NaiveGPT3.png,archive-artifact,.png,image,122053,NEEDS_EXTRACTION,True,,,,,,
SAT VISUALS/SAT-NaiveGPT4.png,archive-artifact,.png,image,132558,NEEDS_EXTRACTION,True,,,,,,
SAT VISUALS/SAT-NaiveGPT5.png,archive-artifact,.png,image,136410,NEEDS_EXTRACTION,True,,,,,,
SAT VISUALS/SAT-NaiveGPT6.png,archive-artifact,.png,image,131534,NEEDS_EXTRACTION,True,,,,,,
SAT VISUALS/SAT-QR Abstract.PNG,archive-artifact,.png,image,67902,NEEDS_EXTRACTION,True,,,,,,
SAT VISUALS/SAT_Earliest_Notebook_2003_Documented.pdf,archive-artifact,.pdf,pdf,7712005,NEEDS_EXTRACTION,True,,,,,,
SAT VISUALS/SAT_Errata_and_Wordcount_Overview.pdf,archive-artifact,.pdf,pdf,572404,DERIVED_TEXT_AVAILABLE,True,LEGACY_NAME_MATCH,_AUTO_EXTRACTED_TEXT/SAT_Errata_and_Wordcount_Overview.txt,legacy-basename-unique,,,
SAT VISUALS/SAT_Errata_and_Wordcount_Overview_with_Captions.pdf,archive-artifact,.pdf,pdf,1172723,NEEDS_EXTRACTION,True,,,,,,
SAT VISUALS/SAT_Framework_Final_Report_Cleaned.pdf,archive-artifact,.pdf,pdf,3240,DERIVED_TEXT_AVAILABLE,True,LEGACY_NAME_MATCH,_AUTO_EXTRACTED_TEXT/SAT_Framework_Final_Report_Cleaned.txt,legacy-basename-unique,,,
SAT VISUALS/SAT_Framework_Report_Plain.pdf,archive-artifact,.pdf,pdf,1974,DERIVED_TEXT_AVAILABLE,True,LEGACY_NAME_MATCH,_AUTO_EXTRACTED_TEXT/SAT_Framework_Report_Plain.txt,legacy-basename-unique,,,
SAT VISUALS/SAT_Full_Annotated_Visual_Archive.pdf,archive-artifact,.pdf,pdf,25206600,NEEDS_EXTRACTION,True,,,,,,
SAT VISUALS/SAT_Full_Visual_Archive_With_Extras.pdf,archive-artifact,.pdf,pdf,12264934,NEEDS_EXTRACTION,True,,,,,,
SAT VISUALS/SAT_Full_Visual_Archive_With_Extras_REVISED.pdf,archive-artifact,.pdf,pdf,13189878,NEEDS_EXTRACTION,True,,,,,,
SAT VISUALS/SAT_LAB1_Composite_Binding_Simulation_Report.pdf,archive-artifact,.pdf,pdf,59191,DERIVED_TEXT_AVAILABLE,True,LEGACY_NAME_MATCH,_AUTO_EXTRACTED_TEXT/SAT_LAB1_Composite_Binding_Simulation_Report.txt,legacy-basename-unique,,,
SAT VISUALS/SAT_LAB1_Energy_Tau_Results.pdf,archive-artifact,.pdf,pdf,28149,DERIVED_TEXT_AVAILABLE,True,LEGACY_NAME_MATCH,_AUTO_EXTRACTED_TEXT/SAT_LAB1_Energy_Tau_Results.txt,legacy-basename-unique,,,
SAT VISUALS/SAT_LAB1_Full_Annealing_Radial_Kink_Report.pdf,archive-artifact,.pdf,pdf,59136,DERIVED_TEXT_AVAILABLE,True,LEGACY_NAME_MATCH,_AUTO_EXTRACTED_TEXT/SAT_LAB1_Full_Annealing_Radial_Kink_Report.txt,legacy-basename-unique,,,
SAT VISUALS/SAT_LAB1_Full_Annealing_Radial_Kink_Report_REGEN.pdf,archive-artifact,.pdf,pdf,57848,DERIVED_TEXT_AVAILABLE,True,LEGACY_NAME_MATCH,_AUTO_EXTRACTED_TEXT/SAT_LAB1_Full_Annealing_Radial_Kink_Report_REGEN.txt,legacy-basename-unique,,,
SAT VISUALS/SAT_LAB1_Radial_Fringe_Falsifiability_Report.pdf,archive-artifact,.pdf,pdf,35233,DERIVED_TEXT_AVAILABLE,True,LEGACY_NAME_MATCH,_AUTO_EXTRACTED_TEXT/SAT_LAB1_Radial_Fringe_Falsifiability_Report.txt,legacy-basename-unique,,,
SAT VISUALS/SAT_Lab1_Visuals_Compiled.pdf,archive-artifact,.pdf,pdf,599125,DERIVED_TEXT_AVAILABLE,True,LEGACY_NAME_MATCH,_AUTO_EXTRACTED_TEXT/SAT_Lab1_Visuals_Compiled.txt,legacy-basename-unique,,,
SAT VISUALS/SAT_Lab1_Visuals_Landscape.pdf,archive-artifact,.pdf,pdf,599122,DERIVED_TEXT_AVAILABLE,True,LEGACY_NAME_MATCH,_AUTO_EXTRACTED_TEXT/SAT_Lab1_Visuals_Landscape.txt,legacy-basename-unique,,,
SAT VISUALS/SAT_Lab1_Visuals_Landscape_Scaled_Fit.pdf,archive-artifact,.pdf,pdf,599130,DERIVED_TEXT_AVAILABLE,True,LEGACY_NAME_MATCH,_AUTO_EXTRACTED_TEXT/SAT_Lab1_Visuals_Landscape_Scaled_Fit.txt,legacy-basename-unique,,,
SAT VISUALS/SAT_Visual_Archive_FULL_Captioned_RETRY.pdf,archive-artifact,.pdf,pdf,12016863,NEEDS_EXTRACTION,True,,,,,,
SAT VISUALS/SAT_theta4_kink_retardance.png,archive-artifact,.png,image,75213,NEEDS_EXTRACTION,True,,,,,,
SAT VISUALS/SATy_output2.png,archive-artifact,.png,image,37566,NEEDS_EXTRACTION,True,,,,,,
SAT VISUALS/SATy_viz_output.png,archive-artifact,.png,image,183076,NEEDS_EXTRACTION,True,,,,,,
SAT VISUALS/Theorizer_Emeritus_SAT_Development_Annotated.pdf,archive-artifact,.pdf,pdf,524933,DERIVED_TEXT_AVAILABLE,True,LEGACY_NAME_MATCH,_AUTO_EXTRACTED_TEXT/Theorizer_Emeritus_SAT_Development_Annotated.txt,legacy-basename-unique,,,
SAT VISUALS/Wavefront_BrainTrust_Captioned.pdf,archive-artifact,.pdf,pdf,420035,DERIVED_TEXT_AVAILABLE,True,LEGACY_NAME_MATCH,_AUTO_EXTRACTED_TEXT/Wavefront_BrainTrust_Captioned.txt,legacy-basename-unique,,,
SAT VISUALS/Wordcount_ActiveEdge_vNext.png,archive-artifact,.png,image,189912,NEEDS_EXTRACTION,True,,,,,,
SAT VISUALS/Wordcount_Emeritus.png,archive-artifact,.png,image,130123,NEEDS_EXTRACTION,True,,,,,,
SAT VISUALS/Wordcount_Proto-BrainTrust (1).png,archive-artifact,.png,image,158469,NEEDS_EXTRACTION,True,,,,,,
SAT VISUALS/ce51728e-410a-461c-b08a-8cb8a81373c7.png,archive-artifact,.png,image,1160826,NEEDS_EXTRACTION,True,,,,,,
SAT VISUALS/cgpt_models.PNG,archive-artifact,.png,image,16830,NEEDS_EXTRACTION,True,,,,,,
SAT VISUALS/coil_rotation.PNG,archive-artifact,.png,image,45931,NEEDS_EXTRACTION,True,,,,,,
SAT VISUALS/d9c2d113-61aa-4681-9d90-ad988bbb26f1.png,archive-artifact,.png,image,1699002,NEEDS_EXTRACTION,True,,,,,,
SAT VISUALS/download (1).png,archive-artifact,.png,image,128903,NEEDS_EXTRACTION,True,,,,,,
SAT VISUALS/download.png,archive-artifact,.png,image,143976,NEEDS_EXTRACTION,True,,,,,,
SAT VISUALS/ea41259c-edab-452c-8421-1c39fb0b6bf0.png,archive-artifact,.png,image,1379271,NEEDS_EXTRACTION,True,,,,,,
SAT VISUALS/equations.PNG,archive-artifact,.png,image,15176,NEEDS_EXTRACTION,True,,,,,,
SAT VISUALS/error.PNG,archive-artifact,.png,image,54822,NEEDS_EXTRACTION,True,,,,,,
SAT VISUALS/figure0.png,archive-artifact,.png,image,74373,NEEDS_EXTRACTION,True,,,,,,
SAT VISUALS/figure1.png,archive-artifact,.png,image,92805,NEEDS_EXTRACTION,True,,,,,,
SAT VISUALS/figure2.PNG,archive-artifact,.png,image,57955,NEEDS_EXTRACTION,True,,,,,,
SAT VISUALS/first_run.png,archive-artifact,.png,image,146080,NEEDS_EXTRACTION,True,,,,,,
SAT VISUALS/output (1).png,archive-artifact,.png,image,74786,NEEDS_EXTRACTION,True,,,,,,
SAT VISUALS/output (10).png,archive-artifact,.png,image,148843,NEEDS_EXTRACTION,True,,,,,,
SAT VISUALS/output (11).png,archive-artifact,.png,image,105522,NEEDS_EXTRACTION,True,,,,,,
SAT VISUALS/output (12).png,archive-artifact,.png,image,150100,NEEDS_EXTRACTION,True,,,,,,
SAT VISUALS/output (13).png,archive-artifact,.png,image,128699,NEEDS_EXTRACTION,True,,,,,,
SAT VISUALS/output (14).png,archive-artifact,.png,image,107216,NEEDS_EXTRACTION,True,,,,,,
SAT VISUALS/output (15).png,archive-artifact,.png,image,87364,NEEDS_EXTRACTION,True,,,,,,
SAT VISUALS/output (16).png,archive-artifact,.png,image,197734,NEEDS_EXTRACTION,True,,,,,,
SAT VISUALS/output (17).png,archive-artifact,.png,image,197734,NEEDS_EXTRACTION,True,,,,,,
SAT VISUALS/output (18).png,archive-artifact,.png,image,193289,NEEDS_EXTRACTION,True,,,,,,
SAT VISUALS/output (19).png,archive-artifact,.png,image,244167,NEEDS_EXTRACTION,True,,,,,,
SAT VISUALS/output (2).png,archive-artifact,.png,image,108886,NEEDS_EXTRACTION,True,,,,,,
SAT VISUALS/output (20).png,archive-artifact,.png,image,148721,NEEDS_EXTRACTION,True,,,,,,
SAT VISUALS/output (21).png,archive-artifact,.png,image,352863,NEEDS_EXTRACTION,True,,,,,,
SAT VISUALS/output (22).png,archive-artifact,.png,image,93250,NEEDS_EXTRACTION,True,,,,,,
SAT VISUALS/output (23).png,archive-artifact,.png,image,87720,NEEDS_EXTRACTION,True,,,,,,
SAT VISUALS/output (24).png,archive-artifact,.png,image,95895,NEEDS_EXTRACTION,True,,,,,,
SAT VISUALS/output (25).png,archive-artifact,.png,image,74516,NEEDS_EXTRACTION,True,,,,,,
SAT VISUALS/output (3).png,archive-artifact,.png,image,398148,NEEDS_EXTRACTION,True,,,,,,
SAT VISUALS/output (4).png,archive-artifact,.png,image,198191,NEEDS_EXTRACTION,True,,,,,,
SAT VISUALS/output (5).png,archive-artifact,.png,image,182937,NEEDS_EXTRACTION,True,,,,,,
SAT VISUALS/output (6).png,archive-artifact,.png,image,315788,NEEDS_EXTRACTION,True,,,,,,
SAT VISUALS/output (7).png,archive-artifact,.png,image,475821,NEEDS_EXTRACTION,True,,,,,,
SAT VISUALS/output (8).png,archive-artifact,.png,image,148468,NEEDS_EXTRACTION,True,,,,,,
SAT VISUALS/output (9).png,archive-artifact,.png,image,486575,NEEDS_EXTRACTION,True,,,,,,
SAT VISUALS/output.png,archive-artifact,.png,image,106342,NEEDS_EXTRACTION,True,,,,,,
SAT VISUALS/particle_prop.PNG,archive-artifact,.png,image,261770,NEEDS_EXTRACTION,True,,,,,,
SAT VISUALS/particles3.PNG,archive-artifact,.png,image,580778,NEEDS_EXTRACTION,True,,,,,,
SAT VISUALS/saty_output.png,archive-artifact,.png,image,93167,NEEDS_EXTRACTION,True,,,,,,
SAT X/..folder_summary.txt,artifact-catalog-control,.txt,native-text,10978,NON_SOURCE_LAYER,True,,,,,,
SAT X/SATInterpreted (1).txt,archive-artifact,.txt,native-text,65752,DIRECT_TEXT,True,,,,,,
SAT X/SATInterpreted 2.txt,archive-artifact,.txt,native-text,10317,DIRECT_TEXT,True,,,,,,
SAT X/SATInterpreted(1).txt,archive-artifact,.txt,native-text,65752,DIRECT_TEXT,True,,,,,,
SAT X/SATInterpreted.txt,archive-artifact,.txt,native-text,65209,DIRECT_TEXT,True,,,,,,
SAT X/SATMathAssay.txt,archive-artifact,.txt,native-text,25345,DIRECT_TEXT,True,,,,,,
SAT X/SATx ADDENDUM (1).txt,archive-artifact,.txt,native-text,37829,DIRECT_TEXT,True,,,,,,
SAT X/SATx ADDENDUM.txt,archive-artifact,.txt,native-text,37829,DIRECT_TEXT,True,,,,,,
SAT X/SATx ADDENDUM2 (1).txt,archive-artifact,.txt,native-text,36146,DIRECT_TEXT,True,,,,,,
SAT X/SATx ADDENDUM2.txt,archive-artifact,.txt,native-text,36146,DIRECT_TEXT,True,,,,,,
SAT X/SATx ADDENDUM3 (1).txt,archive-artifact,.txt,native-text,486578,DIRECT_TEXT,True,,,,,,
SAT X/SATx ADDENDUM3.txt,archive-artifact,.txt,native-text,486578,DIRECT_TEXT,True,,,,,,
SAT X/SATx Addendum4 (1).txt,archive-artifact,.txt,native-text,115830,DIRECT_TEXT,True,,,,,,
SAT X/SATx Addendum4.txt,archive-artifact,.txt,native-text,115830,DIRECT_TEXT,True,,,,,,
SAT X/SATx CANONICAL.txt,archive-artifact,.txt,native-text,37143,DIRECT_TEXT,True,,,,,,
SAT X/SATx HAMILTONIAN .txt,archive-artifact,.txt,native-text,2537,DIRECT_TEXT,True,,,,,,
SAT X/SATx LAST BRICK.txt,archive-artifact,.txt,native-text,13447,DIRECT_TEXT,True,,,,,,
SAT X/SATx PIECES.txt,archive-artifact,.txt,native-text,6010,DIRECT_TEXT,True,,,,,,
SAT X/SATx SPACKLECOAT.txt,archive-artifact,.txt,native-text,7067,DIRECT_TEXT,True,,,,,,
SAT X/SATx STATE OF SAT (1).txt,archive-artifact,.txt,native-text,225048,DIRECT_TEXT,True,,,,,,
SAT X/SATx STATE OF SAT.txt,archive-artifact,.txt,native-text,225048,DIRECT_TEXT,True,,,,,,
SAT X/SATx SUPPORTING.txt,archive-artifact,.txt,native-text,5815,DIRECT_TEXT,True,,,,,,
SAT X/SATx_FULL_PODCAST (1).txt,archive-artifact,.txt,native-text,100182,DIRECT_TEXT,True,,,,,,
SAT X/SATx_FULL_PODCAST.txt,archive-artifact,.txt,native-text,100182,DIRECT_TEXT,True,,,,,,
SAT X/SATx_PODCAST_LONG_EDITED (1).txt,archive-artifact,.txt,native-text,99680,DIRECT_TEXT,True,,,,,,
SAT X/SATx_PODCAST_LONG_EDITED.txt,archive-artifact,.txt,native-text,99680,DIRECT_TEXT,True,,,,,,
SAT X/SATx_PODCAST_LONG_EDITED_PRON (1).txt,archive-artifact,.txt,native-text,99366,DIRECT_TEXT,True,,,,,,
SAT X/SATx_PODCAST_LONG_EDITED_PRON.txt,archive-artifact,.txt,native-text,99366,DIRECT_TEXT,True,,,,,,
SAT XY/JUNE 1 PHASE V-.txt,archive-artifact,.txt,native-text,245535,DIRECT_TEXT,True,,,,,,
SAT XY/JUNE PHASE I-V PROGRESS.txt,archive-artifact,.txt,native-text,131571,DIRECT_TEXT,True,,,,,,
SAT XY/PHYSICS BEYOND MATHEMATICS.txt,archive-artifact,.txt,native-text,780144,DIRECT_TEXT,True,,,,,,
SAT XY/SATx-y INSIGHTS.txt,archive-artifact,.txt,native-text,17263,DIRECT_TEXT,True,,,,,,
SAT XY/SATxy CYCLETHROUGH2-4.txt,archive-artifact,.txt,native-text,68141,DIRECT_TEXT,True,,,,,,
SAT XY/SATxy CYCLETHROUGH3-4.txt,archive-artifact,.txt,native-text,99946,DIRECT_TEXT,True,,,,,,
SAT XY/SATxy CYCLETHROUGH4-4.txt,archive-artifact,.txt,native-text,116496,DIRECT_TEXT,True,,,,,,
SAT XY/SATxyACTIVATOR_DO_NOT_USE.txt,archive-artifact,.txt,native-text,3694,DIRECT_TEXT,True,,,,,,
SAT XYZ/ACTION PLAN JUNE ADDENDUM.txt,archive-artifact,.txt,native-text,9723,DIRECT_TEXT,True,,,,,,
SAT XYZ/ACTION PLAN JUNE ADDENDUM2.txt,archive-artifact,.txt,native-text,4574,DIRECT_TEXT,True,,,,,,
SAT XYZ/ACTION PLAN JUNE ADDENDUM3.txt,archive-artifact,.txt,native-text,5700,DIRECT_TEXT,True,,,,,,
SAT XYZ/ACTION PLAN JUNE.txt,archive-artifact,.txt,native-text,10110,DIRECT_TEXT,True,,,,,,
SAT XYZ/COMPLETED TASKS JUNE.txt,archive-artifact,.txt,native-text,9211,DIRECT_TEXT,True,,,,,,
SAT XYZ/COMPLETED UPDATE JUNE 1.txt,archive-artifact,.txt,native-text,12662,DIRECT_TEXT,True,,,,,,
SAT XYZ/CORE TEAM CURRENT PLAN.txt,archive-artifact,.txt,native-text,6664,DIRECT_TEXT,True,,,,,,
SAT XYZ/CORE_TEAM.txt,archive-artifact,.txt,native-text,3522,DIRECT_TEXT,True,,,,,,
SAT XYZ/CORE_TEAM_TASK_DIRECTIVES.txt,archive-artifact,.txt,native-text,6664,DIRECT_TEXT,True,,,,,,
SAT XYZ/FULL_REVISION_PATHWAY.txt,archive-artifact,.txt,native-text,15268,DIRECT_TEXT,True,,,,,,
SAT XYZ/JUNE ACTION PLAN  FINAL.txt,archive-artifact,.txt,native-text,5209,DIRECT_TEXT,True,,,,,,
SAT XYZ/JUNE ACTION PLAN FINAL 1.txt,archive-artifact,.txt,native-text,16193,DIRECT_TEXT,True,,,,,,
SAT XYZ/JUNE ACTION PLAN FINAL 2.txt,archive-artifact,.txt,native-text,9082,DIRECT_TEXT,True,,,,,,
SAT XYZ/PY-COIL ROTATION SCRIPT.txt,archive-artifact,.txt,native-text,4178,DIRECT_TEXT,True,,,,,,
SAT XYZ/SAT CONNECTIONS.txt,archive-artifact,.txt,native-text,5357,DIRECT_TEXT,True,,,,,,
SAT XYZ/SAT FIRST LEG 2.txt,archive-artifact,.txt,native-text,126603,DIRECT_TEXT,True,,,,,,
SAT XYZ/SAT Z ACTION PLAN EXTENSION.txt,archive-artifact,.txt,native-text,3074,DIRECT_TEXT,True,,,,,,
SAT XYZ/SAT Z ACTION PLAN.txt,archive-artifact,.txt,native-text,66683,DIRECT_TEXT,True,,,,,,
SAT XYZ/SAT Z AXIOMS.txt,archive-artifact,.txt,native-text,11297,DIRECT_TEXT,True,,,,,,
SAT XYZ/SAT Z CORE.txt,archive-artifact,.txt,native-text,40087,DIRECT_TEXT,True,,,,,,
SAT XYZ/SAT Z FIRST LEG.txt,archive-artifact,.txt,native-text,281963,DIRECT_TEXT,True,,,,,,
SAT XYZ/SAT Z FIRST PRINCIPLES DERIVATIONS.txt,archive-artifact,.txt,native-text,735,DIRECT_TEXT,True,,,,,,
SAT XYZ/SAT Z INDEX.txt,archive-artifact,.txt,native-text,36189,DIRECT_TEXT,True,,,,,,
SAT XYZ/SAT Z PLAN.txt,archive-artifact,.txt,native-text,22588,DIRECT_TEXT,True,,,,,,
SAT XYZ/SAT Z QG -- SEANs TODO.txt,archive-artifact,.txt,native-text,2761,DIRECT_TEXT,True,,,,,,
SAT XYZ/SAT Z SECOND LEG.txt,archive-artifact,.txt,native-text,102033,DIRECT_TEXT,True,,,,,,
SAT XYZ/SAT-QG.txt,archive-artifact,.txt,native-text,29465,DIRECT_TEXT,True,,,,,,
SAT XYZ/SAT-Y 4D.txt,archive-artifact,.txt,native-text,34356,DIRECT_TEXT,True,,,,,,
SAT XYZ/SAT-Y CYCLETHROUGH+STUFF.txt,archive-artifact,.txt,native-text,4788,DIRECT_TEXT,True,,,,,,
SAT XYZ/SAT-Y FULL DONE LIST.txt,archive-artifact,.txt,native-text,9520,DIRECT_TEXT,True,,,,,,
SAT XYZ/SAT-Y FULL PRIORITIES.txt,archive-artifact,.txt,native-text,6072,DIRECT_TEXT,True,,,,,,
SAT XYZ/SAT-Y LEFTOVERS.txt,archive-artifact,.txt,native-text,79365,DIRECT_TEXT,True,,,,,,
SAT XYZ/SAT-Y Modes Buildout.txt,archive-artifact,.txt,native-text,40166,DIRECT_TEXT,True,,,,,,
SAT XYZ/SAT-Y PRIORITIES.txt,archive-artifact,.txt,native-text,12937,DIRECT_TEXT,True,,,,,,
SAT XYZ/SAT-Y Theta+Helix Particle Properties.txt,archive-artifact,.txt,native-text,17802,DIRECT_TEXT,True,,,,,,
SAT XYZ/SAT-Y Theta+Helix Particles.txt,archive-artifact,.txt,native-text,57031,DIRECT_TEXT,True,,,,,,
SAT XYZ/SAT-Y Theta4 Calcs.txt,archive-artifact,.txt,native-text,21916,DIRECT_TEXT,True,,,,,,
SAT XYZ/SAT-Y ThetaProof.txt,archive-artifact,.txt,native-text,119045,DIRECT_TEXT,True,,,,,,
SAT XYZ/SAT-Y Vizualizations.txt,archive-artifact,.txt,native-text,42850,DIRECT_TEXT,True,,,,,,
SAT XYZ/SAT-Y Vizualizations2.txt,archive-artifact,.txt,native-text,28534,DIRECT_TEXT,True,,,,,,
SAT XYZ/SAT-Z PROGRESS.txt,archive-artifact,.txt,native-text,50995,DIRECT_TEXT,True,,,,,,
SAT XYZ/SAT_20_PLANNING_DISCUSSION_LOG.txt,archive-artifact,.txt,native-text,254431,DIRECT_TEXT,True,,,,,,
SAT XYZ/SAT_Z_Progress_Log.txt,archive-artifact,.txt,native-text,17013,DIRECT_TEXT,True,,,,,,
SAT XYZ/SATxy CYCLETHROUGH1-4.txt,archive-artifact,.txt,native-text,64055,DIRECT_TEXT,True,,,,,,
SAT XYZ/SATy IfThen.txt,archive-artifact,.txt,native-text,37936,DIRECT_TEXT,True,,,,,,
SAT XYZ/SOLIDITY MASS ACCEL DEFORMATION.txt,archive-artifact,.txt,native-text,18678,DIRECT_TEXT,True,,,,,,
SAT XYZ/STANDALONE CODES.txt,archive-artifact,.txt,native-text,147979,DIRECT_TEXT,True,,,,,,
SAT XYZ/STATIC SUN DEMO.txt,archive-artifact,.txt,native-text,26944,DIRECT_TEXT,True,,,,,,
SAT XYZ/WHITEPAPER APPROVED OUTLINE.txt,archive-artifact,.txt,native-text,5355,DIRECT_TEXT,True,,,,,,
SAT XYZ/WHITEPAPER_LATEX_MARKUP.txt,archive-artifact,.txt,native-text,94151,DIRECT_TEXT,True,,,,,,
SAT XYZ/buggy.txt,archive-artifact,.txt,native-text,4503,DIRECT_TEXT,True,,,,,,
SAT Y/SAT-Y Hamiltonian+Quantum.txt,archive-artifact,.txt,native-text,53317,DIRECT_TEXT,True,,,,,,
SAT Y/SATx-y FULL LOG.txt,archive-artifact,.txt,native-text,761973,DIRECT_TEXT,True,,,,,,
SAT Y/SATx-y PRELIM TASKS.txt,archive-artifact,.txt,native-text,1271,DIRECT_TEXT,True,,,,,,
SAT Y/SATxy CYCLETHROUGH2-4.txt,archive-artifact,.txt,native-text,68141,DIRECT_TEXT,True,,,,,,
SAT Y/SATxy CYCLETHROUGH3-4.txt,archive-artifact,.txt,native-text,99946,DIRECT_TEXT,True,,,,,,
SAT Y/SATxy CYCLETHROUGH4-4.txt,archive-artifact,.txt,native-text,116496,DIRECT_TEXT,True,,,,,,
SAT Y/SATxy DOC INDEX.txt,archive-artifact,.txt,native-text,1950,DIRECT_TEXT,True,,,,,,
SAT Y/SATxy MAYBE.txt,archive-artifact,.txt,native-text,1421,DIRECT_TEXT,True,,,,,,
SAT Y/SATxy RESTITCH.txt,archive-artifact,.txt,native-text,3123,DIRECT_TEXT,True,,,,,,
SAT Z QG PYTHON/CRITIC_SUMMARY.txt,archive-artifact,.txt,native-text,24743,DIRECT_TEXT,True,,,,,,
SAT Z QG PYTHON/THETA_4_PLOTTER.py.txt,archive-artifact,.txt,native-text,5757,DIRECT_TEXT,True,,,,,,
SAT Z QG PYTHON/Theta_4_plotter_helical.py.txt,archive-artifact,.txt,native-text,2805,DIRECT_TEXT,True,,,,,,
SAT Z QG PYTHON/TvTheta_Plotter.py.txt,archive-artifact,.txt,native-text,2814,DIRECT_TEXT,True,,,,,,
SAT Z QG PYTHON/py-COIL ROTATION 2.txt,archive-artifact,.txt,native-text,4178,DIRECT_TEXT,True,,,,,,
SAT Z QG PYTHON/py-COIL ROTATION.txt,archive-artifact,.txt,native-text,3202,DIRECT_TEXT,True,,,,,,
SAT Z QG/SAT XYZ/ACTION PLAN JUNE ADDENDUM.txt,archive-artifact,.txt,native-text,9723,DIRECT_TEXT,True,,,,,,
SAT Z QG/SAT XYZ/ACTION PLAN JUNE ADDENDUM2.txt,archive-artifact,.txt,native-text,4574,DIRECT_TEXT,True,,,,,,
SAT Z QG/SAT XYZ/ACTION PLAN JUNE ADDENDUM3.txt,archive-artifact,.txt,native-text,5700,DIRECT_TEXT,True,,,,,,
SAT Z QG/SAT XYZ/ACTION PLAN JUNE.txt,archive-artifact,.txt,native-text,10110,DIRECT_TEXT,True,,,,,,
SAT Z QG/SAT XYZ/COMPLETED TASKS JUNE.txt,archive-artifact,.txt,native-text,9211,DIRECT_TEXT,True,,,,,,
SAT Z QG/SAT XYZ/COMPLETED UPDATE JUNE 1.txt,archive-artifact,.txt,native-text,12662,DIRECT_TEXT,True,,,,,,
SAT Z QG/SAT XYZ/CORE_TEAM_TASK_DIRECTIVES.txt,archive-artifact,.txt,native-text,6664,DIRECT_TEXT,True,,,,,,
SAT Z QG/SAT XYZ/FULL_REVISION_PATHWAY.txt,archive-artifact,.txt,native-text,15268,DIRECT_TEXT,True,,,,,,
SAT Z QG/SAT XYZ/JUNE ACTION PLAN  FINAL.txt,archive-artifact,.txt,native-text,5209,DIRECT_TEXT,True,,,,,,
SAT Z QG/SAT XYZ/JUNE ACTION PLAN FINAL 1.txt,archive-artifact,.txt,native-text,16193,DIRECT_TEXT,True,,,,,,
SAT Z QG/SAT XYZ/JUNE ACTION PLAN FINAL 2.txt,archive-artifact,.txt,native-text,9082,DIRECT_TEXT,True,,,,,,
SAT Z QG/SAT XYZ/PY-COIL ROTATION SCRIPT.txt,archive-artifact,.txt,native-text,4178,DIRECT_TEXT,True,,,,,,
SAT Z QG/SAT XYZ/SAT CONNECTIONS.txt,archive-artifact,.txt,native-text,5357,DIRECT_TEXT,True,,,,,,
SAT Z QG/SAT XYZ/SAT FIRST LEG 2.txt,archive-artifact,.txt,native-text,126603,DIRECT_TEXT,True,,,,,,
SAT Z QG/SAT XYZ/SAT Z ACTION PLAN EXTENSION.txt,archive-artifact,.txt,native-text,12656,DIRECT_TEXT,True,,,,,,
SAT Z QG/SAT XYZ/SAT Z ACTION PLAN.txt,archive-artifact,.txt,native-text,66683,DIRECT_TEXT,True,,,,,,
SAT Z QG/SAT XYZ/SAT Z AXIOMS.txt,archive-artifact,.txt,native-text,11297,DIRECT_TEXT,True,,,,,,
SAT Z QG/SAT XYZ/SAT Z CORE.txt,archive-artifact,.txt,native-text,40087,DIRECT_TEXT,True,,,,,,
SAT Z QG/SAT XYZ/SAT Z FIRST LEG.txt,archive-artifact,.txt,native-text,281963,DIRECT_TEXT,True,,,,,,
SAT Z QG/SAT XYZ/SAT Z FIRST PRINCIPLES DERIVATIONS.txt,archive-artifact,.txt,native-text,735,DIRECT_TEXT,True,,,,,,
SAT Z QG/SAT XYZ/SAT Z INDEX.txt,archive-artifact,.txt,native-text,36189,DIRECT_TEXT,True,,,,,,
SAT Z QG/SAT XYZ/SAT Z PLAN.txt,archive-artifact,.txt,native-text,22588,DIRECT_TEXT,True,,,,,,
SAT Z QG/SAT XYZ/SAT Z QG -- SEANs TODO.txt,archive-artifact,.txt,native-text,12943,DIRECT_TEXT,True,,,,,,
SAT Z QG/SAT XYZ/SAT Z SECOND LEG.txt,archive-artifact,.txt,native-text,102033,DIRECT_TEXT,True,,,,,,
SAT Z QG/SAT XYZ/SAT-QG.txt,archive-artifact,.txt,native-text,29465,DIRECT_TEXT,True,,,,,,
SAT Z QG/SAT XYZ/SAT-Y 4D.txt,archive-artifact,.txt,native-text,34356,DIRECT_TEXT,True,,,,,,
SAT Z QG/SAT XYZ/SAT-Y CYCLETHROUGH+STUFF.txt,archive-artifact,.txt,native-text,4788,DIRECT_TEXT,True,,,,,,
SAT Z QG/SAT XYZ/SAT-Y FULL DONE LIST.txt,archive-artifact,.txt,native-text,9520,DIRECT_TEXT,True,,,,,,
SAT Z QG/SAT XYZ/SAT-Y FULL PRIORITIES.txt,archive-artifact,.txt,native-text,6072,DIRECT_TEXT,True,,,,,,
SAT Z QG/SAT XYZ/SAT-Y LEFTOVERS.txt,archive-artifact,.txt,native-text,79365,DIRECT_TEXT,True,,,,,,
SAT Z QG/SAT XYZ/SAT-Y Modes Buildout.txt,archive-artifact,.txt,native-text,40166,DIRECT_TEXT,True,,,,,,
SAT Z QG/SAT XYZ/SAT-Y PRIORITIES.txt,archive-artifact,.txt,native-text,12937,DIRECT_TEXT,True,,,,,,
SAT Z QG/SAT XYZ/SAT-Y Theta+Helix Particle Properties.txt,archive-artifact,.txt,native-text,17802,DIRECT_TEXT,True,,,,,,
SAT Z QG/SAT XYZ/SAT-Y Theta+Helix Particles.txt,archive-artifact,.txt,native-text,57031,DIRECT_TEXT,True,,,,,,
SAT Z QG/SAT XYZ/SAT-Y Theta4 Calcs.txt,archive-artifact,.txt,native-text,21916,DIRECT_TEXT,True,,,,,,
SAT Z QG/SAT XYZ/SAT-Y ThetaProof.txt,archive-artifact,.txt,native-text,119045,DIRECT_TEXT,True,,,,,,
SAT Z QG/SAT XYZ/SAT-Y Vizualizations.txt,archive-artifact,.txt,native-text,42850,DIRECT_TEXT,True,,,,,,
SAT Z QG/SAT XYZ/SAT-Y Vizualizations2.txt,archive-artifact,.txt,native-text,28534,DIRECT_TEXT,True,,,,,,
SAT Z QG/SAT XYZ/SAT-Z PROGRESS.txt,archive-artifact,.txt,native-text,50995,DIRECT_TEXT,True,,,,,,
SAT Z QG/SAT XYZ/SAT_20_PLANNING_DISCUSSION_LOG.txt,archive-artifact,.txt,native-text,254431,DIRECT_TEXT,True,,,,,,
SAT Z QG/SAT XYZ/SAT_Z_Progress_Log.txt,archive-artifact,.txt,native-text,17013,DIRECT_TEXT,True,,,,,,
SAT Z QG/SAT XYZ/SATxy CYCLETHROUGH1-4.txt,archive-artifact,.txt,native-text,64055,DIRECT_TEXT,True,,,,,,
SAT Z QG/SAT XYZ/SATy IfThen.txt,archive-artifact,.txt,native-text,37936,DIRECT_TEXT,True,,,,,,
SAT Z QG/SAT XYZ/SOLIDITY MASS ACCEL DEFORMATION.txt,archive-artifact,.txt,native-text,18678,DIRECT_TEXT,True,,,,,,
SAT Z QG/SAT XYZ/STANDALONE CODES.txt,archive-artifact,.txt,native-text,147979,DIRECT_TEXT,True,,,,,,
SAT Z QG/SAT XYZ/STATIC SUN DEMO.txt,archive-artifact,.txt,native-text,26944,DIRECT_TEXT,True,,,,,,
SAT Z QG/SAT XYZ/WHITEPAPER APPROVED OUTLINE.txt,archive-artifact,.txt,native-text,5355,DIRECT_TEXT,True,,,,,,
SAT Z QG/SAT XYZ/WHITEPAPER_LATEX_MARKUP.txt,archive-artifact,.txt,native-text,94151,DIRECT_TEXT,True,,,,,,
SAT Z QG/SAT XYZ/buggy.txt,archive-artifact,.txt,native-text,4503,DIRECT_TEXT,True,,,,,,
SAT Z QG/SAT Z QG PYTHON/CRITIC_SUMMARY.txt,archive-artifact,.txt,native-text,24743,DIRECT_TEXT,True,,,,,,
SAT Z QG/SAT Z QG PYTHON/THETA_4_PLOTTER.py.txt,archive-artifact,.txt,native-text,5757,DIRECT_TEXT,True,,,,,,
SAT Z QG/SAT Z QG PYTHON/Theta_4_plotter_helical.py.txt,archive-artifact,.txt,native-text,2805,DIRECT_TEXT,True,,,,,,
SAT Z QG/SAT Z QG PYTHON/TvTheta_Plotter.py.txt,archive-artifact,.txt,native-text,2814,DIRECT_TEXT,True,,,,,,
SAT Z QG/SAT Z QG PYTHON/py-COIL ROTATION 2.txt,archive-artifact,.txt,native-text,4178,DIRECT_TEXT,True,,,,,,
SAT Z QG/SAT Z QG PYTHON/py-COIL ROTATION.txt,archive-artifact,.txt,native-text,3202,DIRECT_TEXT,True,,,,,,
SAT Z/SECOND LEG 2 of 2 JUNE 1.txt,archive-artifact,.txt,native-text,169462,DIRECT_TEXT,True,,,,,,
SAT theory clarification — raw.json,archive-artifact,.json,native-text,2670795,DIRECT_TEXT,True,,,,,,
SAT to H(s)H TRANSITION.txt,archive-artifact,.txt,native-text,1282636,DIRECT_TEXT,True,,,,,,
SAT-O Theory Work/MASTER THREAD README.txt,archive-artifact,.txt,native-text,3168,DIRECT_TEXT,True,,,,,,
SAT-O Theory Work/PIPELINE_DESIGN.txt,archive-artifact,.txt,native-text,156808,DIRECT_TEXT,True,,,,,,
SAT-O Theory Work/SAT4D_Sections_Overview.txt,archive-artifact,.txt,native-text,57182,DIRECT_TEXT,True,,,,,,
SAT-O Theory Work/SATCoMast v2.txt,archive-artifact,.txt,native-text,6877,DIRECT_TEXT,True,,,,,,
SAT-O Theory Work/SATO.4D Coherence Project Instructions.txt,archive-artifact,.txt,native-text,1999,DIRECT_TEXT,True,,,,,,
SAT-O Theory Work/SAT_GLOSSARY_MODEL_INDEX_v9.txt,archive-artifact,.txt,native-text,4597,DIRECT_TEXT,True,,,,,,
SAT-O Theory Work/SAT_O_Glossary_1.pdf,archive-artifact,.pdf,pdf,129701,DERIVED_TEXT_AVAILABLE,True,LEGACY_NAME_MATCH,_AUTO_EXTRACTED_TEXT/SAT_O_Glossary_1.txt,legacy-basename-unique,,,
SAT-O Theory Work/SAT_PATH_FORWARD.txt,archive-artifact,.txt,native-text,40120,DIRECT_TEXT,True,,,,,,
SAT-O Theory Work/SAT_PHASE_VIII_GAUGE_BUILDOUT.txt,archive-artifact,.txt,native-text,3518,DIRECT_TEXT,True,,,,,,
SAT-O Theory Work/SAT_TRANSLATION_COMPENDIUM.txt,archive-artifact,.txt,native-text,735,DIRECT_TEXT,True,,,,,,
SAT-O Theory Work/SHEEN.txt,archive-artifact,.txt,native-text,119471,DIRECT_TEXT,True,,,,,,
SAT-O Theory Work/SHEPARD_AUDIT_PACKAGE.txt,archive-artifact,.txt,native-text,6441,DIRECT_TEXT,True,,,,,,
SAT-O Theory Work/Self-Guided Action Plan.txt,archive-artifact,.txt,native-text,3790,DIRECT_TEXT,True,,,,,,
SAT-O Theory Work/WhatIsTime.txt,archive-artifact,.txt,native-text,2718,DIRECT_TEXT,True,,,,,,
SAT-O Theory Work/YOU ARE NOT.txt,archive-artifact,.txt,native-text,6394,DIRECT_TEXT,True,,,,,,
SAT-O Theory Work/pre-mathproofBAK.txt,archive-artifact,.txt,native-text,12145,DIRECT_TEXT,True,,,,,,
SAT-O Theory Work/sat_intro_latex.txt,archive-artifact,.txt,native-text,3616,DIRECT_TEXT,True,,,,,,
SAT-O Theory Work/sat_scientist_intro_tex.txt,archive-artifact,.txt,native-text,2856,DIRECT_TEXT,True,,,,,,
SAT-TO-STANDARD 1.txt,archive-artifact,.txt,native-text,21800,DIRECT_TEXT,True,,,,,,
SAT-TO-STANDARD 2.txt,archive-artifact,.txt,native-text,204920,DIRECT_TEXT,True,,,,,,
SAT.4DHH.UC.pdf,archive-artifact,.pdf,pdf,694871,DERIVED_TEXT_AVAILABLE,True,OK,_AUTO_EXTRACTED_TEXT/SAT.4DHH.UC.txt,manifest-exact,PyMuPDF,191932,_AUTO_EXTRACTED_TEXT/_manifests/2026-09-10_root_pdf_extraction_pass_002.json
SAT20 PROJECT OVERVIEW.png,archive-artifact,.png,image,8771998,NEEDS_EXTRACTION,True,,,,,,
SAT2026 FIRST BLUSH.txt,archive-artifact,.txt,native-text,54198,DIRECT_TEXT,True,,,,,,
SATOBLOC 2.pdf,archive-artifact,.pdf,pdf,151120,DERIVED_TEXT_AVAILABLE,True,OK,_AUTO_EXTRACTED_TEXT/SATOBLOC 2.txt,manifest-exact,PyMuPDF,4624,_AUTO_EXTRACTED_TEXT/_manifests/2026-09-10_root_pdf_extraction_pass_002.json
SATOBLOC MISC/CRITIC CRITIQUE.txt,archive-artifact,.txt,native-text,32616,DIRECT_TEXT,True,,,,,,
SATOBLOC MISC/NATHAN VOICE MODEL.txt,archive-artifact,.txt,native-text,100004,DIRECT_TEXT,True,,,,,,
SATOBLOC MISC/NEOSAT 2025.txt,archive-artifact,.txt,native-text,124106,DIRECT_TEXT,True,,,,,,
SATOBLOC MISC/NOTE TO CLAUDE.txt,archive-artifact,.txt,native-text,343,DIRECT_TEXT,True,,,,,,
SATOBLOC MISC/NotebookLM Mind Map.png,archive-artifact,.png,image,2725053,NEEDS_EXTRACTION,True,,,,,,
SATOBLOC MISC/PODCAST SCRIPTS.txt,archive-artifact,.txt,native-text,5710,DIRECT_TEXT,True,,,,,,
SATOBLOC MISC/RATBALL.txt,archive-artifact,.txt,native-text,12359,DIRECT_TEXT,True,,,,,,
SATOBLOC MISC/REFERENCE -- CONSTANTS.txt,archive-artifact,.txt,native-text,42463,DIRECT_TEXT,True,,,,,,
SATOBLOC MISC/REUILIGIG.txt,archive-artifact,.txt,native-text,1479,DIRECT_TEXT,True,,,,,,
SATOBLOC MISC/SAT 2026 HARD METHOD.txt,archive-artifact,.txt,native-text,3877,DIRECT_TEXT,True,,,,,,
SATOBLOC MISC/SAT 4D PLAN OF ACTION.txt,archive-artifact,.txt,native-text,6166,DIRECT_TEXT,True,,,,,,
SATOBLOC MISC/SAT O MODULES -- ALL MODULES LaTeX MARKUP.txt,archive-artifact,.txt,native-text,23419,DIRECT_TEXT,True,,,,,,
SATOBLOC MISC/SAT O1 4D.txt,archive-artifact,.txt,native-text,3521,DIRECT_TEXT,True,,,,,,
SATOBLOC MISC/SAT O3 4D.txt,archive-artifact,.txt,native-text,3539,DIRECT_TEXT,True,,,,,,
SATOBLOC MISC/SAT O4 4D.txt,archive-artifact,.txt,native-text,3093,DIRECT_TEXT,True,,,,,,
SATOBLOC MISC/SAT REDISCOVERY.txt,archive-artifact,.txt,native-text,137476,DIRECT_TEXT,True,,,,,,
SATOBLOC MISC/SAT SUPERHELICALISM[BATTERY EXP].txt,archive-artifact,.txt,native-text,20959,DIRECT_TEXT,True,,,,,,
SATOBLOC MISC/SAT WOLFRAM FIRST TRIES.txt,archive-artifact,.txt,native-text,266618,DIRECT_TEXT,True,,,,,,
SATOBLOC MISC/SAT4D_LIVE_DRAFT.txt,archive-artifact,.txt,native-text,114915,DIRECT_TEXT,True,,,,,,
SATOBLOC MISC/SAT4D_MATHEMATICAL_BACKBONE.txt,archive-artifact,.txt,native-text,15873,DIRECT_TEXT,True,,,,,,
SATOBLOC MISC/SAT4D_clean_draft.txt,archive-artifact,.txt,native-text,86220,DIRECT_TEXT,True,,,,,,
SATOBLOC MISC/SATOBLOCK-CLOSURES.txt,archive-artifact,.txt,native-text,47222,DIRECT_TEXT,True,,,,,,
SATOBLOC MISC/SATOBLOCK-FIRSTBUILD.txt,archive-artifact,.txt,native-text,494279,DIRECT_TEXT,True,,,,,,
SATOBLOC MISC/SATOBLOCK_CONCEPT_DEVELOPMENT.txt,archive-artifact,.txt,native-text,140520,DIRECT_TEXT,True,,,,,,
SATOBLOC MISC/SATOBLOCK_FOUNDATIONS.txt,archive-artifact,.txt,native-text,507875,DIRECT_TEXT,True,,,,,,
SATOBLOC MISC/SATOBLOCK_LIVE_DEV.txt,archive-artifact,.txt,native-text,294598,DIRECT_TEXT,True,,,,,,
SATOBLOC MISC/SATOBLOCK_inputs.txt,archive-artifact,.txt,native-text,25844,DIRECT_TEXT,True,,,,,,
SATOBLOC MISC/SATOBLOCK_massbuild.txt,archive-artifact,.txt,native-text,10015,DIRECT_TEXT,True,,,,,,
SATOBLOC MISC/SAT_FULL_FILE_INDEX.txt,archive-artifact,.txt,native-text,189143,DIRECT_TEXT,True,,,,,,
SATOBLOC MISC/SAT_HISTORY_AND_VERSIONING.txt,archive-artifact,.txt,native-text,36306,DIRECT_TEXT,True,,,,,,
SATOBLOC MISC/SAT_HISTORY_ROUNDUP.txt,archive-artifact,.txt,native-text,210244,DIRECT_TEXT,True,,,,,,
SATOBLOC MISC/SAT_colinears_draft.txt,archive-artifact,.txt,native-text,16270,DIRECT_TEXT,True,,,,,,
SATOBLOC MISC/helix_geometry_calculator.csv,archive-artifact,.csv,native-text,236,DIRECT_TEXT,True,,,,,,
SATOBLOC MISC/powershell_script.txt,archive-artifact,.txt,native-text,374,DIRECT_TEXT,True,,,,,,
SATOBLOC MISC/sato_1.py,archive-artifact,.py,native-text,2856,DIRECT_TEXT,True,,,,,,
SATOBLOC MISC/satoblock_assessments.txt,archive-artifact,.txt,native-text,3140,DIRECT_TEXT,True,,,,,,
SATOBLOC.pdf,archive-artifact,.pdf,pdf,151120,DERIVED_TEXT_AVAILABLE,True,OK,_AUTO_EXTRACTED_TEXT/SATOBLOC.txt,manifest-exact,PyMuPDF,4624,_AUTO_EXTRACTED_TEXT/_manifests/2026-09-10_root_pdf_extraction_pass_002.json
SATOBLOC/4D THINKING PRIMER.txt,archive-artifact,.txt,native-text,4309,DIRECT_TEXT,True,,,,,,
SATOBLOC/APPENDICES_FRAME.pdf,archive-artifact,.pdf,pdf,102149,NEEDS_EXTRACTION,True,,,,,,
SATOBLOC/BOSONIC SATOBLOCSTRING.txt,archive-artifact,.txt,native-text,399308,DIRECT_TEXT,True,,,,,,
SATOBLOC/Bellomy_Supplementary_Appendices.pdf,archive-artifact,.pdf,pdf,109998,NEEDS_EXTRACTION,True,,,,,,
SATOBLOC/C5.txt,archive-artifact,.txt,native-text,71726,DIRECT_TEXT,True,,,,,,
SATOBLOC/CGPT memory.txt,archive-artifact,.txt,native-text,5375,DIRECT_TEXT,True,,,,,,
SATOBLOC/CLOSURE2.pdf,archive-artifact,.pdf,pdf,239497,NEEDS_EXTRACTION,True,,,,,,
SATOBLOC/COVARIANT PHYSICS REWRITE INSTRUCTIONS.txt,archive-artifact,.txt,native-text,4386,DIRECT_TEXT,True,,,,,,
SATOBLOC/Closure.pdf,archive-artifact,.pdf,pdf,264217,NEEDS_EXTRACTION,True,,,,,,
SATOBLOC/First_Paper_Draft.pdf,archive-artifact,.pdf,pdf,162251,NEEDS_EXTRACTION,True,,,,,,
SATOBLOC/MAKING FRIENDS WITH NOTEBOOKLM.txt,archive-artifact,.txt,native-text,260732,DIRECT_TEXT,True,,,,,,
SATOBLOC/NOVEL PREDICTOINS.txt,archive-artifact,.txt,native-text,68477,DIRECT_TEXT,True,,,,,,
SATOBLOC/PREDICTIONS/ANONYM RETRO 2 EXPECTED OUTCOMES.txt,archive-artifact,.txt,native-text,828,DIRECT_TEXT,True,,,,,,
SATOBLOC/PREDICTIONS/ANONYM RETRO 2.txt,archive-artifact,.txt,native-text,8052,DIRECT_TEXT,True,,,,,,
SATOBLOC/PREDICTIONS/ANONYMIZED RETRODICTION EXPECTED OUTCOMES.txt,archive-artifact,.txt,native-text,857,DIRECT_TEXT,True,,,,,,
SATOBLOC/PREDICTIONS/ANONYMIZED RETRODICTIONS.txt,archive-artifact,.txt,native-text,5101,DIRECT_TEXT,True,,,,,,
SATOBLOC/PREDICTIONS/CLOCK SHIFT PREDICTION PROTOCOL.txt,archive-artifact,.txt,native-text,20454,DIRECT_TEXT,True,,,,,,
SATOBLOC/PREDICTIONS/DOMAIN WALL PREDICTION.txt,archive-artifact,.txt,native-text,15548,DIRECT_TEXT,True,,,,,,
SATOBLOC/PREDICTIONS/RETRODICTIONS 1.txt,archive-artifact,.txt,native-text,9462,DIRECT_TEXT,True,,,,,,
SATOBLOC/PREDICTIONS/SAT PREDICTIONS JUNE 1 2025.txt,archive-artifact,.txt,native-text,1223,DIRECT_TEXT,True,,,,,,
SATOBLOC/PREDICTIONS/SAT-PREDICTION-PROTOCOL NONONYMIZED.txt,archive-artifact,.txt,native-text,10016,DIRECT_TEXT,True,,,,,,
SATOBLOC/PREDICTIONS/SAT-Y Predictions.txt,archive-artifact,.txt,native-text,11578,DIRECT_TEXT,True,,,,,,
SATOBLOC/REF - Constants.txt,archive-artifact,.txt,native-text,44441,DIRECT_TEXT,True,,,,,,
SATOBLOC/REFERENCE -- CONSTANTS.txt,archive-artifact,.txt,native-text,42463,DIRECT_TEXT,True,,,,,,
SATOBLOC/REFERENCE DOCS/lean_dojo_Handbook.txt,archive-artifact,.txt,native-text,146187,DIRECT_TEXT,True,,,,,,
SATOBLOC/REFERENCE DOCS/lean_test.py,archive-artifact,.py,native-text,703,DIRECT_TEXT,True,,,,,,
SATOBLOC/REFERENCE DOCS/mathlib4_install.py,archive-artifact,.py,native-text,175,DIRECT_TEXT,True,,,,,,
SATOBLOC/SAT 4D PLAN OF ACTION.txt,archive-artifact,.txt,native-text,6166,DIRECT_TEXT,True,,,,,,
SATOBLOC/SAT GRADECARD.txt,archive-artifact,.txt,native-text,584016,DIRECT_TEXT,True,,,,,,
SATOBLOC/SAT HISTORY.txt,archive-artifact,.txt,native-text,1373570,DIRECT_TEXT,True,,,,,,
SATOBLOC/SAT O MODULES -- ALL MODULES LaTeX MARKUP.txt,archive-artifact,.txt,native-text,23419,DIRECT_TEXT,True,,,,,,
SATOBLOC/SAT O1 4D.txt,archive-artifact,.txt,native-text,3521,DIRECT_TEXT,True,,,,,,
SATOBLOC/SAT O3 4D.txt,archive-artifact,.txt,native-text,3539,DIRECT_TEXT,True,,,,,,
SATOBLOC/SAT O4 4D.txt,archive-artifact,.txt,native-text,3093,DIRECT_TEXT,True,,,,,,
SATOBLOC/SAT PREHISTORY - 2024.txt,archive-artifact,.txt,native-text,1115630,DIRECT_TEXT,True,,,,,,
SATOBLOC/SAT-ST Module Dev Plan.txt,archive-artifact,.txt,native-text,5360,DIRECT_TEXT,True,,,,,,
SATOBLOC/SAT4D_LIVE_DRAFT.txt,archive-artifact,.txt,native-text,114915,DIRECT_TEXT,True,,,,,,
SATOBLOC/SAT4D_MATHEMATICAL_BACKBONE.txt,archive-artifact,.txt,native-text,15873,DIRECT_TEXT,True,,,,,,
SATOBLOC/SAT4D_clean_draft.txt,archive-artifact,.txt,native-text,86220,DIRECT_TEXT,True,,,,,,
SATOBLOC/SATO-BLOCK CORE.txt,archive-artifact,.txt,native-text,0,DIRECT_TEXT,True,,,,,,
SATOBLOC/SATO-BLOCK Hamiltonian and Hilbert Space.txt,archive-artifact,.txt,native-text,9730,DIRECT_TEXT,True,,,,,,
SATOBLOC/SATO-BLOCK-INT.txt,archive-artifact,.txt,native-text,171163,DIRECT_TEXT,True,,,,,,
SATOBLOC/SATO-DESCRIPTIVE.txt,archive-artifact,.txt,native-text,43285,DIRECT_TEXT,True,,,,,,
SATOBLOC/SATOBLOC (1).pdf,archive-artifact,.pdf,pdf,162251,NEEDS_EXTRACTION,True,,,,,,
SATOBLOC/SATOBLOC (2).pdf,archive-artifact,.pdf,pdf,70484,NEEDS_EXTRACTION,True,,,,,,
SATOBLOC/SATOBLOC Unification.pdf,archive-artifact,.pdf,pdf,274713,NEEDS_EXTRACTION,True,,,,,,
SATOBLOC/SATOBLOC Unification2.pdf,archive-artifact,.pdf,pdf,299392,NEEDS_EXTRACTION,True,,,,,,
SATOBLOC/SATOBLOC-2.pdf,archive-artifact,.pdf,pdf,214438,NEEDS_EXTRACTION,True,,,,,,
SATOBLOC/SATOBLOC-4.pdf,archive-artifact,.pdf,pdf,162251,NEEDS_EXTRACTION,True,,,,,,
SATOBLOC/SATOBLOC-CALIBRATED.txt,archive-artifact,.txt,native-text,15514,DIRECT_TEXT,True,,,,,,
SATOBLOC/SATOBLOC.pdf,archive-artifact,.pdf,pdf,199098,DERIVED_TEXT_AVAILABLE,True,LEGACY_NAME_MATCH,_AUTO_EXTRACTED_TEXT/SATOBLOC.txt,legacy-basename-unique,,,
SATOBLOC/SATOBLOCK Full Theory & Predictions.txt,archive-artifact,.txt,native-text,204044,DIRECT_TEXT,True,,,,,,
SATOBLOC/SATOBLOCK HISTORY AND EVOLUTION.txt,archive-artifact,.txt,native-text,39983,DIRECT_TEXT,True,,,,,,
SATOBLOC/SATOBLOCK PLAN.txt,archive-artifact,.txt,native-text,382716,DIRECT_TEXT,True,,,,,,
SATOBLOC/SATOBLOCK-CLOSURES.txt,archive-artifact,.txt,native-text,47222,DIRECT_TEXT,True,,,,,,
SATOBLOC/SATOBLOCK-FIRSTBUILD.txt,archive-artifact,.txt,native-text,494279,DIRECT_TEXT,True,,,,,,
SATOBLOC/SATOBLOCK-LIVE.txt,archive-artifact,.txt,native-text,294417,DIRECT_TEXT,True,,,,,,
SATOBLOC/SATOBLOCK_CONCEPT_DEVELOPMENT.txt,archive-artifact,.txt,native-text,140520,DIRECT_TEXT,True,,,,,,
SATOBLOC/SATOBLOCK_FOUNDATIONS.txt,archive-artifact,.txt,native-text,507875,DIRECT_TEXT,True,,,,,,
SATOBLOC/SATOBLOCK_LIVE_DEV.txt,archive-artifact,.txt,native-text,294598,DIRECT_TEXT,True,,,,,,
SATOBLOC/SATOBLOCK_inputs.txt,archive-artifact,.txt,native-text,25844,DIRECT_TEXT,True,,,,,,
SATOBLOC/SATOBLOCK_lumped/BOSONIC TIME AND TWO GRAVITIES.txt,archive-artifact,.txt,native-text,78572,DIRECT_TEXT,True,,,,,,
SATOBLOC/SATOBLOCK_lumped/SATO -- BRUMAIRE.txt,archive-artifact,.txt,native-text,395960,DIRECT_TEXT,True,,,,,,
SATOBLOC/SATOBLOCK_lumped/SATOBLOCK DEBUT.txt,archive-artifact,.txt,native-text,149251,DIRECT_TEXT,True,,,,,,
SATOBLOC/SATOBLOCK_lumped/SATOBLOCK--Bloc1.txt,archive-artifact,.txt,native-text,1082485,DIRECT_TEXT,True,,,,,,
SATOBLOC/SATOBLOCK_lumped/SATOBLOCK-Bloc3.txt,archive-artifact,.txt,native-text,435122,DIRECT_TEXT,True,,,,,,
SATOBLOC/SATOBLOCK_lumped/SATOBLOCK-Bloc4.txt,archive-artifact,.txt,native-text,577761,DIRECT_TEXT,True,,,,,,
SATOBLOC/SATOBLOCK_lumped/SATOBLOCK-Bloc5.txt,archive-artifact,.txt,native-text,1073003,DIRECT_TEXT,True,,,,,,
SATOBLOC/SATOBLOCK_lumped/SAT_INDEX.txt,archive-artifact,.txt,native-text,12897,DIRECT_TEXT,True,,,,,,
SATOBLOC/SATOBLOCK_lumped/SAT_Versioning.txt,archive-artifact,.txt,native-text,8918,DIRECT_TEXT,True,,,,,,
SATOBLOC/SATOBLOCK_lumped/WINE GLASSES.txt,archive-artifact,.txt,native-text,7362,DIRECT_TEXT,True,,,,,,
SATOBLOC/SATOBLOCK_massbuild.txt,archive-artifact,.txt,native-text,10015,DIRECT_TEXT,True,,,,,,
SATOBLOC/SAT_colinears_draft.txt,archive-artifact,.txt,native-text,16270,DIRECT_TEXT,True,,,,,,
SATOBLOC/SKETCH_GUITAR_STRING_MODEL.txt,archive-artifact,.txt,native-text,2740,DIRECT_TEXT,True,,,,,,
SATOBLOC/STRING_THEORY INTEGRATOIN.txt,archive-artifact,.txt,native-text,6336,DIRECT_TEXT,True,,,,,,
SATOBLOC/ST_MASSLESS_PARTICLE_REINTERPRETATION.txt,archive-artifact,.txt,native-text,1452,DIRECT_TEXT,True,,,,,,
SATOBLOC/ST_MESON_REINTERPRETATION.txt,archive-artifact,.txt,native-text,2424,DIRECT_TEXT,True,,,,,,
SATOBLOC/ST_QUARK_REINTERPRETATION.txt,archive-artifact,.txt,native-text,2515,DIRECT_TEXT,True,,,,,,
SATOBLOC/VERBAL SatoBlockString_Bosonic.txt,archive-artifact,.txt,native-text,42011,DIRECT_TEXT,True,,,,,,
SATOBLOC/leantest.txt,archive-artifact,.txt,native-text,5238,DIRECT_TEXT,True,,,,,,
SATOBLOC/satoblock_assessments.txt,archive-artifact,.txt,native-text,3140,DIRECT_TEXT,True,,,,,,
SATOBLOCK-CLOSURES.txt,archive-artifact,.txt,native-text,47222,DIRECT_TEXT,True,,,,,,
SATOBLOCK_lumped/BOSONIC TIME AND TWO GRAVITIES.txt,archive-artifact,.txt,native-text,78572,DIRECT_TEXT,True,,,,,,
SATOBLOCK_lumped/SATO -- BRUMAIRE.txt,archive-artifact,.txt,native-text,395960,DIRECT_TEXT,True,,,,,,
SATOBLOCK_lumped/SATOBLOCK DEBUT.txt,archive-artifact,.txt,native-text,149251,DIRECT_TEXT,True,,,,,,
SATOBLOCK_lumped/SATOBLOCK--Bloc1.txt,archive-artifact,.txt,native-text,1082485,DIRECT_TEXT,True,,,,,,
SATOBLOCK_lumped/SATOBLOCK-Bloc3.txt,archive-artifact,.txt,native-text,435122,DIRECT_TEXT,True,,,,,,
SATOBLOCK_lumped/SATOBLOCK-Bloc4.txt,archive-artifact,.txt,native-text,577761,DIRECT_TEXT,True,,,,,,
SATOBLOCK_lumped/SATOBLOCK-Bloc5.txt,archive-artifact,.txt,native-text,1073003,DIRECT_TEXT,True,,,,,,
SATOBLOCK_lumped/SAT_INDEX.txt,archive-artifact,.txt,native-text,12897,DIRECT_TEXT,True,,,,,,
SATOBLOCK_lumped/SAT_Versioning.txt,archive-artifact,.txt,native-text,53192,DIRECT_TEXT,True,,,,,,
SATOBLOCK_lumped/WINE GLASSES.txt,archive-artifact,.txt,native-text,7362,DIRECT_TEXT,True,,,,,,
SATOBLOC_pre_lean.pdf,archive-artifact,.pdf,pdf,143608,DERIVED_TEXT_AVAILABLE,True,OK,_AUTO_EXTRACTED_TEXT/SATOBLOC_pre_lean.txt,manifest-exact,PyMuPDF,3930,_AUTO_EXTRACTED_TEXT/_manifests/2026-09-10_root_pdf_extraction_pass_002.json
SAT_2026.pdf,archive-artifact,.pdf,pdf,198264,DERIVED_TEXT_AVAILABLE,True,OK,_AUTO_EXTRACTED_TEXT/SAT_2026.txt,manifest-exact,PyMuPDF,3463,_AUTO_EXTRACTED_TEXT/_manifests/2026-09-10_root_pdf_extraction_pass_002.json
SAT_4DHH_UC.pdf,archive-artifact,.pdf,pdf,127945,DERIVED_TEXT_AVAILABLE,True,OK,_AUTO_EXTRACTED_TEXT/SAT_4DHH_UC.txt,manifest-exact,PyMuPDF,3473,_AUTO_EXTRACTED_TEXT/_manifests/2026-09-10_root_pdf_extraction_pass_002.json
SAT_4D_LEGACY_REFERENCE.pdf,archive-artifact,.pdf,pdf,459067,DERIVED_TEXT_AVAILABLE,True,OK,_AUTO_EXTRACTED_TEXT/SAT_4D_LEGACY_REFERENCE.txt,manifest-exact,PyMuPDF,123708,_AUTO_EXTRACTED_TEXT/_manifests/2026-09-10_root_pdf_extraction_pass_002.json
SAT_4D_LIVE_DRAFT-10Jul2025 - Copy.pdf,archive-artifact,.pdf,pdf,472047,DERIVED_TEXT_AVAILABLE,True,OK,_AUTO_EXTRACTED_TEXT/SAT_4D_LIVE_DRAFT-10Jul2025 - Copy.txt,manifest-exact,PyMuPDF,128144,_AUTO_EXTRACTED_TEXT/_manifests/2026-09-10_root_pdf_extraction_pass_002.json
SAT_CLEAN.pdf,archive-artifact,.pdf,pdf,243930,DERIVED_TEXT_AVAILABLE,True,OK,_AUTO_EXTRACTED_TEXT/SAT_CLEAN.txt,manifest-exact,PyMuPDF,30983,_AUTO_EXTRACTED_TEXT/_manifests/2026-09-10_root_pdf_extraction_pass_002.json
SAT_CONCEPTS__May2026.txt,archive-artifact,.txt,native-text,5110,DIRECT_TEXT,True,,,,,,
SAT_DATA_FITS.pdf,archive-artifact,.pdf,pdf,175833,DERIVED_TEXT_AVAILABLE,True,OK,_AUTO_EXTRACTED_TEXT/SAT_DATA_FITS.txt,manifest-exact,PyMuPDF,11050,_AUTO_EXTRACTED_TEXT/_manifests/2026-09-10_root_pdf_extraction_pass_002.json
SAT_Errata_and_Wordcount_Overview.pdf,archive-artifact,.pdf,pdf,572404,DERIVED_TEXT_AVAILABLE,True,OK,_AUTO_EXTRACTED_TEXT/SAT_Errata_and_Wordcount_Overview.txt,manifest-exact,OCRmyPDF + PyMuPDF,8709,_AUTO_EXTRACTED_TEXT/_manifests/2026-09-10_root_pdf_extraction_pass_002.json
SAT_Framework_Final_Report_Cleaned.pdf,archive-artifact,.pdf,pdf,3240,DERIVED_TEXT_AVAILABLE,True,OK,_AUTO_EXTRACTED_TEXT/SAT_Framework_Final_Report_Cleaned.txt,manifest-exact,PyMuPDF,2428,_AUTO_EXTRACTED_TEXT/_manifests/2026-09-10_root_pdf_extraction_pass_002.json
SAT_Framework_Report_Plain.pdf,archive-artifact,.pdf,pdf,1974,DERIVED_TEXT_AVAILABLE,True,OK,_AUTO_EXTRACTED_TEXT/SAT_Framework_Report_Plain.txt,manifest-exact,PyMuPDF,981,_AUTO_EXTRACTED_TEXT/_manifests/2026-09-10_root_pdf_extraction_pass_002.json
SAT_GLOSSARY_MODEL_INDEX_v9.txt,archive-artifact,.txt,native-text,4597,DIRECT_TEXT,True,,,,,,
SAT_H(s)H Skill Development — raw - .TXT,archive-artifact,.txt,native-text,491118,DIRECT_TEXT,True,,,,,,
SAT_H(s)H Skill Development — raw.json,archive-artifact,.json,native-text,491118,DIRECT_TEXT,True,,,,,,
SAT_HISTORY_ROUNDUP.txt,archive-artifact,.txt,native-text,210244,DIRECT_TEXT,True,,,,,,
SAT_HSH_SYNTHESIS_STATE - Copy.txt,archive-artifact,.txt,native-text,12229,DIRECT_TEXT,True,,,,,,
SAT_HSH_SYNTHESIS_STATE.md,archive-artifact,.md,native-text,12229,DIRECT_TEXT,True,,,,,,
SAT_LAB1_Composite_Binding_Simulation_Report.pdf,archive-artifact,.pdf,pdf,59191,DERIVED_TEXT_AVAILABLE,True,OK,_AUTO_EXTRACTED_TEXT/SAT_LAB1_Composite_Binding_Simulation_Report.txt,manifest-exact,PyMuPDF,1118,_AUTO_EXTRACTED_TEXT/_manifests/2026-09-10_root_pdf_extraction_pass_002.json
SAT_LAB1_Energy_Tau_Results.pdf,archive-artifact,.pdf,pdf,28149,DERIVED_TEXT_AVAILABLE,True,OK,_AUTO_EXTRACTED_TEXT/SAT_LAB1_Energy_Tau_Results.txt,manifest-exact,PyMuPDF,1041,_AUTO_EXTRACTED_TEXT/_manifests/2026-09-10_root_pdf_extraction_pass_002.json
SAT_LAB1_Full_Annealing_Radial_Kink_Report.pdf,archive-artifact,.pdf,pdf,59136,DERIVED_TEXT_AVAILABLE,True,OK,_AUTO_EXTRACTED_TEXT/SAT_LAB1_Full_Annealing_Radial_Kink_Report.txt,manifest-exact,PyMuPDF,1129,_AUTO_EXTRACTED_TEXT/_manifests/2026-09-10_root_pdf_extraction_pass_002.json
SAT_LAB1_Full_Annealing_Radial_Kink_Report_REGEN.pdf,archive-artifact,.pdf,pdf,57848,DERIVED_TEXT_AVAILABLE,True,OK,_AUTO_EXTRACTED_TEXT/SAT_LAB1_Full_Annealing_Radial_Kink_Report_REGEN.txt,manifest-exact,PyMuPDF,1129,_AUTO_EXTRACTED_TEXT/_manifests/2026-09-10_root_pdf_extraction_pass_002.json
SAT_LAB1_Radial_Fringe_Falsifiability_Report.pdf,archive-artifact,.pdf,pdf,35233,DERIVED_TEXT_AVAILABLE,True,OK,_AUTO_EXTRACTED_TEXT/SAT_LAB1_Radial_Fringe_Falsifiability_Report.txt,manifest-exact,PyMuPDF,1060,_AUTO_EXTRACTED_TEXT/_manifests/2026-09-10_root_pdf_extraction_pass_002.json
SAT_LOCALARCHIVE [OLD]/DOMAIN_WALL_REINTERPRETATION.txt,archive-artifact,.txt,native-text,71195,DIRECT_TEXT,True,,,,,,
SAT_LOCALARCHIVE [OLD]/FileIndex.csv,archive-artifact,.csv,native-text,1507,DIRECT_TEXT,True,,,,,,
SAT_LOCALARCHIVE [OLD]/HoloJesu Fleshlight.txt,archive-artifact,.txt,native-text,209802,DIRECT_TEXT,True,,,,,,
SAT_LOCALARCHIVE [OLD]/SAT FIRST LEG 3 of 3.txt,archive-artifact,.txt,native-text,234952,DIRECT_TEXT,True,,,,,,
SAT_LOCALARCHIVE [OLD]/SAT RETRODICTED DATA JUNE 1 2025.txt,archive-artifact,.txt,native-text,30338,DIRECT_TEXT,True,,,,,,
SAT_LOCALARCHIVE [OLD]/SAT-Y Hamiltonian+Quantum.txt,archive-artifact,.txt,native-text,53352,DIRECT_TEXT,True,,,,,,
SAT_LOCALARCHIVE [OLD]/SAT_NOT_MYSTICISM.txt,archive-artifact,.txt,native-text,100159,DIRECT_TEXT,True,,,,,,
SAT_LOCALARCHIVE [OLD]/SAT_REVAMP.txt,archive-artifact,.txt,native-text,995543,DIRECT_TEXT,True,,,,,,
SAT_LOCALARCHIVE [OLD]/SATiii REWORK MARK III.txt,archive-artifact,.txt,native-text,777367,DIRECT_TEXT,True,,,,,,
SAT_LOCALARCHIVE [OLD]/SATv EXPLORATIONS.txt,archive-artifact,.txt,native-text,1056115,DIRECT_TEXT,True,,,,,,
SAT_LOCALARCHIVE [OLD]/SATx-y FULL LOG.txt,archive-artifact,.txt,native-text,764091,DIRECT_TEXT,True,,,,,,
SAT_LOCALARCHIVE [OLD]/SATxy CYCLETHROUGH2-4.txt,archive-artifact,.txt,native-text,68225,DIRECT_TEXT,True,,,,,,
SAT_LOCALARCHIVE [OLD]/SATxy CYCLETHROUGH3-4.txt,archive-artifact,.txt,native-text,100079,DIRECT_TEXT,True,,,,,,
SAT_LOCALARCHIVE [OLD]/SATxy CYCLETHROUGH4-4.txt,archive-artifact,.txt,native-text,116685,DIRECT_TEXT,True,,,,,,
SAT_LOCALARCHIVE [OLD]/desktop.ini,archive-artifact,.ini,native-text,588,DIRECT_TEXT,True,,,,,,
SAT_Lab1_Visuals_Compiled.pdf,archive-artifact,.pdf,pdf,599125,DERIVED_TEXT_AVAILABLE,True,OK,_AUTO_EXTRACTED_TEXT/SAT_Lab1_Visuals_Compiled.txt,manifest-exact,OCRmyPDF + PyMuPDF,1152,_AUTO_EXTRACTED_TEXT/_manifests/2026-09-10_root_pdf_extraction_pass_002.json
SAT_Lab1_Visuals_Landscape.pdf,archive-artifact,.pdf,pdf,599122,DERIVED_TEXT_AVAILABLE,True,OK,_AUTO_EXTRACTED_TEXT/SAT_Lab1_Visuals_Landscape.txt,manifest-exact,OCRmyPDF + PyMuPDF,1786,_AUTO_EXTRACTED_TEXT/_manifests/2026-09-10_root_pdf_extraction_pass_002.json
SAT_Lab1_Visuals_Landscape_Scaled_Fit.pdf,archive-artifact,.pdf,pdf,599130,DERIVED_TEXT_AVAILABLE,True,OK,_AUTO_EXTRACTED_TEXT/SAT_Lab1_Visuals_Landscape_Scaled_Fit.txt,manifest-exact,OCRmyPDF + PyMuPDF,1099,_AUTO_EXTRACTED_TEXT/_manifests/2026-09-10_root_pdf_extraction_pass_002.json
SAT_NOT_MYSTICISM.txt,archive-artifact,.txt,native-text,100159,DIRECT_TEXT,True,,,,,,
SAT_O REWRITE/4D COVARIANCE+SATO.txt,archive-artifact,.txt,native-text,4615,DIRECT_TEXT,True,,,,,,
SAT_O REWRITE/4D_Covariant_Import_Guidelines.txt,archive-artifact,.txt,native-text,1556,DIRECT_TEXT,True,,,,,,
SAT_O REWRITE/4D_Covariant_Integration_Instructions.txt,archive-artifact,.txt,native-text,1707,DIRECT_TEXT,True,,,,,,
SAT_O REWRITE/4D_THEORIZING.txt,archive-artifact,.txt,native-text,174307,DIRECT_TEXT,True,,,,,,
SAT_O REWRITE/4D_THINKING.txt,archive-artifact,.txt,native-text,254035,DIRECT_TEXT,True,,,,,,
SAT_O REWRITE/4D_THINKING_full.txt,archive-artifact,.txt,native-text,254035,DIRECT_TEXT,True,,,,,,
SAT_O REWRITE/Module_O7_Audit_Report.txt,archive-artifact,.txt,native-text,5140,DIRECT_TEXT,True,,,,,,
SAT_O REWRITE/Module_O7_Audit_Report_Full.txt,archive-artifact,.txt,native-text,5140,DIRECT_TEXT,True,,,,,,
SAT_O REWRITE/O5_Audit_Report_and_Checklist.txt,archive-artifact,.txt,native-text,7571,DIRECT_TEXT,True,,,,,,
SAT_O REWRITE/O7_Audit_Instructions_and_Module.txt,archive-artifact,.txt,native-text,6832,DIRECT_TEXT,True,,,,,,
SAT_O REWRITE/SAT 4D/4D THINKING PRIMER.txt,archive-artifact,.txt,native-text,4309,DIRECT_TEXT,True,,,,,,
SAT_O REWRITE/SAT 4D/BORROMEAN_LINK_ILLUSTRATION.txt,archive-artifact,.txt,native-text,2040,DIRECT_TEXT,True,,,,,,
SAT_O REWRITE/SAT 4D/C5.txt,archive-artifact,.txt,native-text,71726,DIRECT_TEXT,True,,,,,,
SAT_O REWRITE/SAT 4D/COVARIANT PHYSICS REWRITE INSTRUCTIONS.txt,archive-artifact,.txt,native-text,4386,DIRECT_TEXT,True,,,,,,
SAT_O REWRITE/SAT 4D/HOPF_LINK_ILLUSTRATION.txt,archive-artifact,.txt,native-text,1872,DIRECT_TEXT,True,,,,,,
SAT_O REWRITE/SAT 4D/SAT 4D PLAN OF ACTION.txt,archive-artifact,.txt,native-text,6166,DIRECT_TEXT,True,,,,,,
SAT_O REWRITE/SAT 4D/SAT CoMast Operatonal Instructions.txt,archive-artifact,.txt,native-text,7019,DIRECT_TEXT,True,,,,,,
SAT_O REWRITE/SAT 4D/SAT O MODULES -- ALL MODULES LaTeX MARKUP.txt,archive-artifact,.txt,native-text,23419,DIRECT_TEXT,True,,,,,,
SAT_O REWRITE/SAT 4D/SAT O1 4D.txt,archive-artifact,.txt,native-text,3521,DIRECT_TEXT,True,,,,,,
SAT_O REWRITE/SAT 4D/SAT O3 4D.txt,archive-artifact,.txt,native-text,3539,DIRECT_TEXT,True,,,,,,
SAT_O REWRITE/SAT 4D/SAT O4 4D.txt,archive-artifact,.txt,native-text,3093,DIRECT_TEXT,True,,,,,,
SAT_O REWRITE/SAT 4D/SAT-ST Module Dev Plan.txt,archive-artifact,.txt,native-text,5360,DIRECT_TEXT,True,,,,,,
SAT_O REWRITE/SAT 4D/SAT4D_LIVE_DRAFT.txt,archive-artifact,.txt,native-text,114915,DIRECT_TEXT,True,,,,,,
SAT_O REWRITE/SAT 4D/SAT4D_MATHEMATICAL_BACKBONE.txt,archive-artifact,.txt,native-text,15873,DIRECT_TEXT,True,,,,,,
SAT_O REWRITE/SAT 4D/SAT4D_clean_draft.txt,archive-artifact,.txt,native-text,86220,DIRECT_TEXT,True,,,,,,
SAT_O REWRITE/SAT 4D/SAT_colinears_draft.txt,archive-artifact,.txt,native-text,16270,DIRECT_TEXT,True,,,,,,
SAT_O REWRITE/SAT 4D/SKETCH_GUITAR_STRING_MODEL.txt,archive-artifact,.txt,native-text,2740,DIRECT_TEXT,True,,,,,,
SAT_O REWRITE/SAT 4D/ST_MASSLESS_PARTICLE_REINTERPRETATION.txt,archive-artifact,.txt,native-text,1452,DIRECT_TEXT,True,,,,,,
SAT_O REWRITE/SAT 4D/ST_MESON_REINTERPRETATION.txt,archive-artifact,.txt,native-text,2424,DIRECT_TEXT,True,,,,,,
SAT_O REWRITE/SAT 4D/ST_QUARK_REINTERPRETATION.txt,archive-artifact,.txt,native-text,2515,DIRECT_TEXT,True,,,,,,
SAT_O REWRITE/SAT 4D/SecAn (Section Analyst) Spec Template.txt,archive-artifact,.txt,native-text,3391,DIRECT_TEXT,True,,,,,,
SAT_O REWRITE/SAT 4D/SpecAn Instruction-Writing Guidelines (For CoMast).txt,archive-artifact,.txt,native-text,1225,DIRECT_TEXT,True,,,,,,
SAT_O REWRITE/SAT 4D/VERSIONING PRONUNCIATION.txt,archive-artifact,.txt,native-text,1104,DIRECT_TEXT,True,,,,,,
SAT_O REWRITE/borromean_link_rgb.gif,archive-artifact,.gif,image,492214,NEEDS_EXTRACTION,True,,,,,,
SAT_O REWRITE/hopf_link_red_cyan.gif,archive-artifact,.gif,image,461045,NEEDS_EXTRACTION,True,,,,,,
SAT_O1.pdf,archive-artifact,.pdf,pdf,150401,DERIVED_TEXT_AVAILABLE,True,OK,_AUTO_EXTRACTED_TEXT/SAT_O1.txt,manifest-exact,PyMuPDF,3919,_AUTO_EXTRACTED_TEXT/_manifests/2026-09-10_root_pdf_extraction_pass_002.json
SAT_O2.pdf,archive-artifact,.pdf,pdf,162528,DERIVED_TEXT_AVAILABLE,True,OK,_AUTO_EXTRACTED_TEXT/SAT_O2.txt,manifest-exact,PyMuPDF,1854,_AUTO_EXTRACTED_TEXT/_manifests/2026-09-10_root_pdf_extraction_pass_002.json
SAT_O3.pdf,archive-artifact,.pdf,pdf,115477,DERIVED_TEXT_AVAILABLE,True,OK,_AUTO_EXTRACTED_TEXT/SAT_O3.txt,manifest-exact,PyMuPDF,2038,_AUTO_EXTRACTED_TEXT/_manifests/2026-09-10_root_pdf_extraction_pass_002.json
SAT_O4.pdf,archive-artifact,.pdf,pdf,150740,DERIVED_TEXT_AVAILABLE,True,OK,_AUTO_EXTRACTED_TEXT/SAT_O4.txt,manifest-exact,PyMuPDF,2924,_AUTO_EXTRACTED_TEXT/_manifests/2026-09-10_root_pdf_extraction_pass_002.json
SAT_O5.pdf,archive-artifact,.pdf,pdf,152388,DERIVED_TEXT_AVAILABLE,True,OK,_AUTO_EXTRACTED_TEXT/SAT_O5.txt,manifest-exact,PyMuPDF,1512,_AUTO_EXTRACTED_TEXT/_manifests/2026-09-10_root_pdf_extraction_pass_002.json
SAT_O6.pdf,archive-artifact,.pdf,pdf,119592,DERIVED_TEXT_AVAILABLE,True,OK,_AUTO_EXTRACTED_TEXT/SAT_O6.txt,manifest-exact,PyMuPDF,1477,_AUTO_EXTRACTED_TEXT/_manifests/2026-09-10_root_pdf_extraction_pass_002.json
SAT_O7_tentative.pdf,archive-artifact,.pdf,pdf,166113,DERIVED_TEXT_AVAILABLE,True,OK,_AUTO_EXTRACTED_TEXT/SAT_O7_tentative.txt,manifest-exact,PyMuPDF,3134,_AUTO_EXTRACTED_TEXT/_manifests/2026-09-10_root_pdf_extraction_pass_002.json
SAT_O8.txt,archive-artifact,.txt,native-text,5856,DIRECT_TEXT,True,,,,,,
SAT_O_Glossary_1.pdf,archive-artifact,.pdf,pdf,129701,DERIVED_TEXT_AVAILABLE,True,OK,_AUTO_EXTRACTED_TEXT/SAT_O_Glossary_1.txt,manifest-exact,PyMuPDF,2327,_AUTO_EXTRACTED_TEXT/_manifests/2026-09-10_root_pdf_extraction_pass_002.json
SAT_PREDICTIONS/SAT PREDICTION HIST - ROUNDUP 2.5.txt,archive-artifact,.txt,native-text,5027237,DIRECT_TEXT,True,,,,,,
SAT_PREDICTIONS/SAT PREDICTION — METRICS + OTHER SAT's.txt,archive-artifact,.txt,native-text,122022,DIRECT_TEXT,True,,,,,,
SAT_PREDICTIONS/SAT PREDICTIONS - ROUNDUP 2.txt,archive-artifact,.txt,native-text,1125571,DIRECT_TEXT,True,,,,,,
SAT_PREDICTIONS/SAT PREDICTIONS — PREDICTIONS_ROUNDUP.txt,archive-artifact,.txt,native-text,84615,DIRECT_TEXT,True,,,,,,
SAT_PREDICTIONS/SAT PREDICTIONS — ROUNDUP - PREDICTIONS.txt,archive-artifact,.txt,native-text,480903,DIRECT_TEXT,True,,,,,,
SAT_PREDICTIONS/SAT PREDICTIONS — ROUNDUP 1.5.txt,archive-artifact,.txt,native-text,896659,DIRECT_TEXT,True,,,,,,
SAT_PREDICTIONS/SAT PREDICTIONS — ROUNDUP 1.txt,archive-artifact,.txt,native-text,337364,DIRECT_TEXT,True,,,,,,
SAT_PREDICTIONS/SAT PREDICTIONS — ROUNDUP 2.5.5.txt,archive-artifact,.txt,native-text,1097439,DIRECT_TEXT,True,,,,,,
SAT_PREDICTIONS/SAT PREDICTIONS — SCORECARD.txt,archive-artifact,.txt,native-text,7864,DIRECT_TEXT,True,,,,,,
SAT_PREDICTIONS/SAT PREDICTIVE BENCHMARKING.txt,archive-artifact,.txt,native-text,151977,DIRECT_TEXT,True,,,,,,
SAT_REVAMP.txt,archive-artifact,.txt,native-text,995543,DIRECT_TEXT,True,,,,,,
SAT_STATED_SIMPLY.txt,archive-artifact,.txt,native-text,75352,DIRECT_TEXT,True,,,,,,
SAT_ST_integration_test.pdf,archive-artifact,.pdf,pdf,393387,DERIVED_TEXT_AVAILABLE,True,OK,_AUTO_EXTRACTED_TEXT/SAT_ST_integration_test.txt,manifest-exact,PyMuPDF,62482,_AUTO_EXTRACTED_TEXT/_manifests/2026-09-10_root_pdf_extraction_pass_002.json
SAT_overview.txt,archive-artifact,.txt,native-text,128313,DIRECT_TEXT,True,,,,,,
SAT_section_gauge_ratios.tex,archive-artifact,.tex,native-text,2437,DIRECT_TEXT,True,,,,,,
SAT_stack_installer_scripts.zip,archive-artifact,.zip,archive-container,3949,NEEDS_CONTAINER_INSPECTION,True,,,,,,
SB2325_RESEARCH_COMMONS_LICENSE.md,archive-artifact,.md,native-text,15293,DIRECT_TEXT,True,,,,,,
SCALAR_ANGULAR_TORSION___PHYS_D_FINAL-10.pdf,archive-artifact,.pdf,pdf,146896,DERIVED_TEXT_AVAILABLE,True,OK,_AUTO_EXTRACTED_TEXT/SCALAR_ANGULAR_TORSION___PHYS_D_FINAL-10.txt,manifest-exact,PyMuPDF,5307,_AUTO_EXTRACTED_TEXT/_manifests/2026-09-10_root_pdf_extraction_pass_002.json
SCALAR_ANGULAR_TORSION___PHYS_D_FINAL-11.pdf,archive-artifact,.pdf,pdf,96749,DERIVED_TEXT_AVAILABLE,True,OK,_AUTO_EXTRACTED_TEXT/SCALAR_ANGULAR_TORSION___PHYS_D_FINAL-11.txt,manifest-exact,PyMuPDF,5060,_AUTO_EXTRACTED_TEXT/_manifests/2026-09-10_root_pdf_extraction_pass_002.json
SCALAR_ANGULAR_TORSION___PHYS_D_FINAL-12.pdf,archive-artifact,.pdf,pdf,113058,DERIVED_TEXT_AVAILABLE,True,OK,_AUTO_EXTRACTED_TEXT/SCALAR_ANGULAR_TORSION___PHYS_D_FINAL-12.txt,manifest-exact,PyMuPDF,5184,_AUTO_EXTRACTED_TEXT/_manifests/2026-09-10_root_pdf_extraction_pass_002.json
SCALAR_ANGULAR_TORSION___PHYS_D_FINAL-13.pdf,archive-artifact,.pdf,pdf,218513,DERIVED_TEXT_AVAILABLE,True,OK,_AUTO_EXTRACTED_TEXT/SCALAR_ANGULAR_TORSION___PHYS_D_FINAL-13.txt,manifest-exact,PyMuPDF,6439,_AUTO_EXTRACTED_TEXT/_manifests/2026-09-10_root_pdf_extraction_pass_002.json
SCALAR_ANGULAR_TORSION___PHYS_D_FINAL-14.pdf,archive-artifact,.pdf,pdf,59985,DERIVED_TEXT_AVAILABLE,True,OK,_AUTO_EXTRACTED_TEXT/SCALAR_ANGULAR_TORSION___PHYS_D_FINAL-14.txt,manifest-exact,PyMuPDF,244,_AUTO_EXTRACTED_TEXT/_manifests/2026-09-10_root_pdf_extraction_pass_002.json
SCALAR_ANGULAR_TORSION___PHYS_D_FINAL-2.pdf,archive-artifact,.pdf,pdf,95105,DERIVED_TEXT_AVAILABLE,True,OK,_AUTO_EXTRACTED_TEXT/SCALAR_ANGULAR_TORSION___PHYS_D_FINAL-2.txt,manifest-exact,PyMuPDF,5594,_AUTO_EXTRACTED_TEXT/_manifests/2026-09-10_root_pdf_extraction_pass_002.json
SCALAR_ANGULAR_TORSION___PHYS_D_FINAL-3.pdf,archive-artifact,.pdf,pdf,129462,DERIVED_TEXT_AVAILABLE,True,OK,_AUTO_EXTRACTED_TEXT/SCALAR_ANGULAR_TORSION___PHYS_D_FINAL-3.txt,manifest-exact,PyMuPDF,4917,_AUTO_EXTRACTED_TEXT/_manifests/2026-09-10_root_pdf_extraction_pass_002.json
SCALAR_ANGULAR_TORSION___PHYS_D_FINAL-4.pdf,archive-artifact,.pdf,pdf,116732,DERIVED_TEXT_AVAILABLE,True,OK,_AUTO_EXTRACTED_TEXT/SCALAR_ANGULAR_TORSION___PHYS_D_FINAL-4.txt,manifest-exact,PyMuPDF,5743,_AUTO_EXTRACTED_TEXT/_manifests/2026-09-10_root_pdf_extraction_pass_002.json
SCALAR_ANGULAR_TORSION___PHYS_D_FINAL-5.pdf,archive-artifact,.pdf,pdf,107057,DERIVED_TEXT_AVAILABLE,True,OK,_AUTO_EXTRACTED_TEXT/SCALAR_ANGULAR_TORSION___PHYS_D_FINAL-5.txt,manifest-exact,PyMuPDF,4668,_AUTO_EXTRACTED_TEXT/_manifests/2026-09-10_root_pdf_extraction_pass_002.json
SCALAR_ANGULAR_TORSION___PHYS_D_FINAL-6.pdf,archive-artifact,.pdf,pdf,140001,DERIVED_TEXT_AVAILABLE,True,OK,_AUTO_EXTRACTED_TEXT/SCALAR_ANGULAR_TORSION___PHYS_D_FINAL-6.txt,manifest-exact,PyMuPDF,5629,_AUTO_EXTRACTED_TEXT/_manifests/2026-09-10_root_pdf_extraction_pass_002.json
SCALAR_ANGULAR_TORSION___PHYS_D_FINAL-7.pdf,archive-artifact,.pdf,pdf,135435,DERIVED_TEXT_AVAILABLE,True,OK,_AUTO_EXTRACTED_TEXT/SCALAR_ANGULAR_TORSION___PHYS_D_FINAL-7.txt,manifest-exact,PyMuPDF,5497,_AUTO_EXTRACTED_TEXT/_manifests/2026-09-10_root_pdf_extraction_pass_002.json
SCALAR_ANGULAR_TORSION___PHYS_D_FINAL-8.pdf,archive-artifact,.pdf,pdf,132161,DERIVED_TEXT_AVAILABLE,True,OK,_AUTO_EXTRACTED_TEXT/SCALAR_ANGULAR_TORSION___PHYS_D_FINAL-8.txt,manifest-exact,PyMuPDF,5116,_AUTO_EXTRACTED_TEXT/_manifests/2026-09-10_root_pdf_extraction_pass_002.json
SCALAR_ANGULAR_TORSION___PHYS_D_FINAL-9.pdf,archive-artifact,.pdf,pdf,121317,DERIVED_TEXT_AVAILABLE,True,OK,_AUTO_EXTRACTED_TEXT/SCALAR_ANGULAR_TORSION___PHYS_D_FINAL-9.txt,manifest-exact,PyMuPDF,4524,_AUTO_EXTRACTED_TEXT/_manifests/2026-09-10_root_pdf_extraction_pass_002.json
SCALAR_ANGULAR_TORSION___PHYS_D_FINAL.pdf,archive-artifact,.pdf,pdf,155966,DERIVED_TEXT_AVAILABLE,True,OK,_AUTO_EXTRACTED_TEXT/SCALAR_ANGULAR_TORSION___PHYS_D_FINAL.txt,manifest-exact,PyMuPDF,4971,_AUTO_EXTRACTED_TEXT/_manifests/2026-09-10_root_pdf_extraction_pass_002.json
SCALES.txt,archive-artifact,.txt,native-text,10588,DIRECT_TEXT,True,,,,,,
SCALING.txt,archive-artifact,.txt,native-text,22797,DIRECT_TEXT,True,,,,,,
SCRATCH 1.txt,archive-artifact,.txt,native-text,182096,DIRECT_TEXT,True,,,,,,
SCRATCH 2.txt,archive-artifact,.txt,native-text,52437,DIRECT_TEXT,True,,,,,,
SCRATCH 3.txt,archive-artifact,.txt,native-text,26299,DIRECT_TEXT,True,,,,,,
SCRATCH 4.txt,archive-artifact,.txt,native-text,11174,DIRECT_TEXT,True,,,,,,
SECOND LEG 2 of 2 JUNE 1.txt,archive-artifact,.txt,native-text,169462,DIRECT_TEXT,True,,,,,,
SIXTY THOUSAND UNIVERSES.txt,archive-artifact,.txt,native-text,7268811,DIRECT_TEXT,True,,,,,,
SOFTWARE/D_comp.py,archive-artifact,.py,native-text,7157,DIRECT_TEXT,True,,,,,,
SOFTWARE/GOLDSTANDARD.py,archive-artifact,.py,native-text,10659,DIRECT_TEXT,True,,,,,,
SOFTWARE/H-OMNI.py,archive-artifact,.py,native-text,7235,DIRECT_TEXT,True,,,,,,
SOFTWARE/H-un.py,archive-artifact,.py,native-text,7594,DIRECT_TEXT,True,,,,,,
SOFTWARE/HCALC.py,archive-artifact,.py,native-text,3779,DIRECT_TEXT,True,,,,,,
SOFTWARE/HOBS.py,archive-artifact,.py,native-text,6601,DIRECT_TEXT,True,,,,,,
SOFTWARE/HOMCALC.py,archive-artifact,.py,native-text,8415,DIRECT_TEXT,True,,,,,,
SOFTWARE/HOMNEV.py,archive-artifact,.py,native-text,6573,DIRECT_TEXT,True,,,,,,
SOFTWARE/HOMNIRES.py,archive-artifact,.py,native-text,7472,DIRECT_TEXT,True,,,,,,
SOFTWARE/HOMNIUNI.py,archive-artifact,.py,native-text,7891,DIRECT_TEXT,True,,,,,,
SOFTWARE/HUN.py,archive-artifact,.py,native-text,7026,DIRECT_TEXT,True,,,,,,
SOFTWARE/HUNI.py,archive-artifact,.py,native-text,1819,DIRECT_TEXT,True,,,,,,
SOFTWARE/HUNIVERSAMP.py,archive-artifact,.py,native-text,6187,DIRECT_TEXT,True,,,,,,
SOFTWARE/H_UNI.py,archive-artifact,.py,native-text,7847,DIRECT_TEXT,True,,,,,,
SOFTWARE/H_UNIVERSES.py,archive-artifact,.py,native-text,8238,DIRECT_TEXT,True,,,,,,
SOFTWARE/Hrandoverses.py,archive-artifact,.py,native-text,13277,DIRECT_TEXT,True,,,,,,
SOFTWARE/Huniverses.py,archive-artifact,.py,native-text,5929,DIRECT_TEXT,True,,,,,,
SOFTWARE/OBSH.py,archive-artifact,.py,native-text,1311,DIRECT_TEXT,True,,,,,,
SOFTWARE/PREWHIRLY - Copy.py,archive-artifact,.py,native-text,7930,DIRECT_TEXT,True,,,,,,
SOFTWARE/PREWHIRLY.py,archive-artifact,.py,native-text,7883,DIRECT_TEXT,True,,,,,,
SOFTWARE/T4view.py,archive-artifact,.py,native-text,11565,DIRECT_TEXT,True,,,,,,
SOFTWARE/WHIRLICLOSER.py,archive-artifact,.py,native-text,29897,DIRECT_TEXT,True,,,,,,
SOFTWARE/WHIRLIGIG_DEMO.py,archive-artifact,.py,native-text,28315,DIRECT_TEXT,True,,,,,,
SOFTWARE/aggfo.py,archive-artifact,.py,native-text,2938,DIRECT_TEXT,True,,,,,,
SOFTWARE/dcomp.py,archive-artifact,.py,native-text,7157,DIRECT_TEXT,True,,,,,,
SOFTWARE/di.py,archive-artifact,.py,native-text,556,DIRECT_TEXT,True,,,,,,
SOFTWARE/dia.py,archive-artifact,.py,native-text,283,DIRECT_TEXT,True,,,,,,
SOFTWARE/diag.py,archive-artifact,.py,native-text,776,DIRECT_TEXT,True,,,,,,
SOFTWARE/emphy.py,archive-artifact,.py,native-text,4090,DIRECT_TEXT,True,,,,,,
SOFTWARE/equation_true_curve_surface_projection_polar.py,archive-artifact,.py,native-text,29320,DIRECT_TEXT,True,,,,,,
SOFTWARE/geminhun.py,archive-artifact,.py,native-text,6914,DIRECT_TEXT,True,,,,,,
SOFTWARE/gstand.py,archive-artifact,.py,native-text,6153,DIRECT_TEXT,True,,,,,,
SOFTWARE/hgug.py,archive-artifact,.py,native-text,6912,DIRECT_TEXT,True,,,,,,
SOFTWARE/hphys.py,archive-artifact,.py,native-text,7752,DIRECT_TEXT,True,,,,,,
SOFTWARE/hreach.py,archive-artifact,.py,native-text,6700,DIRECT_TEXT,True,,,,,,
SOFTWARE/hstoch.py,archive-artifact,.py,native-text,2639,DIRECT_TEXT,True,,,,,,
SOFTWARE/hunii.py,archive-artifact,.py,native-text,7575,DIRECT_TEXT,True,,,,,,
SOFTWARE/hunx.py,archive-artifact,.py,native-text,8115,DIRECT_TEXT,True,,,,,,
SOFTWARE/huph.py,archive-artifact,.py,native-text,4625,DIRECT_TEXT,True,,,,,,
SOFTWARE/huphys.py,archive-artifact,.py,native-text,7752,DIRECT_TEXT,True,,,,,,
SOFTWARE/omnihi.py,archive-artifact,.py,native-text,7474,DIRECT_TEXT,True,,,,,,
SOFTWARE/tmuch.py,archive-artifact,.py,native-text,10659,DIRECT_TEXT,True,,,,,,
SOFTWARE/touchy.py,archive-artifact,.py,native-text,4734,DIRECT_TEXT,True,,,,,,
SOFTWARE/universes.py,archive-artifact,.py,native-text,5423,DIRECT_TEXT,True,,,,,,
SPHERE4QC.txt,archive-artifact,.txt,native-text,490447,DIRECT_TEXT,True,,,,,,
SPHERECHECKQC.txt,archive-artifact,.txt,native-text,44368,DIRECT_TEXT,True,,,,,,
SPHERES2/README.md,archive-artifact,.md,native-text,3741,DIRECT_TEXT,True,,,,,,
SPHERES2/build/equal_s3_mapping_result.json,archive-artifact,.json,native-text,3214,DIRECT_TEXT,True,,,,,,
SPHERES2/build/one_shell_deformation_curves.npz,archive-artifact,.npz,other-binary-or-unknown,106975,UNKNOWN_OR_BINARY,True,,,,,,
SPHERES2/build/one_shell_deformation_history.csv,archive-artifact,.csv,native-text,5736,DIRECT_TEXT,True,,,,,,
SPHERES2/build/one_shell_deformation_result.json,archive-artifact,.json,native-text,20376,DIRECT_TEXT,True,,,,,,
SPHERES2/defodemo.py,archive-artifact,.py,native-text,2426,DIRECT_TEXT,True,,,,,,
SPHERES2/docs/INTERFACE.md,archive-artifact,.md,native-text,3135,DIRECT_TEXT,True,,,,,,
SPHERES2/examples/equal_s3_packet.json,archive-artifact,.json,native-text,2620,DIRECT_TEXT,True,,,,,,
SPHERES2/examples/one_shell_deformation_packet.json,archive-artifact,.json,native-text,3396,DIRECT_TEXT,True,,,,,,
SPHERES2/hsh_spherical_backend_v0.2.zip,archive-artifact,.zip,archive-container,142514,NEEDS_CONTAINER_INSPECTION,True,,,,,,
SPHERES2/pyproject.toml,archive-artifact,.toml,native-text,461,DIRECT_TEXT,True,,,,,,
SPHERES2/run_demo.py,archive-artifact,.py,native-text,1216,DIRECT_TEXT,True,,,,,,
SPHERES2/schemas/equation_packet.schema.json,archive-artifact,.json,native-text,2602,DIRECT_TEXT,True,,,,,,
SPHERES2/schemas/mapping_result.schema.json,archive-artifact,.json,native-text,1273,DIRECT_TEXT,True,,,,,,
SPHERES2/src/hsh_spheres/__init__.py,archive-artifact,.py,native-text,643,DIRECT_TEXT,True,,,,,,
SPHERES2/src/hsh_spheres/__pycache__/__init__.cpython-311.pyc,archive-artifact,.pyc,other-binary-or-unknown,841,UNKNOWN_OR_BINARY,True,,,,,,
SPHERES2/src/hsh_spheres/__pycache__/contracts.cpython-311.pyc,archive-artifact,.pyc,other-binary-or-unknown,7088,UNKNOWN_OR_BINARY,True,,,,,,
SPHERES2/src/hsh_spheres/__pycache__/deformation.cpython-311.pyc,archive-artifact,.pyc,other-binary-or-unknown,19685,UNKNOWN_OR_BINARY,True,,,,,,
SPHERES2/src/hsh_spheres/__pycache__/geometry.cpython-311.pyc,archive-artifact,.pyc,other-binary-or-unknown,19475,UNKNOWN_OR_BINARY,True,,,,,,
SPHERES2/src/hsh_spheres/__pycache__/roundtrip.cpython-311.pyc,archive-artifact,.pyc,other-binary-or-unknown,7375,UNKNOWN_OR_BINARY,True,,,,,,
SPHERES2/src/hsh_spheres/__pycache__/runner.cpython-311.pyc,archive-artifact,.pyc,other-binary-or-unknown,1202,UNKNOWN_OR_BINARY,True,,,,,,
SPHERES2/src/hsh_spheres/cli.py,archive-artifact,.py,native-text,1263,DIRECT_TEXT,True,,,,,,
SPHERES2/src/hsh_spheres/contracts.py,archive-artifact,.py,native-text,4332,DIRECT_TEXT,True,,,,,,
SPHERES2/src/hsh_spheres/deformation.py,archive-artifact,.py,native-text,12429,DIRECT_TEXT,True,,,,,,
SPHERES2/src/hsh_spheres/geometry.py,archive-artifact,.py,native-text,9759,DIRECT_TEXT,True,,,,,,
SPHERES2/src/hsh_spheres/roundtrip.py,archive-artifact,.py,native-text,5873,DIRECT_TEXT,True,,,,,,
SPHERES2/src/hsh_spheres/runner.py,archive-artifact,.py,native-text,643,DIRECT_TEXT,True,,,,,,
SPHERES2/tests/test_contracts.py,archive-artifact,.py,native-text,856,DIRECT_TEXT,True,,,,,,
SPHERES2/tests/test_deformation.py,archive-artifact,.py,native-text,4281,DIRECT_TEXT,True,,,,,,
SPHERES2/tests/test_geometry.py,archive-artifact,.py,native-text,3723,DIRECT_TEXT,True,,,,,,
SPHERES2/tests/test_roundtrip.py,archive-artifact,.py,native-text,1220,DIRECT_TEXT,True,,,,,,
SPHERES2QC.txt,archive-artifact,.txt,native-text,270327,DIRECT_TEXT,True,,,,,,
SPHERES3/README.md,archive-artifact,.md,native-text,2816,DIRECT_TEXT,True,,,,,,
SPHERES3/S3QC.txt,archive-artifact,.txt,native-text,4176,DIRECT_TEXT,True,,,,,,
SPHERES3/SAT_CORE_EQUATIONS_v0_1_0.yaml,archive-artifact,.yaml,native-text,1651,DIRECT_TEXT,True,,,,,,
SPHERES3/build/equal_s3_mapping_result.json,archive-artifact,.json,native-text,3214,DIRECT_TEXT,True,,,,,,
SPHERES3/docs/INTERFACE.md,archive-artifact,.md,native-text,2294,DIRECT_TEXT,True,,,,,,
SPHERES3/examples/equal_s3_packet.json,archive-artifact,.json,native-text,2584,DIRECT_TEXT,True,,,,,,
SPHERES3/pyproject.toml,archive-artifact,.toml,native-text,461,DIRECT_TEXT,True,,,,,,
SPHERES3/run_demo.py,archive-artifact,.py,native-text,1216,DIRECT_TEXT,True,,,,,,
SPHERES3/schemas/equation_packet.schema.json,archive-artifact,.json,native-text,2499,DIRECT_TEXT,True,,,,,,
SPHERES3/schemas/mapping_result.schema.json,archive-artifact,.json,native-text,1273,DIRECT_TEXT,True,,,,,,
SPHERES3/spheres3.py,archive-artifact,.py,native-text,2866,DIRECT_TEXT,True,,,,,,
SPHERES3/src/hsh_spheres/__init__.py,archive-artifact,.py,native-text,594,DIRECT_TEXT,True,,,,,,
SPHERES3/src/hsh_spheres/__pycache__/__init__.cpython-311.pyc,archive-artifact,.pyc,other-binary-or-unknown,770,UNKNOWN_OR_BINARY,True,,,,,,
SPHERES3/src/hsh_spheres/__pycache__/contracts.cpython-311.pyc,archive-artifact,.pyc,other-binary-or-unknown,6099,UNKNOWN_OR_BINARY,True,,,,,,
SPHERES3/src/hsh_spheres/__pycache__/geometry.cpython-311.pyc,archive-artifact,.pyc,other-binary-or-unknown,19466,UNKNOWN_OR_BINARY,True,,,,,,
SPHERES3/src/hsh_spheres/__pycache__/roundtrip.cpython-311.pyc,archive-artifact,.pyc,other-binary-or-unknown,7366,UNKNOWN_OR_BINARY,True,,,,,,
SPHERES3/src/hsh_spheres/cli.py,archive-artifact,.py,native-text,1269,DIRECT_TEXT,True,,,,,,
SPHERES3/src/hsh_spheres/contracts.py,archive-artifact,.py,native-text,3573,DIRECT_TEXT,True,,,,,,
SPHERES3/src/hsh_spheres/geometry.py,archive-artifact,.py,native-text,9759,DIRECT_TEXT,True,,,,,,
SPHERES3/src/hsh_spheres/roundtrip.py,archive-artifact,.py,native-text,5873,DIRECT_TEXT,True,,,,,,
SPHERES3/tests/__pycache__/test_contracts.cpython-311.pyc,archive-artifact,.pyc,other-binary-or-unknown,2328,UNKNOWN_OR_BINARY,True,,,,,,
SPHERES3/tests/__pycache__/test_geometry.cpython-311.pyc,archive-artifact,.pyc,other-binary-or-unknown,8757,UNKNOWN_OR_BINARY,True,,,,,,
SPHERES3/tests/__pycache__/test_roundtrip.cpython-311.pyc,archive-artifact,.pyc,other-binary-or-unknown,2603,UNKNOWN_OR_BINARY,True,,,,,,
SPHERES3/tests/test_contracts.py,archive-artifact,.py,native-text,856,DIRECT_TEXT,True,,,,,,
SPHERES3/tests/test_geometry.py,archive-artifact,.py,native-text,3723,DIRECT_TEXT,True,,,,,,
SPHERES3/tests/test_roundtrip.py,archive-artifact,.py,native-text,1220,DIRECT_TEXT,True,,,,,,
SPHERES3/valcore.py,archive-artifact,.py,native-text,2293,DIRECT_TEXT,True,,,,,,
SPHERES4/README.md,archive-artifact,.md,native-text,4769,DIRECT_TEXT,True,,,,,,
SPHERES4/build/equal_s3_collapse_curves.npz,archive-artifact,.npz,other-binary-or-unknown,55900,UNKNOWN_OR_BINARY,True,,,,,,
SPHERES4/build/equal_s3_collapse_history.csv,archive-artifact,.csv,native-text,10877,DIRECT_TEXT,True,,,,,,
SPHERES4/build/equal_s3_collapse_result.json,archive-artifact,.json,native-text,33253,DIRECT_TEXT,True,,,,,,
SPHERES4/build/equal_s3_mapping_result.json,archive-artifact,.json,native-text,3214,DIRECT_TEXT,True,,,,,,
SPHERES4/build/one_shell_deformation_curves.npz,archive-artifact,.npz,other-binary-or-unknown,107100,UNKNOWN_OR_BINARY,True,,,,,,
SPHERES4/build/one_shell_deformation_history.csv,archive-artifact,.csv,native-text,5735,DIRECT_TEXT,True,,,,,,
SPHERES4/build/one_shell_deformation_result.json,archive-artifact,.json,native-text,20378,DIRECT_TEXT,True,,,,,,
SPHERES4/docs/INTERFACE.md,archive-artifact,.md,native-text,4456,DIRECT_TEXT,True,,,,,,
SPHERES4/examples/equal_s3_collapse_packet.json,archive-artifact,.json,native-text,3358,DIRECT_TEXT,True,,,,,,
SPHERES4/examples/equal_s3_packet.json,archive-artifact,.json,native-text,2620,DIRECT_TEXT,True,,,,,,
SPHERES4/examples/one_shell_deformation_packet.json,archive-artifact,.json,native-text,3396,DIRECT_TEXT,True,,,,,,
SPHERES4/hsh_spherical_backend_v0.3.zip,archive-artifact,.zip,archive-container,219609,NEEDS_CONTAINER_INSPECTION,True,,,,,,
SPHERES4/pyproject.toml,archive-artifact,.toml,native-text,461,DIRECT_TEXT,True,,,,,,
SPHERES4/run_bifurcation_demo.py,archive-artifact,.py,native-text,2403,DIRECT_TEXT,True,,,,,,
SPHERES4/run_deformation_demo.py,archive-artifact,.py,native-text,2441,DIRECT_TEXT,True,,,,,,
SPHERES4/run_demo.py,archive-artifact,.py,native-text,1216,DIRECT_TEXT,True,,,,,,
SPHERES4/schemas/equation_packet.schema.json,archive-artifact,.json,native-text,2634,DIRECT_TEXT,True,,,,,,
SPHERES4/schemas/mapping_result.schema.json,archive-artifact,.json,native-text,1273,DIRECT_TEXT,True,,,,,,
SPHERES4/seismic_mapdrawing (1).png,archive-artifact,.png,image,771184,NEEDS_EXTRACTION,True,,,,,,
SPHERES4/seismic_mapdrawing (2).png,archive-artifact,.png,image,1134063,NEEDS_EXTRACTION,True,,,,,,
SPHERES4/seismic_mapdrawing.png,archive-artifact,.png,image,671686,NEEDS_EXTRACTION,True,,,,,,
SPHERES4/src/hsh_spheres/__init__.py,archive-artifact,.py,native-text,806,DIRECT_TEXT,True,,,,,,
SPHERES4/src/hsh_spheres/__pycache__/__init__.cpython-311.pyc,archive-artifact,.pyc,other-binary-or-unknown,995,UNKNOWN_OR_BINARY,True,,,,,,
SPHERES4/src/hsh_spheres/__pycache__/collapse.cpython-311.pyc,archive-artifact,.pyc,other-binary-or-unknown,22899,UNKNOWN_OR_BINARY,True,,,,,,
SPHERES4/src/hsh_spheres/__pycache__/contracts.cpython-311.pyc,archive-artifact,.pyc,other-binary-or-unknown,8732,UNKNOWN_OR_BINARY,True,,,,,,
SPHERES4/src/hsh_spheres/__pycache__/deformation.cpython-311.pyc,archive-artifact,.pyc,other-binary-or-unknown,19675,UNKNOWN_OR_BINARY,True,,,,,,
SPHERES4/src/hsh_spheres/__pycache__/geometry.cpython-311.pyc,archive-artifact,.pyc,other-binary-or-unknown,22803,UNKNOWN_OR_BINARY,True,,,,,,
SPHERES4/src/hsh_spheres/__pycache__/roundtrip.cpython-311.pyc,archive-artifact,.pyc,other-binary-or-unknown,7375,UNKNOWN_OR_BINARY,True,,,,,,
SPHERES4/src/hsh_spheres/__pycache__/runner.cpython-311.pyc,archive-artifact,.pyc,other-binary-or-unknown,1369,UNKNOWN_OR_BINARY,True,,,,,,
SPHERES4/src/hsh_spheres/cli.py,archive-artifact,.py,native-text,1255,DIRECT_TEXT,True,,,,,,
SPHERES4/src/hsh_spheres/collapse.py,archive-artifact,.py,native-text,16889,DIRECT_TEXT,True,,,,,,
SPHERES4/src/hsh_spheres/contracts.py,archive-artifact,.py,native-text,5464,DIRECT_TEXT,True,,,,,,
SPHERES4/src/hsh_spheres/deformation.py,archive-artifact,.py,native-text,12474,DIRECT_TEXT,True,,,,,,
SPHERES4/src/hsh_spheres/geometry.py,archive-artifact,.py,native-text,12907,DIRECT_TEXT,True,,,,,,
SPHERES4/src/hsh_spheres/roundtrip.py,archive-artifact,.py,native-text,5873,DIRECT_TEXT,True,,,,,,
SPHERES4/src/hsh_spheres/runner.py,archive-artifact,.py,native-text,772,DIRECT_TEXT,True,,,,,,
SPHERES4/tests/test_collapse.py,archive-artifact,.py,native-text,3832,DIRECT_TEXT,True,,,,,,
SPHERES4/tests/test_contracts.py,archive-artifact,.py,native-text,856,DIRECT_TEXT,True,,,,,,
SPHERES4/tests/test_deformation.py,archive-artifact,.py,native-text,4298,DIRECT_TEXT,True,,,,,,
SPHERES4/tests/test_geometry.py,archive-artifact,.py,native-text,3723,DIRECT_TEXT,True,,,,,,
SPHERES4/tests/test_roundtrip.py,archive-artifact,.py,native-text,1220,DIRECT_TEXT,True,,,,,,
SRENA SAT.txt,archive-artifact,.txt,native-text,23427,DIRECT_TEXT,True,,,,,,
SRENA SAT2.txt,archive-artifact,.txt,native-text,183175,DIRECT_TEXT,True,,,,,,
SSATOBLOC.pdf,archive-artifact,.pdf,pdf,173625,DERIVED_TEXT_AVAILABLE,True,OK,_AUTO_EXTRACTED_TEXT/SSATOBLOC.txt,manifest-exact,PyMuPDF,8405,_AUTO_EXTRACTED_TEXT/_manifests/2026-09-10_root_pdf_extraction_pass_002.json
ST-QM-GR-SM (nolat).pdf,archive-artifact,.pdf,pdf,55061,DERIVED_TEXT_AVAILABLE,True,OK,_AUTO_EXTRACTED_TEXT/ST-QM-GR-SM (nolat).txt,manifest-exact,PyMuPDF,11904,_AUTO_EXTRACTED_TEXT/_manifests/2026-09-10_root_pdf_extraction_pass_002.json
STANDARD ATOM (nolat).pdf,archive-artifact,.pdf,pdf,148023,DERIVED_TEXT_AVAILABLE,True,OK,_AUTO_EXTRACTED_TEXT/STANDARD ATOM (nolat).txt,manifest-exact,PyMuPDF,25294,_AUTO_EXTRACTED_TEXT/_manifests/2026-09-10_root_pdf_extraction_pass_002.json
STANDARD ATOM.pdf,archive-artifact,.pdf,pdf,144564,DERIVED_TEXT_AVAILABLE,True,OK,_AUTO_EXTRACTED_TEXT/STANDARD ATOM.txt,manifest-exact,PyMuPDF,22649,_AUTO_EXTRACTED_TEXT/_manifests/2026-09-10_root_pdf_extraction_pass_002.json
STANDARD_REPRODUCTION.txt,archive-artifact,.txt,native-text,45472,DIRECT_TEXT,True,,,,,,
SUBMITTED - SCIOPEN/Bellomy_N_CoverLetter.pdf,archive-artifact,.pdf,pdf,70484,NEEDS_EXTRACTION,True,,,,,,
SUBMITTED - SCIOPEN/Bellomy_N_CoverLetter.txt,archive-artifact,.txt,native-text,2768,DIRECT_TEXT,True,,,,,,
SUBMITTED - SCIOPEN/Bellomy_N_SAT_Submission.pdf,archive-artifact,.pdf,pdf,173625,NEEDS_EXTRACTION,True,,,,,,
SUBMITTED - SCIOPEN/Bellomy_SAT_Framework.pdf,archive-artifact,.pdf,pdf,275753,NEEDS_EXTRACTION,True,,,,,,
SUBMITTED - SCIOPEN/Bellomy_Supplementary_Predictions.pdf,archive-artifact,.pdf,pdf,107798,NEEDS_EXTRACTION,True,,,,,,
SUBMITTED - SCIOPEN/FUNDAMENTAL INTUITIONS MIND MAP.png,archive-artifact,.png,image,4087325,NEEDS_EXTRACTION,True,,,,,,
SUBMITTED - SCIOPEN/NotebookLM Mind Map.png,archive-artifact,.png,image,4087325,NEEDS_EXTRACTION,True,,,,,,
SUBMITTED - SCIOPEN/SAT_REWRITE (1).pdf,archive-artifact,.pdf,pdf,5305098,NEEDS_EXTRACTION,True,,,,,,
SUBMITTED - SCIOPEN/SPACE-S-25-00569.pdf,archive-artifact,.pdf,pdf,706279,NEEDS_EXTRACTION,True,,,,,,
SUBMITTED - SCIOPEN/SPACE_ImagePermission.pdf,archive-artifact,.pdf,pdf,249436,NEEDS_EXTRACTION,True,,,,,,
SUBMITTED - SCIOPEN/desktop.ini,archive-artifact,.ini,native-text,66,DIRECT_TEXT,True,,,,,,
Satobloc Minimal Drafts/APPENDICES_FRAME.pdf,archive-artifact,.pdf,pdf,102149,NEEDS_EXTRACTION,True,,,,,,
Satobloc Minimal Drafts/Bellomy_Supplementary_Appendices.pdf,archive-artifact,.pdf,pdf,109998,NEEDS_EXTRACTION,True,,,,,,
Satobloc Minimal Drafts/CLOSURE2.pdf,archive-artifact,.pdf,pdf,239497,NEEDS_EXTRACTION,True,,,,,,
Satobloc Minimal Drafts/Closure.pdf,archive-artifact,.pdf,pdf,264217,NEEDS_EXTRACTION,True,,,,,,
Satobloc Minimal Drafts/First_Paper_Draft.pdf,archive-artifact,.pdf,pdf,162251,NEEDS_EXTRACTION,True,,,,,,
Satobloc Minimal Drafts/SATOBLOC (1).pdf,archive-artifact,.pdf,pdf,162251,NEEDS_EXTRACTION,True,,,,,,
Satobloc Minimal Drafts/SATOBLOC (2).pdf,archive-artifact,.pdf,pdf,70484,NEEDS_EXTRACTION,True,,,,,,
Satobloc Minimal Drafts/SATOBLOC Unification.pdf,archive-artifact,.pdf,pdf,274713,NEEDS_EXTRACTION,True,,,,,,
Satobloc Minimal Drafts/SATOBLOC Unification2.pdf,archive-artifact,.pdf,pdf,299392,NEEDS_EXTRACTION,True,,,,,,
Satobloc Minimal Drafts/SATOBLOC-2.pdf,archive-artifact,.pdf,pdf,214438,NEEDS_EXTRACTION,True,,,,,,
Satobloc Minimal Drafts/SATOBLOC-4.pdf,archive-artifact,.pdf,pdf,162251,NEEDS_EXTRACTION,True,,,,,,
Satobloc Minimal Drafts/SATOBLOC.pdf,archive-artifact,.pdf,pdf,199098,DERIVED_TEXT_AVAILABLE,True,LEGACY_NAME_MATCH,_AUTO_EXTRACTED_TEXT/SATOBLOC.txt,legacy-basename-unique,,,
Satobloc Minimal Drafts/download.png,archive-artifact,.png,image,120978,NEEDS_EXTRACTION,True,,,,,,
Scalar-Angular-Twist.pdf,archive-artifact,.pdf,pdf,289507,DERIVED_TEXT_AVAILABLE,True,OK,_AUTO_EXTRACTED_TEXT/Scalar-Angular-Twist.txt,manifest-exact,PyMuPDF,36454,_AUTO_EXTRACTED_TEXT/_manifests/2026-09-10_root_pdf_extraction_pass_002.json
Scene Analysis Discussion — raw.json,archive-artifact,.json,native-text,1820884,DIRECT_TEXT,True,,,,,,
Scientific Paper Review — raw.json,archive-artifact,.json,native-text,279477,DIRECT_TEXT,True,,,,,,
Script prompt nesting — raw.txt,archive-artifact,.txt,native-text,970731,DIRECT_TEXT,True,,,,,,
Spherestest README.md,archive-artifact,.md,native-text,2816,DIRECT_TEXT,True,,,,,,
Spherestest tests/Spherestest build/equal_s3_mapping_result.json,archive-artifact,.json,native-text,3214,DIRECT_TEXT,True,,,,,,
Spherestest tests/Spherestest docs/INTERFACE.md,archive-artifact,.md,native-text,2294,DIRECT_TEXT,True,,,,,,
Spherestest tests/Spherestest examples/equal_s3_packet.json,archive-artifact,.json,native-text,2584,DIRECT_TEXT,True,,,,,,
Spherestest tests/Spherestest schemas/equation_packet.schema.json,archive-artifact,.json,native-text,2499,DIRECT_TEXT,True,,,,,,
Spherestest tests/Spherestest schemas/mapping_result.schema.json,archive-artifact,.json,native-text,1273,DIRECT_TEXT,True,,,,,,
Spherestest tests/Spherestest src/hsh_spheres/__init__.py,archive-artifact,.py,native-text,594,DIRECT_TEXT,True,,,,,,
Spherestest tests/Spherestest src/hsh_spheres/__pycache__/__init__.cpython-311.pyc,archive-artifact,.pyc,other-binary-or-unknown,770,UNKNOWN_OR_BINARY,True,,,,,,
Spherestest tests/Spherestest src/hsh_spheres/__pycache__/contracts.cpython-311.pyc,archive-artifact,.pyc,other-binary-or-unknown,6099,UNKNOWN_OR_BINARY,True,,,,,,
Spherestest tests/Spherestest src/hsh_spheres/__pycache__/geometry.cpython-311.pyc,archive-artifact,.pyc,other-binary-or-unknown,19466,UNKNOWN_OR_BINARY,True,,,,,,
Spherestest tests/Spherestest src/hsh_spheres/__pycache__/roundtrip.cpython-311.pyc,archive-artifact,.pyc,other-binary-or-unknown,7366,UNKNOWN_OR_BINARY,True,,,,,,
Spherestest tests/Spherestest src/hsh_spheres/cli.py,archive-artifact,.py,native-text,1269,DIRECT_TEXT,True,,,,,,
Spherestest tests/Spherestest src/hsh_spheres/contracts.py,archive-artifact,.py,native-text,3573,DIRECT_TEXT,True,,,,,,
Spherestest tests/Spherestest src/hsh_spheres/geometry.py,archive-artifact,.py,native-text,9759,DIRECT_TEXT,True,,,,,,
Spherestest tests/Spherestest src/hsh_spheres/roundtrip.py,archive-artifact,.py,native-text,5873,DIRECT_TEXT,True,,,,,,
Spherestest tests/__pycache__/test_contracts.cpython-311.pyc,archive-artifact,.pyc,other-binary-or-unknown,2328,UNKNOWN_OR_BINARY,True,,,,,,
Spherestest tests/__pycache__/test_geometry.cpython-311.pyc,archive-artifact,.pyc,other-binary-or-unknown,8757,UNKNOWN_OR_BINARY,True,,,,,,
Spherestest tests/__pycache__/test_roundtrip.cpython-311.pyc,archive-artifact,.pyc,other-binary-or-unknown,2603,UNKNOWN_OR_BINARY,True,,,,,,
Spherestest tests/test_contracts.py,archive-artifact,.py,native-text,856,DIRECT_TEXT,True,,,,,,
Spherestest tests/test_geometry.py,archive-artifact,.py,native-text,3723,DIRECT_TEXT,True,,,,,,
Spherestest tests/test_roundtrip.py,archive-artifact,.py,native-text,1220,DIRECT_TEXT,True,,,,,,
String Theory Synthesis — raw.json,archive-artifact,.json,native-text,7104,DIRECT_TEXT,True,,,,,,
Submission_for_Physics_Review_D.pdf,archive-artifact,.pdf,pdf,252917,DERIVED_TEXT_AVAILABLE,True,OK,_AUTO_EXTRACTED_TEXT/Submission_for_Physics_Review_D.txt,manifest-exact,PyMuPDF,7722,_AUTO_EXTRACTED_TEXT/_manifests/2026-09-10_root_pdf_extraction_pass_002.json
Succinctness And Math Check — raw (1).json,archive-artifact,.json,native-text,3765032,DIRECT_TEXT,True,,,,,,
Switching to English — raw.json,archive-artifact,.json,native-text,860827,DIRECT_TEXT,True,,,,,,
TADA.txt,archive-artifact,.txt,native-text,23179,DIRECT_TEXT,True,,,,,,
THE BIG US.txt,archive-artifact,.txt,native-text,386215,DIRECT_TEXT,True,,,,,,
THE FUNDAMENTAL INTUITIONS — EXTENDED 2.pdf,archive-artifact,.pdf,pdf,39879,DERIVED_TEXT_AVAILABLE,True,OK,_AUTO_EXTRACTED_TEXT/THE FUNDAMENTAL INTUITIONS — EXTENDED 2.txt,manifest-exact,PyMuPDF,12358,_AUTO_EXTRACTED_TEXT/_manifests/2026-09-10_root_pdf_extraction_pass_002.json
THE FUNDAMENTAL INTUITIONS — EXTENDED.pdf,archive-artifact,.pdf,pdf,39879,DERIVED_TEXT_AVAILABLE,True,OK,_AUTO_EXTRACTED_TEXT/THE FUNDAMENTAL INTUITIONS — EXTENDED.txt,manifest-exact,PyMuPDF,12358,_AUTO_EXTRACTED_TEXT/_manifests/2026-09-10_root_pdf_extraction_pass_002.json
THE LOGIC OF SAT.txt,archive-artifact,.txt,native-text,7531,DIRECT_TEXT,True,,,,,,
THE SEED 1 2.pdf,archive-artifact,.pdf,pdf,129601,DERIVED_TEXT_AVAILABLE,True,OK,_AUTO_EXTRACTED_TEXT/THE SEED 1 2.txt,manifest-exact,PyMuPDF,48139,_AUTO_EXTRACTED_TEXT/_manifests/2026-09-10_root_pdf_extraction_pass_002.json
THE SEED 1.pdf,archive-artifact,.pdf,pdf,129601,DERIVED_TEXT_AVAILABLE,True,OK,_AUTO_EXTRACTED_TEXT/THE SEED 1.txt,manifest-exact,PyMuPDF,48139,_AUTO_EXTRACTED_TEXT/_manifests/2026-09-10_root_pdf_extraction_pass_002.json
THE SEED 2.pdf,archive-artifact,.pdf,pdf,157310,DERIVED_TEXT_AVAILABLE,True,OK,_AUTO_EXTRACTED_TEXT/THE SEED 2.txt,manifest-exact,PyMuPDF,50807,_AUTO_EXTRACTED_TEXT/_manifests/2026-09-10_root_pdf_extraction_pass_002.json
THE SEED 3.pdf,archive-artifact,.pdf,pdf,157310,DERIVED_TEXT_AVAILABLE,True,OK,_AUTO_EXTRACTED_TEXT/THE SEED 3.txt,manifest-exact,PyMuPDF,50807,_AUTO_EXTRACTED_TEXT/_manifests/2026-09-10_root_pdf_extraction_pass_002.json
Test (1).pdf,archive-artifact,.pdf,pdf,350527,DERIVED_TEXT_AVAILABLE,True,OK,_AUTO_EXTRACTED_TEXT/Test (1).txt,manifest-exact,PyMuPDF,41305,_AUTO_EXTRACTED_TEXT/_manifests/2026-09-10_root_pdf_extraction_pass_002.json
Test.pdf,archive-artifact,.pdf,pdf,322966,DERIVED_TEXT_AVAILABLE,True,OK,_AUTO_EXTRACTED_TEXT/Test.txt,manifest-exact,PyMuPDF,38706,_AUTO_EXTRACTED_TEXT/_manifests/2026-09-10_root_pdf_extraction_pass_002.json
The radical insight of SAT.txt,archive-artifact,.txt,native-text,64186,DIRECT_TEXT,True,,,,,,
Theoretical Physicist's Article Review — raw.json,archive-artifact,.json,native-text,25122,DIRECT_TEXT,True,,,,,,
Theorizer_Emeritus_SAT_Development_Annotated.pdf,archive-artifact,.pdf,pdf,524933,DERIVED_TEXT_AVAILABLE,True,OK,_AUTO_EXTRACTED_TEXT/Theorizer_Emeritus_SAT_Development_Annotated.txt,manifest-exact,PyMuPDF,2183,_AUTO_EXTRACTED_TEXT/_manifests/2026-09-10_root_pdf_extraction_pass_002.json
Theory of Everything Review — raw.json,archive-artifact,.json,native-text,776230,DIRECT_TEXT,True,,,,,,
This integration plan addresses your query by detailing the necessary….pdf,archive-artifact,.pdf,pdf,93814,DERIVED_TEXT_AVAILABLE,True,OK,_AUTO_EXTRACTED_TEXT/This integration plan addresses your query by detailing the necessary….txt,manifest-exact,PyMuPDF,19565,_AUTO_EXTRACTED_TEXT/_manifests/2026-09-10_root_pdf_extraction_pass_002.json
Towards the Holy Grail.txt,archive-artifact,.txt,native-text,122453,DIRECT_TEXT,True,,,,,,
UI CONFIGURATION (nolat).pdf,archive-artifact,.pdf,pdf,104924,DERIVED_TEXT_AVAILABLE,True,OK,_AUTO_EXTRACTED_TEXT/UI CONFIGURATION (nolat).txt,manifest-exact,PyMuPDF,27453,_AUTO_EXTRACTED_TEXT/_manifests/2026-09-10_root_pdf_extraction_pass_002.json
UNIT CELL.pdf,archive-artifact,.pdf,pdf,221234,DERIVED_TEXT_AVAILABLE,True,OK,_AUTO_EXTRACTED_TEXT/UNIT CELL.txt,manifest-exact,PyMuPDF,57759,_AUTO_EXTRACTED_TEXT/_manifests/2026-09-10_root_pdf_extraction_pass_002.json
Universal Indicatrix in my words CHARACTERIZATION (Nolat).pdf,archive-artifact,.pdf,pdf,35766,DERIVED_TEXT_AVAILABLE,True,OK,_AUTO_EXTRACTED_TEXT/Universal Indicatrix in my words CHARACTERIZATION (Nolat).txt,manifest-exact,PyMuPDF,3550,_AUTO_EXTRACTED_TEXT/_manifests/2026-09-10_root_pdf_extraction_pass_002.json
VARIOUS LAGRANGIANS (speculative) 2.pdf,archive-artifact,.pdf,pdf,251685,DERIVED_TEXT_AVAILABLE,True,OK,_AUTO_EXTRACTED_TEXT/VARIOUS LAGRANGIANS (speculative) 2.txt,manifest-exact,PyMuPDF,66780,_AUTO_EXTRACTED_TEXT/_manifests/2026-09-10_root_pdf_extraction_pass_002.json
VARIOUS LAGRANGIANS (speculative).pdf,archive-artifact,.pdf,pdf,251685,DERIVED_TEXT_AVAILABLE,True,OK,_AUTO_EXTRACTED_TEXT/VARIOUS LAGRANGIANS (speculative).txt,manifest-exact,PyMuPDF,66780,_AUTO_EXTRACTED_TEXT/_manifests/2026-09-10_root_pdf_extraction_pass_002.json
VARIOUS_ITERATIONS,archive-artifact,,extensionless,1,UNKNOWN_OR_BINARY,True,,,,,,
VERBAL_THEORY.txt,archive-artifact,.txt,native-text,861,DIRECT_TEXT,True,,,,,,
VIEW FROM INSIDE/asstaxis.png,archive-artifact,.png,image,292652,NEEDS_EXTRACTION,True,,,,,,
VIEW FROM INSIDE/chatthink.png,archive-artifact,.png,image,122118,NEEDS_EXTRACTION,True,,,,,,
VIEW FROM INSIDE/delay_winding_map.png,archive-artifact,.png,image,282972,NEEDS_EXTRACTION,True,,,,,,
VIEW FROM INSIDE/external_embedding.png,archive-artifact,.png,image,196902,NEEDS_EXTRACTION,True,,,,,,
VIEW FROM INSIDE/five_image_montage.png,archive-artifact,.png,image,907122,NEEDS_EXTRACTION,True,,,,,,
VIEW FROM INSIDE/last_scattering_map.png,archive-artifact,.png,image,471044,NEEDS_EXTRACTION,True,,,,,,
VIEW FROM INSIDE/metric_tension_map.png,archive-artifact,.png,image,172004,NEEDS_EXTRACTION,True,,,,,,
VIEW FROM INSIDE/observed_sky_map.png,archive-artifact,.png,image,453700,NEEDS_EXTRACTION,True,,,,,,
"VISUALIZATIONS + SCREENSHOTS 2/ChatGPT Image Oct 29, 2025, 02_40_27 PM.png",archive-artifact,.png,image,1043728,NEEDS_EXTRACTION,True,,,,,,
VISUALIZATIONS + SCREENSHOTS 2/ConsensusPro.png,archive-artifact,.png,image,182992,NEEDS_EXTRACTION,True,,,,,,
VISUALIZATIONS + SCREENSHOTS 2/ConsensusPro2.png,archive-artifact,.png,image,32832,NEEDS_EXTRACTION,True,,,,,,
VISUALIZATIONS + SCREENSHOTS 2/ConsensusPro3.png,archive-artifact,.png,image,212722,NEEDS_EXTRACTION,True,,,,,,
VISUALIZATIONS + SCREENSHOTS 2/ConsensusPro4.png,archive-artifact,.png,image,235333,NEEDS_EXTRACTION,True,,,,,,
VISUALIZATIONS + SCREENSHOTS 2/Early_code_output.png,archive-artifact,.png,image,152483,NEEDS_EXTRACTION,True,,,,,,
VISUALIZATIONS + SCREENSHOTS 2/Early_code_output2.png,archive-artifact,.png,image,117318,NEEDS_EXTRACTION,True,,,,,,
VISUALIZATIONS + SCREENSHOTS 2/Early_code_output3.png,archive-artifact,.png,image,157985,NEEDS_EXTRACTION,True,,,,,,
VISUALIZATIONS + SCREENSHOTS 2/Early_code_output4.png,archive-artifact,.png,image,120644,NEEDS_EXTRACTION,True,,,,,,
VISUALIZATIONS + SCREENSHOTS 2/Early_code_output5.png,archive-artifact,.png,image,35746,NEEDS_EXTRACTION,True,,,,,,
VISUALIZATIONS + SCREENSHOTS 2/Early_code_output6.png,archive-artifact,.png,image,46677,NEEDS_EXTRACTION,True,,,,,,
VISUALIZATIONS + SCREENSHOTS 2/FUNDAMENTAL INTUITIONS MIND MAP.png,archive-artifact,.png,image,4087325,NEEDS_EXTRACTION,True,,,,,,
VISUALIZATIONS + SCREENSHOTS 2/ITS_A_GO.png,archive-artifact,.png,image,2725053,NEEDS_EXTRACTION,True,,,,,,
VISUALIZATIONS + SCREENSHOTS 2/Not_a_phot.PNG,archive-artifact,.png,image,1901021,NEEDS_EXTRACTION,True,,,,,,
VISUALIZATIONS + SCREENSHOTS 2/NotebookLM Mind Map.png,archive-artifact,.png,image,2725053,NEEDS_EXTRACTION,True,,,,,,
VISUALIZATIONS + SCREENSHOTS 2/borromean_link_rgb.gif,archive-artifact,.gif,image,492214,NEEDS_EXTRACTION,True,,,,,,
VISUALIZATIONS + SCREENSHOTS 2/ce51728e-410a-461c-b08a-8cb8a81373c7.png,archive-artifact,.png,image,1160826,NEEDS_EXTRACTION,True,,,,,,
VISUALIZATIONS + SCREENSHOTS 2/d9c2d113-61aa-4681-9d90-ad988bbb26f1.png,archive-artifact,.png,image,1699002,NEEDS_EXTRACTION,True,,,,,,
VISUALIZATIONS + SCREENSHOTS 2/ea41259c-edab-452c-8421-1c39fb0b6bf0.png,archive-artifact,.png,image,1379271,NEEDS_EXTRACTION,True,,,,,,
VISUALIZATIONS + SCREENSHOTS 2/hopf_link_red_cyan.gif,archive-artifact,.gif,image,461045,NEEDS_EXTRACTION,True,,,,,,
VISUALIZATIONS + SCREENSHOTS 2/output (1).png,archive-artifact,.png,image,74786,NEEDS_EXTRACTION,True,,,,,,
VISUALIZATIONS + SCREENSHOTS 2/output (10).png,archive-artifact,.png,image,148843,NEEDS_EXTRACTION,True,,,,,,
VISUALIZATIONS + SCREENSHOTS 2/output (11).png,archive-artifact,.png,image,105522,NEEDS_EXTRACTION,True,,,,,,
VISUALIZATIONS + SCREENSHOTS 2/output (12).png,archive-artifact,.png,image,150100,NEEDS_EXTRACTION,True,,,,,,
VISUALIZATIONS + SCREENSHOTS 2/output (13).png,archive-artifact,.png,image,128699,NEEDS_EXTRACTION,True,,,,,,
VISUALIZATIONS + SCREENSHOTS 2/output (14).png,archive-artifact,.png,image,107216,NEEDS_EXTRACTION,True,,,,,,
VISUALIZATIONS + SCREENSHOTS 2/output (15).png,archive-artifact,.png,image,87364,NEEDS_EXTRACTION,True,,,,,,
VISUALIZATIONS + SCREENSHOTS 2/output (16).png,archive-artifact,.png,image,197734,NEEDS_EXTRACTION,True,,,,,,
VISUALIZATIONS + SCREENSHOTS 2/output (17).png,archive-artifact,.png,image,197734,NEEDS_EXTRACTION,True,,,,,,
VISUALIZATIONS + SCREENSHOTS 2/output (18).png,archive-artifact,.png,image,193289,NEEDS_EXTRACTION,True,,,,,,
VISUALIZATIONS + SCREENSHOTS 2/output (19).png,archive-artifact,.png,image,244167,NEEDS_EXTRACTION,True,,,,,,
VISUALIZATIONS + SCREENSHOTS 2/output (2).png,archive-artifact,.png,image,108886,NEEDS_EXTRACTION,True,,,,,,
VISUALIZATIONS + SCREENSHOTS 2/output (20).png,archive-artifact,.png,image,148721,NEEDS_EXTRACTION,True,,,,,,
VISUALIZATIONS + SCREENSHOTS 2/output (3).png,archive-artifact,.png,image,398148,NEEDS_EXTRACTION,True,,,,,,
VISUALIZATIONS + SCREENSHOTS 2/output (4).png,archive-artifact,.png,image,198191,NEEDS_EXTRACTION,True,,,,,,
VISUALIZATIONS + SCREENSHOTS 2/output (5).png,archive-artifact,.png,image,182937,NEEDS_EXTRACTION,True,,,,,,
VISUALIZATIONS + SCREENSHOTS 2/output (6).png,archive-artifact,.png,image,315788,NEEDS_EXTRACTION,True,,,,,,
VISUALIZATIONS + SCREENSHOTS 2/output (7).png,archive-artifact,.png,image,475821,NEEDS_EXTRACTION,True,,,,,,
VISUALIZATIONS + SCREENSHOTS 2/output (8).png,archive-artifact,.png,image,148468,NEEDS_EXTRACTION,True,,,,,,
VISUALIZATIONS + SCREENSHOTS 2/output (9).png,archive-artifact,.png,image,486575,NEEDS_EXTRACTION,True,,,,,,
VISUALIZATIONS + SCREENSHOTS 3/SAT - BEFORE SAT PREDICTIONBOOK - 2012-11-29.PNG,archive-artifact,.png,image,302624,NEEDS_EXTRACTION,True,,,,,,
VISUALIZATIONS + SCREENSHOTS 3/SAT EARLY - CHATGPT MEMORY SAVED - 2024-11-8.PNG,archive-artifact,.png,image,214092,NEEDS_EXTRACTION,True,,,,,,
VISUALIZATIONS + SCREENSHOTS 3/SAT EARLY EARLY - 2023-5-28.PNG,archive-artifact,.png,image,141204,NEEDS_EXTRACTION,True,,,,,,
VISUALIZATIONS + SCREENSHOTS 3/SAT EARLY SYSTEMATICS 2 2025-4-6.PNG,archive-artifact,.png,image,161912,NEEDS_EXTRACTION,True,,,,,,
VISUALIZATIONS + SCREENSHOTS 3/SAT EARLY SYSTEMATICS 2025-4-4.PNG,archive-artifact,.png,image,174656,NEEDS_EXTRACTION,True,,,,,,
VISUALIZATIONS + SCREENSHOTS 3/SAT FIRST - 2024-3-24.PNG,archive-artifact,.png,image,157081,NEEDS_EXTRACTION,True,,,,,,
VISUALIZATIONS + SCREENSHOTS 3/SAT FIRST DIMGRAV - 2024.PNG,archive-artifact,.png,image,133563,NEEDS_EXTRACTION,True,,,,,,
VISUALIZATIONS + SCREENSHOTS 3/SAT FIRST Forces Temporal 2024-8-8.PNG,archive-artifact,.png,image,176976,NEEDS_EXTRACTION,True,,,,,,
VISUALIZATIONS + SCREENSHOTS 3/SAT FIRST MENTIONS 2.PNG,archive-artifact,.png,image,155173,NEEDS_EXTRACTION,True,,,,,,
VISUALIZATIONS + SCREENSHOTS 3/SAT FIRST MENTIONS.PNG,archive-artifact,.png,image,87077,NEEDS_EXTRACTION,True,,,,,,
VISUALIZATIONS + SCREENSHOTS 3/SAT FIRSTS - PT.PNG,archive-artifact,.png,image,152889,NEEDS_EXTRACTION,True,,,,,,
VISUALIZATIONS + SCREENSHOTS 3/SAT HIST - 2025-3-25.PNG,archive-artifact,.png,image,160097,NEEDS_EXTRACTION,True,,,,,,
VISUALIZATIONS + SCREENSHOTS 3/SAT HIST - FILE LIBRARY 2 2025 SUMMER - (ONEDRIVE).PNG,archive-artifact,.png,image,185174,NEEDS_EXTRACTION,True,,,,,,
VISUALIZATIONS + SCREENSHOTS 3/SAT HIST - FILE LIBRARY 2025 SUMMER  (ONEDRIVE).PNG,archive-artifact,.png,image,183956,NEEDS_EXTRACTION,True,,,,,,
VISUALIZATIONS + SCREENSHOTS 3/SAT HIST - FILE LIBRARY 3 2025 - SUMMER-FALL (ONEDRIVE).PNG,archive-artifact,.png,image,195672,NEEDS_EXTRACTION,True,,,,,,
VISUALIZATIONS + SCREENSHOTS 3/SAT HIST 2025-4-24 to 2025-6-24.PNG,archive-artifact,.png,image,220062,NEEDS_EXTRACTION,True,,,,,,
VISUALIZATIONS + SCREENSHOTS 3/SAT HIST 4-7-2025.PNG,archive-artifact,.png,image,155713,NEEDS_EXTRACTION,True,,,,,,
VISUALIZATIONS + SCREENSHOTS 3/SAT PREHIST 2024-11-12.PNG,archive-artifact,.png,image,176431,NEEDS_EXTRACTION,True,,,,,,
VISUALIZATIONS + SCREENSHOTS 3/SAT PREHIST 2025-3-3.PNG,archive-artifact,.png,image,176725,NEEDS_EXTRACTION,True,,,,,,
VISUALIZATIONS + SCREENSHOTS 3/SAT PREHISTORY - CHAT 1.PNG,archive-artifact,.png,image,176426,NEEDS_EXTRACTION,True,,,,,,
VISUALIZATIONS + SCREENSHOTS 3/SAT SYNTHESIS 2025-4-4.PNG,archive-artifact,.png,image,176541,NEEDS_EXTRACTION,True,,,,,,
VISUALIZATIONS + SCREENSHOTS 3/SAT SYSTEM - NAUT - 2025-4-6.PNG,archive-artifact,.png,image,180968,NEEDS_EXTRACTION,True,,,,,,
VISUALIZATIONS + SCREENSHOTS 3/SAT VERYFIRST 2024-3-13.PNG,archive-artifact,.png,image,114991,NEEDS_EXTRACTION,True,,,,,,
VISUALIZATIONS + SCREENSHOTS 3/SAT.png,archive-artifact,.png,image,5329302,NEEDS_EXTRACTION,True,,,,,,
VISUALIZATIONS + SCREENSHOTS 3/SATO Mind Map.png,archive-artifact,.png,image,7682759,NEEDS_EXTRACTION,True,,,,,,
VISUALIZATIONS + SCREENSHOTS 3/SATy_output2.png,archive-artifact,.png,image,37566,NEEDS_EXTRACTION,True,,,,,,
VISUALIZATIONS + SCREENSHOTS 3/SATy_viz_output.png,archive-artifact,.png,image,183076,NEEDS_EXTRACTION,True,,,,,,
VISUALIZATIONS + SCREENSHOTS 3/Screen Shot 2025-10-28 at 3.55.51 AM.png,archive-artifact,.png,image,457146,NEEDS_EXTRACTION,True,,,,,,
VISUALIZATIONS + SCREENSHOTS 3/Screen Shot 2026-03-07 at 4.48.30 AM.png,archive-artifact,.png,image,1250268,NEEDS_EXTRACTION,True,,,,,,
VISUALIZATIONS + SCREENSHOTS 3/Screen Shot 2026-03-07 at 4.49.00 AM.png,archive-artifact,.png,image,1248639,NEEDS_EXTRACTION,True,,,,,,
VISUALIZATIONS + SCREENSHOTS 3/Screen Shot 2026-03-07 at 4.49.25 AM.png,archive-artifact,.png,image,1193753,NEEDS_EXTRACTION,True,,,,,,
VISUALIZATIONS + SCREENSHOTS 3/Screen Shot 2026-03-07 at 4.49.45 AM.png,archive-artifact,.png,image,341831,NEEDS_EXTRACTION,True,,,,,,
VISUALIZATIONS + SCREENSHOTS 3/Screen Shot 2026-03-07 at 4.49.56 AM.png,archive-artifact,.png,image,368516,NEEDS_EXTRACTION,True,,,,,,
VISUALIZATIONS + SCREENSHOTS 3/Screen Shot 2026-03-07 at 4.50.24 AM.png,archive-artifact,.png,image,282605,NEEDS_EXTRACTION,True,,,,,,
VISUALIZATIONS + SCREENSHOTS 3/Screen Shot 2026-03-07 at 4.50.38 AM.png,archive-artifact,.png,image,1152527,NEEDS_EXTRACTION,True,,,,,,
VISUALIZATIONS + SCREENSHOTS 3/Screen Shot 2026-03-07 at 4.51.21 AM.png,archive-artifact,.png,image,1204206,NEEDS_EXTRACTION,True,,,,,,
VISUALIZATIONS + SCREENSHOTS 3/Screen Shot 2026-03-07 at 4.52.02 AM.png,archive-artifact,.png,image,1225897,NEEDS_EXTRACTION,True,,,,,,
VISUALIZATIONS + SCREENSHOTS 3/Screen Shot 2026-03-07 at 4.52.16 AM.png,archive-artifact,.png,image,1247944,NEEDS_EXTRACTION,True,,,,,,
VISUALIZATIONS + SCREENSHOTS 3/Screen Shot 2026-03-07 at 4.53.33 AM.png,archive-artifact,.png,image,490754,NEEDS_EXTRACTION,True,,,,,,
VISUALIZATIONS + SCREENSHOTS 3/Screen Shot 2026-03-07 at 4.53.41 AM.png,archive-artifact,.png,image,1322438,NEEDS_EXTRACTION,True,,,,,,
VISUALIZATIONS + SCREENSHOTS 3/Screen Shot 2026-03-07 at 4.54.27 AM.png,archive-artifact,.png,image,1092670,NEEDS_EXTRACTION,True,,,,,,
VISUALIZATIONS + SCREENSHOTS 3/Screen Shot 2026-03-07 at 4.54.53 AM.png,archive-artifact,.png,image,1171854,NEEDS_EXTRACTION,True,,,,,,
VISUALIZATIONS + SCREENSHOTS 3/Screen Shot 2026-03-10 at 12.49.32 AM.png,archive-artifact,.png,image,386906,NEEDS_EXTRACTION,True,,,,,,
VISUALIZATIONS + SCREENSHOTS 3/Screen Shot 2026-03-11 at 4.49.02 PM.png,archive-artifact,.png,image,60718,NEEDS_EXTRACTION,True,,,,,,
VISUALIZATIONS + SCREENSHOTS 3/Screen Shot 2026-04-25 at 10.14.09 AM.png,archive-artifact,.png,image,18238,NEEDS_EXTRACTION,True,,,,,,
VISUALIZATIONS + SCREENSHOTS 3/output (21).png,archive-artifact,.png,image,352863,NEEDS_EXTRACTION,True,,,,,,
VISUALIZATIONS + SCREENSHOTS 3/output (22).png,archive-artifact,.png,image,93250,NEEDS_EXTRACTION,True,,,,,,
VISUALIZATIONS + SCREENSHOTS 3/output (23).png,archive-artifact,.png,image,87720,NEEDS_EXTRACTION,True,,,,,,
VISUALIZATIONS + SCREENSHOTS 3/output (24).png,archive-artifact,.png,image,95895,NEEDS_EXTRACTION,True,,,,,,
VISUALIZATIONS + SCREENSHOTS 3/output (25).png,archive-artifact,.png,image,74516,NEEDS_EXTRACTION,True,,,,,,
VISUALIZATIONS + SCREENSHOTS 3/output.png,archive-artifact,.png,image,106342,NEEDS_EXTRACTION,True,,,,,,
VISUALIZATIONS + SCREENSHOTS 3/sat 2025-5-4.PNG,archive-artifact,.png,image,153713,NEEDS_EXTRACTION,True,,,,,,
VISUALIZATIONS + SCREENSHOTS 3/sat histy 2025-5-31.PNG,archive-artifact,.png,image,224456,NEEDS_EXTRACTION,True,,,,,,
VISUALIZATIONS + SCREENSHOTS 3/saty_output.png,archive-artifact,.png,image,93167,NEEDS_EXTRACTION,True,,,,,,
VISUALIZATIONS + SCREENSHOTS/00. Screen Shot 2026-06-10 at 10.55.52 AM.png,archive-artifact,.png,image,299273,NEEDS_EXTRACTION,True,,,,,,
VISUALIZATIONS + SCREENSHOTS/Screen Shot 2026-06-03 at 4.17.47 AM.png,archive-artifact,.png,image,277106,NEEDS_EXTRACTION,True,,,,,,
VISUALIZATIONS + SCREENSHOTS/Screen Shot 2026-06-03 at 4.17.49 AM.png,archive-artifact,.png,image,288373,NEEDS_EXTRACTION,True,,,,,,
VISUALIZATIONS + SCREENSHOTS/Screen Shot 2026-06-03 at 4.17.50 AM.png,archive-artifact,.png,image,293885,NEEDS_EXTRACTION,True,,,,,,
VISUALIZATIONS + SCREENSHOTS/Screen Shot 2026-06-03 at 4.17.52 AM.png,archive-artifact,.png,image,282430,NEEDS_EXTRACTION,True,,,,,,
VISUALIZATIONS + SCREENSHOTS/Screen Shot 2026-06-03 at 4.17.53 AM.png,archive-artifact,.png,image,285863,NEEDS_EXTRACTION,True,,,,,,
VISUALIZATIONS + SCREENSHOTS/Screen Shot 2026-06-03 at 4.17.54 AM.png,archive-artifact,.png,image,286608,NEEDS_EXTRACTION,True,,,,,,
VISUALIZATIONS + SCREENSHOTS/Screen Shot 2026-06-03 at 4.17.55 AM.png,archive-artifact,.png,image,282916,NEEDS_EXTRACTION,True,,,,,,
VISUALIZATIONS + SCREENSHOTS/Screen Shot 2026-06-03 at 4.17.57 AM.png,archive-artifact,.png,image,280328,NEEDS_EXTRACTION,True,,,,,,
VISUALIZATIONS + SCREENSHOTS/Screen Shot 2026-06-08 at 11.23.41 PM.png,archive-artifact,.png,image,241988,NEEDS_EXTRACTION,True,,,,,,
VISUALIZATIONS + SCREENSHOTS/Screen Shot 2026-06-08 at 11.23.57 PM.png,archive-artifact,.png,image,327263,NEEDS_EXTRACTION,True,,,,,,
VISUALIZATIONS + SCREENSHOTS/Screen Shot 2026-06-08 at 11.24.13 PM.png,archive-artifact,.png,image,264791,NEEDS_EXTRACTION,True,,,,,,
VISUALIZATIONS + SCREENSHOTS/Screen Shot 2026-06-08 at 11.24.20 PM.png,archive-artifact,.png,image,92606,NEEDS_EXTRACTION,True,,,,,,
VISUALIZATIONS + SCREENSHOTS/Screen Shot 2026-06-08 at 11.24.59 PM.png,archive-artifact,.png,image,359058,NEEDS_EXTRACTION,True,,,,,,
VISUALIZATIONS + SCREENSHOTS/Screen Shot 2026-06-08 at 11.25.12 PM.png,archive-artifact,.png,image,167797,NEEDS_EXTRACTION,True,,,,,,
VISUALIZATIONS + SCREENSHOTS/Screen Shot 2026-06-08 at 11.25.26 PM.png,archive-artifact,.png,image,583716,NEEDS_EXTRACTION,True,,,,,,
VISUALIZATIONS + SCREENSHOTS/Screen Shot 2026-06-10 at 10.56.01 AM.png,archive-artifact,.png,image,314358,NEEDS_EXTRACTION,True,,,,,,
VISUALIZATIONS + SCREENSHOTS/Screen Shot 2026-06-10 at 11.11.36 AM.png,archive-artifact,.png,image,204782,NEEDS_EXTRACTION,True,,,,,,
VISUALIZATIONS + SCREENSHOTS/Screen Shot 2026-06-10 at 11.11.57 AM.png,archive-artifact,.png,image,204669,NEEDS_EXTRACTION,True,,,,,,
VISUALIZATIONS + SCREENSHOTS/Screen Shot 2026-06-10 at 11.12.31 AM.png,archive-artifact,.png,image,206500,NEEDS_EXTRACTION,True,,,,,,
VISUALIZATIONS + SCREENSHOTS/Screen Shot 2026-06-10 at 11.14.55 AM.png,archive-artifact,.png,image,270526,NEEDS_EXTRACTION,True,,,,,,
VISUALIZATIONS + SCREENSHOTS/Screen Shot 2026-06-10 at 11.19.09 AM.png,archive-artifact,.png,image,277178,NEEDS_EXTRACTION,True,,,,,,
VISUALIZATIONS + SCREENSHOTS/Screen Shot 2026-06-10 at 11.19.37 AM.png,archive-artifact,.png,image,322741,NEEDS_EXTRACTION,True,,,,,,
VISUALIZATIONS + SCREENSHOTS/Screen Shot 2026-06-10 at 11.19.44 AM.png,archive-artifact,.png,image,244809,NEEDS_EXTRACTION,True,,,,,,
VISUALIZATIONS + SCREENSHOTS/Screen Shot 2026-06-10 at 11.19.46 AM.png,archive-artifact,.png,image,304389,NEEDS_EXTRACTION,True,,,,,,
VISUALIZATIONS + SCREENSHOTS/Screen Shot 2026-06-10 at 11.19.53 AM.png,archive-artifact,.png,image,228070,NEEDS_EXTRACTION,True,,,,,,
VISUALIZATIONS + SCREENSHOTS/Screen Shot 2026-06-10 at 11.20.09 AM.png,archive-artifact,.png,image,333638,NEEDS_EXTRACTION,True,,,,,,
VISUALIZATIONS + SCREENSHOTS/Screen Shot 2026-06-10 at 11.20.21 AM.png,archive-artifact,.png,image,318268,NEEDS_EXTRACTION,True,,,,,,
VISUALIZATIONS + SCREENSHOTS/Screen Shot 2026-06-10 at 11.20.28 AM.png,archive-artifact,.png,image,288813,NEEDS_EXTRACTION,True,,,,,,
VISUALIZATIONS + SCREENSHOTS/Screen Shot 2026-06-10 at 11.20.51 AM.png,archive-artifact,.png,image,326688,NEEDS_EXTRACTION,True,,,,,,
VISUALIZATIONS + SCREENSHOTS/Screen Shot 2026-06-10 at 11.21.51 AM.png,archive-artifact,.png,image,249994,NEEDS_EXTRACTION,True,,,,,,
VISUALIZATIONS + SCREENSHOTS/Screen Shot 2026-06-10 at 11.21.56 AM.png,archive-artifact,.png,image,336936,NEEDS_EXTRACTION,True,,,,,,
VISUALIZATIONS + SCREENSHOTS/Screen Shot 2026-06-10 at 11.22.03 AM.png,archive-artifact,.png,image,231493,NEEDS_EXTRACTION,True,,,,,,
VISUALIZATIONS + SCREENSHOTS/Screen Shot 2026-06-10 at 11.22.09 AM.png,archive-artifact,.png,image,286042,NEEDS_EXTRACTION,True,,,,,,
VISUALIZATIONS + SCREENSHOTS/Screen Shot 2026-06-10 at 11.22.13 AM.png,archive-artifact,.png,image,321540,NEEDS_EXTRACTION,True,,,,,,
VISUALIZATIONS + SCREENSHOTS/Screen Shot 2026-06-10 at 11.22.29 AM.png,archive-artifact,.png,image,232053,NEEDS_EXTRACTION,True,,,,,,
VISUALIZATIONS + SCREENSHOTS/Screen Shot 2026-06-10 at 11.22.39 AM.png,archive-artifact,.png,image,219929,NEEDS_EXTRACTION,True,,,,,,
VISUALIZATIONS + SCREENSHOTS/Screen Shot 2026-06-10 at 11.22.53 AM.png,archive-artifact,.png,image,236514,NEEDS_EXTRACTION,True,,,,,,
VISUALIZATIONS + SCREENSHOTS/Screen Shot 2026-06-10 at 11.23.28 AM.png,archive-artifact,.png,image,316160,NEEDS_EXTRACTION,True,,,,,,
VISUALIZATIONS + SCREENSHOTS/Screen Shot 2026-06-10 at 11.23.36 AM.png,archive-artifact,.png,image,325567,NEEDS_EXTRACTION,True,,,,,,
VISUALIZATIONS + SCREENSHOTS/Screen Shot 2026-06-10 at 11.27.39 AM.png,archive-artifact,.png,image,322173,NEEDS_EXTRACTION,True,,,,,,
VISUALIZATIONS + SCREENSHOTS/Screen Shot 2026-06-10 at 11.27.49 AM.png,archive-artifact,.png,image,256768,NEEDS_EXTRACTION,True,,,,,,
VISUALIZATIONS + SCREENSHOTS/Screen Shot 2026-06-10 at 11.28.42 AM.png,archive-artifact,.png,image,274524,NEEDS_EXTRACTION,True,,,,,,
VISUALIZATIONS + SCREENSHOTS/Screen Shot 2026-06-10 at 11.28.52 AM.png,archive-artifact,.png,image,289128,NEEDS_EXTRACTION,True,,,,,,
VISUALIZATIONS + SCREENSHOTS/Screen Shot 2026-06-10 at 11.28.58 AM.png,archive-artifact,.png,image,287323,NEEDS_EXTRACTION,True,,,,,,
VISUALIZATIONS + SCREENSHOTS/Screen Shot 2026-06-10 at 11.29.07 AM.png,archive-artifact,.png,image,306709,NEEDS_EXTRACTION,True,,,,,,
VISUALIZATIONS + SCREENSHOTS/Screen Shot 2026-06-10 at 11.29.12 AM.png,archive-artifact,.png,image,365741,NEEDS_EXTRACTION,True,,,,,,
VISUALIZATIONS + SCREENSHOTS/Screen Shot 2026-06-10 at 11.30.17 AM.png,archive-artifact,.png,image,229517,NEEDS_EXTRACTION,True,,,,,,
VISUALIZATIONS + SCREENSHOTS/Screen Shot 2026-06-10 at 11.30.53 AM.png,archive-artifact,.png,image,251168,NEEDS_EXTRACTION,True,,,,,,
VISUALIZATIONS + SCREENSHOTS/Screen Shot 2026-06-10 at 11.31.14 AM.png,archive-artifact,.png,image,279251,NEEDS_EXTRACTION,True,,,,,,
VISUALIZATIONS + SCREENSHOTS/Screen Shot 2026-06-10 at 11.32.01 AM.png,archive-artifact,.png,image,303615,NEEDS_EXTRACTION,True,,,,,,
VISUALIZATIONS + SCREENSHOTS/Screen Shot 2026-06-10 at 11.32.15 AM.png,archive-artifact,.png,image,275272,NEEDS_EXTRACTION,True,,,,,,
VISUALIZATIONS + SCREENSHOTS/Screen Shot 2026-06-10 at 11.32.37 AM.png,archive-artifact,.png,image,248248,NEEDS_EXTRACTION,True,,,,,,
VISUALIZATIONS + SCREENSHOTS/Screen Shot 2026-06-10 at 11.33.14 AM.png,archive-artifact,.png,image,244692,NEEDS_EXTRACTION,True,,,,,,
VISUALIZATIONS + SCREENSHOTS/Screen Shot 2026-06-10 at 11.38.49 AM.png,archive-artifact,.png,image,271063,NEEDS_EXTRACTION,True,,,,,,
VISUALIZATIONS + SCREENSHOTS/theta_viz.png,archive-artifact,.png,image,55915,NEEDS_EXTRACTION,True,,,,,,
Visualizations (Mark V era)/Predicted Optical Transmission Structured Domain Wall.jpg,archive-artifact,.jpg,image,117318,NEEDS_EXTRACTION,True,,,,,,
Visualizations (Mark V era)/Static Soliton.png,archive-artifact,.png,image,73906,NEEDS_EXTRACTION,True,,,,,,
Visualizations (Mark V era)/angular variance in optical theta.jpg,archive-artifact,.jpg,image,152483,NEEDS_EXTRACTION,True,,,,,,
Visualizations (O.4D era)/3805b880-f063-4fdd-a2f0-a23b0ed0a2cf.png,archive-artifact,.png,image,2541068,NEEDS_EXTRACTION,True,,,,,,
Visualizations (O.4D era)/42895710-44b7-452c-9719-68887e48bd41.png,archive-artifact,.png,image,1314541,NEEDS_EXTRACTION,True,,,,,,
Visualizations (O.4D era)/5ad3c7ea-ba9f-4eb8-8dca-869e5c4cfb01.png,archive-artifact,.png,image,1245081,NEEDS_EXTRACTION,True,,,,,,
Visualizations (O.4D era)/63318974-5139-4412-9cd0-9a7b407386c5.png,archive-artifact,.png,image,1302684,NEEDS_EXTRACTION,True,,,,,,
Visualizations (O.4D era)/FULL BUILDOUT.png,archive-artifact,.png,image,13372443,NEEDS_EXTRACTION,True,,,,,,
Visualizations (O.4D era)/Misalignment Angle.png,archive-artifact,.png,image,96489,NEEDS_EXTRACTION,True,,,,,,
Visualizations (O.4D era)/NotebookLM Mind Map.png,archive-artifact,.png,image,3108746,NEEDS_EXTRACTION,True,,,,,,
Visualizations (O.4D era)/SAT.4D Deep Dive Pronunciation Guide.pdf,archive-artifact,.pdf,pdf,112037,NEEDS_EXTRACTION,True,,,,,,
Visualizations (O.4D era)/SAT4D_MindMap.png,archive-artifact,.png,image,11405333,NEEDS_EXTRACTION,True,,,,,,
Visualizations (O.4D era)/SAT_4D-Sketch.pdf,archive-artifact,.pdf,pdf,305464,NEEDS_EXTRACTION,True,,,,,,
Visualizations (O.4D era)/SAT_4D_LEGACY_REFERENCE.pdf,archive-artifact,.pdf,pdf,459067,DERIVED_TEXT_AVAILABLE,True,LEGACY_NAME_MATCH,_AUTO_EXTRACTED_TEXT/SAT_4D_LEGACY_REFERENCE.txt,legacy-basename-unique,,,
Visualizations (O.4D era)/SAT_4D_LIVE.pdf,archive-artifact,.pdf,pdf,318744,NEEDS_EXTRACTION,True,,,,,,
Visualizations (O.4D era)/SAT_4D_LIVE_DRAFT-10Jul2025 - Copy.pdf,archive-artifact,.pdf,pdf,472047,DERIVED_TEXT_AVAILABLE,True,LEGACY_NAME_MATCH,_AUTO_EXTRACTED_TEXT/SAT_4D_LIVE_DRAFT-10Jul2025 - Copy.txt,legacy-basename-unique,,,
Visualizations (O.4D era)/SAT_ATTEMPTED_FORMALIZATION.pdf,archive-artifact,.pdf,pdf,1077897,NEEDS_EXTRACTION,True,,,,,,
Visualizations (O.4D era)/SAT_CLEAN (1).pdf,archive-artifact,.pdf,pdf,407677,NEEDS_EXTRACTION,True,,,,,,
Visualizations (O.4D era)/SAT_CLEAN-eval.pdf,archive-artifact,.pdf,pdf,311482,NEEDS_EXTRACTION,True,,,,,,
Visualizations (O.4D era)/SAT_CLEAN.pdf,archive-artifact,.pdf,pdf,243930,DERIVED_TEXT_AVAILABLE,True,LEGACY_NAME_MATCH,_AUTO_EXTRACTED_TEXT/SAT_CLEAN.txt,legacy-basename-unique,,,
Visualizations (O.4D era)/SAT_CLEAN_LIVE.pdf,archive-artifact,.pdf,pdf,328128,NEEDS_EXTRACTION,True,,,,,,
Visualizations (O.4D era)/SAT_DATA_FITS.pdf,archive-artifact,.pdf,pdf,175833,DERIVED_TEXT_AVAILABLE,True,LEGACY_NAME_MATCH,_AUTO_EXTRACTED_TEXT/SAT_DATA_FITS.txt,legacy-basename-unique,,,
Visualizations (O.4D era)/SAT_Earliest_Notebook_2003_Documented.pdf,archive-artifact,.pdf,pdf,7712005,NEEDS_EXTRACTION,True,,,,,,
Visualizations (O.4D era)/SAT_FULL_BUILDOUT.pdf,archive-artifact,.pdf,pdf,488753,NEEDS_EXTRACTION,True,,,,,,
Visualizations (O.4D era)/SAT_Full_Annotated_Visual_Archive.pdf,archive-artifact,.pdf,pdf,25206600,NEEDS_EXTRACTION,True,,,,,,
Visualizations (O.4D era)/SAT_Full_Visual_Archive_With_Extras_REVISED.pdf,archive-artifact,.pdf,pdf,13189878,NEEDS_EXTRACTION,True,,,,,,
Visualizations (O.4D era)/SAT_O1.pdf,archive-artifact,.pdf,pdf,150401,DERIVED_TEXT_AVAILABLE,True,LEGACY_NAME_MATCH,_AUTO_EXTRACTED_TEXT/SAT_O1.txt,legacy-basename-unique,,,
Visualizations (O.4D era)/SAT_O2.pdf,archive-artifact,.pdf,pdf,162528,DERIVED_TEXT_AVAILABLE,True,LEGACY_NAME_MATCH,_AUTO_EXTRACTED_TEXT/SAT_O2.txt,legacy-basename-unique,,,
Visualizations (O.4D era)/SAT_O3.pdf,archive-artifact,.pdf,pdf,115477,DERIVED_TEXT_AVAILABLE,True,LEGACY_NAME_MATCH,_AUTO_EXTRACTED_TEXT/SAT_O3.txt,legacy-basename-unique,,,
Visualizations (O.4D era)/SAT_O4.pdf,archive-artifact,.pdf,pdf,150740,DERIVED_TEXT_AVAILABLE,True,LEGACY_NAME_MATCH,_AUTO_EXTRACTED_TEXT/SAT_O4.txt,legacy-basename-unique,,,
Visualizations (O.4D era)/SAT_O5.pdf,archive-artifact,.pdf,pdf,152388,DERIVED_TEXT_AVAILABLE,True,LEGACY_NAME_MATCH,_AUTO_EXTRACTED_TEXT/SAT_O5.txt,legacy-basename-unique,,,
Visualizations (O.4D era)/SAT_O6.pdf,archive-artifact,.pdf,pdf,119592,DERIVED_TEXT_AVAILABLE,True,LEGACY_NAME_MATCH,_AUTO_EXTRACTED_TEXT/SAT_O6.txt,legacy-basename-unique,,,
Visualizations (O.4D era)/SAT_O7_tentative.pdf,archive-artifact,.pdf,pdf,166113,DERIVED_TEXT_AVAILABLE,True,LEGACY_NAME_MATCH,_AUTO_EXTRACTED_TEXT/SAT_O7_tentative.txt,legacy-basename-unique,,,
Visualizations (O.4D era)/SAT_O7_time_tentative.pdf,archive-artifact,.pdf,pdf,169065,NEEDS_EXTRACTION,True,,,,,,
Visualizations (O.4D era)/SAT_O_Glossary_1.pdf,archive-artifact,.pdf,pdf,129701,DERIVED_TEXT_AVAILABLE,True,LEGACY_NAME_MATCH,_AUTO_EXTRACTED_TEXT/SAT_O_Glossary_1.txt,legacy-basename-unique,,,
Visualizations (O.4D era)/SAT_REWRITE (1).pdf,archive-artifact,.pdf,pdf,5305098,NEEDS_EXTRACTION,True,,,,,,
Visualizations (O.4D era)/SAT_REWRITE.pdf,archive-artifact,.pdf,pdf,5329850,NEEDS_EXTRACTION,True,,,,,,
Visualizations (O.4D era)/SAT_ST_integration_test.pdf,archive-artifact,.pdf,pdf,393387,DERIVED_TEXT_AVAILABLE,True,LEGACY_NAME_MATCH,_AUTO_EXTRACTED_TEXT/SAT_ST_integration_test.txt,legacy-basename-unique,,,
Visualizations (O.4D era)/SAT_Visual_Archive_FULL_Captioned_RETRY.pdf,archive-artifact,.pdf,pdf,12016863,NEEDS_EXTRACTION,True,,,,,,
Visualizations (O.4D era)/Test (1).pdf,archive-artifact,.pdf,pdf,350527,DERIVED_TEXT_AVAILABLE,True,LEGACY_NAME_MATCH,_AUTO_EXTRACTED_TEXT/Test (1).txt,legacy-basename-unique,,,
Visualizations (O.4D era)/Test.pdf,archive-artifact,.pdf,pdf,322966,DERIVED_TEXT_AVAILABLE,True,LEGACY_NAME_MATCH,_AUTO_EXTRACTED_TEXT/Test.txt,legacy-basename-unique,,,
Visualizations (O.4D era)/TopologicalBarrier.png,archive-artifact,.png,image,119446,NEEDS_EXTRACTION,True,,,,,,
Visualizations (O.4D era)/a6207c91-ebaa-4cc8-b7d3-73ce995abef5.png,archive-artifact,.png,image,1617763,NEEDS_EXTRACTION,True,,,,,,
Visualizations (O.4D era)/eigenvalues.png,archive-artifact,.png,image,31989,NEEDS_EXTRACTION,True,,,,,,
Visualizations (O.4D era)/localizedmetricoutput (1).png,archive-artifact,.png,image,103678,NEEDS_EXTRACTION,True,,,,,,
Visualizations (O.4D era)/output (1).png,archive-artifact,.png,image,71968,NEEDS_EXTRACTION,True,,,,,,
Visualizations (O.4D era)/output (10).png,archive-artifact,.png,image,291643,NEEDS_EXTRACTION,True,,,,,,
Visualizations (O.4D era)/output (11).png,archive-artifact,.png,image,301197,NEEDS_EXTRACTION,True,,,,,,
Visualizations (O.4D era)/output (12).png,archive-artifact,.png,image,306110,NEEDS_EXTRACTION,True,,,,,,
Visualizations (O.4D era)/output (13).png,archive-artifact,.png,image,263361,NEEDS_EXTRACTION,True,,,,,,
Visualizations (O.4D era)/output (14).png,archive-artifact,.png,image,261953,NEEDS_EXTRACTION,True,,,,,,
Visualizations (O.4D era)/output (15).png,archive-artifact,.png,image,259150,NEEDS_EXTRACTION,True,,,,,,
Visualizations (O.4D era)/output (16).png,archive-artifact,.png,image,125547,NEEDS_EXTRACTION,True,,,,,,
Visualizations (O.4D era)/output (2).png,archive-artifact,.png,image,131066,NEEDS_EXTRACTION,True,,,,,,
Visualizations (O.4D era)/output (3).png,archive-artifact,.png,image,114386,NEEDS_EXTRACTION,True,,,,,,
Visualizations (O.4D era)/output (4).png,archive-artifact,.png,image,99076,NEEDS_EXTRACTION,True,,,,,,
Visualizations (O.4D era)/output (5).png,archive-artifact,.png,image,288787,NEEDS_EXTRACTION,True,,,,,,
Visualizations (O.4D era)/output (6).png,archive-artifact,.png,image,275436,NEEDS_EXTRACTION,True,,,,,,
Visualizations (O.4D era)/output (7).png,archive-artifact,.png,image,266278,NEEDS_EXTRACTION,True,,,,,,
Visualizations (O.4D era)/output (8).png,archive-artifact,.png,image,287903,NEEDS_EXTRACTION,True,,,,,,
Visualizations (O.4D era)/output (9).png,archive-artifact,.png,image,288787,NEEDS_EXTRACTION,True,,,,,,
Visualizations (O.4D era)/output.png,archive-artifact,.png,image,75361,NEEDS_EXTRACTION,True,,,,,,
Visualizations (O.4D era)/phase_vii_output.png,archive-artifact,.png,image,85701,NEEDS_EXTRACTION,True,,,,,,
Visualizations (O.4D era)/refractive_index_modulation.png,archive-artifact,.png,image,158998,NEEDS_EXTRACTION,True,,,,,,
Visualizations (O.4D era)/riccioutput (1).png,archive-artifact,.png,image,103678,NEEDS_EXTRACTION,True,,,,,,
WHIRLIGIG -- REDEFINING SUCCESS.txt,archive-artifact,.txt,native-text,268666,DIRECT_TEXT,False,,,,,,
WHIRLIGIG SUMMARY (nolat).pdf,archive-artifact,.pdf,pdf,3256732,DERIVED_TEXT_AVAILABLE,True,OK,_AUTO_EXTRACTED_TEXT/WHIRLIGIG SUMMARY (nolat).txt,manifest-exact,OCRmyPDF + PyMuPDF,19968,_AUTO_EXTRACTED_TEXT/_manifests/2026-09-10_root_pdf_extraction_pass_002.json
WHIRLIGIG SUMMARY-1.pdf,archive-artifact,.pdf,pdf,3256732,DERIVED_TEXT_AVAILABLE,True,OK,_AUTO_EXTRACTED_TEXT/WHIRLIGIG SUMMARY-1.txt,manifest-exact,OCRmyPDF + PyMuPDF,19968,_AUTO_EXTRACTED_TEXT/_manifests/2026-09-10_root_pdf_extraction_pass_002.json
WORKING_GROUP_1.txt,archive-artifact,.txt,native-text,30265,DIRECT_TEXT,False,,,,,,
WORLDTUBE THOUGTS.txt,archive-artifact,.txt,native-text,22662,DIRECT_TEXT,True,,,,,,
Wanna_Bounce_.pdf,archive-artifact,.pdf,pdf,670811,DERIVED_TEXT_AVAILABLE,True,OK,_AUTO_EXTRACTED_TEXT/Wanna_Bounce_.txt,manifest-exact,PyMuPDF,99395,_AUTO_EXTRACTED_TEXT/_manifests/2026-09-10_root_pdf_extraction_pass_002.json
Wavefront_BrainTrust_Captioned.pdf,archive-artifact,.pdf,pdf,420035,DERIVED_TEXT_AVAILABLE,True,OK,_AUTO_EXTRACTED_TEXT/Wavefront_BrainTrust_Captioned.txt,manifest-exact,PyMuPDF,1377,_AUTO_EXTRACTED_TEXT/_manifests/2026-09-10_root_pdf_extraction_pass_002.json
Whirligig SAT Framework — raw.json,archive-artifact,.json,native-text,43786,DIRECT_TEXT,True,,,,,,
Worldlines.txt,archive-artifact,.txt,native-text,41828,DIRECT_TEXT,True,,,,,,
[VISUAL_INSP].pdf,archive-artifact,.pdf,pdf,2566917,DERIVED_TEXT_AVAILABLE,True,OK,_AUTO_EXTRACTED_TEXT/[VISUAL_INSP].txt,manifest-exact,OCRmyPDF + PyMuPDF,474,_AUTO_EXTRACTED_TEXT/_manifests/2026-09-10_root_pdf_extraction_pass_002.json
[[H(s)H continuous_ns_whirligig]].zip,archive-artifact,.zip,archive-container,7157328,NEEDS_CONTAINER_INSPECTION,True,,,,,,
[[H(s)H continuous_ns_whirligig_solver_source]].zip,archive-artifact,.zip,archive-container,9573,NEEDS_CONTAINER_INSPECTION,True,,,,,,
[[H(s)H continuous_whirligig_v1]].zip,archive-artifact,.zip,archive-container,5876522,NEEDS_CONTAINER_INSPECTION,True,,,,,,
[[H(s)H hsh_spherical_backend_v0.1]].zip,archive-artifact,.zip,archive-container,20569,NEEDS_CONTAINER_INSPECTION,True,,,,,,
[[H(s)H live_scan_smoke_v033_test3_results]].zip,archive-artifact,.zip,archive-container,3572887,NEEDS_CONTAINER_INSPECTION,True,,,,,,
[[H(s)H runs]]/baseline/01_sphere_state_curves.png,archive-artifact,.png,image,251063,NEEDS_EXTRACTION,True,,,,,,
[[H(s)H runs]]/baseline/02_whirlygig_torus_trace_limited.png,archive-artifact,.png,image,416687,NEEDS_EXTRACTION,True,,,,,,
[[H(s)H runs]]/baseline/02_whirlygig_torus_trace_raw.png,archive-artifact,.png,image,452456,NEEDS_EXTRACTION,True,,,,,,
[[H(s)H runs]]/baseline/03_residual_profile.png,archive-artifact,.png,image,61345,NEEDS_EXTRACTION,True,,,,,,
[[H(s)H runs]]/baseline/04_limiter_profile.png,archive-artifact,.png,image,45643,NEEDS_EXTRACTION,True,,,,,,
[[H(s)H runs]]/baseline/curvy_lisa_trace.csv,archive-artifact,.csv,native-text,74117,DIRECT_TEXT,True,,,,,,
[[H(s)H runs]]/baseline/residual_scan.csv,archive-artifact,.csv,native-text,1875,DIRECT_TEXT,True,,,,,,
[[H(s)H runs]]/baseline/run_report.json,archive-artifact,.json,native-text,15653,DIRECT_TEXT,True,,,,,,
[[H(s)H runs]]/baseline/sphere_curves.csv,archive-artifact,.csv,native-text,44196,DIRECT_TEXT,True,,,,,,
[[H(s)H runs]]/baseline/target_equations.txt,archive-artifact,.txt,native-text,680,DIRECT_TEXT,True,,,,,,
[[H(s)H runs]]/eps005/01_sphere_state_curves.png,archive-artifact,.png,image,243425,NEEDS_EXTRACTION,True,,,,,,
[[H(s)H runs]]/eps005/02_whirlygig_torus_trace_limited.png,archive-artifact,.png,image,416149,NEEDS_EXTRACTION,True,,,,,,
[[H(s)H runs]]/eps005/03_residual_profile.png,archive-artifact,.png,image,59983,NEEDS_EXTRACTION,True,,,,,,
[[H(s)H runs]]/eps005/04_limiter_profile.png,archive-artifact,.png,image,45379,NEEDS_EXTRACTION,True,,,,,,
[[H(s)H runs]]/eps005/curvy_lisa_trace.csv,archive-artifact,.csv,native-text,111218,DIRECT_TEXT,True,,,,,,
[[H(s)H runs]]/eps005/residual_scan.csv,archive-artifact,.csv,native-text,3278,DIRECT_TEXT,True,,,,,,
[[H(s)H runs]]/eps005/run_report.json,archive-artifact,.json,native-text,20228,DIRECT_TEXT,True,,,,,,
[[H(s)H runs]]/eps005/sphere_curves.csv,archive-artifact,.csv,native-text,66297,DIRECT_TEXT,True,,,,,,
[[H(s)H runs]]/eps005/target_equations.txt,archive-artifact,.txt,native-text,680,DIRECT_TEXT,True,,,,,,
[[H(s)H runs]]/smoke/01_sphere_state_curves.png,archive-artifact,.png,image,250745,NEEDS_EXTRACTION,True,,,,,,
[[H(s)H runs]]/smoke/02_whirlygig_torus_trace_limited.png,archive-artifact,.png,image,407073,NEEDS_EXTRACTION,True,,,,,,
[[H(s)H runs]]/smoke/03_residual_profile.png,archive-artifact,.png,image,58671,NEEDS_EXTRACTION,True,,,,,,
[[H(s)H runs]]/smoke/04_limiter_profile.png,archive-artifact,.png,image,46445,NEEDS_EXTRACTION,True,,,,,,
[[H(s)H runs]]/smoke/curvy_lisa_trace.csv,archive-artifact,.csv,native-text,18526,DIRECT_TEXT,True,,,,,,
[[H(s)H runs]]/smoke/residual_scan.csv,archive-artifact,.csv,native-text,452,DIRECT_TEXT,True,,,,,,
[[H(s)H runs]]/smoke/run_report.json,archive-artifact,.json,native-text,7291,DIRECT_TEXT,True,,,,,,
[[H(s)H runs]]/smoke/sphere_curves.csv,archive-artifact,.csv,native-text,11025,DIRECT_TEXT,True,,,,,,
[[H(s)H runs]]/smoke/target_equations.txt,archive-artifact,.txt,native-text,680,DIRECT_TEXT,True,,,,,,
[[SAT PARADIGM]]/SAT ARCHIVE — ARCHIVE CHAT.txt,archive-artifact,.txt,native-text,89014,DIRECT_TEXT,True,,,,,,
[[SAT PARADIGM]]/SAT PARADIGM arX — ARXIV ROUNDUP.txt,archive-artifact,.txt,native-text,31482,DIRECT_TEXT,True,,,,,,
[[SAT PARADIGM]]/SAT PARADIGM arX — GENERAL RELATIVITY.txt,archive-artifact,.txt,native-text,150800,DIRECT_TEXT,True,,,,,,
[[SAT PARADIGM]]/SAT PARADIGM arX — HUMAN-COMPUTER INTERACTION.txt,archive-artifact,.txt,native-text,19489,DIRECT_TEXT,True,,,,,,
[[SAT PARADIGM]]/SAT PARADIGM arX — arXiv stats.txt,archive-artifact,.txt,native-text,6742,DIRECT_TEXT,True,,,,,,
[[SAT PARADIGM]]/SAT PODCAST — DEBATING AI BIG STATS.txt,archive-artifact,.txt,native-text,30431,DIRECT_TEXT,True,,,,,,
[[SAT PARADIGM]]/SAT PODCAST — recent podcasts .txt,archive-artifact,.txt,native-text,5962,DIRECT_TEXT,True,,,,,,
[[SAT PARADIGM]]/SAT TIMELINE [old].txt,archive-artifact,.txt,native-text,210244,DIRECT_TEXT,True,,,,,,
[[SAT26 TOOLBOX]]/H(s)H FIRST BUILD.txt,archive-artifact,.txt,native-text,199916,DIRECT_TEXT,True,,,,,,
[[SAT26 TOOLBOX]]/H(s)H STRUCTURAL SKETCH.txt,archive-artifact,.txt,native-text,249702,DIRECT_TEXT,True,,,,,,
[[SAT26 TOOLBOX]]/HsH SUGGESTIONS + RECCOMENDATIONS.txt,archive-artifact,.txt,native-text,99659,DIRECT_TEXT,True,,,,,,
[[SAT26 TOOLBOX]]/HsHtoolkit_manifest.csv,archive-artifact,.csv,native-text,11469,DIRECT_TEXT,True,,,,,,
[[SAT26 TOOLBOX]]/SAT to H(s)H TRANSITION.txt,archive-artifact,.txt,native-text,1261607,DIRECT_TEXT,True,,,,,,
[[SAT26 TOOLBOX]]/SAT26 MATH ROUNDUP.txt,archive-artifact,.txt,native-text,4425,DIRECT_TEXT,True,,,,,,
[[SAT26 TOOLBOX]]/SAT26 THOUGHTS ROUNDUP.txt,archive-artifact,.txt,native-text,27225,DIRECT_TEXT,True,,,,,,
[[SAT26 TOOLBOX]]/SAT26 VETTING TEMPLATE.txt,archive-artifact,.txt,native-text,7328,DIRECT_TEXT,True,,,,,,
[[SAT26 TOOLBOX]]/THE SPHERES.txt,archive-artifact,.txt,native-text,916278,DIRECT_TEXT,True,,,,,,
[[[SAT26_BIGBOOK]]].txt,archive-artifact,.txt,native-text,10508800,DIRECT_TEXT,True,,,,,,
[[[SAT_2025-26_PRED-POST]]].txt,archive-artifact,.txt,native-text,19125712,DIRECT_TEXT,True,,,,,,
[[[SAT_2025_DERIV]]].txt,archive-artifact,.txt,native-text,241293,DIRECT_TEXT,True,,,,,,
_AI_REQUESTS/pdf_extract_request.json,archive-machinery,.json,native-text,260,NON_SOURCE_LAYER,True,,,,,,
_AUTO_EXTRACTED_TEXT/ ..✅ BOSONIC_TIME.txt,derived-extraction,.txt,native-text,33839,NON_SOURCE_LAYER,True,,,,,,
_AUTO_EXTRACTED_TEXT/ ..✅ SAT CORE.txt,derived-extraction,.txt,native-text,11273,NON_SOURCE_LAYER,True,,,,,,
_AUTO_EXTRACTED_TEXT/ ..✅ SATOBLOC_pre_lean.txt,derived-extraction,.txt,native-text,4665,NON_SOURCE_LAYER,True,,,,,,
_AUTO_EXTRACTED_TEXT/ ..✅ Satobloc Core.txt,derived-extraction,.txt,native-text,8296,NON_SOURCE_LAYER,True,,,,,,
_AUTO_EXTRACTED_TEXT/ ..✅ WANNA BOUNCE?.txt,derived-extraction,.txt,native-text,106000,NON_SOURCE_LAYER,True,,,,,,
_AUTO_EXTRACTED_TEXT/###. THEORY REFINEMENT SUMMARY.txt,derived-extraction,.txt,native-text,60789,NON_SOURCE_LAYER,True,,,,,,
_AUTO_EXTRACTED_TEXT/% BIG PAPER (nolat).txt,derived-extraction,.txt,native-text,9325,NON_SOURCE_LAYER,True,,,,,,
_AUTO_EXTRACTED_TEXT/0PHYS_REV_D_V_1_Submission.txt,derived-extraction,.txt,native-text,5011,NON_SOURCE_LAYER,True,,,,,,
_AUTO_EXTRACTED_TEXT/2025.10.29+Prototype+Fact+Sheet.txt,derived-extraction,.txt,native-text,8426,NON_SOURCE_LAYER,True,,,,,,
_AUTO_EXTRACTED_TEXT/25 SAT VERSIONS.txt,derived-extraction,.txt,native-text,238680,NON_SOURCE_LAYER,True,,,,,,
_AUTO_EXTRACTED_TEXT/2PHYS_REV_D_V_1_Submission.txt,derived-extraction,.txt,native-text,3539,NON_SOURCE_LAYER,True,,,,,,
_AUTO_EXTRACTED_TEXT/3PHYS_REV_D_V_1_Submission.txt,derived-extraction,.txt,native-text,2355,NON_SOURCE_LAYER,True,,,,,,
_AUTO_EXTRACTED_TEXT/4DHH LAGRANGIAN (nolat).txt,derived-extraction,.txt,native-text,43427,NON_SOURCE_LAYER,True,,,,,,
_AUTO_EXTRACTED_TEXT/4PHYS_REV_D_V_1_Submission.txt,derived-extraction,.txt,native-text,4137,NON_SOURCE_LAYER,True,,,,,,
_AUTO_EXTRACTED_TEXT/Audit Code Package Construction Guide.txt,derived-extraction,.txt,native-text,18298,NON_SOURCE_LAYER,True,,,,,,
_AUTO_EXTRACTED_TEXT/BARYGENESIS (nolat).txt,derived-extraction,.txt,native-text,64615,NON_SOURCE_LAYER,True,,,,,,
_AUTO_EXTRACTED_TEXT/BIG PAPER 5 SAT_DATA_FITS.txt,derived-extraction,.txt,native-text,12110,NON_SOURCE_LAYER,True,,,,,,
_AUTO_EXTRACTED_TEXT/BOSONIC_SATOBLOC.txt,derived-extraction,.txt,native-text,33831,NON_SOURCE_LAYER,True,,,,,,
_AUTO_EXTRACTED_TEXT/BOSONIC_TIME.txt,derived-extraction,.txt,native-text,11267,NON_SOURCE_LAYER,True,,,,,,
_AUTO_EXTRACTED_TEXT/COLLECTIVE ATTENUATION AND OTHER SOLUTIONS TO ANOMALIES (nolat).txt,derived-extraction,.txt,native-text,10161,NON_SOURCE_LAYER,True,,,,,,
_AUTO_EXTRACTED_TEXT/COMBINED/2026_Paradigm_SAT_PARADIGM_TIMELINE_COMBINED.txt,derived-extraction,.txt,native-text,733256,NON_SOURCE_LAYER,True,,,,,,
_AUTO_EXTRACTED_TEXT/CORE PACK 2.txt,derived-extraction,.txt,native-text,2915,NON_SOURCE_LAYER,True,,,,,,
_AUTO_EXTRACTED_TEXT/CORE PACK.txt,derived-extraction,.txt,native-text,2913,NON_SOURCE_LAYER,True,,,,,,
_AUTO_EXTRACTED_TEXT/Cauliflower_Worlds.txt,derived-extraction,.txt,native-text,4599,NON_SOURCE_LAYER,True,,,,,,
_AUTO_EXTRACTED_TEXT/Consciousness_of_AI.txt,derived-extraction,.txt,native-text,13875,NON_SOURCE_LAYER,True,,,,,,
_AUTO_EXTRACTED_TEXT/ConsensusPro_Annotated_Captions_Cleaned.txt,derived-extraction,.txt,native-text,1880,NON_SOURCE_LAYER,True,,,,,,
_AUTO_EXTRACTED_TEXT/DERIVATIVE INDICATRIX (nolat).txt,derived-extraction,.txt,native-text,15053,NON_SOURCE_LAYER,True,,,,,,
_AUTO_EXTRACTED_TEXT/DIMENSIONAL_NORMALIZATION.txt,derived-extraction,.txt,native-text,21357,NON_SOURCE_LAYER,True,,,,,,
_AUTO_EXTRACTED_TEXT/Early_Code_Outputs_Documented.txt,derived-extraction,.txt,native-text,1681,NON_SOURCE_LAYER,True,,,,,,
_AUTO_EXTRACTED_TEXT/FINAL AUDIT PRE-CONDITIONING 2.txt,derived-extraction,.txt,native-text,171708,NON_SOURCE_LAYER,True,,,,,,
_AUTO_EXTRACTED_TEXT/FINAL AUDIT PRE-CONDITIONING.txt,derived-extraction,.txt,native-text,171706,NON_SOURCE_LAYER,True,,,,,,
_AUTO_EXTRACTED_TEXT/FINAL.txt,derived-extraction,.txt,native-text,43496,NON_SOURCE_LAYER,True,,,,,,
_AUTO_EXTRACTED_TEXT/FINDING THE DONUT (nolat).txt,derived-extraction,.txt,native-text,58315,NON_SOURCE_LAYER,True,,,,,,
_AUTO_EXTRACTED_TEXT/FULL_THEORY.txt,derived-extraction,.txt,native-text,20809,NON_SOURCE_LAYER,True,,,,,,
_AUTO_EXTRACTED_TEXT/GLITCH (nolat).txt,derived-extraction,.txt,native-text,14595,NON_SOURCE_LAYER,True,,,,,,
_AUTO_EXTRACTED_TEXT/GPT_Tools_and_SAT-Naive_Analysis_Captions.txt,derived-extraction,.txt,native-text,2664,NON_SOURCE_LAYER,True,,,,,,
_AUTO_EXTRACTED_TEXT/GPT_Tools_and_SAT-Naive_Analysis_Captions_FINAL_SAFE.txt,derived-extraction,.txt,native-text,2525,NON_SOURCE_LAYER,True,,,,,,
_AUTO_EXTRACTED_TEXT/GRAVITATIONAL NANOSTRUCTURE (Nolat).txt,derived-extraction,.txt,native-text,7872,NON_SOURCE_LAYER,True,,,,,,
_AUTO_EXTRACTED_TEXT/How hard is it to make a first principles estimate of an element’s… 2.txt,derived-extraction,.txt,native-text,164142,NON_SOURCE_LAYER,True,,,,,,
_AUTO_EXTRACTED_TEXT/How hard is it to make a first principles estimate of an element’s….txt,derived-extraction,.txt,native-text,164140,NON_SOURCE_LAYER,True,,,,,,
_AUTO_EXTRACTED_TEXT/LAB2_SAT_Dirac_And_Coupling_Closure_ReportLab.txt,derived-extraction,.txt,native-text,1396,NON_SOURCE_LAYER,True,,,,,,
_AUTO_EXTRACTED_TEXT/LAB2_SAT_Dirac_Brackets_And_Closure_3D.txt,derived-extraction,.txt,native-text,1376,NON_SOURCE_LAYER,True,,,,,,
_AUTO_EXTRACTED_TEXT/LIGHT CONES AND ENTANGLEMENT (Nolat).txt,derived-extraction,.txt,native-text,12268,NON_SOURCE_LAYER,True,,,,,,
_AUTO_EXTRACTED_TEXT/Lab2_Lagrangian_Captioned.txt,derived-extraction,.txt,native-text,1644,NON_SOURCE_LAYER,True,,,,,,
_AUTO_EXTRACTED_TEXT/Lab2_Lagrangian_Evolution.txt,derived-extraction,.txt,native-text,8894,NON_SOURCE_LAYER,True,,,,,,
_AUTO_EXTRACTED_TEXT/MARCH 12 SYNTHESIS (nolat).txt,derived-extraction,.txt,native-text,30593,NON_SOURCE_LAYER,True,,,,,,
_AUTO_EXTRACTED_TEXT/MEMORY.txt,derived-extraction,.txt,native-text,27373,NON_SOURCE_LAYER,True,,,,,,
_AUTO_EXTRACTED_TEXT/MINKOWSKI PROPER 2.txt,derived-extraction,.txt,native-text,13139,NON_SOURCE_LAYER,True,,,,,,
_AUTO_EXTRACTED_TEXT/MINKOWSKI PROPER.txt,derived-extraction,.txt,native-text,13137,NON_SOURCE_LAYER,True,,,,,,
_AUTO_EXTRACTED_TEXT/McKnight_N_SAT-QR.txt,derived-extraction,.txt,native-text,3732,NON_SOURCE_LAYER,True,,,,,,
_AUTO_EXTRACTED_TEXT/McKnight_et_al_SAT_Whitepaper_Number_One_02Jun25.txt,derived-extraction,.txt,native-text,73263,NON_SOURCE_LAYER,True,,,,,,
_AUTO_EXTRACTED_TEXT/Minimal Introduction (SAT O era).txt,derived-extraction,.txt,native-text,4549,NON_SOURCE_LAYER,True,,,,,,
_AUTO_EXTRACTED_TEXT/Minkowski-1-6 2.txt,derived-extraction,.txt,native-text,13136,NON_SOURCE_LAYER,True,,,,,,
_AUTO_EXTRACTED_TEXT/Minkowski-1-6.txt,derived-extraction,.txt,native-text,13134,NON_SOURCE_LAYER,True,,,,,,
_AUTO_EXTRACTED_TEXT/NSATOBLOC_pre_lean.txt,derived-extraction,.txt,native-text,7303,NON_SOURCE_LAYER,True,,,,,,
_AUTO_EXTRACTED_TEXT/NotebookLM_Captioned_Archive.txt,derived-extraction,.txt,native-text,911,NON_SOURCE_LAYER,True,,,,,,
_AUTO_EXTRACTED_TEXT/OLD BIG PAPER SAT_4D_LEGACY_REFERENCE.txt,derived-extraction,.txt,native-text,128015,NON_SOURCE_LAYER,True,,,,,,
_AUTO_EXTRACTED_TEXT/ONE FILE SAT 2.txt,derived-extraction,.txt,native-text,36766,NON_SOURCE_LAYER,True,,,,,,
_AUTO_EXTRACTED_TEXT/Orders and Q numbers 2.txt,derived-extraction,.txt,native-text,5667,NON_SOURCE_LAYER,True,,,,,,
_AUTO_EXTRACTED_TEXT/Orders and Q numbers.txt,derived-extraction,.txt,native-text,5665,NON_SOURCE_LAYER,True,,,,,,
_AUTO_EXTRACTED_TEXT/PHYS (nolat) 2.txt,derived-extraction,.txt,native-text,11248,NON_SOURCE_LAYER,True,,,,,,
_AUTO_EXTRACTED_TEXT/PHYS (nolat).txt,derived-extraction,.txt,native-text,11246,NON_SOURCE_LAYER,True,,,,,,
_AUTO_EXTRACTED_TEXT/PROTOTESTPRINT.txt,derived-extraction,.txt,native-text,582,NON_SOURCE_LAYER,True,,,,,,
_AUTO_EXTRACTED_TEXT/PROTO_RESUME 2.txt,derived-extraction,.txt,native-text,5905,NON_SOURCE_LAYER,True,,,,,,
_AUTO_EXTRACTED_TEXT/PROTO_RESUME 3.txt,derived-extraction,.txt,native-text,2772,NON_SOURCE_LAYER,True,,,,,,
_AUTO_EXTRACTED_TEXT/PROTO_RESUME-back.txt,derived-extraction,.txt,native-text,5908,NON_SOURCE_LAYER,True,,,,,,
_AUTO_EXTRACTED_TEXT/PROTO_RESUME-front.txt,derived-extraction,.txt,native-text,1586,NON_SOURCE_LAYER,True,,,,,,
_AUTO_EXTRACTED_TEXT/PROTO_RESUME.txt,derived-extraction,.txt,native-text,1580,NON_SOURCE_LAYER,True,,,,,,
_AUTO_EXTRACTED_TEXT/PULSAR GLITCH (Nolat).txt,derived-extraction,.txt,native-text,10379,NON_SOURCE_LAYER,True,,,,,,
_AUTO_EXTRACTED_TEXT/PULSAR_PAPER.txt,derived-extraction,.txt,native-text,5166,NON_SOURCE_LAYER,True,,,,,,
_AUTO_EXTRACTED_TEXT/Photoneutrino Sector (nolat).txt,derived-extraction,.txt,native-text,7453,NON_SOURCE_LAYER,True,,,,,,
_AUTO_EXTRACTED_TEXT/Proof1).txt,derived-extraction,.txt,native-text,4912,NON_SOURCE_LAYER,True,,,,,,
_AUTO_EXTRACTED_TEXT/ProtoRes.txt,derived-extraction,.txt,native-text,5323,NON_SOURCE_LAYER,True,,,,,,
_AUTO_EXTRACTED_TEXT/QUANTUM GRAVITYFOAM (nolat).txt,derived-extraction,.txt,native-text,7275,NON_SOURCE_LAYER,True,,,,,,
_AUTO_EXTRACTED_TEXT/Relativistic–Quantum Isomorphism (nolat).txt,derived-extraction,.txt,native-text,5601,NON_SOURCE_LAYER,True,,,,,,
_AUTO_EXTRACTED_TEXT/SAT 20 Minimal Intro.txt,derived-extraction,.txt,native-text,3196,NON_SOURCE_LAYER,True,,,,,,
_AUTO_EXTRACTED_TEXT/SAT PARTICLE ZOO LAGRANGIAN (nolattice).txt,derived-extraction,.txt,native-text,125926,NON_SOURCE_LAYER,True,,,,,,
_AUTO_EXTRACTED_TEXT/SAT Tester 2.txt,derived-extraction,.txt,native-text,9782,NON_SOURCE_LAYER,True,,,,,,
_AUTO_EXTRACTED_TEXT/SAT Tester.txt,derived-extraction,.txt,native-text,9780,NON_SOURCE_LAYER,True,,,,,,
_AUTO_EXTRACTED_TEXT/SAT.4DHH.UC.txt,derived-extraction,.txt,native-text,199310,NON_SOURCE_LAYER,True,,,,,,
_AUTO_EXTRACTED_TEXT/SATOBLOC 2.txt,derived-extraction,.txt,native-text,5241,NON_SOURCE_LAYER,True,,,,,,
_AUTO_EXTRACTED_TEXT/SATOBLOC.txt,derived-extraction,.txt,native-text,5239,NON_SOURCE_LAYER,True,,,,,,
_AUTO_EXTRACTED_TEXT/SATOBLOC_pre_lean.txt,derived-extraction,.txt,native-text,4655,NON_SOURCE_LAYER,True,,,,,,
_AUTO_EXTRACTED_TEXT/SAT_2026.txt,derived-extraction,.txt,native-text,4253,NON_SOURCE_LAYER,True,,,,,,
_AUTO_EXTRACTED_TEXT/SAT_4DHH_UC.txt,derived-extraction,.txt,native-text,4027,NON_SOURCE_LAYER,True,,,,,,
_AUTO_EXTRACTED_TEXT/SAT_4D_LEGACY_REFERENCE.txt,derived-extraction,.txt,native-text,128001,NON_SOURCE_LAYER,True,,,,,,
_AUTO_EXTRACTED_TEXT/SAT_4D_LIVE_DRAFT-10Jul2025 - Copy.txt,derived-extraction,.txt,native-text,132647,NON_SOURCE_LAYER,True,,,,,,
_AUTO_EXTRACTED_TEXT/SAT_CLEAN.txt,derived-extraction,.txt,native-text,32865,NON_SOURCE_LAYER,True,,,,,,
_AUTO_EXTRACTED_TEXT/SAT_DATA_FITS.txt,derived-extraction,.txt,native-text,12098,NON_SOURCE_LAYER,True,,,,,,
_AUTO_EXTRACTED_TEXT/SAT_Errata_and_Wordcount_Overview.txt,derived-extraction,.txt,native-text,9434,NON_SOURCE_LAYER,True,,,,,,
_AUTO_EXTRACTED_TEXT/SAT_Framework_Final_Report_Cleaned.txt,derived-extraction,.txt,native-text,2900,NON_SOURCE_LAYER,True,,,,,,
_AUTO_EXTRACTED_TEXT/SAT_Framework_Report_Plain.txt,derived-extraction,.txt,native-text,1444,NON_SOURCE_LAYER,True,,,,,,
_AUTO_EXTRACTED_TEXT/SAT_LAB1_Composite_Binding_Simulation_Report.txt,derived-extraction,.txt,native-text,1631,NON_SOURCE_LAYER,True,,,,,,
_AUTO_EXTRACTED_TEXT/SAT_LAB1_Energy_Tau_Results.txt,derived-extraction,.txt,native-text,1508,NON_SOURCE_LAYER,True,,,,,,
_AUTO_EXTRACTED_TEXT/SAT_LAB1_Full_Annealing_Radial_Kink_Report.txt,derived-extraction,.txt,native-text,1640,NON_SOURCE_LAYER,True,,,,,,
_AUTO_EXTRACTED_TEXT/SAT_LAB1_Full_Annealing_Radial_Kink_Report_REGEN.txt,derived-extraction,.txt,native-text,1646,NON_SOURCE_LAYER,True,,,,,,
_AUTO_EXTRACTED_TEXT/SAT_LAB1_Radial_Fringe_Falsifiability_Report.txt,derived-extraction,.txt,native-text,1546,NON_SOURCE_LAYER,True,,,,,,
_AUTO_EXTRACTED_TEXT/SAT_Lab1_Visuals_Compiled.txt,derived-extraction,.txt,native-text,1741,NON_SOURCE_LAYER,True,,,,,,
_AUTO_EXTRACTED_TEXT/SAT_Lab1_Visuals_Landscape.txt,derived-extraction,.txt,native-text,2373,NON_SOURCE_LAYER,True,,,,,,
_AUTO_EXTRACTED_TEXT/SAT_Lab1_Visuals_Landscape_Scaled_Fit.txt,derived-extraction,.txt,native-text,1699,NON_SOURCE_LAYER,True,,,,,,
_AUTO_EXTRACTED_TEXT/SAT_O1.txt,derived-extraction,.txt,native-text,4523,NON_SOURCE_LAYER,True,,,,,,
_AUTO_EXTRACTED_TEXT/SAT_O2.txt,derived-extraction,.txt,native-text,2366,NON_SOURCE_LAYER,True,,,,,,
_AUTO_EXTRACTED_TEXT/SAT_O3.txt,derived-extraction,.txt,native-text,2529,NON_SOURCE_LAYER,True,,,,,,
_AUTO_EXTRACTED_TEXT/SAT_O4.txt,derived-extraction,.txt,native-text,3429,NON_SOURCE_LAYER,True,,,,,,
_AUTO_EXTRACTED_TEXT/SAT_O5.txt,derived-extraction,.txt,native-text,2022,NON_SOURCE_LAYER,True,,,,,,
_AUTO_EXTRACTED_TEXT/SAT_O6.txt,derived-extraction,.txt,native-text,1984,NON_SOURCE_LAYER,True,,,,,,
_AUTO_EXTRACTED_TEXT/SAT_O7_tentative.txt,derived-extraction,.txt,native-text,3693,NON_SOURCE_LAYER,True,,,,,,
_AUTO_EXTRACTED_TEXT/SAT_O_Glossary_1.txt,derived-extraction,.txt,native-text,2848,NON_SOURCE_LAYER,True,,,,,,
_AUTO_EXTRACTED_TEXT/SAT_ST_integration_test.txt,derived-extraction,.txt,native-text,67170,NON_SOURCE_LAYER,True,,,,,,
_AUTO_EXTRACTED_TEXT/SCALAR_ANGULAR_TORSION___PHYS_D_FINAL-10.txt,derived-extraction,.txt,native-text,5831,NON_SOURCE_LAYER,True,,,,,,
_AUTO_EXTRACTED_TEXT/SCALAR_ANGULAR_TORSION___PHYS_D_FINAL-11.txt,derived-extraction,.txt,native-text,5601,NON_SOURCE_LAYER,True,,,,,,
_AUTO_EXTRACTED_TEXT/SCALAR_ANGULAR_TORSION___PHYS_D_FINAL-12.txt,derived-extraction,.txt,native-text,5740,NON_SOURCE_LAYER,True,,,,,,
_AUTO_EXTRACTED_TEXT/SCALAR_ANGULAR_TORSION___PHYS_D_FINAL-13.txt,derived-extraction,.txt,native-text,6963,NON_SOURCE_LAYER,True,,,,,,
_AUTO_EXTRACTED_TEXT/SCALAR_ANGULAR_TORSION___PHYS_D_FINAL-14.txt,derived-extraction,.txt,native-text,775,NON_SOURCE_LAYER,True,,,,,,
_AUTO_EXTRACTED_TEXT/SCALAR_ANGULAR_TORSION___PHYS_D_FINAL-2.txt,derived-extraction,.txt,native-text,6162,NON_SOURCE_LAYER,True,,,,,,
_AUTO_EXTRACTED_TEXT/SCALAR_ANGULAR_TORSION___PHYS_D_FINAL-3.txt,derived-extraction,.txt,native-text,5459,NON_SOURCE_LAYER,True,,,,,,
_AUTO_EXTRACTED_TEXT/SCALAR_ANGULAR_TORSION___PHYS_D_FINAL-4.txt,derived-extraction,.txt,native-text,6310,NON_SOURCE_LAYER,True,,,,,,
_AUTO_EXTRACTED_TEXT/SCALAR_ANGULAR_TORSION___PHYS_D_FINAL-5.txt,derived-extraction,.txt,native-text,5225,NON_SOURCE_LAYER,True,,,,,,
_AUTO_EXTRACTED_TEXT/SCALAR_ANGULAR_TORSION___PHYS_D_FINAL-6.txt,derived-extraction,.txt,native-text,6199,NON_SOURCE_LAYER,True,,,,,,
_AUTO_EXTRACTED_TEXT/SCALAR_ANGULAR_TORSION___PHYS_D_FINAL-7.txt,derived-extraction,.txt,native-text,6079,NON_SOURCE_LAYER,True,,,,,,
_AUTO_EXTRACTED_TEXT/SCALAR_ANGULAR_TORSION___PHYS_D_FINAL-8.txt,derived-extraction,.txt,native-text,5708,NON_SOURCE_LAYER,True,,,,,,
_AUTO_EXTRACTED_TEXT/SCALAR_ANGULAR_TORSION___PHYS_D_FINAL-9.txt,derived-extraction,.txt,native-text,5088,NON_SOURCE_LAYER,True,,,,,,
_AUTO_EXTRACTED_TEXT/SCALAR_ANGULAR_TORSION___PHYS_D_FINAL.txt,derived-extraction,.txt,native-text,5524,NON_SOURCE_LAYER,True,,,,,,
_AUTO_EXTRACTED_TEXT/SSATOBLOC.txt,derived-extraction,.txt,native-text,9090,NON_SOURCE_LAYER,True,,,,,,
_AUTO_EXTRACTED_TEXT/ST-QM-GR-SM (nolat).txt,derived-extraction,.txt,native-text,12442,NON_SOURCE_LAYER,True,,,,,,
_AUTO_EXTRACTED_TEXT/STANDARD ATOM (nolat).txt,derived-extraction,.txt,native-text,26009,NON_SOURCE_LAYER,True,,,,,,
_AUTO_EXTRACTED_TEXT/STANDARD ATOM.txt,derived-extraction,.txt,native-text,23335,NON_SOURCE_LAYER,True,,,,,,
_AUTO_EXTRACTED_TEXT/Scalar-Angular-Twist.txt,derived-extraction,.txt,native-text,38441,NON_SOURCE_LAYER,True,,,,,,
_AUTO_EXTRACTED_TEXT/Submission_for_Physics_Review_D.txt,derived-extraction,.txt,native-text,8302,NON_SOURCE_LAYER,True,,,,,,
_AUTO_EXTRACTED_TEXT/THE FUNDAMENTAL INTUITIONS — EXTENDED 2.txt,derived-extraction,.txt,native-text,12914,NON_SOURCE_LAYER,True,,,,,,
_AUTO_EXTRACTED_TEXT/THE FUNDAMENTAL INTUITIONS — EXTENDED.txt,derived-extraction,.txt,native-text,12912,NON_SOURCE_LAYER,True,,,,,,
_AUTO_EXTRACTED_TEXT/THE SEED 1 2.txt,derived-extraction,.txt,native-text,49524,NON_SOURCE_LAYER,True,,,,,,
_AUTO_EXTRACTED_TEXT/THE SEED 1.txt,derived-extraction,.txt,native-text,49522,NON_SOURCE_LAYER,True,,,,,,
_AUTO_EXTRACTED_TEXT/THE SEED 2.txt,derived-extraction,.txt,native-text,52565,NON_SOURCE_LAYER,True,,,,,,
_AUTO_EXTRACTED_TEXT/THE SEED 3.txt,derived-extraction,.txt,native-text,52565,NON_SOURCE_LAYER,True,,,,,,
_AUTO_EXTRACTED_TEXT/Test (1).txt,derived-extraction,.txt,native-text,44011,NON_SOURCE_LAYER,True,,,,,,
_AUTO_EXTRACTED_TEXT/Test.txt,derived-extraction,.txt,native-text,41285,NON_SOURCE_LAYER,True,,,,,,
_AUTO_EXTRACTED_TEXT/Theorizer_Emeritus_SAT_Development_Annotated.txt,derived-extraction,.txt,native-text,2721,NON_SOURCE_LAYER,True,,,,,,
_AUTO_EXTRACTED_TEXT/This integration plan addresses your query by detailing the necessary….txt,derived-extraction,.txt,native-text,20302,NON_SOURCE_LAYER,True,,,,,,
_AUTO_EXTRACTED_TEXT/UI CONFIGURATION (nolat).txt,derived-extraction,.txt,native-text,28221,NON_SOURCE_LAYER,True,,,,,,
_AUTO_EXTRACTED_TEXT/UNIT CELL.txt,derived-extraction,.txt,native-text,60999,NON_SOURCE_LAYER,True,,,,,,
_AUTO_EXTRACTED_TEXT/Universal Indicatrix in my words CHARACTERIZATION (Nolat).txt,derived-extraction,.txt,native-text,4173,NON_SOURCE_LAYER,True,,,,,,
_AUTO_EXTRACTED_TEXT/VARIOUS LAGRANGIANS (speculative) 2.txt,derived-extraction,.txt,native-text,70148,NON_SOURCE_LAYER,True,,,,,,
_AUTO_EXTRACTED_TEXT/VARIOUS LAGRANGIANS (speculative).txt,derived-extraction,.txt,native-text,70146,NON_SOURCE_LAYER,True,,,,,,
_AUTO_EXTRACTED_TEXT/WHIRLIGIG SUMMARY (nolat).txt,derived-extraction,.txt,native-text,20629,NON_SOURCE_LAYER,True,,,,,,
_AUTO_EXTRACTED_TEXT/WHIRLIGIG SUMMARY-1.txt,derived-extraction,.txt,native-text,20623,NON_SOURCE_LAYER,True,,,,,,
_AUTO_EXTRACTED_TEXT/Wanna_Bounce_.txt,derived-extraction,.txt,native-text,105993,NON_SOURCE_LAYER,True,,,,,,
_AUTO_EXTRACTED_TEXT/Wavefront_BrainTrust_Captioned.txt,derived-extraction,.txt,native-text,1901,NON_SOURCE_LAYER,True,,,,,,
_AUTO_EXTRACTED_TEXT/[VISUAL_INSP].txt,derived-extraction,.txt,native-text,1237,NON_SOURCE_LAYER,True,,,,,,
_AUTO_EXTRACTED_TEXT/_manifests/2026-09-10_root_pdf_extraction_pass_002.json,derived-extraction,.json,native-text,63235,NON_SOURCE_LAYER,True,,,,,,
_AUTO_EXTRACTED_TEXT/s2Submission_for_Physics_Review_D.txt,derived-extraction,.txt,native-text,10952,NON_SOURCE_LAYER,True,,,,,,
_AUTO_EXTRACTED_TEXT/s3Submission_for_Physics_Review_D.txt,derived-extraction,.txt,native-text,36714,NON_SOURCE_LAYER,True,,,,,,
_AUTO_EXTRACTED_TEXT/sSubmission_for_Physics_Review_D.txt,derived-extraction,.txt,native-text,39725,NON_SOURCE_LAYER,True,,,,,,
_AUTO_EXTRACTED_TEXT/✅SAT BIG PAPER.txt,derived-extraction,.txt,native-text,208196,NON_SOURCE_LAYER,True,,,,,,
_CHATGPT_ACCESS_INSTRUCTIONS.txt,archive-artifact,.txt,native-text,9437,DIRECT_TEXT,True,,,,,,
_SATOBLOCKSTRING CALIBRATED/BOSONIC SATOBLOCSTRING.txt,archive-artifact,.txt,native-text,399308,DIRECT_TEXT,True,,,,,,
_SATOBLOCKSTRING CALIBRATED/CGPT memory.txt,archive-artifact,.txt,native-text,5375,DIRECT_TEXT,True,,,,,,
_SATOBLOCKSTRING CALIBRATED/NOVEL PREDICTOINS.txt,archive-artifact,.txt,native-text,68477,DIRECT_TEXT,True,,,,,,
_SATOBLOCKSTRING CALIBRATED/REF - Constants.txt,archive-artifact,.txt,native-text,44441,DIRECT_TEXT,True,,,,,,
_SATOBLOCKSTRING CALIBRATED/SATO-BLOCK Hamiltonian and Hilbert Space.txt,archive-artifact,.txt,native-text,9730,DIRECT_TEXT,True,,,,,,
_SATOBLOCKSTRING CALIBRATED/SATOBLOC-CALIBRATED.txt,archive-artifact,.txt,native-text,15514,DIRECT_TEXT,True,,,,,,
_SATOBLOCKSTRING CALIBRATED/SATOBLOCK Full Theory & Predictions.txt,archive-artifact,.txt,native-text,204044,DIRECT_TEXT,True,,,,,,
_SATOBLOCKSTRING CALIBRATED/leantest.txt,archive-artifact,.txt,native-text,5238,DIRECT_TEXT,True,,,,,,
__SAT_Public_Record_Transcripts/COMP_FieldNotes_COMB_TXT.txt,archive-artifact,.txt,native-text,787061,DIRECT_TEXT,True,,,,,,
__SAT_Public_Record_Transcripts/DAI_Transcripts_COMB_TXT.txt,archive-artifact,.txt,native-text,3798933,DIRECT_TEXT,True,,,,,,
__SAT_Public_Record_Transcripts/Debating A.I. On Science - 0.24 Rad — Hubble Tension and Dark Matter Solution_.txt,archive-artifact,.txt,native-text,59926,DIRECT_TEXT,True,,,,,,
__SAT_Public_Record_Transcripts/Debating A.I. On Science - A No-Tuning Universe.txt,archive-artifact,.txt,native-text,56762,DIRECT_TEXT,True,,,,,,
__SAT_Public_Record_Transcripts/Debating A.I. On Science - A Path to the Unit Cell Cosmology.txt,archive-artifact,.txt,native-text,64998,DIRECT_TEXT,True,,,,,,
__SAT_Public_Record_Transcripts/Debating A.I. On Science - A Screw Through the Universe.txt,archive-artifact,.txt,native-text,45067,DIRECT_TEXT,True,,,,,,
__SAT_Public_Record_Transcripts/Debating A.I. On Science - A Theory of Everything_.txt,archive-artifact,.txt,native-text,30582,DIRECT_TEXT,True,,,,,,
__SAT_Public_Record_Transcripts/Debating A.I. On Science - A Virtual Exploration.txt,archive-artifact,.txt,native-text,71173,DIRECT_TEXT,True,,,,,,
__SAT_Public_Record_Transcripts/Debating A.I. On Science - Are Galactic Halos Frame Dragging Effects_.txt,archive-artifact,.txt,native-text,95866,DIRECT_TEXT,True,,,,,,
__SAT_Public_Record_Transcripts/Debating A.I. On Science - Are Particles 4D Lines_.txt,archive-artifact,.txt,native-text,72075,DIRECT_TEXT,True,,,,,,
__SAT_Public_Record_Transcripts/Debating A.I. On Science - Are Photons… Neutrinos_.txt,archive-artifact,.txt,native-text,77322,DIRECT_TEXT,True,,,,,,
__SAT_Public_Record_Transcripts/Debating A.I. On Science - Brand New Elements_.txt,archive-artifact,.txt,native-text,81085,DIRECT_TEXT,True,,,,,,
__SAT_Public_Record_Transcripts/Debating A.I. On Science - Can 4D Rotation Explain Pulsar Glitches_.txt,archive-artifact,.txt,native-text,57287,DIRECT_TEXT,True,,,,,,
__SAT_Public_Record_Transcripts/Debating A.I. On Science - Can Space Travel Turn You Into Antimatter_.txt,archive-artifact,.txt,native-text,77621,DIRECT_TEXT,True,,,,,,
__SAT_Public_Record_Transcripts/Debating A.I. On Science - Can Stars Blink Out_.txt,archive-artifact,.txt,native-text,70520,DIRECT_TEXT,True,,,,,,
__SAT_Public_Record_Transcripts/Debating A.I. On Science - Clearing the Clutter.txt,archive-artifact,.txt,native-text,72137,DIRECT_TEXT,True,,,,,,
__SAT_Public_Record_Transcripts/Debating A.I. On Science - Did This Theory Just Solve Physics_.txt,archive-artifact,.txt,native-text,38384,DIRECT_TEXT,True,,,,,,
__SAT_Public_Record_Transcripts/Debating A.I. On Science - Did We Just Win Physics_.txt,archive-artifact,.txt,native-text,71908,DIRECT_TEXT,True,,,,,,
__SAT_Public_Record_Transcripts/Debating A.I. On Science - Do Stars Act Like Atoms_.txt,archive-artifact,.txt,native-text,71628,DIRECT_TEXT,True,,,,,,
__SAT_Public_Record_Transcripts/Debating A.I. On Science - Do we Live in A Classical Universe_.txt,archive-artifact,.txt,native-text,93316,DIRECT_TEXT,True,,,,,,
__SAT_Public_Record_Transcripts/Debating A.I. On Science - Doing Physics In Your Head.txt,archive-artifact,.txt,native-text,55432,DIRECT_TEXT,True,,,,,,
__SAT_Public_Record_Transcripts/Debating A.I. On Science - Down to the Details.txt,archive-artifact,.txt,native-text,72137,DIRECT_TEXT,True,,,,,,
__SAT_Public_Record_Transcripts/Debating A.I. On Science - Easy Theoretical Physics.txt,archive-artifact,.txt,native-text,10119,DIRECT_TEXT,True,,,,,,
__SAT_Public_Record_Transcripts/Debating A.I. On Science - Ending At the Start.txt,archive-artifact,.txt,native-text,62897,DIRECT_TEXT,True,,,,,,
__SAT_Public_Record_Transcripts/Debating A.I. On Science - Everything Is A Line.txt,archive-artifact,.txt,native-text,67731,DIRECT_TEXT,True,,,,,,
__SAT_Public_Record_Transcripts/Debating A.I. On Science - Final Unification Rough Draft Pt. 1 .txt,archive-artifact,.txt,native-text,65214,DIRECT_TEXT,True,,,,,,
__SAT_Public_Record_Transcripts/Debating A.I. On Science - Final Unification Rough Draft Pt. 2.txt,archive-artifact,.txt,native-text,65214,DIRECT_TEXT,True,,,,,,
__SAT_Public_Record_Transcripts/Debating A.I. On Science - He-3 Precision Predictions.txt,archive-artifact,.txt,native-text,92339,DIRECT_TEXT,True,,,,,,
__SAT_Public_Record_Transcripts/Debating A.I. On Science - How to Make Constants Make Sense.txt,archive-artifact,.txt,native-text,71360,DIRECT_TEXT,True,,,,,,
__SAT_Public_Record_Transcripts/Debating A.I. On Science - Is Old Science Right_.txt,archive-artifact,.txt,native-text,87740,DIRECT_TEXT,True,,,,,,
__SAT_Public_Record_Transcripts/Debating A.I. On Science - Is Quantum Gravityfoam The Answer_.txt,archive-artifact,.txt,native-text,50252,DIRECT_TEXT,True,,,,,,
__SAT_Public_Record_Transcripts/Debating A.I. On Science - Is Reality Real_.txt,archive-artifact,.txt,native-text,70525,DIRECT_TEXT,True,,,,,,
__SAT_Public_Record_Transcripts/Debating A.I. On Science - Is Time A Particle_.txt,archive-artifact,.txt,native-text,50033,DIRECT_TEXT,True,,,,,,
__SAT_Public_Record_Transcripts/Debating A.I. On Science - Is this How the Paradigm Shifts_.txt,archive-artifact,.txt,native-text,77657,DIRECT_TEXT,True,,,,,,
__SAT_Public_Record_Transcripts/Debating A.I. On Science - Kissing Points & Lissajouss’.txt,archive-artifact,.txt,native-text,57297,DIRECT_TEXT,True,,,,,,
__SAT_Public_Record_Transcripts/Debating A.I. On Science - Light Cones and Bell’s Theorem.txt,archive-artifact,.txt,native-text,82074,DIRECT_TEXT,True,,,,,,
__SAT_Public_Record_Transcripts/Debating A.I. On Science - Moiré Bubble Atoms_ A New Physics_ [Meet Ellis and Morgan].txt,archive-artifact,.txt,native-text,64710,DIRECT_TEXT,True,,,,,,
__SAT_Public_Record_Transcripts/Debating A.I. On Science - Most Extreme Periodic Table Challenge.txt,archive-artifact,.txt,native-text,75923,DIRECT_TEXT,True,,,,,,
__SAT_Public_Record_Transcripts/Debating A.I. On Science - Most Extreme Physics Challenge.txt,archive-artifact,.txt,native-text,92644,DIRECT_TEXT,True,,,,,,
__SAT_Public_Record_Transcripts/Debating A.I. On Science - One K.I.S.S. Unification_.txt,archive-artifact,.txt,native-text,83041,DIRECT_TEXT,True,,,,,,
__SAT_Public_Record_Transcripts/Debating A.I. On Science - Physics Changed Today.txt,archive-artifact,.txt,native-text,63875,DIRECT_TEXT,True,,,,,,
__SAT_Public_Record_Transcripts/Debating A.I. On Science - Physics Is What Physics Was.txt,archive-artifact,.txt,native-text,55310,DIRECT_TEXT,True,,,,,,
__SAT_Public_Record_Transcripts/Debating A.I. On Science - Physics for the Mathematically Inept.txt,archive-artifact,.txt,native-text,64328,DIRECT_TEXT,True,,,,,,
__SAT_Public_Record_Transcripts/Debating A.I. On Science - SAT Experimental Predictions Jan 2026.txt,archive-artifact,.txt,native-text,57063,DIRECT_TEXT,True,,,,,,
__SAT_Public_Record_Transcripts/Debating A.I. On Science - SAT Fundamental Insights.txt,archive-artifact,.txt,native-text,26556,DIRECT_TEXT,True,,,,,,
__SAT_Public_Record_Transcripts/Debating A.I. On Science - SAT Holy Sh_t Moments.txt,archive-artifact,.txt,native-text,64882,DIRECT_TEXT,True,,,,,,
__SAT_Public_Record_Transcripts/Debating A.I. On Science - SAT Mark I Unification.txt,archive-artifact,.txt,native-text,94502,DIRECT_TEXT,True,,,,,,
__SAT_Public_Record_Transcripts/Debating A.I. On Science - Sharpening Physics.txt,archive-artifact,.txt,native-text,63632,DIRECT_TEXT,True,,,,,,
__SAT_Public_Record_Transcripts/Debating A.I. On Science - Slow Walk Through 4-Space [SAT_ Filament Physics].txt,archive-artifact,.txt,native-text,16303,DIRECT_TEXT,True,,,,,,
__SAT_Public_Record_Transcripts/Debating A.I. On Science - String Gravity Predictions H0=71.2.txt,archive-artifact,.txt,native-text,86947,DIRECT_TEXT,True,,,,,,
__SAT_Public_Record_Transcripts/Debating A.I. On Science - The First Open Source Theory of Everything.txt,archive-artifact,.txt,native-text,80604,DIRECT_TEXT,True,,,,,,
__SAT_Public_Record_Transcripts/Debating A.I. On Science - The Hubble Tension Reconciled_.txt,archive-artifact,.txt,native-text,59925,DIRECT_TEXT,True,,,,,,
__SAT_Public_Record_Transcripts/Debating A.I. On Science - The Map of Everything.txt,archive-artifact,.txt,native-text,66014,DIRECT_TEXT,True,,,,,,
__SAT_Public_Record_Transcripts/Debating A.I. On Science - The Scorecard.txt,archive-artifact,.txt,native-text,80202,DIRECT_TEXT,True,,,,,,
__SAT_Public_Record_Transcripts/Debating A.I. On Science - Theoretical Physics Archive Release.txt,archive-artifact,.txt,native-text,63067,DIRECT_TEXT,True,,,,,,
__SAT_Public_Record_Transcripts/Debating A.I. On Science - Thoughts As 4D Objects.txt,archive-artifact,.txt,native-text,46192,DIRECT_TEXT,True,,,,,,
__SAT_Public_Record_Transcripts/Debating A.I. On Science - Unification Smoking Gun.txt,archive-artifact,.txt,native-text,68492,DIRECT_TEXT,True,,,,,,
__SAT_Public_Record_Transcripts/Debating A.I. On Science - Unifying the All of Physics through Geometry.txt,archive-artifact,.txt,native-text,20556,DIRECT_TEXT,True,,,,,,
__SAT_Public_Record_Transcripts/Debating A.I. On Science - Was Minkowski Right_.txt,archive-artifact,.txt,native-text,45784,DIRECT_TEXT,True,,,,,,
__SAT_Public_Record_Transcripts/Debating A.I. On Science - What Would Einstein Do_.txt,archive-artifact,.txt,native-text,72821,DIRECT_TEXT,True,,,,,,
__SAT_Public_Record_Transcripts/Debating A.I. On Science - Whirligig of Worlds to One Fully Determined Collapse.txt,archive-artifact,.txt,native-text,83873,DIRECT_TEXT,True,,,,,,
__SAT_Public_Record_Transcripts/Debating A.I. On Science - ‘Universal Indicatrix’ Renormalization.txt,archive-artifact,.txt,native-text,42956,DIRECT_TEXT,True,,,,,,
__SAT_Public_Record_Transcripts/DebatingA.I.OnScience_EpisodeRankings_all-time.csv,archive-artifact,.csv,native-text,24858,DIRECT_TEXT,True,,,,,,
__SAT_Public_Record_Transcripts/FULL_Scalar-Angular Theory_ Field Notes - A Lab Testable TOE.txt,archive-artifact,.txt,native-text,94812,DIRECT_TEXT,True,,,,,,
__SAT_Public_Record_Transcripts/FULL_Scalar-Angular Theory_ Field Notes - Full Unification GR-QM-ST.txt,archive-artifact,.txt,native-text,98123,DIRECT_TEXT,True,,,,,,
__SAT_Public_Record_Transcripts/FULL_Scalar-Angular Theory_ Field Notes - Lithium-7_ The First Dark Matter Horizon_.txt,archive-artifact,.txt,native-text,56112,DIRECT_TEXT,True,,,,,,
__SAT_Public_Record_Transcripts/FULL_Scalar-Angular Theory_ Field Notes - Method for QM-GR Unification.txt,archive-artifact,.txt,native-text,114441,DIRECT_TEXT,True,,,,,,
"__SAT_Public_Record_Transcripts/FULL_Scalar-Angular Theory_ Field Notes - Neutrino-Photon Identity, Quantum Tunneling, and Chondrules(..!).txt",archive-artifact,.txt,native-text,55778,DIRECT_TEXT,True,,,,,,
__SAT_Public_Record_Transcripts/FULL_Scalar-Angular Theory_ Field Notes - Post-Closure Experimental Predictions.txt,archive-artifact,.txt,native-text,63990,DIRECT_TEXT,True,,,,,,
__SAT_Public_Record_Transcripts/FULL_Scalar-Angular Theory_ Field Notes - Prior Model Prediction Drop 3.1.26.txt,archive-artifact,.txt,native-text,47982,DIRECT_TEXT,True,,,,,,
__SAT_Public_Record_Transcripts/FULL_Scalar-Angular Theory_ Field Notes - SAT’s Derivations.txt,archive-artifact,.txt,native-text,53967,DIRECT_TEXT,True,,,,,,
__SAT_Public_Record_Transcripts/FULL_Scalar-Angular Theory_ Field Notes - The 0.239 rad Constant.txt,archive-artifact,.txt,native-text,61756,DIRECT_TEXT,True,,,,,,
__SAT_Public_Record_Transcripts/FULL_Scalar-Angular Theory_ Field Notes - The 17mK He3 λ Anomaly.txt,archive-artifact,.txt,native-text,89560,DIRECT_TEXT,True,,,,,,
__SAT_Public_Record_Transcripts/FULL_Scalar-Angular Theory_ Field Notes - Timelike Twist in the Accelerator .txt,archive-artifact,.txt,native-text,50540,DIRECT_TEXT,True,,,,,,
__SAT_Public_Record_Transcripts/SAT_FieldNotes_Ep_List.txt,archive-artifact,.txt,native-text,4017,DIRECT_TEXT,True,,,,,,
__SAT_Public_Record_Transcripts/Scalar-Angular Theory_ Field Notes - Proof GR & QM Are Compatible.txt,archive-artifact,.txt,native-text,63874,DIRECT_TEXT,True,,,,,,
__SAT_Public_Record_Transcripts/TO DO.txt,archive-artifact,.txt,native-text,4018,DIRECT_TEXT,True,,,,,,
aelffin.txt,archive-artifact,.txt,native-text,146620,DIRECT_TEXT,True,,,,,,
clear_render_fix/01_clear_projected_curves_display_offset.png,archive-artifact,.png,image,893405,NEEDS_EXTRACTION,True,,,,,,
clear_render_fix/02_clear_projection_four_views.png,archive-artifact,.png,image,1535724,NEEDS_EXTRACTION,True,,,,,,
clear_render_fix/03_intrinsic_projection_charts.png,archive-artifact,.png,image,82283,NEEDS_EXTRACTION,True,,,,,,
clear_render_fix/clear_render_diagnostics.json,archive-artifact,.json,native-text,404,DIRECT_TEXT,True,,,,,,
continuity_scan_results.csv,archive-artifact,.csv,native-text,26034,DIRECT_TEXT,True,,,,,,
continuous_ns_whirligig_solver (1).py,archive-artifact,.py,native-text,44509,DIRECT_TEXT,True,,,,,,
continuous_ns_whirligig_solver.py,archive-artifact,.py,native-text,44509,DIRECT_TEXT,True,,,,,,
continuous_whirligig_v1.gif,archive-artifact,.gif,image,5141374,NEEDS_EXTRACTION,True,,,,,,
detailed versioning.txt,archive-artifact,.txt,native-text,78356,DIRECT_TEXT,True,,,,,,
earth-dipole-trajectory.png,archive-artifact,.png,image,365290,NEEDS_EXTRACTION,True,,,,,,
equation_true_curve_surface_projection_output (1).zip,archive-artifact,.zip,archive-container,8927166,NEEDS_CONTAINER_INSPECTION,True,,,,,,
equation_true_curve_surface_projection_output.zip,archive-artifact,.zip,archive-container,8815424,NEEDS_CONTAINER_INSPECTION,True,,,,,,
equation_true_curve_surface_projection_polar_nopandas_output/01_source_xy_output_curve.png,archive-artifact,.png,image,343138,NEEDS_EXTRACTION,True,,,,,,
equation_true_curve_surface_projection_polar_nopandas_output/02_projection_arclength_curvature.png,archive-artifact,.png,image,853579,NEEDS_EXTRACTION,True,,,,,,
equation_true_curve_surface_projection_polar_nopandas_output/02_projection_arclength_gradient.png,archive-artifact,.png,image,868148,NEEDS_EXTRACTION,True,,,,,,
equation_true_curve_surface_projection_polar_nopandas_output/02_projection_arclength_radius.png,archive-artifact,.png,image,867117,NEEDS_EXTRACTION,True,,,,,,
equation_true_curve_surface_projection_polar_nopandas_output/02_projection_arclength_y.png,archive-artifact,.png,image,854640,NEEDS_EXTRACTION,True,,,,,,
equation_true_curve_surface_projection_polar_nopandas_output/03_intrinsic_charts_arclength_curvature.png,archive-artifact,.png,image,102621,NEEDS_EXTRACTION,True,,,,,,
equation_true_curve_surface_projection_polar_nopandas_output/03_intrinsic_charts_arclength_gradient.png,archive-artifact,.png,image,205961,NEEDS_EXTRACTION,True,,,,,,
equation_true_curve_surface_projection_polar_nopandas_output/03_intrinsic_charts_arclength_radius.png,archive-artifact,.png,image,198983,NEEDS_EXTRACTION,True,,,,,,
equation_true_curve_surface_projection_polar_nopandas_output/03_intrinsic_charts_arclength_y.png,archive-artifact,.png,image,168270,NEEDS_EXTRACTION,True,,,,,,
equation_true_curve_surface_projection_polar_nopandas_output/04_projection_mode_comparison.png,archive-artifact,.png,image,1519468,NEEDS_EXTRACTION,True,,,,,,
equation_true_curve_surface_projection_polar_nopandas_output/ACTION_PLAN_PROGRESS.txt,archive-artifact,.txt,native-text,1233,DIRECT_TEXT,True,,,,,,
equation_true_curve_surface_projection_polar_nopandas_output/branch_00_arclength_curvature_data.csv,archive-artifact,.csv,native-text,1891247,DIRECT_TEXT,True,,,,,,
equation_true_curve_surface_projection_polar_nopandas_output/branch_00_arclength_gradient_data.csv,archive-artifact,.csv,native-text,1859955,DIRECT_TEXT,True,,,,,,
equation_true_curve_surface_projection_polar_nopandas_output/branch_00_arclength_radius_data.csv,archive-artifact,.csv,native-text,1851885,DIRECT_TEXT,True,,,,,,
equation_true_curve_surface_projection_polar_nopandas_output/branch_00_arclength_y_data.csv,archive-artifact,.csv,native-text,1832071,DIRECT_TEXT,True,,,,,,
equation_true_curve_surface_projection_polar_nopandas_output/branch_00_resampled_source_xy.csv,archive-artifact,.csv,native-text,186824,DIRECT_TEXT,True,,,,,,
equation_true_curve_surface_projection_polar_nopandas_output/projection_package.json,archive-artifact,.json,native-text,4265,DIRECT_TEXT,True,,,,,,
equation_true_curve_surface_projection_polar_nopandas_output/summary.txt,archive-artifact,.txt,native-text,631,DIRECT_TEXT,True,,,,,,
flattened_torus_composite_curve.png,archive-artifact,.png,image,372903,NEEDS_EXTRACTION,True,,,,,,
galactic-rotation-profiles.png,archive-artifact,.png,image,148271,NEEDS_EXTRACTION,True,,,,,,
helical_loop_glass_sweep.gif,archive-artifact,.gif,image,740822,NEEDS_EXTRACTION,True,,,,,,
lean_test.py,archive-artifact,.py,native-text,703,DIRECT_TEXT,True,,,,,,
leanchecks/FULL_MASSSPEC.txt,archive-artifact,.txt,native-text,3110,DIRECT_TEXT,True,,,,,,
leanchecks/SATOBLOCK_FULLTHEORY_leancheck.txt,archive-artifact,.txt,native-text,3705,DIRECT_TEXT,True,,,,,,
leanchecks/SATOBLOCK_nostring.txt,archive-artifact,.txt,native-text,4596,DIRECT_TEXT,True,,,,,,
leanchecks/SATOBLOCK_operationalized.txt,archive-artifact,.txt,native-text,4186,DIRECT_TEXT,True,,,,,,
leanchecks/leancheck_draft_modules/FULL_LEANCHECK.txt,archive-artifact,.txt,native-text,3228,DIRECT_TEXT,True,,,,,,
leanchecks/leancheck_draft_modules/FULL_LEANCHECK_draft.txt,archive-artifact,.txt,native-text,3386,DIRECT_TEXT,True,,,,,,
leanchecks/leancheck_draft_modules/FULL_LEANCHECK_incl_mass.txt,archive-artifact,.txt,native-text,3683,DIRECT_TEXT,True,,,,,,
leanchecks/leancheck_draft_modules/FULL_LEANCHECK_mass.txt,archive-artifact,.txt,native-text,3683,DIRECT_TEXT,True,,,,,,
leanchecks/leancheck_draft_modules/FULL_MASSSPEC.txt,archive-artifact,.txt,native-text,3110,DIRECT_TEXT,True,,,,,,
old_readme.txt,archive-artifact,.txt,native-text,35293,DIRECT_TEXT,True,,,,,,
projection_continuity_scan.png,archive-artifact,.png,image,44635,NEEDS_EXTRACTION,True,,,,,,
pyproject.toml,archive-artifact,.toml,native-text,461,DIRECT_TEXT,True,,,,,,
run_demo.py,archive-artifact,.py,native-text,1216,DIRECT_TEXT,True,,,,,,
s2Submission_for_Physics_Review_D.pdf,archive-artifact,.pdf,pdf,158077,DERIVED_TEXT_AVAILABLE,True,OK,_AUTO_EXTRACTED_TEXT/s2Submission_for_Physics_Review_D.txt,manifest-exact,PyMuPDF,10370,_AUTO_EXTRACTED_TEXT/_manifests/2026-09-10_root_pdf_extraction_pass_002.json
s3Submission_for_Physics_Review_D.pdf,archive-artifact,.pdf,pdf,301766,DERIVED_TEXT_AVAILABLE,True,OK,_AUTO_EXTRACTED_TEXT/s3Submission_for_Physics_Review_D.txt,manifest-exact,PyMuPDF,35580,_AUTO_EXTRACTED_TEXT/_manifests/2026-09-10_root_pdf_extraction_pass_002.json
sSubmission_for_Physics_Review_D.pdf,archive-artifact,.pdf,pdf,308655,DERIVED_TEXT_AVAILABLE,True,OK,_AUTO_EXTRACTED_TEXT/sSubmission_for_Physics_Review_D.txt,manifest-exact,PyMuPDF,38523,_AUTO_EXTRACTED_TEXT/_manifests/2026-09-10_root_pdf_extraction_pass_002.json
saucepan_complete_chat_log_103_msgs - .txt,archive-artifact,.txt,native-text,283644,DIRECT_TEXT,True,,,,,,
smooth_glass_wave_ripple.gif,archive-artifact,.gif,image,891168,NEEDS_EXTRACTION,True,,,,,,
text 44.txt,archive-artifact,.txt,native-text,55149,DIRECT_TEXT,True,,,,,,
tools/date_conversation_exports.py,archive-artifact,.py,native-text,9446,DIRECT_TEXT,True,,,,,,
vizualization gobys/6759524.gif,archive-artifact,.gif,image,18000,NEEDS_EXTRACTION,True,,,,,,
vizualization gobys/Borromean_Rings_Illusion_(transparent).png,archive-artifact,.png,image,684769,NEEDS_EXTRACTION,True,,,,,,
vizualization gobys/Get.jpeg,archive-artifact,.jpeg,image,9794,NEEDS_EXTRACTION,True,,,,,,
vizualization gobys/Hopf_Link.png,archive-artifact,.png,image,398718,NEEDS_EXTRACTION,True,,,,,,
vizualization gobys/Screen Shot 2026-02-26 at 3.32.31 AM.png,archive-artifact,.png,image,60888,NEEDS_EXTRACTION,True,,,,,,
vizualization gobys/Screen Shot 2026-02-26 at 3.40.48 AM.png,archive-artifact,.png,image,389231,NEEDS_EXTRACTION,True,,,,,,
vizualization gobys/Screen Shot 2026-02-26 at 3.41.01 AM.png,archive-artifact,.png,image,159075,NEEDS_EXTRACTION,True,,,,,,
vizualization gobys/Screen Shot 2026-02-26 at 3.45.20 AM.png,archive-artifact,.png,image,522291,NEEDS_EXTRACTION,True,,,,,,
vizualization gobys/Screen Shot 2026-02-26 at 3.47.39 AM.png,archive-artifact,.png,image,121473,NEEDS_EXTRACTION,True,,,,,,
vizualization gobys/Screen Shot 2026-02-26 at 3.49.38 AM.png,archive-artifact,.png,image,145935,NEEDS_EXTRACTION,True,,,,,,
vizualization gobys/Screen Shot 2026-02-26 at 3.54.16 AM.png,archive-artifact,.png,image,63937,NEEDS_EXTRACTION,True,,,,,,
vizualization gobys/Screen Shot 2026-02-26 at 4.18.25 AM.png,archive-artifact,.png,image,219172,NEEDS_EXTRACTION,True,,,,,,
vizualization gobys/Screen Shot 2026-02-26 at 4.18.50 AM.png,archive-artifact,.png,image,310703,NEEDS_EXTRACTION,True,,,,,,
vizualization gobys/Screen Shot 2026-02-26 at 4.19.06 AM.png,archive-artifact,.png,image,409382,NEEDS_EXTRACTION,True,,,,,,
vizualization gobys/Screen Shot 2026-02-26 at 4.21.35 AM.png,archive-artifact,.png,image,178904,NEEDS_EXTRACTION,True,,,,,,
vizualization gobys/Screen Shot 2026-02-26 at 4.22.26 AM.png,archive-artifact,.png,image,299407,NEEDS_EXTRACTION,True,,,,,,
vizualization gobys/Screen Shot 2026-02-26 at 4.31.05 AM.png,archive-artifact,.png,image,172874,NEEDS_EXTRACTION,True,,,,,,
vizualization gobys/collagen-superhelix-long-wider.jpg,archive-artifact,.jpg,image,58110,NEEDS_EXTRACTION,True,,,,,,
vizualization gobys/diatom-spiral.jpg,archive-artifact,.jpg,image,31644,NEEDS_EXTRACTION,True,,,,,,
vizualization gobys/the-helix-organization-1536x1536.jpg,archive-artifact,.jpg,image,213006,NEEDS_EXTRACTION,True,,,,,,
whirligig_ball_rolling_in_tube.gif,archive-artifact,.gif,image,1997378,NEEDS_EXTRACTION,True,,,,,,
whirligig_navier_stokes_trial.gif,archive-artifact,.gif,image,2676696,NEEDS_EXTRACTION,True,,,,,,
whirligig_ns_crossbar_full_sweep.gif,archive-artifact,.gif,image,4035949,NEEDS_EXTRACTION,True,,,,,,
whirligig_ns_true_jagged_sweep.gif,archive-artifact,.gif,image,7715187,NEEDS_EXTRACTION,True,,,,,,
whirlygig-output/01_sphere_state_curves.png,archive-artifact,.png,image,83820,NEEDS_EXTRACTION,True,,,,,,
whirlygig-output/02_whirlygig_torus_trace.png,archive-artifact,.png,image,191023,NEEDS_EXTRACTION,True,,,,,,
whirlygig-output/03_residual_profile.png,archive-artifact,.png,image,39355,NEEDS_EXTRACTION,True,,,,,,
whirlygig-output/candidate_equations.txt,archive-artifact,.txt,native-text,4596,DIRECT_TEXT,True,,,,,,
whirlygig-output/curvy_lisa_trace.csv,archive-artifact,.csv,native-text,115892,DIRECT_TEXT,True,,,,,,
whirlygig-output/residual_scan.csv,archive-artifact,.csv,native-text,4067,DIRECT_TEXT,True,,,,,,
whirlygig-output/run_report.json,archive-artifact,.json,native-text,3201,DIRECT_TEXT,True,,,,,,
whirlygig-output/sphere_curves.csv,archive-artifact,.csv,native-text,147967,DIRECT_TEXT,True,,,,,,
xGitHub Archive Review — raw - .txt,archive-artifact,.txt,native-text,7181854,DIRECT_TEXT,True,,,,,,
✅SAT BIG PAPER.pdf,archive-artifact,.pdf,pdf,5381173,DERIVED_TEXT_AVAILABLE,True,OK,_AUTO_EXTRACTED_TEXT/✅SAT BIG PAPER.txt,manifest-exact,PyMuPDF,197223,_AUTO_EXTRACTED_TEXT/_manifests/2026-09-10_root_pdf_extraction_pass_002.json
🏯 SAT GITKEEPER — raw.json,archive-artifact,.json,native-text,9204430,DIRECT_TEXT,True,,,,,,
🧱GALLEYS.txt,archive-artifact,.txt,native-text,104310,DIRECT_TEXT,True,,,,,,
🧱PREDICTIONS.txt,archive-artifact,.txt,native-text,3295,DIRECT_TEXT,True,,,,,,
🧱SAT ST.txt,archive-artifact,.txt,native-text,7526,DIRECT_TEXT,True,,,,,,
🧱🪢 δCP ST PATCH.txt,archive-artifact,.txt,native-text,22536,DIRECT_TEXT,True,,,,,,
🧱🪢BLACK HOLES.txt,archive-artifact,.txt,native-text,54613,DIRECT_TEXT,True,,,,,,
🪡 The Tourist Tailor [e-] — raw.json,archive-artifact,.json,native-text,24450213,DIRECT_TEXT,True,,,,,,
