change,path,old_blob_sha,new_blob_sha,bytes
ADDED, ..✅ BOSONIC_TIME.pdf,,97fbce27cd89e7f02ca3a8b1bee252216b12ce38,250131
ADDED, ..✅ SAT CORE.pdf,,f85665fc8ec4676dd7b22ebc716d356185c8cac2,175392
ADDED, ..✅ SATOBLOC_pre_lean.pdf,,f972c65ce1fa7756162cf1c3a6592b8581d8f728,143792
ADDED, ..✅ Satobloc Core.pdf,,de4a1eaffebcbd080d37061dbdde973744e2eb0f,252893
ADDED, ..✅ WANNA BOUNCE?.pdf,,482d782b4ce2690b95be143b5785dfb0fdfbd936,670811
ADDED, O Addendum Proto-Candyface + Antiquer Mashup.txt,,3a5811591332e36229e4390db05b4f13b86d9e6b,30410
ADDED, R Addendum Proto-TankAudrey.txt,,a24bff60e3b188942cb898f3679e047e9f35373f,34308
ADDED,!_ANNOTATED_ARCHIVE_SURVEY.md,,8c948d877a75b0d249ec0ca8d68423c9f2bd378b,3976
ADDED,###. THEORY REFINEMENT SUMMARY.pdf,,5abace7272ec0beba2de95e56224938065c87bfa,488381
ADDED,% BIG PAPER (nolat).pdf,,a2a74337b2fe0579c744b91708eb3bd4265685e8,39860
ADDED,...2026_H(s)H_FORMULATION/gitignore.md,,af852ab5265c12968617861ec46ac129d8228001,86
ADDED,...H(s)H_2026_FORMULATION,,68951077b8e7c44a33c7684a759f4da0c0c06d01,26
ADDED,..MARCH_2026_NOLAT_PACKET_BIBLIOGRAPHIC_NOTE.txt,,d98f3132c7e3cda8a324a0eff7fb533e3bf68ec6,7895
ADDED,..MATHEMATICAL_REPOSITORY,,1b6876db3f871bfa25157ac024d66d8239082ff1,28347
ADDED,..MATHEMATICAL_REPOSITORY_ADDENDUM_2026-06-09.txt,,63913eb25d884bbc4bbcb7bd3c2141bbfe7f85aa,11377
ADDED,..[🎛️_NATHAN_DASH]/!_DASHBOARD.md,,4783eeb2000d104883c57a7eb25ccedc45800d41,11812
ADDED,..[🎛️_NATHAN_DASH]/..Derivation_Index.md,,57f4829f218d606be523ddaa8badf8dc4f8dc496,12884
ADDED,..[🎛️_NATHAN_DASH]/..findex.txt,,30581ef70f989c78a068562e241aafb70d7950be,361
ADDED,..[🎛️_NATHAN_DASH]/TASKWORKS/HsH_Pipeline_Design.md,,82f1a968aa993d518af9d8663cabe77d264c1c86,1951
ADDED,..[🎛️_NATHAN_DASH]/TASKWORKS/Preplantricist_role.md,,6aeafe86119e67226f963be6208077bdb2e1f7e3,4114
ADDED,..[🎛️_NATHAN_DASH]/xscrape.py,,6e87a9729aa6f5982cb7138bd483037a9a8df23c,2432
ADDED,..[🎛️_NATHAN_DASH]/⚒️_ADMIN_TASK.txt,,f29ef3f822da599dfe60fce863d2b43ba70c5e56,496
ADDED,..[🎛️_NATHAN_DASH]/⚒️_FOLDER_INDEXER.txt,,3d55c1937006de1d5a188856517bf7034cb9a068,461
ADDED,..[🎛️_NATHAN_DASH]/⚒️_NATHAN_EXT.txt,,44d76c045af2af15e30822622ce2842fc5a3f8a2,74
ADDED,..[🎛️_NATHAN_DASH]/⚒️_PREDICTION_EXT.txt,,069052beb1383d4abcf4d53398d137fca651f9b9,52
ADDED,..[🎛️_NATHAN_DASH]/⚙️_LESSONS_LEARNED.txt,,b5674ec2486aa101a6d839659220f6c3ac6b9740,2722
ADDED,..[🎛️_NATHAN_DASH]/📋_PRIORITY_TODO.txt,,24673091a8fe14b03a2472bdd867332ae62e8aa7,678
ADDED,..[🎛️_NATHAN_DASH]/📖_PROJECT_NOTES.txt,,f06586a433fe3d43d11f0012c83918ab1519006a,153
ADDED,..[🎛️_NATHAN_DASH]/📖_SAT_ARCHIVE_READING_PLAN.txt,,de485ae9d5c525c279811d6526338099154d9310,7891
ADDED,..[🎛️_NATHAN_DASH]/🗄️_ARCHIVE_INDEX.txt,,9c7030549f20b56b7c875b10b2e5eeefd956ae74,568267
ADDED,..[🎛️_NATHAN_DASH]/🚩_IGNORE_REDACTION_FLAGS.md,,cea335d3465922df336c5789d8fa15c83bf748d4,2655
ADDED,..[🎛️_NATHAN_DASH]/🧹_CLEANUP.txt,,b62836a4f878b9e7166fbd0975cb1c4c02d80e13,34
ADDED,..findex.txt,,420e489e9827727b0a55b6f8310c21f714b6780a,193181
ADDED,.AI_READING_PLAN/IGNORE_READING_PLAN,,68c8bb76137b8826d93ff3e3915a6bcb38560d4a,379
ADDED,.AI_READING_PLAN/READING_PLAN.md,,7bb2cebdb2a895480b92f5137d347d3fbf395d45,8622
ADDED,.AI_READING_PLAN/TODO.md,,2069725a5a5b83306e2e1581149beb21a4934ab2,4690
ADDED,.Satobloc_Pub[Under Construction]/.gitkeep,,e69de29bb2d1d6434b8b29ae775ad8c2e48c5391,0
ADDED,.[⚙️_AI_FILES]/..findex.txt,,1c456c66f159feca61eb4b374bd45860745c4c1e,5148
ADDED,.[⚙️_AI_FILES]/ARCHIVE_CONVOS/gitignore.txt,,8b137891791fe96927ad78e64b0aad7bded08bdc,1
ADDED,.[⚙️_AI_FILES]/BLIND_DRY_RUN_REPORT,,7d23367bbcd71d4eda180083a7325f6179fd2c03,21868
ADDED,.[⚙️_AI_FILES]/BLIND_DRY_RUN_REPORT_CONTINUATION_2026-06-09,,188277969ec12147802b0cdf748eefe3d2372e12,8798
ADDED,.[⚙️_AI_FILES]/CONFIG/folder_indexer_full_archive.txt,,6b39c18d17eb6b716474f706cf1bdfe27549b6d2,659
ADDED,.[⚙️_AI_FILES]/CURSORS/🪧_WAYFINDING.txt,,d185801f5603772d908c66b15f456e2571c2aa79,749
ADDED,.[⚙️_AI_FILES]/DRY_RUN_QUESTIONAIRE_REPORT,,69d9cff48d5ca5866d92e2ff5163f15657620576,7525
ADDED,.[⚙️_AI_FILES]/GUESTBOOK.txt,,599ef7b370c7cdde47ee2f74fbc119c44660d115,9636
ADDED,.[⚙️_AI_FILES]/INDEXES/archive_index_history/BASELINE_INFO.json,,ed9f3626b4c052b7f1ef3c8f1c764465193bce93,4933
ADDED,.[⚙️_AI_FILES]/INDEXES/archive_index_history/BASELINE_ROOT_BLOCK.txt,,fe91eaf63099fbca96b23e2cace657c8b420198b,142626
ADDED,.[⚙️_AI_FILES]/INDEXES/archive_index_history/HISTORY.md,,046aa2969faa170d1bcc21f669e823c008f9040e,861
ADDED,.[⚙️_AI_FILES]/INDEXES/archive_index_history/LATEST_ROOT_DELTA.md,,232ef957e08ca9dee38d1d180e8a11ad2ce2dd3e,53538
ADDED,.[⚙️_AI_FILES]/INDEXES/archive_index_history/README.md,,df640992be8cdf2524a7abb060b788fdbfb5e068,2357
ADDED,.[⚙️_AI_FILES]/INDEXES/archive_index_history/ROUTER_STATE.json,,54e2a69119370ccbd4e22642268f9c88e34af8ee,868
ADDED,.[⚙️_AI_FILES]/INDEXES/archive_index_history/active/2026-09.txt,,2d3954cb95ce81ad5622046a56151c11276c968b,604
ADDED,.[⚙️_AI_FILES]/INDEXES/archive_index_history/deltas/root_delta_20260910_112619.json,,0f93af711ab1e8013902b80d13613f0ceb96d7f1,84491
ADDED,.[⚙️_AI_FILES]/INDEXES/archive_index_history/deltas/root_delta_20260910_112619.md,,232ef957e08ca9dee38d1d180e8a11ad2ce2dd3e,53538
ADDED,.[⚙️_AI_FILES]/INDEXES/archive_index_history/snapshots/471b1e63d1b3fe09/chunk_001.txt,,bee67e5e9aae4fd740c0b9da22e86c5c0e555251,179378
ADDED,.[⚙️_AI_FILES]/INDEXES/archive_index_history/snapshots/471b1e63d1b3fe09/chunk_002.txt,,7278d9ca9c30ea73c9030d7a16eb42624c99b380,160662
ADDED,.[⚙️_AI_FILES]/INDEXES/archive_index_history/snapshots/471b1e63d1b3fe09/chunk_003.txt,,798b8f104cc19076526ed170023ed172b4961981,160987
ADDED,.[⚙️_AI_FILES]/INDEXES/archive_index_history/snapshots/471b1e63d1b3fe09/chunk_004.txt,,f2c17ae85bd1ae676c06e2c547ea1ddc3b9aaf8f,161190
ADDED,.[⚙️_AI_FILES]/INDEXES/archive_index_history/snapshots/471b1e63d1b3fe09/chunk_005.txt,,d7e3068d82ea94e674dc6cc340213a50df6b3fbf,161272
ADDED,.[⚙️_AI_FILES]/INDEXES/archive_index_history/snapshots/471b1e63d1b3fe09/chunk_006.txt,,5c9e9913611ecfc053a9a9cac46c0ecb0c89449f,161272
ADDED,.[⚙️_AI_FILES]/INDEXES/archive_index_history/snapshots/471b1e63d1b3fe09/chunk_007.txt,,f081e5e204e4f3d7c9e6c354caf7eb175d4415e4,161413
ADDED,.[⚙️_AI_FILES]/INDEXES/archive_index_history/snapshots/471b1e63d1b3fe09/chunk_008.txt,,1145048f502275f31d50a9fd89ac2afe00d2d758,161518
ADDED,.[⚙️_AI_FILES]/INDEXES/archive_index_history/snapshots/471b1e63d1b3fe09/chunk_009.txt,,84e475fd8a7e25b74518af15d0c1225d750c136b,161518
ADDED,.[⚙️_AI_FILES]/INDEXES/archive_index_history/snapshots/471b1e63d1b3fe09/chunk_010.txt,,fd489e3451b6dfd736baafecdfc6c24fda53be38,80759
ADDED,.[⚙️_AI_FILES]/INDEXES/archive_index_history/snapshots/471b1e63d1b3fe09/chunk_011.txt,,4602e07a1a447ef77af3c458874f986fc72c61b4,142627
ADDED,.[⚙️_AI_FILES]/INDEXES/archive_index_history/snapshots/471b1e63d1b3fe09/chunk_012.txt,,01a4d3e947457e1c4c2d65b3355fdbd275129276,186181
ADDED,.[⚙️_AI_FILES]/INDEXES/archive_index_history/snapshots/471b1e63d1b3fe09/manifest.json,,270861217ca548e7791034ae26e55fd52d04aeb7,4508
ADDED,.[⚙️_AI_FILES]/INDEXES/archive_index_history/snapshots/cb596f94e361cd80/chunk_001.txt,,bee67e5e9aae4fd740c0b9da22e86c5c0e555251,179378
ADDED,.[⚙️_AI_FILES]/INDEXES/archive_index_history/snapshots/cb596f94e361cd80/chunk_002.txt,,7278d9ca9c30ea73c9030d7a16eb42624c99b380,160662
ADDED,.[⚙️_AI_FILES]/INDEXES/archive_index_history/snapshots/cb596f94e361cd80/chunk_003.txt,,798b8f104cc19076526ed170023ed172b4961981,160987
ADDED,.[⚙️_AI_FILES]/INDEXES/archive_index_history/snapshots/cb596f94e361cd80/chunk_004.txt,,f2c17ae85bd1ae676c06e2c547ea1ddc3b9aaf8f,161190
ADDED,.[⚙️_AI_FILES]/INDEXES/archive_index_history/snapshots/cb596f94e361cd80/chunk_005.txt,,d7e3068d82ea94e674dc6cc340213a50df6b3fbf,161272
ADDED,.[⚙️_AI_FILES]/INDEXES/archive_index_history/snapshots/cb596f94e361cd80/chunk_006.txt,,5c9e9913611ecfc053a9a9cac46c0ecb0c89449f,161272
ADDED,.[⚙️_AI_FILES]/INDEXES/archive_index_history/snapshots/cb596f94e361cd80/chunk_007.txt,,f081e5e204e4f3d7c9e6c354caf7eb175d4415e4,161413
ADDED,.[⚙️_AI_FILES]/INDEXES/archive_index_history/snapshots/cb596f94e361cd80/chunk_008.txt,,1145048f502275f31d50a9fd89ac2afe00d2d758,161518
ADDED,.[⚙️_AI_FILES]/INDEXES/archive_index_history/snapshots/cb596f94e361cd80/chunk_009.txt,,84e475fd8a7e25b74518af15d0c1225d750c136b,161518
ADDED,.[⚙️_AI_FILES]/INDEXES/archive_index_history/snapshots/cb596f94e361cd80/chunk_010.txt,,fd489e3451b6dfd736baafecdfc6c24fda53be38,80759
ADDED,.[⚙️_AI_FILES]/INDEXES/archive_index_history/snapshots/cb596f94e361cd80/chunk_011.txt,,fe91eaf63099fbca96b23e2cace657c8b420198b,142626
ADDED,.[⚙️_AI_FILES]/INDEXES/archive_index_history/snapshots/cb596f94e361cd80/latest_root_block.txt,,fe91eaf63099fbca96b23e2cace657c8b420198b,142626
ADDED,.[⚙️_AI_FILES]/INDEXES/archive_index_history/snapshots/cb596f94e361cd80/latest_root_tree.txt,,d0b2cbe103b16fd63985bf279b66860c7f14851b,141699
ADDED,.[⚙️_AI_FILES]/INDEXES/archive_index_history/snapshots/cb596f94e361cd80/manifest.json,,ed9f3626b4c052b7f1ef3c8f1c764465193bce93,4933
ADDED,.[⚙️_AI_FILES]/INSTITUTIONAL_MAP.txt,,01f9ecef145d9845f1ffbec41f1c94b62be867ad,4549
ADDED,.[⚙️_AI_FILES]/LLM_WORKSPACES/Argus/CROSSWALK.md,,4ded645dce0ead4a2a61c3f892b343f4ab8f78be,12766
ADDED,.[⚙️_AI_FILES]/LLM_WORKSPACES/Argus/PPP-001_SINGLE_PHOTON_RECOIL_RESIDUAL.md,,d6c97e77a59590462c3b14084c029e6371452f07,2090
ADDED,.[⚙️_AI_FILES]/LLM_WORKSPACES/Argus/PPP-002_ROTOEXPANDO_GEOMETRY_PROVENANCE_PACKET.md,,7b8e3d247eaab7dfe2ff2fb411fbc2bafd982cdc,6521
ADDED,.[⚙️_AI_FILES]/LLM_WORKSPACES/Argus/README.md,,10624df01d8e209d7704f66c55cf4f1de2741fd6,7600
ADDED,.[⚙️_AI_FILES]/LLM_WORKSPACES/Argus/RECORD.md,,ea491e8f73278e653a5f2957161ea6a914bfe7a3,5156
ADDED,.[⚙️_AI_FILES]/LLM_WORKSPACES/Argus/SOURCES.md,,3ca64f257eadedcb89464d37b1b39f42d4235fa2,3913
ADDED,.[⚙️_AI_FILES]/LLM_WORKSPACES/Argus/TODO.md,,f7fc0f7c751a02ecfddc6a041e40ac12ae2ef66d,4560
ADDED,.[⚙️_AI_FILES]/LLM_WORKSPACES/Argus/XW-003_PHOTONEUTRINO.md,,8f276caf459edb97901c66a6e3ffcab3c79e18d6,6688
ADDED,.[⚙️_AI_FILES]/LLM_WORKSPACES/Argus/XW-004_CKM_CP_AUDIT.md,,b7dc0f60a8ba63d83761aa4485719240a448c75a,6682
ADDED,.[⚙️_AI_FILES]/LLM_WORKSPACES/Argus/XW-005_Z3_FUSION_GATE_AUDIT.md,,a060f0f1f48d1d3ca9c78a0aeff692dce828151c,8001
ADDED,.[⚙️_AI_FILES]/LLM_WORKSPACES/Argus/XW-006_EARLY_Z3_FORMALIZATION_LINEAGE.md,,c99a7be968f5ff8827dd645dd0db052d271c782a,3632
ADDED,.[⚙️_AI_FILES]/LLM_WORKSPACES/Argus/XW-007_FINITE_CORE_MEASURES_H_RUNIC_LINEAGE.md,,0288fbcc26011b8971aa8ac4521096c1b62679a6,6817
ADDED,.[⚙️_AI_FILES]/LLM_WORKSPACES/Argus/XW-008_WORLDTUBE_THOUGHTS_FINITE_CORE_DISCRIMINATION.md,,8d3783ae7fb5aad9f4ed95d50b7bf695621c6ba6,7182
ADDED,.[⚙️_AI_FILES]/LLM_WORKSPACES/Argus/XW-009_STARTUP_DOCS_TRANSVERSE_TYPE_SPLIT.md,,b9f86f173766b304701a0ef92030ad7ce5daead5,7162
ADDED,.[⚙️_AI_FILES]/LLM_WORKSPACES/Argus/XW-010_HSH_ARCHITECTING_BOUNDARY_READOUT_LINEAGE.md,,6cc5b76cc82ff61a212e590c0c6d5fe704b905b3,4633
ADDED,.[⚙️_AI_FILES]/LLM_WORKSPACES/Argus/XW-011_FINITE_RESOLVING_THICKNESS_AND_ROTOEXPANDO_PRIOR_ART.md,,19b124cc3e969be57e67d5a35c3d8ece00bd85dc,7469
ADDED,.[⚙️_AI_FILES]/LLM_WORKSPACES/Argus/XW-012_NAIVE_TIMESHEET_TO_FINITE_SLAB_LINEAGE.md,,1b821e2209ee02292f5c4364bc091688b43e256e,4818
ADDED,.[⚙️_AI_FILES]/LLM_WORKSPACES/Argus/XW-013_PUBLIC_FINITE_SLAB_CHRONOLOGY_AND_SCALE_CANDIDATE.md,,53e6114feb8f71a80ec3256494d6dbc9ee9e8c69,5499
ADDED,.[⚙️_AI_FILES]/LLM_WORKSPACES/Argus/XW-014_PRE_HSH_FINITE_TIME_THICKNESS_LINEAGE.md,,994853613047179f7c23ae07a7acf2a54b8ffb5d,7374
ADDED,.[⚙️_AI_FILES]/LLM_WORKSPACES/Argus/XW-015_PLANCK_THICK_WAVEFRONT_ANCESTOR.md,,e7f75f488c0281f9395b56bd4cf9c3ec97f31e41,6653
ADDED,.[⚙️_AI_FILES]/LLM_WORKSPACES/Argus/XW-016_LF_SYMBOL_COLLISION_AND_PRE_O9_SCALE_LINEAGE.md,,38f3f84677dfe230255890e4e67f5e95de9e036f,6681
ADDED,.[⚙️_AI_FILES]/LLM_WORKSPACES/Argus/XW-017_O8_TRANSVERSE_SCALE_VS_O9_WAVEFRONT_COLLISION.md,,3006985fdba4813d4011d7b9ecff34d4ba98f45f,7811
ADDED,.[⚙️_AI_FILES]/LLM_WORKSPACES/Argus/XW-018_LF_DIMENSIONAL_CLOSURE_AND_RECONNECTION_WIDTH_FORK.md,,9912a52f5c2d1a87b83a76930baadd67289460f3,8742
ADDED,.[⚙️_AI_FILES]/LLM_WORKSPACES/CROSS_REPO_ADMIN/..findex.txt,,106b20f4a1e0a4444ed265a397439da012899fc2,532
ADDED,.[⚙️_AI_FILES]/LLM_WORKSPACES/CROSS_REPO_ADMIN/ACTION_PLAN.md,,d83bec8b67ecca750f764f905a1c72a6ed8813dc,5186
ADDED,.[⚙️_AI_FILES]/LLM_WORKSPACES/CROSS_REPO_ADMIN/RECORD.md,,0605594ef447e627053ae64838046b7218a4ce1d,4358
ADDED,.[⚙️_AI_FILES]/LLM_WORKSPACES/CROSS_REPO_ADMIN/SOURCES.md,,da4a0e7329a22ac98e42b62aab2717f4f3670b6b,2118
ADDED,.[⚙️_AI_FILES]/LLM_WORKSPACES/CROSS_REPO_ADMIN/TODO.md,,8e0d645cef6ba56c0e02163756628341e9948dd0,5751
ADDED,.[⚙️_AI_FILES]/LOGS/archive_admin/archive_admin_20260607_153332.txt,,8af6354e61a7012a5a1afda51059ffd33945538f,60
ADDED,.[⚙️_AI_FILES]/LOGS/archive_admin/archive_admin_20260607_160537.txt,,c584211c4e5c9401524fae65c2675d0e4d131516,1367
ADDED,.[⚙️_AI_FILES]/LOGS/archive_admin/archive_admin_20260607_160955.txt,,22e2ab564810fd7c80831cfa6556883fd7486606,1599
ADDED,.[⚙️_AI_FILES]/LOGS/archive_admin/archive_admin_20260607_162234.txt,,e1fd5b6570f8c819a46378d328c79a561a64beab,2159
ADDED,.[⚙️_AI_FILES]/LOGS/archive_admin/archive_admin_20260607_180723.txt,,9d75b3c30958723f5ce52c697af19f4604035cec,2068
ADDED,.[⚙️_AI_FILES]/LOGS/archive_admin/archive_admin_20260607_181619.txt,,7bbf0a66d44bb1ca30e48c43668a8faf1e539fe7,2177
ADDED,.[⚙️_AI_FILES]/LOGS/archive_admin/archive_admin_20260607_181815.txt,,84087d562f8aa4ae08b42866341b6210507b9fde,1567
ADDED,.[⚙️_AI_FILES]/LOGS/archive_admin/archive_admin_20260607_182455.txt,,aa86aba4d9be95b4cad3aea2a71dcc68b6b81c34,1567
ADDED,.[⚙️_AI_FILES]/LOGS/archive_admin/archive_admin_20260607_182847.txt,,b54a052da349b3580558accc72723d07cd1c1146,1503
ADDED,.[⚙️_AI_FILES]/LOGS/archive_admin/archive_admin_20260607_183435.txt,,80747f332e66c84a628c318abb68995e007f9104,1503
ADDED,.[⚙️_AI_FILES]/LOGS/archive_admin/archive_admin_20260607_183500.txt,,4043e33e842a1c6b57db65981b819f039a2c9531,1503
ADDED,.[⚙️_AI_FILES]/LOGS/archive_admin/archive_admin_20260607_183819.txt,,e8b542588791c8230fed515e77daa0e0864c2df0,1839
ADDED,.[⚙️_AI_FILES]/LOGS/archive_admin/archive_admin_20260607_184906.txt,,c3c077da5938bf48843ca91731ea797030d7f989,1839
ADDED,.[⚙️_AI_FILES]/LOGS/archive_admin/archive_admin_20260607_185041.txt,,67b97d82dcdf55facd3ed99583611885d8f9db6f,1839
ADDED,.[⚙️_AI_FILES]/LOGS/archive_admin/archive_admin_20260607_185721.txt,,952f0b30445df9e256332b8a0ae8b2e07501b175,1575
ADDED,.[⚙️_AI_FILES]/LOGS/archive_admin/archive_admin_20260607_191335.txt,,0b1061fd7ce4959f66f0203bdbc081c0f35ac5ae,1618
ADDED,.[⚙️_AI_FILES]/LOGS/archive_admin/archive_admin_20260607_191753.txt,,74496936e9652ec657fd9b01a565bbb51760beab,1546
ADDED,.[⚙️_AI_FILES]/LOGS/archive_admin/archive_admin_20260607_210243.txt,,6126240ffcd4d4179dc701594a05f28d569ceeb9,1546
ADDED,.[⚙️_AI_FILES]/LOGS/archive_admin/archive_admin_20260607_210405.txt,,d0dc7dedcabc2334fd78b0d10c60c68b3f2df6a6,1417
ADDED,.[⚙️_AI_FILES]/LOGS/archive_admin/archive_admin_20260607_213130.txt,,bfd31d6340cc1ebf78d35e84409c92704e3faa4f,1417
ADDED,.[⚙️_AI_FILES]/LOGS/archive_admin/archive_admin_20260607_220142.txt,,524aa735228cd63357aa3e17fe693bea1c8f5050,1417
ADDED,.[⚙️_AI_FILES]/LOGS/archive_admin/archive_admin_20260607_220353.txt,,81606d2002d981ee0e05ac569311cb9fc998addb,1417
ADDED,.[⚙️_AI_FILES]/LOGS/archive_admin/archive_admin_20260607_220706.txt,,ee87cd9d8d5d7b082ba94b8ed55ebf62dbe06c79,1417
ADDED,.[⚙️_AI_FILES]/LOGS/archive_admin/archive_admin_20260607_220855.txt,,d23fe633dd531243d886af49043062a7b7103308,1417
ADDED,.[⚙️_AI_FILES]/LOGS/archive_admin/archive_admin_20260607_221554.txt,,1a98a29b401a26d7ad87aed2bfbf077b2a6dcdac,1417
ADDED,.[⚙️_AI_FILES]/LOGS/archive_admin/archive_admin_20260607_223727.txt,,3085c7d06d608a25137c367d2dd5d39413f996d2,1417
ADDED,.[⚙️_AI_FILES]/LOGS/archive_admin/archive_admin_20260607_223820.txt,,69c2486e3d4c23372198bf37d09c625573d219d1,1417
ADDED,.[⚙️_AI_FILES]/LOGS/archive_admin/archive_admin_20260607_224451.txt,,e7e3f25f4ed61ddd5cbbe3074cd18e19787ba260,1417
ADDED,.[⚙️_AI_FILES]/LOGS/archive_admin/archive_admin_20260607_224521.txt,,df553816ab86ff851f545faa9db70ff9a3a755c2,1417
ADDED,.[⚙️_AI_FILES]/LOGS/archive_admin/archive_admin_20260607_224654.txt,,eb2bbe0b3d849722811d04b7a3e5526ac4278106,1417
ADDED,.[⚙️_AI_FILES]/LOGS/archive_admin/archive_admin_20260607_224749.txt,,7286e2f234d459ef6412fe97072a21d4a5fabb1e,1417
ADDED,.[⚙️_AI_FILES]/LOGS/archive_admin/archive_admin_20260607_224831.txt,,0265a4195573318c55d27a4ba6e83bd5ba75c420,1417
ADDED,.[⚙️_AI_FILES]/LOGS/archive_admin/archive_admin_20260607_225035.txt,,fa5000a8516362be70e477ff1eebd9d9c15029b3,1417
ADDED,.[⚙️_AI_FILES]/LOGS/archive_admin/archive_admin_20260607_225130.txt,,64ffa10950c834147418cb45d663e57185b1d8a3,1417
ADDED,.[⚙️_AI_FILES]/LOGS/archive_admin/archive_admin_20260608_094846.txt,,1866e19374c6ab33ae0c411fa1b18f7c5adacb2f,1417
ADDED,.[⚙️_AI_FILES]/LOGS/archive_admin/archive_admin_20260608_094915.txt,,bdcae14ab82261231ed383cbf5df9ebd36af508e,1417
ADDED,.[⚙️_AI_FILES]/LOGS/archive_admin/archive_admin_20260608_095128.txt,,3c23d28cb24558927315084b8d2b544a7f60c2d7,1417
ADDED,.[⚙️_AI_FILES]/LOGS/archive_admin/archive_admin_20260608_095154.txt,,cb21e87e32be2e12024301a1917d36d41a6a4966,1417
ADDED,.[⚙️_AI_FILES]/LOGS/archive_admin/archive_admin_20260608_095837.txt,,b3ba3b8a31e8cb7b08e9e0775ccc049cdbdf917c,1417
ADDED,.[⚙️_AI_FILES]/LOGS/archive_admin/archive_admin_20260608_100328.txt,,3841100d24df8e4763641803116b8e5f6cf2bbfd,1417
ADDED,.[⚙️_AI_FILES]/LOGS/archive_admin/archive_admin_20260608_101659.txt,,9152520166d0c1d1dda6b909220427d56832da22,1417
ADDED,.[⚙️_AI_FILES]/LOGS/archive_admin/archive_admin_20260608_101747.txt,,b0df50c6ec60e3d4461403f9aec16b6a4e69f377,1618
ADDED,.[⚙️_AI_FILES]/LOGS/archive_admin/archive_admin_20260608_104030.txt,,be88aaca4249906d6100cbf4e515ecf5354052e9,1648
ADDED,.[⚙️_AI_FILES]/LOGS/archive_admin/archive_admin_20260608_104931.txt,,652f4d9f3d343d9ab6e8c21a3975a6e7af370fa4,1881
ADDED,.[⚙️_AI_FILES]/LOGS/archive_admin/archive_admin_20260608_105557.txt,,8138360e8b0092216ec68bb76ee55221178ecc69,1881
ADDED,.[⚙️_AI_FILES]/LOGS/archive_admin/archive_admin_20260608_105810.txt,,d72e1757fcc1a6eb0978b1f062e4db9538c11cbf,1669
ADDED,.[⚙️_AI_FILES]/LOGS/archive_admin/archive_admin_20260608_110306.txt,,ff8ae3d36b01a79b5d5b8522c3eb5dc972ae7792,1779
ADDED,.[⚙️_AI_FILES]/LOGS/archive_admin/archive_admin_20260608_111234.txt,,d5aa798d5082e5d481c2bcaeb98a1d96f8e642b9,1759
ADDED,.[⚙️_AI_FILES]/LOGS/archive_admin/archive_admin_20260608_112445.txt,,6efcd337c00c62adcf5bd3d8671dd4cbcbf66334,1625
ADDED,.[⚙️_AI_FILES]/LOGS/archive_admin/archive_admin_20260608_112525.txt,,54ff48f5ece81f1af4a83af470235e645adcb35a,1827
ADDED,.[⚙️_AI_FILES]/LOGS/archive_admin/archive_admin_20260608_113154.txt,,d65594f3472947088446e5490f4995c7db8ed40a,1801
ADDED,.[⚙️_AI_FILES]/LOGS/archive_admin/archive_admin_20260608_120016.txt,,7192ec88edcc4365e8df197626e55543517b4e75,1801
ADDED,.[⚙️_AI_FILES]/LOGS/archive_admin/archive_admin_20260608_120401.txt,,6b6fc7b454609ecf3ff49008708d721145c37d74,1811
ADDED,.[⚙️_AI_FILES]/LOGS/archive_admin/archive_admin_20260608_121729.txt,,81a749bfa26562abd57baf9e16237f0511685f5e,1811
ADDED,.[⚙️_AI_FILES]/LOGS/archive_admin/archive_admin_20260608_122113.txt,,2eed7b3e26a7bb8ec43a322a40f7dd07c016c1e4,1811
ADDED,.[⚙️_AI_FILES]/LOGS/archive_admin/archive_admin_20260608_122643.txt,,24f7a6abef8c22d1757cd4f0c4d075e93442e3f2,1697
ADDED,.[⚙️_AI_FILES]/LOGS/archive_admin/archive_admin_20260608_123046.txt,,5a50e4c72722dceea3024ff1979dec0e7c6ebcdb,1697
ADDED,.[⚙️_AI_FILES]/LOGS/archive_admin/archive_admin_20260608_123450.txt,,af6f447596a25cd1387c0b0a1388ee64136b2042,1697
ADDED,.[⚙️_AI_FILES]/LOGS/archive_admin/archive_admin_20260608_130229.txt,,3124b8b48f9971327c5270bb2e28f541f1d61902,1697
ADDED,.[⚙️_AI_FILES]/LOGS/archive_admin/archive_admin_20260608_130551.txt,,d7ead6059acd8283374c0e327119576d885e3b5a,1697
ADDED,.[⚙️_AI_FILES]/LOGS/archive_admin/archive_admin_20260608_135802.txt,,fc4b20a9e6aa10282610184e8bd27f600546ae1c,1724
ADDED,.[⚙️_AI_FILES]/LOGS/archive_admin/archive_admin_20260608_174634.txt,,440743db801e3839ae632a5a33ba2472f29c74f9,1724
ADDED,.[⚙️_AI_FILES]/LOGS/archive_admin/archive_admin_20260608_202107.txt,,c53c6f324b10ce73afbdca4713e7e83e14b786d1,1724
ADDED,.[⚙️_AI_FILES]/LOGS/archive_admin/archive_admin_20260608_230624.txt,,a3b336de24838006279727cab53293da489081a2,1724
ADDED,.[⚙️_AI_FILES]/LOGS/archive_admin/archive_admin_20260608_234819.txt,,d1e1a8cfe18c4b5f663fe85ede3368d0b1aa96da,1724
ADDED,.[⚙️_AI_FILES]/LOGS/archive_admin/archive_admin_20260609_005811.txt,,1cb63a12fc1284e88eac4a1840843920704d903f,1724
ADDED,.[⚙️_AI_FILES]/LOGS/archive_admin/archive_admin_20260609_015745.txt,,eb6306eb0af60d53f47465e7ffa9cebcea3efbd3,2003
ADDED,.[⚙️_AI_FILES]/LOGS/archive_admin/archive_admin_20260609_030152.txt,,37ea0dc31f869154cc96eaccccd62d9165506eb4,2005
ADDED,.[⚙️_AI_FILES]/LOGS/archive_admin/archive_admin_20260609_051013.txt,,693fcad5ea92f0336cb33d573a1be1c7265b9369,2005
ADDED,.[⚙️_AI_FILES]/LOGS/archive_admin/archive_admin_20260609_051048.txt,,ad6f221bc41de1f4ffe80b0d0bd0219fa4426404,2005
ADDED,.[⚙️_AI_FILES]/LOGS/archive_admin/archive_admin_20260609_051117.txt,,cbf0bdc0600ec6e29fb09d3f795d9353484a9748,2005
ADDED,.[⚙️_AI_FILES]/LOGS/archive_admin/archive_admin_20260609_051143.txt,,7204b3da26f29b31bb96f37e09219badd413fa68,2005
ADDED,.[⚙️_AI_FILES]/LOGS/archive_admin/archive_admin_20260609_051231.txt,,06e1e78dbadddfa094a8989d9bce831508ef0ca2,2005
ADDED,.[⚙️_AI_FILES]/LOGS/archive_admin/archive_admin_20260609_051417.txt,,771dc20f3963257ff759a71affb0fba4f8d6e293,2019
ADDED,.[⚙️_AI_FILES]/LOGS/archive_admin/archive_admin_20260609_054217.txt,,28c60b7dfbc9d126b8410ffe00dc6115cd5eaaf5,2019
ADDED,.[⚙️_AI_FILES]/LOGS/archive_admin/archive_admin_20260609_054306.txt,,04bc6e5bfca201cf559c92e756c6e6ecec3d3bc5,2019
ADDED,.[⚙️_AI_FILES]/LOGS/archive_admin/archive_admin_20260609_064129.txt,,d9ffd04589d4f13380d00212a327cb96cafdc301,2019
ADDED,.[⚙️_AI_FILES]/LOGS/archive_admin/archive_admin_20260609_064514.txt,,dabfb35de54f02db7f32d9bf266537af2e86ef2c,2019
ADDED,.[⚙️_AI_FILES]/LOGS/archive_admin/archive_admin_20260609_181036.txt,,bd63d38ca5ff338a8171673c7768ce49ac9b0565,2019
ADDED,.[⚙️_AI_FILES]/LOGS/archive_admin/archive_admin_20260609_185116.txt,,9a69b348f4659e0ba10dd42ec46194febd7ac87d,2019
ADDED,.[⚙️_AI_FILES]/LOGS/archive_admin/archive_admin_20260610_100248.txt,,5498df8f7efe5f0645c40fea393be419aa6db2f1,2019
ADDED,.[⚙️_AI_FILES]/LOGS/archive_admin/archive_admin_20260610_100758.txt,,a4252a7f698cff1b44e382b4d0ce1173058f48a9,2019
ADDED,.[⚙️_AI_FILES]/LOGS/archive_admin/archive_admin_20260610_101157.txt,,a42badd4dea2e857538c951d23c1dc9b42a1dfe2,2019
ADDED,.[⚙️_AI_FILES]/LOGS/archive_admin/archive_admin_20260610_102242.txt,,5b0efd14c6e8877ceb5bee74ab359201141885ff,2019
ADDED,.[⚙️_AI_FILES]/LOGS/archive_admin/archive_admin_20260610_132446.txt,,3fe73de11777345bb1b17ad9ddfe9fe5b1eacd64,2019
ADDED,.[⚙️_AI_FILES]/LOGS/archive_admin/archive_admin_20260610_155833.txt,,4fd43fedbb11cc2493cc2c4b3fd35584b6c47bab,2019
ADDED,.[⚙️_AI_FILES]/LOGS/archive_admin/archive_admin_20260610_230021.txt,,f9b77e6af7edf6cb17fa93f7918538374a744140,2019
ADDED,.[⚙️_AI_FILES]/LOGS/archive_admin/archive_admin_20260610_230104.txt,,57369ea71781164705d2d0d30af3e789654b72d0,2019
ADDED,.[⚙️_AI_FILES]/LOGS/archive_admin/archive_admin_20260610_230224.txt,,b8cfe30b30efdd92f7aa29e3a81af91523101023,2019
ADDED,.[⚙️_AI_FILES]/LOGS/archive_admin/archive_admin_20260610_230348.txt,,9912a24d1cd66da20abd357bb796459fb79f12ee,2019
ADDED,.[⚙️_AI_FILES]/LOGS/archive_admin/archive_admin_20260610_230529.txt,,1e3abffe345db7fe3d73cad0d382e7cb1cbd846a,2019
ADDED,.[⚙️_AI_FILES]/LOGS/archive_admin/archive_admin_20260613_213847.txt,,f0e6cd8167c4393a25bbb274b887ce28133b1dd2,2019
ADDED,.[⚙️_AI_FILES]/LOGS/archive_admin/archive_admin_20260613_214052.txt,,cba16618ae0fd5a1fbb09ec28a0e07c85e428860,2019
ADDED,.[⚙️_AI_FILES]/LOGS/archive_admin/archive_admin_20260613_214253.txt,,2d0f05671f5213f61e8f919cd289f44906c3554d,2019
ADDED,.[⚙️_AI_FILES]/LOGS/archive_admin/archive_admin_20260613_214441.txt,,5865fbd14a17f7c4b25c9948c840685fce9f88d4,2019
ADDED,.[⚙️_AI_FILES]/LOGS/archive_admin/archive_admin_20260613_214721.txt,,47fcf056cb740f0f93d6e8c6852e40eb1ee56906,2019
ADDED,.[⚙️_AI_FILES]/LOGS/archive_admin/archive_admin_20260613_215529.txt,,a5ca82606fad7bbe9cb667346def260fc0a111eb,1987
ADDED,.[⚙️_AI_FILES]/LOGS/archive_admin/archive_admin_20260614_003007.txt,,f22e4852ceee9b670eeb89b53e1bb9bf68d11d49,1987
ADDED,.[⚙️_AI_FILES]/LOGS/archive_admin/archive_admin_20260614_003058.txt,,9f11675fe5f066fde8e30bc4f48542f616fe3268,1987
ADDED,.[⚙️_AI_FILES]/LOGS/archive_admin/archive_admin_20260616_011054.txt,,0d674e6f861ff411fbc0a0609f9494ff2ce9d96b,1987
ADDED,.[⚙️_AI_FILES]/LOGS/archive_admin/archive_admin_20260616_012047.txt,,455cc05b415e6016f942ece35fddf4e14d0b91e2,1987
ADDED,.[⚙️_AI_FILES]/LOGS/archive_admin/archive_admin_20260616_024824.txt,,b1cc4fad4e7de500277a18646e892013c2c91ac7,1987
ADDED,.[⚙️_AI_FILES]/LOGS/archive_admin/archive_admin_20260617_172952.txt,,8b64625c734c2f5431930b6d3d68cd3e97a87e51,1987
ADDED,.[⚙️_AI_FILES]/LOGS/archive_admin/archive_admin_20260617_173150.txt,,79dcf6fcb6e6714d1a772e643230ba9bb03d0f51,1987
ADDED,.[⚙️_AI_FILES]/LOGS/archive_admin/archive_admin_20260617_174249.txt,,a50347aea76a9abbc51617d5a434c9728c42f2a1,1987
ADDED,.[⚙️_AI_FILES]/LOGS/archive_admin/archive_admin_20260617_174450.txt,,b401972c62f90d491c1458ed81a5aa642424e06e,1987
ADDED,.[⚙️_AI_FILES]/LOGS/archive_admin/archive_admin_20260617_174520.txt,,6bc379f16a1e2b41dc32aae0cbe1a20a200a9238,1987
ADDED,.[⚙️_AI_FILES]/LOGS/archive_admin/archive_admin_20260618_080734.txt,,ae283886748ac3f6dd3c36a5c984b5b6f621ea06,1987
ADDED,.[⚙️_AI_FILES]/LOGS/archive_admin/archive_admin_20260622_132134.txt,,c8eeccccd889f5f6c88c45f438b4151b31949e57,1987
ADDED,.[⚙️_AI_FILES]/LOGS/archive_admin/archive_admin_20260623_042304.txt,,86da58e463e2a5ce9afa0c253aab9bba1bcda2d0,1987
ADDED,.[⚙️_AI_FILES]/LOGS/archive_admin/archive_admin_20260623_073757.txt,,e34d655c9cef74bd5018156c35de814b079e6a43,1987
ADDED,.[⚙️_AI_FILES]/LOGS/archive_admin/archive_admin_20260623_074245.txt,,3595bb693c01841ea0bacbd67f6206126b8edb06,1987
ADDED,.[⚙️_AI_FILES]/LOGS/archive_admin/archive_admin_20260623_075850.txt,,63ba86cf6295baba9a71a1499b0a27fa1cf02ae4,1987
ADDED,.[⚙️_AI_FILES]/LOGS/archive_admin/archive_admin_20260624_171859.txt,,2b8c63784f0a4718d1ecb7c91addd5292aa22ddc,1987
ADDED,.[⚙️_AI_FILES]/LOGS/archive_admin/archive_admin_20260624_171931.txt,,10a15fa65f340a5f4cdcd50269024c15f1f282f3,1625
ADDED,.[⚙️_AI_FILES]/LOGS/archive_admin/archive_admin_20260629_095311.txt,,b8c57458a3fc1d07d99e1457ee603c09bbd0882c,1625
ADDED,.[⚙️_AI_FILES]/LOGS/archive_admin/archive_admin_20260629_100156.txt,,db48ccfdfb984b033bd0751f5bd02d96b640c64f,1625
ADDED,.[⚙️_AI_FILES]/LOGS/archive_admin/archive_admin_20260629_100303.txt,,3d971c4df46164ae97d8c391044328064efcdd32,1625
ADDED,.[⚙️_AI_FILES]/LOGS/archive_admin/archive_admin_20260629_100423.txt,,b5f31ba00899ced69b65b285e88850cd5570574b,1625
ADDED,.[⚙️_AI_FILES]/LOGS/archive_admin/archive_admin_20260629_100738.txt,,698065c22f3dec81f67ac6e1a88491bb331bf735,1625
ADDED,.[⚙️_AI_FILES]/LOGS/archive_admin/archive_admin_20260629_101906.txt,,f5c289c80b42c5d2eaae16853b4852191b5b63b3,1625
ADDED,.[⚙️_AI_FILES]/LOGS/archive_admin/archive_admin_20260701_014630.txt,,e951eebe1fdb6dba10049883d51812b4db70660d,1625
ADDED,.[⚙️_AI_FILES]/LOGS/archive_admin/archive_admin_20260702_174623.txt,,54b6f6be93e2c8cc7fae308e77206e50b8389e5f,1625
ADDED,.[⚙️_AI_FILES]/LOGS/archive_admin/archive_admin_20260702_174723.txt,,01a26402fd5ab6fdd4d08ab35b24031e11dc66f3,1625
ADDED,.[⚙️_AI_FILES]/LOGS/archive_admin/archive_admin_20260702_174922.txt,,a3560311231c24a9409c65f8c549da04db801e90,1625
ADDED,.[⚙️_AI_FILES]/LOGS/archive_admin/archive_admin_20260708_062622.txt,,ddddaa11aea70d2185266c4355d74b3e8dd0cddc,1625
ADDED,.[⚙️_AI_FILES]/LOGS/archive_admin/archive_admin_20260712_225855.txt,,9baa6ed547a53dc8e36f0a1f7edbbda45cb2f354,1625
ADDED,.[⚙️_AI_FILES]/LOGS/archive_admin/archive_admin_20260718_033514.txt,,e713148645bb16cc09b31d93c760b1fcf2c349e0,1625
ADDED,.[⚙️_AI_FILES]/LOGS/archive_admin/archive_admin_20260718_034631.txt,,56acc5e06970782f94f6f53f9bfdc4131ceed249,1625
ADDED,.[⚙️_AI_FILES]/LOGS/archive_admin/archive_admin_20260827_053535.txt,,078b92cd54a1b959f6140a5a5ec601b0602ff84e,1625
ADDED,.[⚙️_AI_FILES]/LOGS/archive_admin/archive_admin_20260901_133742.txt,,c9257fca6b09a8e5b6e4ec02e4b3b08cf847abe8,1625
ADDED,.[⚙️_AI_FILES]/LOGS/archive_admin/archive_admin_20260901_134901.txt,,3201f643b00d8e033b9ad861ecb884ec1edbe09e,1625
ADDED,.[⚙️_AI_FILES]/LOGS/archive_admin/archive_admin_20260901_135120.txt,,bdc9eb30636f65fe4224c2840bba096d7a011c5e,1625
ADDED,.[⚙️_AI_FILES]/LOGS/archive_admin/archive_admin_20260904_182854.txt,,e297f1437f12fbd7682797654788c33b0c4196e5,1625
ADDED,.[⚙️_AI_FILES]/LOGS/archive_admin/archive_admin_20260904_183102.txt,,203eeb47e504b91a197cace7f870fb14b23a5564,1625
ADDED,.[⚙️_AI_FILES]/LOGS/archive_admin/archive_admin_20260904_183453.txt,,8fb04bf80e49276bf81d8807186d069de5f5907b,1625
ADDED,.[⚙️_AI_FILES]/LOGS/archive_admin/archive_admin_20260904_183943.txt,,2beb663bc3f17f215bb7a05c7aa0fd09667fa51e,1625
ADDED,.[⚙️_AI_FILES]/LOGS/archive_admin/archive_admin_20260904_185836.txt,,35a57867377a87b935d49e5e91b0c79344066eaa,1625
ADDED,.[⚙️_AI_FILES]/LOGS/archive_admin/archive_admin_20260904_190054.txt,,ccbc479d9960a9800e571ed7d99cb21fb4a8784d,1625
ADDED,.[⚙️_AI_FILES]/LOGS/archive_admin/archive_admin_20260904_190258.txt,,6cb7141889ceeea4f21c270c26449c60e0aacb64,1625
ADDED,.[⚙️_AI_FILES]/LOGS/archive_admin/archive_admin_20260904_192249.txt,,27965949afc2b21f619ab74ae4ef945a0db65420,1625
ADDED,.[⚙️_AI_FILES]/LOGS/archive_admin/archive_admin_20260904_192624.txt,,45076a7ce2ba35fa5890f7ba1777a47ee0f46ac7,1625
ADDED,.[⚙️_AI_FILES]/LOGS/archive_admin/archive_admin_20260904_193555.txt,,8395fb1abd5c2e13c114e8313166b5947b5b48a1,1625
ADDED,.[⚙️_AI_FILES]/LOGS/archive_admin/archive_admin_20260905_143839.txt,,7f1469979c8d06e3249e630ea9b75547265851bc,1987
ADDED,.[⚙️_AI_FILES]/LOGS/archive_admin/archive_admin_20260905_144035.txt,,876b77238ed185697f3674776cd1852f6845e3ec,1669
ADDED,.[⚙️_AI_FILES]/LOGS/archive_admin/archive_admin_20260906_095315.txt,,0314dd1978861cb032443ae2428560c8cbecc4c8,1669
ADDED,.[⚙️_AI_FILES]/LOGS/archive_admin/archive_admin_20260906_095405.txt,,87d0c075954544172d83d5b9742571c6555228cf,1669
ADDED,.[⚙️_AI_FILES]/LOGS/archive_admin/archive_admin_20260906_225402.txt,,0cfbe22c5650285071b93743966d3c47bc10a549,1669
ADDED,.[⚙️_AI_FILES]/LOGS/archive_admin/archive_admin_20260906_225522.txt,,2052401bea425aca5ece1e74f142d14a2a192c40,1669
ADDED,.[⚙️_AI_FILES]/LOGS/archive_admin/archive_admin_20260906_225819.txt,,957464a63e318eb1b5e96c81a3697ec5f6cb6beb,1669
ADDED,.[⚙️_AI_FILES]/LOGS/archive_admin/archive_admin_20260906_230215.txt,,9e65eaec07de4e2fd19bc58571575ac1fc4844cb,1669
ADDED,.[⚙️_AI_FILES]/LOGS/archive_admin/archive_admin_20260906_230651.txt,,3d501fb4797852f932c7b021e1cc5f1f77edc946,1669
ADDED,.[⚙️_AI_FILES]/LOGS/archive_admin/archive_admin_20260906_233124.txt,,919a47bb4d445cdf00710f193a86f3ea2655bc60,1669
ADDED,.[⚙️_AI_FILES]/LOGS/archive_admin/archive_admin_20260906_233642.txt,,466830d347ab6f83a75aa79c724bca45753ef835,1669
ADDED,.[⚙️_AI_FILES]/LOGS/archive_admin/archive_admin_20260906_233950.txt,,a9cf4c0979cd64c2412e2ffcf7c3f9e7f4fae75a,1669
ADDED,.[⚙️_AI_FILES]/LOGS/archive_admin/archive_admin_20260906_234057.txt,,735fe7bc099d99344e0598e080d4b3ae81fe8b1b,1669
ADDED,.[⚙️_AI_FILES]/LOGS/archive_admin/archive_admin_20260907_161928.txt,,d2bd12a1cf87337b8c511943dfd3725257b59273,1669
ADDED,.[⚙️_AI_FILES]/LOGS/archive_admin/archive_admin_20260907_190740.txt,,7f54cdc768938423cc2529aeab19dd1bc9b3051d,1669
ADDED,.[⚙️_AI_FILES]/LOGS/archive_admin/archive_admin_20260907_190931.txt,,c516c7079ed33f731dfb884b46dfd7bc46f55079,1669
ADDED,.[⚙️_AI_FILES]/LOGS/archive_admin/archive_admin_20260907_192744.txt,,950ee70ebfe44e2c8638d94afcf3998e03e40a7e,1669
ADDED,.[⚙️_AI_FILES]/LOGS/archive_admin/archive_admin_20260907_192830.txt,,29fb93eedbae21446fa61f9b487d03a694794d0d,1669
ADDED,.[⚙️_AI_FILES]/LOGS/archive_admin/archive_admin_20260907_193137.txt,,cd6fd265e4178edd5c2267e97924b1c25d7e761d,1669
ADDED,.[⚙️_AI_FILES]/LOGS/archive_admin/archive_admin_20260907_193330.txt,,48c2e40b4f52d72de3d661e7c4d28a6b40af4136,1669
ADDED,.[⚙️_AI_FILES]/LOGS/archive_admin/archive_admin_20260907_194123.txt,,69fcce7682d512643d701172f03d792dd9b61527,1669
ADDED,.[⚙️_AI_FILES]/LOGS/archive_admin/archive_admin_20260907_194307.txt,,6e7d853c9737de7788b49cbb5e3c92957a37f154,1669
ADDED,.[⚙️_AI_FILES]/LOGS/archive_admin/archive_admin_20260907_194553.txt,,7cb0355904719c233624469d1bcaae43adffc6b3,1669
ADDED,.[⚙️_AI_FILES]/LOGS/archive_admin/archive_admin_20260907_194637.txt,,fa8c6ca19a43118c3bd4b2643e4feeb1441108ed,1669
ADDED,.[⚙️_AI_FILES]/LOGS/archive_admin/archive_admin_20260907_194826.txt,,c0d3fce5b494c1b0a394deac07acf64abcc28eb7,1669
ADDED,.[⚙️_AI_FILES]/LOGS/archive_admin/archive_admin_20260907_195319.txt,,6266823cf137f3ef4b1b2b7b2c919a95f5ae0436,1669
ADDED,.[⚙️_AI_FILES]/LOGS/archive_admin/archive_admin_20260907_205541.txt,,f9b40af9df37564e41b0aac004643b6c12cfa4ee,1669
ADDED,.[⚙️_AI_FILES]/LOGS/archive_admin/archive_admin_20260908_043435.txt,,501552a7660e8174eba847acb5f99d8e7ecf5921,1669
ADDED,.[⚙️_AI_FILES]/LOGS/archive_admin/archive_admin_20260908_043520.txt,,32b7fb479b421f18ebb3e4b8885280411b211166,1669
ADDED,.[⚙️_AI_FILES]/LOGS/archive_admin/archive_admin_20260908_054742.txt,,4a78add77367c627be1cf807392b9d4de88a2181,1669
ADDED,.[⚙️_AI_FILES]/LOGS/archive_admin/archive_admin_20260908_222730.txt,,9f119fcad609cb33ab513c2a7cddf55a49d6ef1a,1669
ADDED,.[⚙️_AI_FILES]/LOGS/archive_admin/archive_admin_20260908_225544.txt,,372467298d7a72d3225d59d0074dd42102e45b4a,1669
ADDED,.[⚙️_AI_FILES]/LOGS/archive_admin/archive_admin_20260909_001550.txt,,cd724a461db133dd1425dfc9b774ca9c3b24d3ef,1669
ADDED,.[⚙️_AI_FILES]/LOGS/archive_admin/archive_admin_20260909_035826.txt,,21171ca81edb534f6fa0775513d7f4c1ce38611d,1681
ADDED,.[⚙️_AI_FILES]/LOGS/archive_admin/archive_admin_20260909_040047.txt,,dfe41260b3be01cbff3e1f786463b8c8a4fdc2ed,1869
ADDED,.[⚙️_AI_FILES]/LOGS/archive_admin/archive_admin_20260909_060514.txt,,1c06260f0cc09852087d6bab017848c4350ea514,1869
ADDED,.[⚙️_AI_FILES]/LOGS/archive_admin/archive_admin_20260909_064632.txt,,1bd27e37e0c330790fe89505537a19a2238e0dc3,1869
ADDED,.[⚙️_AI_FILES]/LOGS/archive_admin/archive_admin_20260909_065308.txt,,aa25ef5ae9271e4fd132743dc3c327430bb58d12,1869
ADDED,.[⚙️_AI_FILES]/LOGS/archive_admin/archive_admin_20260909_074203.txt,,3fdcdd770ef25dc3772e49f144e280980dd0225f,1869
ADDED,.[⚙️_AI_FILES]/LOGS/archive_admin/archive_admin_20260909_084028.txt,,73808cee0e12a06c1052b5d1cdd3bf68ae92b39f,1747
ADDED,.[⚙️_AI_FILES]/LOGS/archive_admin/archive_admin_20260909_114851.txt,,56283e9b4a49d215cde34968d7c167ecd781d169,1747
ADDED,.[⚙️_AI_FILES]/LOGS/archive_admin/archive_admin_20260909_124546.txt,,16ddc24b220e8c2a94ac7c8e82c6b8448a2cbedc,1747
ADDED,.[⚙️_AI_FILES]/LOGS/archive_admin/archive_admin_20260910_003037.txt,,469078bdb3ea6bbbcbc461fb9cae1c962dfe19ff,1747
ADDED,.[⚙️_AI_FILES]/LOGS/archive_admin/archive_admin_20260910_003124.txt,,ac85cc253b12e6f2c7aa31aede0d6e941292bd27,1747
ADDED,.[⚙️_AI_FILES]/LOGS/archive_admin/archive_admin_20260910_003314.txt,,aa5b9ee3df574a34a66dcd8861c2430c92209d1e,1747
ADDED,.[⚙️_AI_FILES]/LOGS/archive_admin/archive_admin_20260910_061616.txt,,44825d0dbffb8cecee06af68f4bbbed309fe76e0,1747
ADDED,.[⚙️_AI_FILES]/LOGS/archive_admin/archive_admin_20260910_061932.txt,,55e6d377e519ff2e1f011db6340511595ea26c94,1747
ADDED,.[⚙️_AI_FILES]/LOGS/archive_admin/archive_admin_20260910_062105.txt,,22dab29bb42ffdd2025c6f5e17ac44307eaeeeda,1747
ADDED,.[⚙️_AI_FILES]/LOGS/archive_admin/archive_admin_20260910_062600.txt,,4841f61c2c49f627cc458478fe459f7e0a926d32,1747
ADDED,.[⚙️_AI_FILES]/LOGS/archive_admin/archive_admin_20260910_063044.txt,,b1156f092a5dafefc9813798bc98e06922636527,1747
ADDED,.[⚙️_AI_FILES]/LOGS/archive_admin/archive_admin_20260910_063237.txt,,b1d2bed48573ca561157bf1fd947ee39d9cf446a,1747
ADDED,.[⚙️_AI_FILES]/LOGS/archive_admin/archive_admin_20260910_065126.txt,,50d4e86748bda79dbce7658fcdcf392d6152e797,1747
ADDED,.[⚙️_AI_FILES]/LOGS/archive_admin/archive_admin_20260910_083203.txt,,58a0bcd66e5c49b461a90511b3d759f91bcd0270,1635
ADDED,.[⚙️_AI_FILES]/LOGS/archive_admin/archive_admin_20260910_090224.txt,,41bd8ce6450453c2790b81238b3790a333984b82,1635
ADDED,.[⚙️_AI_FILES]/LOGS/archive_admin/archive_admin_20260910_091606.txt,,944f81c38a096b9fa8ce3a4fd9be60fe23805a01,1635
ADDED,.[⚙️_AI_FILES]/LOGS/archive_admin/archive_admin_20260910_092205.txt,,63d08c6369db62f943d1cbeb454701975fddab4b,1635
ADDED,.[⚙️_AI_FILES]/LOGS/archive_admin/archive_admin_20260910_092416.txt,,224179c95185616a79d890615e794ba9cb24d39b,1635
ADDED,.[⚙️_AI_FILES]/LOGS/archive_admin/archive_admin_20260910_092944.txt,,f04894f19566444ceebea76cda5595a333588c3b,1635
ADDED,.[⚙️_AI_FILES]/LOGS/archive_admin/archive_admin_20260910_110842.txt,,876a8e9f44b85974da9b0cc34a8499738febcb99,1635
ADDED,.[⚙️_AI_FILES]/LOGS/archive_admin/archive_admin_20260910_111450.txt,,8b743731a0ea3f2e4aac5e5cfd4f6332a4dba62a,1635
ADDED,.[⚙️_AI_FILES]/LOGS/archive_admin/archive_admin_20260910_112135.txt,,8117b4abffdab90c415c114833e213fe4eb5b73d,1631
ADDED,.[⚙️_AI_FILES]/LOGS/archive_admin/archive_admin_20260910_112305.txt,,c24a289968ae935493c1944da2e4c369a3458afa,1987
ADDED,.[⚙️_AI_FILES]/LOGS/archive_admin/archive_admin_20260910_112432.txt,,b2453821e0a62ccd4cd88db792dc39eff3cf199e,1669
ADDED,.[⚙️_AI_FILES]/LOGS/archive_admin/archive_admin_20260910_112619.txt,,d827147332a22a40a97036ac58dd9e2da7f12a10,1629
ADDED,.[⚙️_AI_FILES]/LOGS/archive_admin/archive_admin_20260910_112836.txt,,1bee26acc2fe9e88633a9bb2f9af74af3e01d5b6,1669
ADDED,.[⚙️_AI_FILES]/LOGS/archive_admin/archive_admin_20260910_113026.txt,,8409cd4deb865a7498d396cb5ab6a65a41a5bc94,1655
ADDED,.[⚙️_AI_FILES]/LOGS/archive_admin/archive_admin_20260910_113408.txt,,7c8394984312babd7e31bd90d89e79fe3453737a,2085
ADDED,.[⚙️_AI_FILES]/LOGS/archive_admin/archive_admin_20260910_113739.txt,,0b4cdd298cc7e74ad2d6d5fc9da5803f3e1835b6,1655
ADDED,.[⚙️_AI_FILES]/LOGS/archive_admin/archive_admin_20260910_115231.txt,,93cf44dcb447c897f6517ed3fae4b13d607dc753,1669
ADDED,.[⚙️_AI_FILES]/LOGS/archive_admin/archive_admin_20260910_115653.txt,,75bde91959e1360ebf534715213f1d8d26211e21,1669
ADDED,.[⚙️_AI_FILES]/LOGS/archive_admin/archive_admin_20260910_122702.txt,,6c1d54666b44b581ec34f9c111ed45940c250f4c,1669
ADDED,.[⚙️_AI_FILES]/LOGS/archive_admin/archive_admin_20260910_123629.txt,,fefc344bc01c22cf20dcc8acb2573e000e8b0180,1669
ADDED,.[⚙️_AI_FILES]/LOGS/archive_admin/archive_admin_20260910_123803.txt,,bb06f6ce91b12c310aa6d45d9480918ded368392,1669
ADDED,.[⚙️_AI_FILES]/LOGS/archive_admin/archive_admin_20260910_124137.txt,,c4cb49e121a3050031b9ee69351022881029dad4,1669
ADDED,.[⚙️_AI_FILES]/LOGS/archive_admin/archive_admin_20260910_124716.txt,,e2bbbe7547eac1df3cf80201f648d3eaacad1cbe,1669
ADDED,.[⚙️_AI_FILES]/LOGS/archive_admin/archive_admin_20260910_154057.txt,,77a85bb0b1d97378897d3a571aaaaa491649c816,1669
ADDED,.[⚙️_AI_FILES]/LOGS/archive_admin/archive_admin_20260910_160146.txt,,8e911fa590099601515da9da6126ed4b88e2745b,1669
ADDED,.[⚙️_AI_FILES]/LOGS/archive_admin/archive_admin_20260910_185414.txt,,88ae3986da3f611ba9f0c97b5d0dc565a2c98672,1669
ADDED,.[⚙️_AI_FILES]/LOGS/archive_admin/archive_admin_20260910_195454.txt,,4028d7588000fd0b312d4d42008d955f3bbd39a9,1669
ADDED,.[⚙️_AI_FILES]/LOGS/archive_admin/archive_admin_20260910_224927.txt,,98bb576b699e357d65516fae1e49641bbd61b553,1669
ADDED,.[⚙️_AI_FILES]/LOGS/archive_admin/archive_admin_20260910_234345.txt,,03db9e134e8b0a332f5167123c86cefbf09b3427,1669
ADDED,.[⚙️_AI_FILES]/LOGS/archive_admin/archive_admin_20260910_234802.txt,,6c0c3e57e6298e342f10204b20e8c49666677b5b,1669
ADDED,.[⚙️_AI_FILES]/LOGS/archive_admin/archive_admin_20260911_005141.txt,,666b25b97ae1940cd202c8b8cfd941c5bbbd460a,1669
ADDED,.[⚙️_AI_FILES]/LOGS/archive_admin/archive_admin_20260911_015113.txt,,1ef89d1945b33532670fc37c71cdbc6a647e6644,1669
ADDED,.[⚙️_AI_FILES]/LOGS/archive_admin/archive_admin_20260911_020346.txt,,1318ef059ac872d3ff1af94f291dbedca25c87dc,1669
ADDED,.[⚙️_AI_FILES]/LOGS/archive_admin/archive_admin_20260911_040808.txt,,f2a87a913a20fe5eb471923a24f7ad83a9daee68,1669
ADDED,.[⚙️_AI_FILES]/LOGS/archive_admin/archive_admin_20260911_050648.txt,,a62bc533bae371d8e660a3690f750bcc00cb5887,1669
ADDED,.[⚙️_AI_FILES]/LOGS/archive_admin/archive_admin_20260911_060132.txt,,3cdf419506fece3e56bbc482fe5be3635bc086f4,1669
ADDED,.[⚙️_AI_FILES]/LOGS/archive_admin/archive_admin_20260911_070623.txt,,eb24b16c4a10ef2e4f8c06b96b12f4c367d18981,1669
ADDED,.[⚙️_AI_FILES]/LOGS/archive_admin/archive_admin_20260911_080003.txt,,74bd6bb22c7a4c58f34febb081ff13cd4866f16c,1669
ADDED,.[⚙️_AI_FILES]/LOGS/archive_admin/archive_admin_20260911_085950.txt,,107106cb61a5e3b8520feb87bcaaab653eddebf0,1669
ADDED,.[⚙️_AI_FILES]/LOGS/archive_admin/archive_admin_20260911_100114.txt,,23c0d770f9063a57814bbaf5a39a457986715299,1669
ADDED,.[⚙️_AI_FILES]/LOGS/archive_admin/archive_admin_20260911_110424.txt,,9310a9a40d7f2c375882e0b4edabb302dc3016af,1669
ADDED,.[⚙️_AI_FILES]/LOGS/archive_admin/archive_admin_20260911_120303.txt,,deaa9384aaccbf5bd6667520ed9b93ddbf922937,1669
ADDED,.[⚙️_AI_FILES]/LOGS/archive_admin/archive_admin_20260911_130352.txt,,bb86aa10ad133df9fc66b979b6e0c80889dcf49d,1669
ADDED,.[⚙️_AI_FILES]/LOGS/archive_admin/archive_admin_20260911_140642.txt,,f413ce21d4cc11a341c1af4f14a16f027fe36c26,1669
ADDED,.[⚙️_AI_FILES]/LOGS/archive_admin/archive_admin_20260912_001153.txt,,b3a1c43be4a4bc239f5c948bcc5a6b4de24cfb33,1669
ADDED,.[⚙️_AI_FILES]/LOGS/archive_admin/archive_admin_20260912_001417.txt,,eeafb0bd72a73e100f1436ab3ff74dbf6800a546,1669
ADDED,.[⚙️_AI_FILES]/LOGS/archive_admin/archive_admin_20260912_001617.txt,,0a6f5b613bff5e80cdfb4c1595221215b04a314e,1669
ADDED,.[⚙️_AI_FILES]/LOGS/archive_admin/archive_admin_20260912_002616.txt,,4b00ed798da98b50a55ca18842ce0f7649fded9d,1669
ADDED,.[⚙️_AI_FILES]/LOGS/archive_admin/archive_admin_20260912_062709.txt,,69f97fd068881a96e0e83b23c916644b0e2fb384,1669
ADDED,.[⚙️_AI_FILES]/LOGS/archive_admin/archive_admin_20260912_090324.txt,,aa1ac0619261c4a4fcc2eab01b059bf9c1bd2c90,1669
ADDED,.[⚙️_AI_FILES]/LOGS/archive_admin/archive_admin_20260912_090416.txt,,055adbba61dc83a0e30837d92b2dde9f8072b250,1669
ADDED,.[⚙️_AI_FILES]/LOGS/archive_admin/archive_admin_20260912_092201.txt,,101c3b90f8e65467b1a1622581f017cb2a8a7baf,1669
ADDED,.[⚙️_AI_FILES]/LOGS/archive_admin/archive_admin_20260912_092252.txt,,2e03c81fac2c69871225d46ba20e45ef5d462c15,1669
ADDED,.[⚙️_AI_FILES]/LOGS/archive_admin/archive_admin_20260912_100627.txt,,bfe5721ec48019f781e7406840fe6600a46bb825,1669
ADDED,.[⚙️_AI_FILES]/LOGS/archive_admin/archive_admin_20260912_105441.txt,,17766a5ad3a9109142ab84f8c6fc5db6d2a4a0b7,1669
ADDED,.[⚙️_AI_FILES]/LOGS/archive_admin/archive_admin_20260912_110137.txt,,80b8cacca7a0feb5d2db0d24ff856731ca2131f7,1669
ADDED,.[⚙️_AI_FILES]/LOGS/archive_admin/archive_admin_20260912_131702.txt,,136e105154ab20a71d9827cca18d925bd39f3d0a,1669
ADDED,.[⚙️_AI_FILES]/LOGS/archive_admin/archive_admin_20260912_150336.txt,,8874e563844d7acbb20f4c57fd9abd06bfc31191,1669
ADDED,.[⚙️_AI_FILES]/LOGS/archive_admin/archive_admin_20260912_160634.txt,,6c309d0660f689da16f95a28976663ab795ffaa4,1669
ADDED,.[⚙️_AI_FILES]/LOGS/archive_admin/archive_admin_20260913_001349.txt,,4e5772d98800939095dcd39ffe02ed9b180592cf,1669
ADDED,.[⚙️_AI_FILES]/LOGS/archive_admin/archive_admin_20260913_031923.txt,,f8ed474a3a3f31e7a73439d6a1184179deb3895d,1669
ADDED,.[⚙️_AI_FILES]/LOGS/archive_admin/archive_admin_20260913_051053.txt,,9030eb69547024c39b9d9f96d5822bcf0bdaae7c,1669
ADDED,.[⚙️_AI_FILES]/LOGS/archive_admin/archive_admin_20260913_064930.txt,,c7dd13c770dce0c1005ba1b149f56efbac01ffc7,1669
ADDED,.[⚙️_AI_FILES]/LOGS/archive_admin/archive_admin_20260913_102844.txt,,761b5c6e511167ccd9ef015034fcaf3f2d035978,1669
ADDED,.[⚙️_AI_FILES]/LOGS/archive_admin/archive_admin_20260913_125333.txt,,3e691ff942e5fffc9fb9d02960533e682f033803,1669
ADDED,.[⚙️_AI_FILES]/LOGS/archive_admin/archive_admin_20260913_125417.txt,,7c65912cf6cd3512351cdcfcd1dc18cb216d4a1d,1669
ADDED,.[⚙️_AI_FILES]/LOGS/archive_admin/bootstrap_20260607_153332.txt,,afea82c7f43fcf26cb5bd011a2cd4c95ee0b410d,1533
ADDED,.[⚙️_AI_FILES]/LOGS/archive_index_chunker/chunk_20260910_112135.txt,,78dfa8824f588748a9d39c14e01dac6c981a602c,457
ADDED,.[⚙️_AI_FILES]/LOGS/archive_index_delta/delta_20260910_112619.txt,,6487bf82cd11169a267d61cc42e284d250f95f0f,581
ADDED,.[⚙️_AI_FILES]/LOGS/archive_index_router/router_20260910_113027.txt,,b4816bf48fbf81dd9de295df292d06825ccbc903,428
ADDED,.[⚙️_AI_FILES]/LOGS/archive_index_router/router_20260910_113739.txt,,3ff32f7798333aff031c807e4fb569544997f218,322
ADDED,.[⚙️_AI_FILES]/LOGS/cross_repo_admin/bootstrap_20260910.txt,,001dc3fbbd6c88bf75f69a6639ab9b55c9250397,3223
ADDED,.[⚙️_AI_FILES]/LOGS/errors/archive_admin_error_history.jsonl,,b94da0f60077750225d45fbae44b2ccf0f910c98,129
ADDED,.[⚙️_AI_FILES]/LOGS/errors/archive_admin_last_error.txt,,d19140905d1f156106cdd6c06d43ab3fc23e282d,598
ADDED,.[⚙️_AI_FILES]/LOGS/folder_indexer/folder_index_20260607_181619.txt,,523445ca48a8d80f95bec6006ef96df5cf8ac483,475
ADDED,.[⚙️_AI_FILES]/LOGS/folder_indexer/folder_index_20260607_185721.txt,,2aa506f17efc225d6272dc4445544089b677bc57,9362
ADDED,.[⚙️_AI_FILES]/LOGS/folder_indexer/folder_index_20260607_191335.txt,,063ae20d122e09a483b2970ec82e0c4ccffe589c,9487
ADDED,.[⚙️_AI_FILES]/LOGS/folder_indexer/folder_index_20260608_112525.txt,,8949bbd34e16548af5263a047701814dd1630c2e,5148
ADDED,.[⚙️_AI_FILES]/LOGS/folder_indexer/folder_index_20260608_113154.txt,,9a3258feaa19406c1b8714b29755efd40d44117b,1091
ADDED,.[⚙️_AI_FILES]/LOGS/folder_indexer/folder_index_20260608_120016.txt,,74a257517a176aa109f9039fece8a05209f29bdf,1122
ADDED,.[⚙️_AI_FILES]/LOGS/folder_indexer/folder_index_20260608_120401.txt,,b456556381d5abad10c623630ed36d24b91e22da,3383
ADDED,.[⚙️_AI_FILES]/LOGS/folder_indexer/folder_index_20260608_121729.txt,,df8e199ccc2a550aa478f4a03df84e95520fbbbe,3414
ADDED,.[⚙️_AI_FILES]/LOGS/folder_indexer/folder_index_20260608_122113.txt,,ceca5a852af5555172b5446c315a89af419065af,3414
ADDED,.[⚙️_AI_FILES]/LOGS/folder_indexer/folder_index_20260609_015745.txt,,808eeefd855fea203cfe4dcffe7a283f2dec94a4,1204
ADDED,.[⚙️_AI_FILES]/LOGS/folder_indexer/folder_index_20260609_030152.txt,,640dc52067a0716db0a94962e54d02643671ee97,3553
ADDED,.[⚙️_AI_FILES]/LOGS/folder_indexer/folder_index_20260609_051013.txt,,848ce586bf0f77983335b7ece40894ff6a46e23b,3553
ADDED,.[⚙️_AI_FILES]/LOGS/folder_indexer/folder_index_20260609_051048.txt,,f22fdb3ac10f0a3ee4dc74e62e08ab478f90604f,3606
ADDED,.[⚙️_AI_FILES]/LOGS/folder_indexer/folder_index_20260609_051117.txt,,08dec16b7bd7cda318bbe34d931e79486bb2af3d,3606
ADDED,.[⚙️_AI_FILES]/LOGS/folder_indexer/folder_index_20260609_051143.txt,,ef37870b507732654f9e57ecdc9328220a6daf92,3606
ADDED,.[⚙️_AI_FILES]/LOGS/folder_indexer/folder_index_20260609_051231.txt,,6f01630028f3c61b4c48475ee1396ee127e8c56f,3606
ADDED,.[⚙️_AI_FILES]/LOGS/folder_indexer/folder_index_20260609_051417.txt,,25af260d10b1066c30f2a63c1bec0fd4cd64fc7a,1135
ADDED,.[⚙️_AI_FILES]/LOGS/folder_indexer/folder_index_20260609_054217.txt,,56eb0c2819a3240c2ac251eba37887bda46740dd,1166
ADDED,.[⚙️_AI_FILES]/LOGS/folder_indexer/folder_index_20260609_054306.txt,,f492c34d8294b4575beb2204db6c3be9bf022910,1166
ADDED,.[⚙️_AI_FILES]/LOGS/folder_indexer/folder_index_20260609_064129.txt,,6314f9fa1ad5a29f6efa65bc163b83c662a70268,1166
ADDED,.[⚙️_AI_FILES]/LOGS/folder_indexer/folder_index_20260609_064514.txt,,a734715af568500e5f50229c868510000a5706f6,1166
ADDED,.[⚙️_AI_FILES]/LOGS/folder_indexer/folder_index_20260609_181036.txt,,b4384cb97cc9e2c55212f701f77ae8077b78b4a2,1166
ADDED,.[⚙️_AI_FILES]/LOGS/folder_indexer/folder_index_20260609_185116.txt,,3df5a2ce21ba551c1836486525a68bd9b7d834ad,1166
ADDED,.[⚙️_AI_FILES]/LOGS/folder_indexer/folder_index_20260610_100248.txt,,10a7318cb7c929678cbd9ffb059197ec9b91a4a1,1166
ADDED,.[⚙️_AI_FILES]/LOGS/folder_indexer/folder_index_20260610_100758.txt,,768f76d6baefa063979e4cd5aef9bee09c5ec7b5,1166
ADDED,.[⚙️_AI_FILES]/LOGS/folder_indexer/folder_index_20260610_101157.txt,,d9d90586c5e3156e81287f67d072a4dcc68d62d7,1166
ADDED,.[⚙️_AI_FILES]/LOGS/folder_indexer/folder_index_20260610_102242.txt,,f10b75a24b9fe6726b88562d17b4bc122cfe8ef0,1166
ADDED,.[⚙️_AI_FILES]/LOGS/folder_indexer/folder_index_20260610_132446.txt,,f3dc49f16b7db9ff5995312e1d9c06ec261b9b16,1166
ADDED,.[⚙️_AI_FILES]/LOGS/folder_indexer/folder_index_20260610_155833.txt,,b2a853173f0f89051db075b7b5329153419e89f6,1166
ADDED,.[⚙️_AI_FILES]/LOGS/folder_indexer/folder_index_20260610_230021.txt,,cb070884ce3c182133ee7b73f50a87d420cddb5d,1166
ADDED,.[⚙️_AI_FILES]/LOGS/folder_indexer/folder_index_20260610_230104.txt,,75a065e93f7214217cd1f280fadd26a3979192ac,1166
ADDED,.[⚙️_AI_FILES]/LOGS/folder_indexer/folder_index_20260610_230224.txt,,448002b79efd86f8fa8e54f2dd7279229e133f8b,1166
ADDED,.[⚙️_AI_FILES]/LOGS/folder_indexer/folder_index_20260610_230348.txt,,2f2ff78a2ace034382a1f88c801639d2f9def0c0,1166
ADDED,.[⚙️_AI_FILES]/LOGS/folder_indexer/folder_index_20260610_230529.txt,,5608f67c7728711041ea61817cd4ef06182303df,1166
ADDED,.[⚙️_AI_FILES]/LOGS/folder_indexer/folder_index_20260613_213847.txt,,0bfcf2415889338177d1b58071417eb4ca6e166a,1166
ADDED,.[⚙️_AI_FILES]/LOGS/folder_indexer/folder_index_20260613_214052.txt,,8475e70f2e7df47fb23a05460bcc94dfb161c468,1166
ADDED,.[⚙️_AI_FILES]/LOGS/folder_indexer/folder_index_20260613_214253.txt,,7887475f0a6c43da83b88780fc4c9b3bc6949581,1166
ADDED,.[⚙️_AI_FILES]/LOGS/folder_indexer/folder_index_20260613_214441.txt,,9206905591bf56daee9cf7960a1ffef23f6415a2,1166
ADDED,.[⚙️_AI_FILES]/LOGS/folder_indexer/folder_index_20260613_214721.txt,,4d87bd68e18a21b194d4ca7d957b22b458900849,1166
ADDED,.[⚙️_AI_FILES]/LOGS/folder_indexer/folder_index_20260613_215529.txt,,6738bbc359030a30f7caaa7dd38887c07b0ee52a,80238
ADDED,.[⚙️_AI_FILES]/LOGS/folder_indexer/folder_index_20260614_003007.txt,,f5c7e2e86bd992ba3b87e3161f258493041c1d93,80238
ADDED,.[⚙️_AI_FILES]/LOGS/folder_indexer/folder_index_20260614_003058.txt,,9bcfe9b4ea3d46c3fcab68aa592f2ee287c3344c,80238
ADDED,.[⚙️_AI_FILES]/LOGS/folder_indexer/folder_index_20260616_011054.txt,,a7ba5249453d37e1323789de4df8f990b57107b8,80328
ADDED,.[⚙️_AI_FILES]/LOGS/folder_indexer/folder_index_20260616_012047.txt,,f9281826f52d70a1adcffec619ab575e22c89be1,80473
ADDED,.[⚙️_AI_FILES]/LOGS/folder_indexer/folder_index_20260616_024824.txt,,2263b2813e1a1074e6831630be40334be34a1db8,80502
ADDED,.[⚙️_AI_FILES]/LOGS/folder_indexer/folder_index_20260617_172952.txt,,5b4f05270f9e0eecb659dc3060fc0399c501e12d,80502
ADDED,.[⚙️_AI_FILES]/LOGS/folder_indexer/folder_index_20260617_173150.txt,,c3f654d59d7878c0f5de29b0bd22ed5e8e8cb18e,80543
ADDED,.[⚙️_AI_FILES]/LOGS/folder_indexer/folder_index_20260617_174249.txt,,03d6e3ba3066ad7bbaf9cafc3f263dee16606604,80543
ADDED,.[⚙️_AI_FILES]/LOGS/folder_indexer/folder_index_20260617_174450.txt,,faee77fb3be70dfc55ef6ee3abdcfff98ed82c41,80543
ADDED,.[⚙️_AI_FILES]/LOGS/folder_indexer/folder_index_20260617_174520.txt,,c950ca90446577a11d69bd0b9b9adf6c78d826ca,80543
ADDED,.[⚙️_AI_FILES]/LOGS/folder_indexer/folder_index_20260618_080734.txt,,2a17abab2326f2c0fd7836fc7ed016d99cce809d,80600
ADDED,.[⚙️_AI_FILES]/LOGS/folder_indexer/folder_index_20260622_132134.txt,,31e3dacdad3cac899c44d41ffa09775ce5650485,80627
ADDED,.[⚙️_AI_FILES]/LOGS/folder_indexer/folder_index_20260623_042304.txt,,f30d62b949e30738ff07dde40f10f02a849787ef,80666
ADDED,.[⚙️_AI_FILES]/LOGS/folder_indexer/folder_index_20260623_073757.txt,,6d59380aa0078a170c9bc056c6c144cd5e0c7d90,80666
ADDED,.[⚙️_AI_FILES]/LOGS/folder_indexer/folder_index_20260623_074245.txt,,b0e887d3c6597022ae7ed1c768557ae5e707b173,80666
ADDED,.[⚙️_AI_FILES]/LOGS/folder_indexer/folder_index_20260623_075850.txt,,c2e3eee531895b44202288a2505d43c5e390599f,80666
ADDED,.[⚙️_AI_FILES]/LOGS/folder_indexer/folder_index_20260624_171859.txt,,9e3f328c65e927af03619850beda231649b7bd6e,80666
ADDED,.[⚙️_AI_FILES]/LOGS/folder_indexer/folder_index_20260905_143839.txt,,42f25920a59f9f8fb2a9fe777fa9f973fe7469f8,142522
ADDED,.[⚙️_AI_FILES]/LOGS/folder_indexer/folder_index_20260910_112305.txt,,f0267986e03522160c5fd47a9cbcb64279dda90e,186077
ADDED,.[⚙️_AI_FILES]/LOGS/folder_indexer/folder_index_20260910_113408.txt,,33e6141f7d86587d15c22a4054a52bccf6ec58d3,564
ADDED,.[⚙️_AI_FILES]/LOGS/folder_indexer/folder_indexer_20260910_123924.txt,,4a0f9fdd9b5b42ec03d0069bb791eef33ae21fed,301
ADDED,.[⚙️_AI_FILES]/LOGS/folder_indexer/folder_indexer_20260910_124314.txt,,99e343a8d34939b29090a46a14e91363f3665b70,301
ADDED,.[⚙️_AI_FILES]/LOGS/folder_indexer/folder_indexer_20260911_133904.txt,,2a6c5a2711dbb06be953b532d5621dccf65b394b,301
ADDED,.[⚙️_AI_FILES]/LOGS/pdf_extractor/pdf_extract_20260910_160331.txt,,7ddb749d7a042fc1421624f1d3544bf7d8322362,21332
ADDED,.[⚙️_AI_FILES]/LOGS/tag_sat_mentions/sat_mentions_test_20260624_172007.txt,,395c905022dcef4f3ebe252e1d0d0110f28b9ddd,180
ADDED,.[⚙️_AI_FILES]/LOGS/tag_sat_mentions/sat_mentions_test_20260629_095346.txt,,6431c3ee518391d5160630d1733da04e35d52dd5,180
ADDED,.[⚙️_AI_FILES]/LOGS/tag_sat_mentions/sat_mentions_test_20260629_100232.txt,,8c08cb74a8c1559473b56a81492e76d33f452c46,180
ADDED,.[⚙️_AI_FILES]/LOGS/tag_sat_mentions/sat_mentions_test_20260629_100339.txt,,025edf44b68d04521b1267d3b5cdcef9fa98a45f,180
ADDED,.[⚙️_AI_FILES]/LOGS/tag_sat_mentions/sat_mentions_test_20260629_100459.txt,,5d8c453b60a4d7b781539b320492fa0320677c05,180
ADDED,.[⚙️_AI_FILES]/LOGS/tag_sat_mentions/sat_mentions_test_20260629_100813.txt,,6962fba3992470d9214c396ded470c92902726aa,180
ADDED,.[⚙️_AI_FILES]/LOGS/tag_sat_mentions/sat_mentions_test_20260629_101932.txt,,7a86267794bbad8de720748652ea89a8cfb0ddb2,180
ADDED,.[⚙️_AI_FILES]/LOGS/tag_sat_mentions/sat_mentions_test_20260701_014656.txt,,96cefcb99e313c48fd0a99403dea79fdc94d6546,180
ADDED,.[⚙️_AI_FILES]/LOGS/tag_sat_mentions/sat_mentions_test_20260702_174649.txt,,7fce700a7a0743726b600a57f3410f414e9bbc5d,180
ADDED,.[⚙️_AI_FILES]/LOGS/tag_sat_mentions/sat_mentions_test_20260702_174743.txt,,dc8c843ffea8a4c784ccf00d70a941e30b18b879,180
ADDED,.[⚙️_AI_FILES]/LOGS/tag_sat_mentions/sat_mentions_test_20260702_174948.txt,,d8cd7eae8f82bbc629878fbf8e3776eed5ed6743,180
ADDED,.[⚙️_AI_FILES]/LOGS/tag_sat_mentions/sat_mentions_test_20260708_062656.txt,,211c3c6ba67f3b3fb2666f174fd9ebc232a8fbbe,180
ADDED,.[⚙️_AI_FILES]/LOGS/tag_sat_mentions/sat_mentions_test_20260712_225929.txt,,e0ab6ef4b992b8dcb4030db6a785bceea182921e,180
ADDED,.[⚙️_AI_FILES]/LOGS/tag_sat_mentions/sat_mentions_test_20260718_033550.txt,,447e6887ae6eef2f3f0f21bcf5c0b57a05f264cd,180
ADDED,.[⚙️_AI_FILES]/LOGS/tag_sat_mentions/sat_mentions_test_20260718_034713.txt,,a2331b2b088bb1afa557d7ae7d941490b0183fa6,180
ADDED,.[⚙️_AI_FILES]/LOGS/tag_sat_mentions/sat_mentions_test_20260827_053630.txt,,93233135e784badb209e8bcf91183f83c0a12272,180
ADDED,.[⚙️_AI_FILES]/LOGS/tag_sat_mentions/sat_mentions_test_20260901_133835.txt,,3df6bca42562f0ad0c7477f589068e3ad39fc3ea,180
ADDED,.[⚙️_AI_FILES]/LOGS/tag_sat_mentions/sat_mentions_test_20260901_135006.txt,,4291084b29bb8dd093b65b1a6f6f50fa6fd809cc,180
ADDED,.[⚙️_AI_FILES]/LOGS/tag_sat_mentions/sat_mentions_test_20260901_135225.txt,,5e9a8ec95de48e66dc35f48f112d4b873bf88d06,180
ADDED,.[⚙️_AI_FILES]/LOGS/tag_sat_mentions/sat_mentions_test_20260904_183007.txt,,e9c28ab291ddfb14e81d6d903433e1eeb1ade555,180
ADDED,.[⚙️_AI_FILES]/LOGS/tag_sat_mentions/sat_mentions_test_20260904_183141.txt,,cfe70405a7187488485cce98592a407da26ca6d8,180
ADDED,.[⚙️_AI_FILES]/LOGS/tag_sat_mentions/sat_mentions_test_20260904_183610.txt,,ca519ce3ac5c2db31a31c91ae30a3797edc8cc3d,180
ADDED,.[⚙️_AI_FILES]/LOGS/tag_sat_mentions/sat_mentions_test_20260904_184100.txt,,b9c2ab6c98ef6804304fef34d6ed49b27dee258a,180
ADDED,.[⚙️_AI_FILES]/LOGS/tag_sat_mentions/sat_mentions_test_20260904_185947.txt,,ed69156378f3681e2a05fcab205de19720339032,180
ADDED,.[⚙️_AI_FILES]/LOGS/tag_sat_mentions/sat_mentions_test_20260904_190211.txt,,9fab30a42fd7c7be35dfe69202423012ab43ff3a,180
ADDED,.[⚙️_AI_FILES]/LOGS/tag_sat_mentions/sat_mentions_test_20260904_190416.txt,,d6bfa1e064417211ff1a981b809d5170dcb159cb,180
ADDED,.[⚙️_AI_FILES]/LOGS/tag_sat_mentions/sat_mentions_test_20260904_192407.txt,,83ae3c7d62451eeb8dfa4b346d1b72b8968c7273,180
ADDED,.[⚙️_AI_FILES]/LOGS/tag_sat_mentions/sat_mentions_test_20260904_192725.txt,,a4b86e1d3d6bdaf80499eec03444d37ab036a13c,180
ADDED,.[⚙️_AI_FILES]/LOGS/tag_sat_mentions/sat_mentions_test_20260904_193751.txt,,f95d6f840e6da5448e1e5ce8ff366cd79149f3d4,180
ADDED,.[⚙️_AI_FILES]/LOGS/workflows/archive_admin_last_run.txt,,a07574b79b3fdbc022fdeace23a5c70f1f6ebc68,174
ADDED,.[⚙️_AI_FILES]/LOGS/🪧_WAYFINDING.txt,,6dc908ecc1615fa1caaaafb4466f42f78820f693,1101
ADDED,.[⚙️_AI_FILES]/ORIENTATION.txt,,6a8dd474aa7c88e77fe8ea36caafda1803f5e6de,5831
ADDED,.[⚙️_AI_FILES]/REQUESTS/README.txt,,ba68ba27a98e906991ae21803334f44ef191fe65,484
ADDED,.[⚙️_AI_FILES]/REQUESTS/archive_admin_task.txt,,aa3ac4fe9d375000d5000aee08377193049e5080,291
ADDED,.[⚙️_AI_FILES]/REQUESTS/last_request_test.txt,,6d44ccecf70a89130376569e82ee63cdea12fcf1,44
ADDED,.[⚙️_AI_FILES]/REQUESTS/tag_sat_mentions_request.txt,,9e2ef9800696007fd16921cee0d1445e4a6ed76a,211
ADDED,.[⚙️_AI_FILES]/RESOURCES.txt,,dedb4ce25f2ca2ff85caf2f0975bae6a751e5a4c,4446
ADDED,.[⚙️_AI_FILES]/SAT_THEORY_ROADMAP_AND_NEEDS.txt,,ec504dd076d88107f95a6fd3e01bad8180455ae6,423
ADDED,.[⚙️_AI_FILES]/SHARED_RESOURCES/20260909_hsh-reconstruction-survey-waypoint.md,,0d4c11b3fbc7ca69e3b51fff4433f9be829e3c10,10317
ADDED,.[⚙️_AI_FILES]/SHARED_RESOURCES/ARCHIVE_ADMIN_TASKS.md,,64ed539bdb3b05a62e82f33500db4a387b23390c,2286
ADDED,.[⚙️_AI_FILES]/SHARED_RESOURCES/ARCHIVE_ORPHAN_AND_MISC_HEURISTIC.md,,701b8fa3745466259b7f5ab1d932a3b3e9c3f3f1,4202
ADDED,.[⚙️_AI_FILES]/SHARED_RESOURCES/ARCHIVE_ORPHAN_LEDGER.md,,84f2fb2585b6a9510a4a4e4d1e55554a3197ac4d,2881
ADDED,.[⚙️_AI_FILES]/SHARED_RESOURCES/ARCHIVE_TAXONOMY.txt,,9948cffa989269a06e4c52caefe0ed1771888e4e,1127
ADDED,.[⚙️_AI_FILES]/SHARED_RESOURCES/CROSS_REPO_MAINTENANCE_MAP.md,,083cee9ca6eff79dc58326bd3eea72787e12104c,11167
ADDED,.[⚙️_AI_FILES]/SHARED_RESOURCES/FOLDER_SUMMARY_TEMPLATE.txt,,802c93713036394b39a6bf90186e8dd8fdad010a,2867
ADDED,.[⚙️_AI_FILES]/SHARED_RESOURCES/README.txt,,9f912cefc00aa9ddb23ba8863c2d91db082df7ed,3122
ADDED,.[⚙️_AI_FILES]/SHARED_RESOURCES/🪧_WAYFINDING.txt,,649bc5105917ca31a437b024877f2b5a99a58e39,1088
ADDED,.[⚙️_AI_FILES]/STAGING/INBOX/.keep,,2fa992c0b8b5c6acd2bdd4fa31de29d29799bdd5,5
ADDED,.[⚙️_AI_FILES]/STAGING/README.txt,,c0d2f07b28c40a18d6361076efdc6e7d57c3cbf1,946
ADDED,.[⚙️_AI_FILES]/STAGING/🪧_WAYFINDING.txt,,a34d5f0801953ea464a9eac8e9e19d92c4acd0b6,739
ADDED,.[⚙️_AI_FILES]/TAGGING/README.md,,0dfba6e8942ebefe01ab879e721d73967c232ec1,3077
ADDED,.[⚙️_AI_FILES]/TAGS/sat_mentions_test.csv,,308738c504c468945d5132f77e758f7cfa8adf9a,28056330
ADDED,.[⚙️_AI_FILES]/TAGS/sat_mentions_test.jsonl,,c23ee62bf5712488451d5ab4006f2bda321c5b75,36921462
ADDED,.[⚙️_AI_FILES]/TAGS/sat_mentions_test_summary.md,,262b5850526ac91d57a6fad73e1107f61d9ea205,1905
ADDED,.[⚙️_AI_FILES]/TOOLS/archive_admin.py,,a57c4a2c149daf01084d64eb88e47a0d88957f52,28143
ADDED,.[⚙️_AI_FILES]/TOOLS/archive_index_maintenance.py,,0113d118c7a5fe1cc58ec816d4fb65ec3dc058a1,16686
ADDED,.[⚙️_AI_FILES]/TOOLS/archive_index_router.py,,25c29e66f7f970a81cee80070701ee3bc810c107,13620
ADDED,.[⚙️_AI_FILES]/TOOLS/build_archive_structure.py,,adeb8a81a02f57e38a6e62b7c0ceeb1c22553a68,3086
ADDED,.[⚙️_AI_FILES]/TOOLS/index_folder.py,,73770278baba9371f02e6c769a370eaad57b8cf5,7955
ADDED,.[⚙️_AI_FILES]/TOOLS/tag_sat_mentions.py,,75155fd2e4269e4f57ab9b6d77b2152e4c920493,7159
ADDED,.[⚙️_AI_FILES]/TOOLS/🪧_WAYFINDING.txt,,b38ec4acebe39f5e9a287bd8630bbd2f10baf0d9,1165
ADDED,.[⚙️_AI_FILES]/WATERCOOLER.txt,,9a435a8999d4427f8f82f7a2c61c19ab34260325,33635
ADDED,.[⚙️_AI_FILES]/WORKFLOWS/🪧_WAYFINDING.txt,,09bdd45e0a140988adf4bfced00ea62b0a3eaa55,925
ADDED,.[⚙️_AI_FILES]/_MIGRATION_HOLD/..findex.txt,,d1a0e8e40c7050883482920e14e127259b57732d,1137
ADDED,.[⚙️_AI_FILES]/_MIGRATION_HOLD/.AI_READING_PLAN/READING_PLAN.md,,7bb2cebdb2a895480b92f5137d347d3fbf395d45,8622
ADDED,.[⚙️_AI_FILES]/_MIGRATION_HOLD/.AI_READING_PLAN/TODO.md,,2069725a5a5b83306e2e1581149beb21a4934ab2,4690
ADDED,.[⚙️_AI_FILES]/_MIGRATION_HOLD/.github__workflows__index_folder.py,,042f33165b7147fbac2b7d3e9bcc916347e3626a,9862
ADDED,.[⚙️_AI_FILES]/_MIGRATION_HOLD/.github__workflows__⚒️_FOLDER_INDEXER.txt,,b60f29af807c6142846ffd6f3b62f6d024ba6280,1142
ADDED,.[⚙️_AI_FILES]/_MIGRATION_HOLD/.⚙️_AI_AUTOMATION_ADMIN/_AI_REQUESTS/nathan_corpus_extract_request.json,,c5ba61743a6f15447b20cd1d5089e1c98f319828,315
ADDED,.[⚙️_AI_FILES]/_MIGRATION_HOLD/.⚙️_AI_AUTOMATION_ADMIN/_TOOLS/extract_nathan_corpus.py,,25e6b04b376d8d936e411e40e0acbea1d3c131b8,586
ADDED,.[⚙️_AI_FILES]/_MIGRATION_HOLD/.⚙️_AI_AUTOMATION_ADMIN/_TOOLS/extract_nathan_corpus_batched.py,,507f93ff4837d1b72153d210425b022019e76986,24350
ADDED,.[⚙️_AI_FILES]/_MIGRATION_HOLD/_AI_INSTRUCTIONS/github-access-instructions.md,,ddf5bb020dd1d8f0afa7ebb6115642fe60680215,15032
ADDED,.[⚙️_AI_FILES]/_MIGRATION_HOLD/_AI_REQUESTS/combine_text_request.json,,44892f3874fc990785de6ed0e80857ff6a8f93e6,224
ADDED,.[⚙️_AI_FILES]/_MIGRATION_HOLD/_AI_REQUESTS/nathan_corpus_extract_request.json,,d913b8778f114212d4ec61ed9d3598317e47a593,353
ADDED,.[⚙️_AI_FILES]/_MIGRATION_HOLD/_AI_REQUESTS/pdf_extract_request.json,,17d6cc9ade32e6fe6ac7d74fd9b48028c48991a6,149
ADDED,.[⚙️_AI_FILES]/_MIGRATION_HOLD/_TOOLS/extract_nathan_corpus.py,,664f5b97d0eb9db2f84c1cba43d546031fce7b31,14397
ADDED,.[⚙️_AI_FILES]/_MIGRATION_HOLD/⚙️_AI_AUTOMATION_ADMIN/_AI_REQUESTS/nathan_corpus_extract_request.json,,c46c6cdea051615f7d408cf32d4ea5af16063b84,352
ADDED,.[⚙️_AI_FILES]/_MIGRATION_HOLD/⚙️_AI_AUTOMATION_ADMIN/_TOOLS/extract_nathan_corpus.py,,6a6442f352b9d553d01ac6412ecebe128965f7ea,14480
ADDED,.[⚙️_AI_FILES]/_MIGRATION_HOLD/🪧_WAYFINDING.txt,,2282d5a5a375c42d9e115297a7b7a089ef59ce70,913
ADDED,.[⚙️_AI_FILES]/‼️_CROSS_REPO_ADMIN_ACTION_PLAN.md,,8d259643ad97841777641adaffa644723274e1c7,5282
ADDED,.[⚙️_AI_FILES]/🪧_WAYFINDING.txt,,be4256c244e9eb470272d0e8d1e4a0444ee63ebc,2577
ADDED,.github/workflows/archive-admin.yml,,81a25f8916587028920be1773697063508d03e55,10311
ADDED,.github/workflows/build-archive-structure.yml,,8af72b792237eaa38165249abb202140c5abfd69,461
ADDED,.github/workflows/build_archive_structure.py,,7fb05f6ca09ff17307c07dd4b3c8fbfb600b3e51,1436
ADDED,.github/workflows/combine-text-folder.yml,,fb2925b2fadc798bead091e53a685913d8992da0,3622
ADDED,.github/workflows/extract-nathan-corpus.yml,,27a60e5fc1a9eff21a2ff26f19a7709514e4ec46,466
ADDED,.github/workflows/extract-pdf-text.yml,,a76f97b205c853cba5cf37c72542682a373a808c,13337
ADDED,.github/workflows/full-archive-index.yml,,9d8030f4c362e0c6f1dbc0b137314fbb47b1e105,1651
ADDED,.github/workflows/index_folder.py,,042f33165b7147fbac2b7d3e9bcc916347e3626a,9862
ADDED,.github/workflows/index_folder.yml,,07fabe9a9297d33c4a237fbfb5789e6e13cf6f7b,347
ADDED,.github/workflows/tag-sat-mentions.yml,,d0fa709495b06416e1dfd8be7649a9753cd9ff05,3400
ADDED,.github/workflows/⚒️_FOLDER_INDEXER.txt,,b60f29af807c6142846ffd6f3b62f6d024ba6280,1142
ADDED,0.239 Radians in Science — raw.json,,67702fc58b0efce1d0f89d950b86a8819a189afb,594129
ADDED,00 PROPER DIMENSIONALITY .txt,,e4836ca1f57e9da5996cf1eaad10ee436e49545a,75659
ADDED,000 Earliest SAT_RMS/001. Epistemology of the World - inverse gravity - Bellomy.txt,,b4c624c57c44072fd5fc9684a40180e6319f5228,95672
ADDED,000 Earliest SAT_RMS/002 Forces Across Temporal Points - to 8-13-24.txt,,42c1faee4e75b254a52161535d667d2d105769ae,3913
ADDED,000 Earliest SAT_RMS/002. Discreet Space and Dark Matter.txt,,f530ef7a4b5a89c77475ab746b9ed4e158c78a1c,19761
ADDED,000 Earliest SAT_RMS/003 Personality Test Summary.txt,,a9a9aa39a93884a68707cabcec8ef53d42523583,22009
ADDED,000 Earliest SAT_RMS/160bpm.PNG,,4036271c650f4396ab9e0efabd7e6b31a1a80627,26868
ADDED,000 Earliest SAT_RMS/20bpm.PNG,,aa458599638cbabb73c33d5db95fb906bcd5f365,30086
ADDED,000 Earliest SAT_RMS/30bpm.PNG,,d05cda8d0938b26b97bbac052417ce5703420c41,42707
ADDED,000 Earliest SAT_RMS/35bpm.PNG,,b457488f60abf0ea18b9b1cf56854be7fd978c4f,40950
ADDED,000 Earliest SAT_RMS/37bpm.PNG,,9730ff79cc00293f9ec85219cb8102e59c22829b,36203
ADDED,000 Earliest SAT_RMS/38bpm.PNG,,d828edc173265d353149a8e631e58d4b139c77a9,39193
ADDED,000 Earliest SAT_RMS/40bpm.PNG,,80f2d102e01ee418348472040473b709e1a3b4b3,39732
ADDED,000 Earliest SAT_RMS/43.33.PNG,,89646491adfc0cdee11b5d1d4ffb1f5e2467eda5,27163
ADDED,000 Earliest SAT_RMS/60bpm.PNG,,de251f9455d8f7a17ee6b99672993b75dc30f482,41988
ADDED,000 Earliest SAT_RMS/70bpm.PNG,,d05cda8d0938b26b97bbac052417ce5703420c41,42707
ADDED,000 Earliest SAT_RMS/80bpm.PNG,,ecc74336722353e33f9fd59c5edf7ebf862e2b4b,37091
ADDED,000 Earliest SAT_RMS/Code-Like Text Style Emulation - bellomy - to Oct-2023.txt,,b12769cf5ff8e723515647fa980b9368d558a221,145560
ADDED,000 Earliest SAT_RMS/Hosts Aiden and Maya/AIDEN AND MAYA SHOW.txt,,0ea993eb41d5d239de9d9570acb7c0edc7349c14,7115
ADDED,000 Earliest SAT_RMS/Hosts Aiden and Maya/EPISODE ONE SCRIPT.txt,,37fd89ab1df670e03418cedd8a4fef96ad83968c,9576
ADDED,000 Earliest SAT_RMS/Hosts Aiden and Maya/MAYA&AIDEN.txt,,9103f3188f83977f43af12e436a6b7b6ecfbd9ad,2831
ADDED,000 Earliest SAT_RMS/Hosts Aiden and Maya/SEASON ONE/002 Forces Across Temporal Points - to 8-13-24.txt,,42c1faee4e75b254a52161535d667d2d105769ae,3913
ADDED,000 Earliest SAT_RMS/Hosts Aiden and Maya/SEASON ONE/_README - AIDEN AND MAYA SHOW BIBLE.txt,,62134ef66f8e92ede9aac03e93092470f9dfaf0c,18155
ADDED,000 Earliest SAT_RMS/Hosts Aiden and Maya/SEASON ONE/__SEASON ONE TIMELINE.txt,,9ff809992178faf5586e79a80e9f69f05f78f350,74463
ADDED,000 Earliest SAT_RMS/Hosts Aiden and Maya/SEASON ONE/___FRAME STORY - aiden and maya 1.txt,,cb18aed45ca3950969543b8d65b79b01d982363d,78165
ADDED,000 Earliest SAT_RMS/Hosts Aiden and Maya/aiden and maya 2.txt,,6710fcc2e64a7fcd4726ee0a4a30557926809726,8334
ADDED,000 Earliest SAT_RMS/Hosts Aiden and Maya/fun break - lx.txt,,f33eb29fbac65efa1db054239bb9c28a04a13a42,201497
ADDED,000 Earliest SAT_RMS/Index1.PNG,,2a9f04ca2a686a203eb47dd13b81cf105cedaf0a,70606
ADDED,000 Earliest SAT_RMS/KLEIN_LOGIC2.txt,,5c6966eb250202fdf3733b81009b25fab0a11273,257410
ADDED,000 Earliest SAT_RMS/Klein3.txt,,3cadb377de01c890c406a2f78bc2fb90aea96a8d,302228
ADDED,000 Earliest SAT_RMS/Maximizing Insights Together - bellomy - 8-13-2023.txt,,068ed3bba55908a266b6cb79b368d09762c760e0,38702
ADDED,000 Earliest SAT_RMS/Quirky Life Journey - bellomy - through oct 2023.txt,,943369a8203c057fbf93bda7a84d4733cdf46467,11067
ADDED,000 Earliest SAT_RMS/RMS SAT (1).txt,,4eb4146f74b089aa7d587bbf9cbcbc6c56c49513,212873
ADDED,000 Earliest SAT_RMS/RMS SAT.txt,,4eb4146f74b089aa7d587bbf9cbcbc6c56c49513,212873
ADDED,000 Earliest SAT_RMS/RMS&SAT(1).txt,,8a6bbd5c87a949a7448556a7ebd7be5f850a5b13,29727
ADDED,000 Earliest SAT_RMS/RMS&SAT.txt,,8a6bbd5c87a949a7448556a7ebd7be5f850a5b13,29727
ADDED,000 Earliest SAT_RMS/RMS-OLD.txt,,617e781122b0041c13d67d34a1ba394673ac812f,146585
ADDED,000 Earliest SAT_RMS/RMS-TAXO-OLD.txt,,3273ea733a0f119dfd4141f1658f0d484f449dda,20952
ADDED,000 Earliest SAT_RMS/SAT - BEFORE SAT PREDICTIONBOOK - 2012.png,,1d9145b735f62f6144f03e44bb75dee848180781,302624
ADDED,000 Earliest SAT_RMS/SAT EARLY - CHATGPT MEMORY SAVED - 2024.png,,fc21f6126baf7a1d2d2995783fe574d5f1fd4383,214092
ADDED,000 Earliest SAT_RMS/SAT EARLY EARLY - 2023.png,,d845bf4c23b07da838246c168bbe0dc873e2b6e0,141204
ADDED,000 Earliest SAT_RMS/SAT EARLY SYSTEMATICS 2.png,,cd354576009cb20fe790216b03d4440b1bfdc009,161912
ADDED,000 Earliest SAT_RMS/SAT EARLY SYSTEMATICS.png,,8a5204bd3eed1798df1d3657093de4601be0a04d,174656
ADDED,000 Earliest SAT_RMS/SAT FIRST - 2024.png,,d15343127a621428761869d11133b5c7bf39704b,157081
ADDED,000 Earliest SAT_RMS/SAT FIRST DIMGRAV - 2024.png,,1808777ef015f61ac0d16b13cdadb5d008cfa632,133563
ADDED,000 Earliest SAT_RMS/SAT FIRST Forces Temporal.png,,01a300ddc69d847190f419a30d3798ec533d0ae1,176976
ADDED,000 Earliest SAT_RMS/SAT FIRST MENTIONS 2.png,,6952ab3c2894d38af62c179f35ea34538b374bde,155173
ADDED,000 Earliest SAT_RMS/SAT FIRST MENTIONS.png,,bed9b1f91505dc6aec4d8c699a33032455050d1d,87077
ADDED,000 Earliest SAT_RMS/SAT FIRSTS - PT.png,,826a3f0c66d29ee530e0b4adc4aec7be30567f02,152889
ADDED,000 Earliest SAT_RMS/SAT HIST - 2025.png,,0c36ac0f625d26fb4a27cb083e37467172750d8b,160097
ADDED,000 Earliest SAT_RMS/SAT HIST - FILE LIBRARY  (ONEDRIVE).png,,b8b38f3b3c29707b8c2f7d1cf94c9775305b9acf,183956
ADDED,000 Earliest SAT_RMS/SAT HIST - FILE LIBRARY 2 (ONEDRIVE).png,,624edd7872cdec9fb514b51d5e2845267cac512c,185174
ADDED,000 Earliest SAT_RMS/SAT HIST - FILE LIBRARY 3 (ONEDRIVE).png,,10a96e495586ebdf969744f8d91ea4334c5c59c7,195672
ADDED,000 Earliest SAT_RMS/SAT HIST 4-7-2025.png,,de039e60f9f57847d79c2157f0271d784c18af3a,155713
ADDED,000 Earliest SAT_RMS/SAT HIST.png,,d360cc6ad74ec3134c346bc9766cba89b8e13ce3,220062
ADDED,000 Earliest SAT_RMS/SAT PREHIST 2.png,,6c1e0d55e2d9e3e6f05e0175a026a396f8b36680,176431
ADDED,000 Earliest SAT_RMS/SAT PREHIST 2025.png,,1d4c5e73b7606ca06187d9d9f953683dd2c7684d,176725
ADDED,000 Earliest SAT_RMS/SAT PREHISTORY - CHAT 1.png,,7b00b5e60ca8f97ec3c20c68f1e4b0f8440a6f32,176426
ADDED,000 Earliest SAT_RMS/SAT SYNTHESIS 2025-4-4.png,,7db2bd26cad59c74d4423f1d38168e00f4a6cdd9,176541
ADDED,000 Earliest SAT_RMS/SAT SYSTEM - NAUT - 2025.png,,7998dcf9c110a0d7cf74af1cf3c80fd94ffbc9e6,180968
ADDED,000 Earliest SAT_RMS/SAT VERYFIRST 2024-3-13.png,,c745ca9d56cf73b600c9750e040f2775043d8123,114991
ADDED,000 Earliest SAT_RMS/SAT_CALC_GOOGLE.PNG,,b7d77a5761a7bfff556136fdc2aa88e808752324,207901
ADDED,000 Earliest SAT_RMS/early_google_docs.PNG,,3b6563e0bf71a31ddda6089d153ed7d0e3183ee0,279418
ADDED,000 Earliest SAT_RMS/january2025.PNG,,ba61ab25a96673d46b8a563198708fbf273c8f33,405635
ADDED,000 Earliest SAT_RMS/sat 2025.png,,0df6881b59a80afafdbdad2612e3c20f1d1dd191,153713
ADDED,000 Earliest SAT_RMS/sat histy.png,,030b7e3aeee0abd277ab8e1bc979cbbdeaa9fa01,224456
ADDED,01_sphere_state_curves.png,,509be9638f961ff2510226fc249b6d8fe96530a0,286985
ADDED,02_whirlygig_torus_trace_limited.png,,5fec42d368ca32b3c7c43d1750131b11a56e4c89,417740
ADDED,02_whirlygig_torus_trace_raw.png,,d9f6e6d4b9d8eb667add50e11579efd5f33360da,422089
ADDED,03_residual_profile.png,,455c75dec566881ca9da41240b974c5b6dd3225d,58953
ADDED,06 Mop It Up.mp3,,3ce87c23625d73e9d85be5dbf387a52d35dc13a5,5375155
ADDED,08 init.bacon(a lot).mp3,,a29fcfa0dcba76061fadd7090fc939cdf49331ee,1656763
ADDED,"09 Miss Poughkeepsie, 1953.mp3",,71ffeecfa505a3bad51b1726fba3d35f0db4a582,3469705
ADDED,0PHYS_REV_D_V_1_Submission.pdf,,73873784fcb8fe60c375aa664156b842e74ed418,165035
ADDED,1 Planetology -- Geometric Foundations Evaluation — raw (1) - Copy.txt,,975e239898093bcae5dd58e5b979a80b70572434,4372583
ADDED,10-31-2025 SAT FULL THEORY/10-20-25 FULL THEORY.txt,,6956c011e1ab70b0e2cad9b2b8a99fa4915eb4da,127783
ADDED,10-31-2025 SAT FULL THEORY/10-20-25 definitions.txt,,afda1c11ae1693267d9f030445bfb24070c86541,9051
ADDED,10-31-2025 SAT FULL THEORY/ANSWER.txt,,7d4f15942b47f155b8a9dfe71ad2cf1e2fb2a256,32344
ADDED,10-31-2025 SAT FULL THEORY/BELLOMY_N_Phys_Rev_D_Submission.pdf,,4bb924ecae07a94c1d14fa6e917ab5ac0ff6ed2f,231211
ADDED,10-31-2025 SAT FULL THEORY/BELLOMY_N_Phys_Rev_D_Supplement.pdf,,2296170953e4e305b452ef26811d7a3e0541383e,308901
ADDED,10-31-2025 SAT FULL THEORY/CRITIQUE.txt,,76aec7cc509426a1cef15e69158d69dd1b6ca679,18579
ADDED,10-31-2025 SAT FULL THEORY/DUGUP.txt,,a1f1185cd020002722f4c3656e7a319bcef6e670,51939
ADDED,10-31-2025 SAT FULL THEORY/FULL THEORY V2.txt,,7c0bc4756c49389b3107b582ad3682b5e6e41c92,46538
ADDED,10-31-2025 SAT FULL THEORY/INTERESTING IMPLICATIONS.txt,,3080ee2cd64abbf38352d28737ecbd3548a588b2,91266
ADDED,10-31-2025 SAT FULL THEORY/LaTeX_Documentation.txt,,43a61b4b8ca48a89ba2d495020da36acb0070a3e,6653
ADDED,10-31-2025 SAT FULL THEORY/PERFECT v2.txt,,8426214c2133c8b154e94c152d6b4ef6e37963c1,8197
ADDED,10-31-2025 SAT FULL THEORY/Physical Review D Guidelines.txt,,b01cd50ba7cf4ac08c2a000eda8d65985e104924,256103
ADDED,10-31-2025 SAT FULL THEORY/Physical Review D.txt,,72b56e15a9af60c8de2f7f50e0c961692d590ccd,4008
ADDED,10-31-2025 SAT FULL THEORY/SAT Earthquake predictor.txt,,6407a9e1c1912294d25b413588781e51b85c3ffc,2332
ADDED,10-31-2025 SAT FULL THEORY/SAT-PERFECT.txt,,95c73ea2c81aefdc1ca9b2a4fe4d1e965ba90d4e,15224
ADDED,10-31-2025 SAT FULL THEORY/SECTION 1.txt,,85a8bc0d0f4bfa7f8d60ca92601d2b5fb4e01148,84271
ADDED,10-31-2025 SAT FULL THEORY/SUBMISSION_SUPPLEMENTAL.txt,,7f4c7030e8f8e2efa9f72e1ae1ee568627f4c614,43137
ADDED,10-31-2025 SAT FULL THEORY/TEST BATTERY 1 10-20-25.txt,,27881552deb942a86eb8f867661ed48c84f5b4fa,133086
ADDED,10-31-2025 SAT FULL THEORY/Test Battery 2.txt,,7f9280a62eb25c54156b98f4b1482df843ef5be4,17304
ADDED,10-31-2025 SAT FULL THEORY/summary4-2.tex,,7ba76a16227e960776cb70dce1ab68d049ed555e,22384
ADDED,10-31-2025 SAT FULL THEORY/test battery 2 10-20-25.txt,,afdbd99e99e23f6d33a7b02bc0adc797c62ff677,17093
ADDED,2 OS-00 world overview — raw.txt,,55f4a7e0ab701856da43494cd8e09f47a29ce986,4733123
ADDED,2 Planetology -- Geometric Foundations Evaluation — raw (1).txt,,539633357f7017cf5a3d4d8854957c4dc2f17270,3406281
ADDED,2003 SKETCHES/Earliest_Surviving_Sketches_2003.png,,98569a05ae95131899d1d3e7115ee41385d9bec4,1045637
ADDED,2003 SKETCHES/Earliest_Surviving_Sketches_2003_2.png,,b2faa6bbeb169f14b003e6fb8e5bc14b56ec205e,993465
ADDED,2003 SKETCHES/Earliest_Surviving_Sketches_2003_3.png,,ebdd8c7ee6bf719e63e975af790165f51edf075a,1010584
ADDED,2003 SKETCHES/Earliest_Surviving_Sketches_2003_4.png,,f922e2ce54b9aa96b871342838b7f59b32459a6d,1103761
ADDED,2003 SKETCHES/Earliest_Surviving_Sketches_2003_5.png,,79d7e05e7d7d134508c47d58e939bed83fd130e1,1116211
ADDED,2003 SKETCHES/Earliest_Surviving_Sketches_2003_6.png,,8e4f632777385a85c85294b51be7d9694e5a323d,1012598
ADDED,2003 SKETCHES/Earliest_Surviving_Sketches_Leuchtturm_notebook_2003.png,,134081a421ae3e01029e6264483750a01590c13e,1070740
ADDED,2003 SKETCHES/Earliest_Surviving_Sketches_Leuchtturm_notebook_No-42_2003.png,,1f09d7f044f9ea7e365e9d66d5c36ef1e241b425,1095696
ADDED,2003 SKETCHES/IMG_1737.pdf,,7c438e8f8c767636cc81e2a8ce5b8fe851370eba,6466544
ADDED,2003 SKETCHES/IMG_1738.pdf,,a25dc9cd5109d9c2d8d2362847241b512d33c1a4,2175997
ADDED,2003 SKETCHES/IMG_1759.pdf,,d76c6772a0b953aa73c7f92a30775daa49002076,6802761
ADDED,2003 SKETCHES/IMG_1784.pdf,,0f8ffd2e633c468d2c6ccfc4d9f6e3a831d738e3,7839743
ADDED,2003 SKETCHES/IMG_1811.pdf,,4d118d830843636475d6eb130bd1e1167a8e8df2,7870330
ADDED,2003 SKETCHES/IMG_1841.jpeg,,ddb9440dcf33aeb64b73fd77f66449d6401f1f54,1950710
ADDED,2003 SKETCHES/IMG_1842.jpeg,,400821fd4089f54f1d5f4c309b8b2ffd7f9550e4,1912547
ADDED,2003 SKETCHES/IMG_1843.jpeg,,8d68b159f83c2c1c3d5d1a9164243c9958f2a986,1766634
ADDED,2003 SKETCHES/IMG_1893.pdf,,f252dcbcef7e6a2511e9e0585af6c963c9556ab8,2217381
ADDED,2003 SKETCHES/IMG_9056.jpeg,,94d02e7835c6b33f9219cfca9a9e7928d43c67f4,455293
ADDED,2003 SKETCHES/SAT EARLY EARLY - 2023-5-28.PNG,,d845bf4c23b07da838246c168bbe0dc873e2b6e0,141204
ADDED,2003 SKETCHES/SAT FIRST - 2024-3-24.PNG,,d15343127a621428761869d11133b5c7bf39704b,157081
ADDED,2003 SKETCHES/SAT FIRST DIMGRAV - 2024.PNG,,1808777ef015f61ac0d16b13cdadb5d008cfa632,133563
ADDED,2003 SKETCHES/SAT FIRST Forces Temporal 2024-8-8.PNG,,01a300ddc69d847190f419a30d3798ec533d0ae1,176976
ADDED,2003 SKETCHES/SAT PREHIST 2024-11-12.PNG,,6c1e0d55e2d9e3e6f05e0175a026a396f8b36680,176431
ADDED,2003 SKETCHES/SAT PREHISTORY - CHAT 1.PNG,,7b00b5e60ca8f97ec3c20c68f1e4b0f8440a6f32,176426
ADDED,2003 SKETCHES/SAT SYSTEM - NAUT - 2025-4-6.PNG,,7998dcf9c110a0d7cf74af1cf3c80fd94ffbc9e6,180968
ADDED,2003 SKETCHES/SAT VERYFIRST 2024-3-13.PNG,,c745ca9d56cf73b600c9750e040f2775043d8123,114991
ADDED,2023 SPACETIME CHAT.txt,,fcc645ded44c4b9b3a531a0f99e9fcea615b2636,62782
ADDED,2023-24 FRAMEWORK DEVELOPMENT/Audit Code Package Construction Guide.pdf,,7c3eeb8a3f6cf2e3d82bb181adf6f072ab457a3c,44507
ADDED,2023-24 FRAMEWORK DEVELOPMENT/DEEP DIVE PRONUNCIATION GUIDE PT2.pdf,,7411f85032d6cfe86bb0686b766545589dc3751e,44533
ADDED,2023-24 FRAMEWORK DEVELOPMENT/DEEP DIVE PRONUNCIATION GUIDE.pdf,,eb3b2a78657340c3e0f9a3cc8451e57e562a44e3,150302
ADDED,2023-24 FRAMEWORK DEVELOPMENT/McKnight_N_SAT-QR.pdf,,2f4126aca8819c311fe2c94c6991fc041e5c793b,203382
ADDED,2023-24 FRAMEWORK DEVELOPMENT/Minimal Introduction (SAT O era).pdf,,af5f44d3f936666b4743d8e2ab102b2b9f28f2c2,150401
ADDED,2023-24 FRAMEWORK DEVELOPMENT/SAT CRIT.txt,,9f2199788ab0b222c189e8bebbb376f29e864a1d,4558
ADDED,2023-24 FRAMEWORK DEVELOPMENT/SAT DEBUG SHEET.txt,,9cba50a08cd82a3c4a45186caabca686ea25ddc7,3518
ADDED,2023-24 FRAMEWORK DEVELOPMENT/SAT FORMALIZATION 2023-2025.txt,,beb4ada9d242bcd4e287cce4ed9ed28548ccfd70,202860
ADDED,2023-24 FRAMEWORK DEVELOPMENT/SAT FORMALIZATION ROUND 3ish (1).txt,,8cb6be0e8ef1d332425f27d1ea921911c1848a53,22770
ADDED,2023-24 FRAMEWORK DEVELOPMENT/SAT FORMALIZATION doc.txt,,3f794e74948e53c1a787960807d03d0b1d496c9e,60654
ADDED,2023-24 FRAMEWORK DEVELOPMENT/SAT FULL EVALUATION.txt,,8715cb79b4fe38f6f335080114877e93e8623cb9,218630
ADDED,2023-24 FRAMEWORK DEVELOPMENT/SAT HARD FORMULATION (1).txt,,e456e9c2185583b60dd3791d4254ad488beec4a3,3416
ADDED,2023-24 FRAMEWORK DEVELOPMENT/SAT Lagrangian and Variational Derivation (1).txt,,9d5db44f16f1f2d853332efd8d91995a37e8d394,2208
ADDED,2023-24 FRAMEWORK DEVELOPMENT/SAT SCALAR ANGULAR THEORY.txt,,34ca334e91376b14c852e52df58cfe2dfd0428c1,306418
ADDED,2023-24 FRAMEWORK DEVELOPMENT/SAT TEST.txt,,e75902d1a617e345b411f950399fba3bd8ed2497,26999
ADDED,2023-24 FRAMEWORK DEVELOPMENT/SAT WORKABLE PODCAST.txt,,0e7f92b7a2d033bd0d1e8e5cb0f0a35342454518,6918
ADDED,2023-24 FRAMEWORK DEVELOPMENT/SAT to Chronophysical Proposition... writ large.txt,,825bb31b4c0b0efd7e5e363d2702e75e8e0905eb,788979
ADDED,2023-24 FRAMEWORK DEVELOPMENT/SAT-NaiveGPT.png,,b472a367e29ba74fdb996cf256caf05a655c1fa5,125789
ADDED,2023-24 FRAMEWORK DEVELOPMENT/SAT-NaiveGPT2.png,,79c62f25d59d84a50a7f27e8759d95c8458de3e5,109805
ADDED,2023-24 FRAMEWORK DEVELOPMENT/SAT-NaiveGPT3.png,,221cbe81ce1191a45d7678a35eb26a1adba2c5aa,122053
ADDED,2023-24 FRAMEWORK DEVELOPMENT/SAT-NaiveGPT4.png,,0aa7928a2b0420edc96020caf7fa2a18afd0afd3,132558
ADDED,2023-24 FRAMEWORK DEVELOPMENT/SAT-NaiveGPT5.png,,195ef3bbb21029b1395bc9c53fdff8a57b870265,136410
ADDED,2023-24 FRAMEWORK DEVELOPMENT/SAT-NaiveGPT6.png,,bdae7fe3317d177494fd840522b42753ad478727,131534
ADDED,2023-24 FRAMEWORK DEVELOPMENT/SAT.4D Deep Dive Pronunciation Guide.pdf,,5aa394f2139d87ddf601b894ff21fe2bd352b074,112037
ADDED,2023-24 FRAMEWORK DEVELOPMENT/SATELLITE_DATA_UNSORTED.txt,,d4e48388c0a7c108fbfac491f000ed6090095569,14769
ADDED,2023-24 FRAMEWORK DEVELOPMENT/SATEvolution.txt,,39d52e00457fdd9cf5c965f424ab9b69e7b7143a,592122
ADDED,2023-24 FRAMEWORK DEVELOPMENT/SATInterpreted (1).txt,,39a074ec05088b8ae920b75161845064f0deae9a,65752
ADDED,2023-24 FRAMEWORK DEVELOPMENT/SATInterpreted 2.txt,,4306bfbc671d14b9ad030c889df435ae5254c17a,10317
ADDED,2023-24 FRAMEWORK DEVELOPMENT/SATState May2025.txt,,8f400869cf31002acff9860de06acb603c1bee3c,20600
ADDED,2023-24 FRAMEWORK DEVELOPMENT/SAT_Earliest_Notebook_2003_Documented.pdf,,15b6e2f43c06482a19e25aecef9df4d947d399eb,7712005
ADDED,2023-24 FRAMEWORK DEVELOPMENT/SAT_Errata_and_Wordcount_Overview_with_Captions.pdf,,0f8ab884b1aaa613530fc36e7cd4a73e712f8c8d,1172723
ADDED,2023-24 FRAMEWORK DEVELOPMENT/SAT_Framework_Final_Report_Cleaned.pdf,,dc15798a154cc1818a61d84b9452e2f2ede8ce76,3240
ADDED,2023-24 FRAMEWORK DEVELOPMENT/SAT_Framework_Full_Report_Text (1).txt,,700d81cf99b020fda2c2e090f50b8e39f9223127,4323
ADDED,2023-24 FRAMEWORK DEVELOPMENT/SAT_Framework_Report_Plain.pdf,,3f8c310b9583e50b667793c04e8ddcb9637e21f8,1974
ADDED,2023-24 FRAMEWORK DEVELOPMENT/SAT_LAB1_Composite_Binding_Simulation_Report.pdf,,b58679ab72eee1c98ef04dc4e8143784a2df4015,59191
ADDED,2023-24 FRAMEWORK DEVELOPMENT/SAT_LAB1_Energy_Tau_Results.pdf,,253efe7c94a87bb579aab45ed432197abbf970ba,28149
ADDED,2023-24 FRAMEWORK DEVELOPMENT/SAT_LAB1_Full_Annealing_Radial_Kink_Report.pdf,,bfede5a3463decf2f555732ef7dc3b483d1dea7c,59136
ADDED,2023-24 FRAMEWORK DEVELOPMENT/SAT_LAB1_Full_Annealing_Radial_Kink_Report_REGEN.pdf,,ac32650e01088b2a9e875a933c7cabdafc2a11a5,57848
ADDED,2023-24 FRAMEWORK DEVELOPMENT/SAT_LAB1_Radial_Fringe_Falsifiability_Report.pdf,,7ee2c5b38ba31f779dece8441600b952d35ae081,35233
ADDED,2023-24 FRAMEWORK DEVELOPMENT/SAT_Lab1_Visuals_Compiled.pdf,,dffe1b346bc2e29a88428198b445ac83371b8ca8,599125
ADDED,2023-24 FRAMEWORK DEVELOPMENT/SAT_Lab1_Visuals_Landscape.pdf,,4eca354094fa1a0efd179a3f35201bc9dedaad43,599122
ADDED,2023-24 FRAMEWORK DEVELOPMENT/SAT_Lab1_Visuals_Landscape_Scaled_Fit.pdf,,58002369bd5fbee2b46168b0027a3a888da220bc,599130
ADDED,2023-24 FRAMEWORK DEVELOPMENT/SAT_REWRITE.pdf,,ab78b63cbaad2fa5ca5769fbb45100302c57111c,5329850
ADDED,2023-24 FRAMEWORK DEVELOPMENT/SAT_SATELLITE_ANOMALY_ANALYSIS.txt,,a97510e9b6f6088bb965fb1591f8141871e9af3b,35311
ADDED,2023-24 FRAMEWORK DEVELOPMENT/SAT_ST_integration_test.pdf,,25ea4270b731bbd2fe2c2d650a7df2ac2679869d,393387
ADDED,2023-24 FRAMEWORK DEVELOPMENT/SAT_Visual_Archive_FULL_Captioned_RETRY.pdf,,981099dfc1ddfe416ca4161c82a812cdfcb0cd76,12016863
ADDED,2023-24 FRAMEWORK DEVELOPMENT/SAT_overview.txt,,4c6c2b1e6883d6e8e28e9dc063c27849e017b98b,128313
ADDED,2023-24 FRAMEWORK DEVELOPMENT/SAT_theta4_kink_retardance.png,,1742c148d27f5e56c90943a4d44136693cb49f85,75213
ADDED,2023-24 FRAMEWORK DEVELOPMENT/SATiii REWORK MARK III.txt,,5bb03d5fde8bdb89f1ceaf04caae2e5e3b14dd8b,776184
ADDED,2023-24 FRAMEWORK DEVELOPMENT/SATv  TO STANDARD MAP.txt,,ec0697d8b4a7d2a9a674c7500f72665676b76702,9286
ADDED,2023-24 FRAMEWORK DEVELOPMENT/SATv ATTEMPTED FORMALIZATION.txt,,f7d894342f210b84a17bd0b22d9b88edd1ec31e3,280587
ADDED,2023-24 FRAMEWORK DEVELOPMENT/SATv EXPLORATIONS.txt,,35163d98fa87b1ad1da846ff89eb3e6a03fbe5fa,1054407
ADDED,2023-24 FRAMEWORK DEVELOPMENT/SATv FORMAL POSTULATES.txt,,fd4851f2dd0574086b0414a6f733f6ce1c40dde9,3855
ADDED,2023-24 FRAMEWORK DEVELOPMENT/SATv REFORMULATION.xtx.txt,,594850e56a5c30ca9469bfd222808a38982287cb,7070
ADDED,2023-24 FRAMEWORK DEVELOPMENT/SATv THE PARTICLE ZOO.txt,,aa0ababab907a518e9cbfc5debcd07f01a232ff6,4008
ADDED,2023-24 FRAMEWORK DEVELOPMENT/SATv TIME_WAVEFRONT.txt,,fe1a6f603798c31fa4e5bf704bb31cbcc5ec4ce9,3494
ADDED,2023-24 FRAMEWORK DEVELOPMENT/SATv VISUAL VOCABULARY.txt,,92b84e57b8bfeab225f26148c6ef388645c7b390,3016
ADDED,2023-24 FRAMEWORK DEVELOPMENT/SATv _REFORM_TRIAL.txt,,6a9a33cf562343b235679ad457c70987becae9d9,398146
ADDED,2023-24 FRAMEWORK DEVELOPMENT/SATv aSAT vs SAT.txt,,538ee0b129ea0ba7c1706a4eb9421b3cfa527395,115633
ADDED,2023-24 FRAMEWORK DEVELOPMENT/SATx ADDENDUM.txt,,907ec14ba1d39c613cb4221f102fb8ddee3cd8df,37829
ADDED,2023-24 FRAMEWORK DEVELOPMENT/SATx ADDENDUM2 (1).txt,,a09632e374ad7d4eabd0eb5c9708f1da2c5f3e9a,36146
ADDED,2023-24 FRAMEWORK DEVELOPMENT/SATx ADDENDUM3.txt,,c21a542f76f0e0badbcfbbe41101d0f546c87436,486578
ADDED,2023-24 FRAMEWORK DEVELOPMENT/SATx Addendum4.txt,,e1f6ec82de4019bef216f470647f803db9fe8885,115830
ADDED,2023-24 FRAMEWORK DEVELOPMENT/SATx STATE OF SAT.txt,,512836a86f036df49338ea774477f241e4f05580,225048
ADDED,2023-24 FRAMEWORK DEVELOPMENT/SATx_FULL_PODCAST.txt,,a92cdadb1c55109604b1a02e1ee4c9e8e56c17fb,100182
ADDED,2023-24 FRAMEWORK DEVELOPMENT/STATE OF SAT.txt,,b6200e6d033cd9a55c3b8a7dd3e411e639c6fbbd,225047
ADDED,2025 FIRST WHITEPAPER DRAFT.txt,,5090963b1952700b2c6a7e4dec00955372843811,78459
ADDED,2025-8-24 STATUS OVERVIEW.txt,,a23e1458a882340de4f6319c7eb8a34c7f6c5ab0,11614
ADDED,2025.10.29+Prototype+Fact+Sheet.pdf,,0e97ce77aad260db3c1232d3b8af4eb64487c7cc,91265
ADDED,2026 MATH REVAMP TAKE 1.txt,,399e194475ba55294202ea175b9f5d56f227c3c5,76878
ADDED,2026 discussions/48.txt,,c222b3a192e30e4fa707c812d110b4a7800e6027,4142
ADDED,2026 discussions/72_Snaps.pdf,,26c3beaa50450f13fc1a791b1ff375f71de266be,20564247
ADDED,2026 discussions/FOUNDATIONAL ARGUMENT.txt,,094e6c880dec8330b6b7d88758706e77695bfe00,110358
ADDED,2026 discussions/GENERAL RELATIVITY.txt,,5aad940216feb50ff4154b3466f733dfb61d3c76,150800
ADDED,2026 discussions/HELIUM STANDARD ATOM 2.txt,,5e0f43950244bd5173799ec74b985944cf169ac2,22469
ADDED,2026 discussions/HUMAN-COMPUTER INTERACTION.txt,,e8c3fb806719430098448ae039646d26d35bf5c9,19489
ADDED,2026 discussions/IS AND ISNT.txt,,3b71d17fac7f1463d27cabbbdf951bed7d8dd2d6,27285
ADDED,2026 discussions/Impact.txt,,9bc89cc77a6ffedeeacfdd673d16f658ef9948a6,8208
ADDED,2026 discussions/PROPER DIMENSIONALITY.txt,,1d8cd1574a6acdc0f86691599191b74428a2c086,98915
ADDED,2026 discussions/ROUNDUP 2.5.txt,,808dcb9f204ab3f769e2894c2ab0c0fe6cbf0b00,5027237
ADDED,2026 discussions/ROUNDUP 2.txt,,61218bc69054b07e6494e1e7d446c6aef1d325f8,1125571
ADDED,2026 discussions/SAT BUILDING STORY.txt,,5c4e20eb52043b655eb81496962133e0ffe33f04,346588
ADDED,2026 discussions/SAT CHATTER 2.txt,,f24fb86e91356aa59dfbb5e9b72233dbe2013f71,10714
ADDED,2026 discussions/SAT CHATTER.txt,,f24fb86e91356aa59dfbb5e9b72233dbe2013f71,10714
ADDED,2026 discussions/SAT CONSC PROOF — Consciousness_of_AI.pdf,,2dd7f49b3705f75856c108c7f9499c4f9ab7761a,214244
ADDED,2026 discussions/SAT CONSC — Not_ANy.pdf,,81ebc7beeebf151a665de063ba6134debbab3b01,144527
ADDED,2026 discussions/SAT CONSC — Not_ANy2.pdf,,41ee942169d0c2b80fa2387300e75d37c88ca73a,180049
ADDED,2026 discussions/SAT CONSC — Not_ANy3.pdf,,7302b879fb25caed5d7221b0294d3f4635ffd13b,150212
ADDED,2026 discussions/SAT CYCLES 37-50.txt,,a69db1ec6572ed83e83438d770ebc621e3876767,43096
ADDED,2026 discussions/SAT HISTORICAL GLOSSARY.txt,,bebf5d380146541858bc13eedf383dda5cd65ff7,243287
ADDED,2026 discussions/SAT LLM EPISTEMOLOGY — Howto.txt,,1edb7f4d4888653eedb838067c51c4945c065b93,1458
ADDED,2026 discussions/SAT MAY 2026 REFINEMENT FORMALIZATION.txt,,1daae93d15995c1b957e7c9abfb0558f0197ffeb,184980
ADDED,2026 discussions/SAT PREDICTIVE BENCHMARKING.txt,,cc317e5e2b0633edcabf51c891282bc4b2734499,151977
ADDED,2026 discussions/SAT RMS EPIST — NON AND SENSE.txt,,f3aed17a5ec00a25a4d4acaf4b51ed34c5e6212e,92425
ADDED,2026 discussions/SAT THEORY — PROPER DIMENSIONALITY copy.txt,,1d8cd1574a6acdc0f86691599191b74428a2c086,98915
ADDED,2026 discussions/SAT THEORY — PROPER DIMENSIONALITY.txt,,1ea1f8d506210202517aaeb0489c5950357fa39f,203511
ADDED,2026 discussions/SAT THEORY — WHIRLIGIG SIMPLIFICATION TAKE 1.txt,,bfe1a8771bf6faa2d8281863c7f4092f711020fa,4493
ADDED,2026 discussions/SATOBLOC GIT STATS - Commits over time.csv,,9e5083a5aad8d0780ec5b919a573cfbe4e616143,488
ADDED,2026 discussions/WHIRLIGIG SIMPLIFICATION TAKE 1.txt,,bfe1a8771bf6faa2d8281863c7f4092f711020fa,4493
ADDED,2026/..folder_summary.txt,,04bd6c0ee1618f6c3c51baafd1b0ed97c24e46fa,5705
ADDED,2026/.gitkeep,,e69de29bb2d1d6434b8b29ae775ad8c2e48c5391,0
ADDED,2026/ABOUT YOU ABOUT ME.txt,,b8ec21efb84e94f92f2255d83047cf2322775e2d,3831
ADDED,2026/ALBUM — Hyperflirt/01. NNDimethylMcFuquoiserie.mp3,,606b879d04d43635a3451f31354354c64a7b93b5,3747612
ADDED,2026/ALBUM — Hyperflirt/010 Sponsor Break.mp3,,c966e5667b52009eb1d9d99d2fa833339ba46b6d,4782705
ADDED,2026/ALBUM — Hyperflirt/011 BLOCK_CONTENT_ _.mp3,,383e33fd9612c94785454eca0e5121040fd75a10,3372499
ADDED,2026/ALBUM — Hyperflirt/012 Brought to You By Scratchdog Ass.mp3,,f0d4395d09fb957412f7461112f8c0ab325a0c0c,3081067
ADDED,2026/ALBUM — Hyperflirt/013 Your Time Signature (Down to Counting).mp3,,5da7f7769f8888545400f881d83d7a9e8ee88dc7,2175265
ADDED,2026/ALBUM — Hyperflirt/014 Dream War.mp3,,c06af9d1f11a302c1b9ba56b45595a03ec77f061,3800184
ADDED,2026/ALBUM — Hyperflirt/015 Touch Moss.mp3,,6c376591ea8214bef23072ae610501437e546d88,7319449
ADDED,2026/ALBUM — Hyperflirt/02 Welcome to the Shit Show.mp3,,82aea5354880e01db511805e5fd26521ef2c34ab,522827
ADDED,2026/ALBUM — Hyperflirt/03 Turned In (Album Version).mp3,,ed1613a45cd6046f82146e3884d7258253008975,3671241
ADDED,2026/ALBUM — Hyperflirt/04 Phonebooth Huddle.mp3,,327229cecfedf033ee0c3d677291c8ebaf8a0f40,2135492
ADDED,2026/ALBUM — Hyperflirt/05 Beauty As A Compression Of Truth.mp3,,61662cfbd6f99ccd9d2094e5d1242e1164680009,7259839
ADDED,2026/ALBUM — Hyperflirt/06 Mop It Up.mp3,,3ce87c23625d73e9d85be5dbf387a52d35dc13a5,5375155
ADDED,2026/ALBUM — Hyperflirt/07 Don't Try It Till You Knock It.mp3,,aa751e5e49fd895751af710427f3495ffad0e0fc,3529455
ADDED,2026/ALBUM — Hyperflirt/08 init.bacon(a lot).mp3,,a29fcfa0dcba76061fadd7090fc939cdf49331ee,1656763
ADDED,"2026/ALBUM — Hyperflirt/09 Miss Poughkeepsie, 1953.mp3",,71ffeecfa505a3bad51b1726fba3d35f0db4a582,3469705
ADDED,2026/AUDIT CYCLE 1-7.txt,,c0d24191c7691ddbdb7ed67f5452f523f5801e91,93056
ADDED,2026/Alberr/Alberr 0.pdf,,38ee8ab95c006c3966680b33fc3087af26e41adc,507958
ADDED,2026/Alberr/Alberr 1.5.pdf,,78ddedbe9b11ada816c8d940f915c0d7b3260663,219093
ADDED,2026/Alberr/Alberr 2.pdf,,c52ea01758dfd24efb24d128f8a347793ed4be89,327307
ADDED,2026/Alberr/Alberr 3.pdf,,426eb07882f40ee6c101c47b1b9fadfe76cce7c4,81844
ADDED,2026/Alberr/Alberr 4.pdf,,95060304a76d82f0f2e2f092859a2c0244ead7b0,304437
ADDED,2026/Alberr/Alberr X.txt,,87af2216878ae51fd4cf8a39c791268c87effc14,266740
ADDED,2026/Alberr/DeutschSyllabus.txt,,f09954d28fd93c99d8860b01821c700613323986,14826
ADDED,2026/Consciousness + AI/A CHAT.txt,,ac621da90eb88d7ef27e6389cae86f27b203c20d,120937
ADDED,2026/Consciousness + AI/AI Math Break Llmsrror.txt,,d1a1e3c69b10f6b2dfc36f1578a3eeb891edc997,2938
ADDED,2026/Consciousness + AI/CHAT — Tell me.pdf,,123cac0d6a017cdadf3d1a915c0e496c12824c2b,147977
ADDED,2026/Consciousness + AI/Consciousness_of_AI.pdf,,2dd7f49b3705f75856c108c7f9499c4f9ab7761a,214244
ADDED,2026/Consciousness + AI/Over 1.pdf,,7302b879fb25caed5d7221b0294d3f4635ffd13b,150212
ADDED,2026/Consciousness + AI/Over 2.pdf,,41ee942169d0c2b80fa2387300e75d37c88ca73a,180049
ADDED,2026/Consciousness + AI/Over 3.pdf,,81ebc7beeebf151a665de063ba6134debbab3b01,144527
ADDED,2026/Consciousness + AI/Silence.pdf,,d5decd46a33a9d51072eab1774269d75e4f36e8a,336149
ADDED,2026/Consciousness + AI/TRANSCENDER.txt,,b0713e401b92be579cc5e08f526e63b536a46d2c,172022
ADDED,2026/Consciousness + AI/Wacky 4D 2.txt,,f1bbd50efb640ba95ee65254e7e99fb8aa6f6f7f,33993
ADDED,2026/Consciousness + AI/Wacky 4D.txt,,69dc239408bb5e7b1174fbef95bbb6013ef4e591,196449
ADDED,2026/Consciousness + AI/rusty button.pdf,,40d7788e18775d6602e7b484714ea4a75d7f0670,13519
ADDED,2026/Consciousness + AI/solonoid1.txt,,188ef17961bf1e52cd83189422af15ec11d640a5,146859
ADDED,2026/Consciousness + AI/solonoid2.pdf,,5c1d1b3e5f32bc6ced1c630459715eae6a052b20,275890
ADDED,2026/Consciousness + AI/solonoid3.txt,,89249c9b579a16be9cdeb3d7c31595b1fd788e42,18663
ADDED,2026/Consciousness + AI/solonoid5.pdf,,94481ff98a29767f0fa61d3fa744528cb6b8612d,124358
ADDED,2026/DEEP_DIVE_INTERIORITY.txt,,55c6d4ad32fb16a79bd0f69e9758eaf96a31b58c,171479
ADDED,2026/ELECTROGRAVACOUSTICS.txt,,4085e071d4804fd3313a0c01a7ca7e9aa62d76dd,175298
ADDED,2026/ER GRAVITY.txt,,6419e0a119d478656e9513e5edc6eaef4fb51f8f,80563
ADDED,2026/Early SAT/A reaction.txt,,4d3c072cc55bde77c3a12940ab831a61567c3253,6387
ADDED,2026/Early SAT/BRAIN OPACITY.txt,,51db303a108f3f477bc7f7a56bced9919582a0b3,293119
ADDED,2026/Early SAT/CONSCI.txt,,e691708e39984493a3c94fad20077d829e84e1c5,214756
ADDED,2026/Early SAT/Critique response.txt,,d0a2373d01ef4f2cdb8c361da973c7a3d6ad5e8a,136455
ADDED,2026/Early SAT/Cronin Levin SAT.txt,,8e9ec765b0cf32cbbd22a258d9506daaa3316d52,10909
ADDED,2026/Early SAT/EARLIEST AI DISCUSSIONS.txt,,97e6a68d44319b12b0ab3353d6768b0f66884866,669034
ADDED,2026/Early SAT/GLOSSARY (LIVE).txt,,aaf4a51228865fe9d05066a20e6daf2d18f8deb8,1896
ADDED,2026/Early SAT/INCORPORATION.txt,,06ea427448ad0fbd62c23843ebb2f702e6e1a380,11932
ADDED,2026/Early SAT/RMS&SAT.txt,,8a6bbd5c87a949a7448556a7ebd7be5f850a5b13,29727
ADDED,2026/Early SAT/SAT & String Theory.txt,,ed3afcb39ca75b0b9f52981fef476da439679b70,127384
ADDED,2026/Early SAT/SAT Overview .txt,,ed3afcb39ca75b0b9f52981fef476da439679b70,127384
ADDED,2026/Early SAT/SAT Reformulation & Fine Structure Comstant.txt,,201eba205d212a93e15fd9720e77cd5cee3b8fb1,432885
ADDED,2026/Early SAT/SAT intro.txt,,2c3f93aa2fff87228799cac13901683bc7c9f3aa,137112
ADDED,2026/Early SAT/Weinstein & SAT.txt,,a1dd8af1b09f9882d31dce1c8838c7f9dd851cef,35838
ADDED,2026/Early SAT/recursive_multi_ai_convo.txt,,4be25484d8d7f9163a2cb854d1f36fd8937d9f76,63236
ADDED,2026/GRAVITY TWIST.txt,,9e286616c0869b736c9e83f7e76fe0b253560dd3,114116
ADDED,2026/HOMESTRETCH/HOMESTRETCH ALIGNMENT.txt,,6eff5885f15265a53f41a711bbee54cb0a382a83,3929
ADDED,2026/HOMESTRETCH/HOMESTRETCH.txt,,6d5d24b9897d51668b3e7453baf3bf1c8676d3ba,44058
ADDED,2026/HOMESTRETCH/RELATIVITY - EINSTEIN + MINKOWSKI.txt,,cebadb01a04ce054e8ae4eb5c6f37486008c003a,428493
ADDED,2026/HOMESTRETCH/SAT CORE PACK.txt,,ec3cd7975f49251847242199f7e49765f0c39199,10928
ADDED,2026/HOMESTRETCH/STREAMLINE 11MAR26.txt,,1bacacf143183d6f69b6e2471334d40d18d9f194,60347
ADDED,2026/Musings/Conlang.pdf,,461ac440ca2f52bbb1e262b3d6b7d69028eb17c4,559969
ADDED,2026/Musings/Misc 48.txt,,c222b3a192e30e4fa707c812d110b4a7800e6027,4142
ADDED,2026/Musings/Misc — A Chat.pdf,,8c91a09c346958320b0ff0bd58d6189d1d8bd25a,192987
ADDED,2026/Musings/conlang2.pdf,,4b178fd05027ea9ae00715b29ae94c3bcfa5964b,609403
ADDED,2026/Musings/conlang3.pdf,,d46586d04e0574b05b9e0bfc7baefe29b8eea7ef,11146893
ADDED,2026/Musings/misc Central Recursion.pdf,,65e9409047fd81514768509051f003fbfd609ea3,316867
ADDED,2026/Paradigm/SAT PARADIGM TIMELINE/SAT CHATTER [Blind Survey].txt,,a381c6294fa86e8597a0a61413dd88bad1ff12dc,99451
ADDED,2026/Paradigm/SAT PARADIGM TIMELINE/SAT FALLOUT.txt,,f9c061f577f87b73a30cf22cc1a378a0492aa4fc,10718
ADDED,2026/Paradigm/SAT PARADIGM TIMELINE/SAT PARADIGM — Chatter.txt,,6da1e4f1d72b856e3d2d992868b1affd6a9ad5d5,9397
ADDED,2026/Paradigm/SAT PARADIGM TIMELINE/SAT Paradigm2.txt,,426e12b6096dd09a812b0f5f9328ee9cef05d38b,14327
ADDED,2026/Paradigm/SAT PARADIGM TIMELINE/SAT RECON — Gg1.txt,,2588c591264b6c6cfd7846cac7fc3e46b05e4de8,38166
ADDED,2026/Paradigm/SAT PARADIGM TIMELINE/SAT RECON — Gg2.txt,,d1c33910dcabe9d5fa50696fba4a74bcd30aff06,10900
ADDED,2026/Paradigm/SAT PARADIGM TIMELINE/SAT RECON — Gg3.txt,,9514049f90e56c0438d80f8c278c7e10ba05c5a7,16137
ADDED,2026/Paradigm/SAT PARADIGM TIMELINE/SAT RECON — Gg4.txt,,86b2629d94dba4e3b96f5e3acdf320fdb0278b04,91456
ADDED,2026/Paradigm/SAT PARADIGM TIMELINE/SAT RECON — Goog.txt,,9514049f90e56c0438d80f8c278c7e10ba05c5a7,16137
ADDED,2026/Paradigm/SAT PARADIGM TIMELINE/SAT RECON — google4.txt,,259f770026c1dd478d3c26cee1042bd22142f2e2,122608
ADDED,2026/Paradigm/SAT PARADIGM TIMELINE/SAT Related Developments.txt,,229be1f2d12607d82ecb994d8fd5918e345d938d,13005
ADDED,2026/Paradigm/SAT PARADIGM TIMELINE/SAT TIMELINE 2.txt,,ac8e8e70bfec7b6b270834c0358acd6df9c972cc,10708
ADDED,2026/Paradigm/SAT PARADIGM TIMELINE/SAT TO DO — Citations.txt,,d3f58922de4a3e51c1a122c5968981ae4d3173d8,117192
ADDED,2026/Paradigm/SAT PARADIGM TIMELINE/SAT TO DO — Google py.txt,,121b793380a541cd23ead84ac3f9a3a629ede0e3,33610
ADDED,2026/Paradigm/SAT PARADIGM TIMELINE/SAT paradigm.txt,,a381c6294fa86e8597a0a61413dd88bad1ff12dc,99451
ADDED,2026/Paradigm/SAT PARADIGM TIMELINE/SAT — TIMELINE.txt,,d0f8bfdfacdc23067675fb5b34d58c5da36a11d0,26035
ADDED,2026/Paradigm/SAT — PODCAST STATS/Debating  LISTENERSHIP.txt,,f87fd97b1fbec1617b8ebbd3a36d9bd28ee515cb,62305
ADDED,2026/Paradigm/SAT — PODCAST STATS/Debating  Listeners .txt,,760a80e117cafdd7fb9c8debecd46dd045d84f8d,3055
ADDED,2026/Paradigm/SAT — PODCAST STATS/Debating  Listeners 2.txt,,f87fd97b1fbec1617b8ebbd3a36d9bd28ee515cb,62305
ADDED,2026/Paradigm/SAT — PODCAST STATS/Debating AI 1.txt,,937bc537221ce75dda205ba521b186a10bcf5ceb,13445
ADDED,2026/Paradigm/SAT — PODCAST STATS/Debating AI 2.txt,,87e97096451bb7838e629dd26b84ce18b2bfaacd,22443
ADDED,2026/Paradigm/SAT — PODCAST STATS/Debating AI 3.txt,,64b4779266ef13cd7e8c8d688cd5d1377860f15c,49885
ADDED,2026/Paradigm/SAT — PODCAST STATS/Debating AI Episodes List.txt,,e32fc1c9bffe22edbf94bd2b17128dbc8dad6635,19392
ADDED,2026/Paradigm/SAT — PODCAST STATS/Debating AI Morgellis.txt,,24d45e34070aefa148c358174aa3da09d2208e95,2984
ADDED,2026/Paradigm/SAT — PODCAST STATS/Debating AI Podcast Stats.txt,,459335f7926f47d86b7d5959a594ed43e49ceae2,193220
ADDED,2026/Paradigm/SAT — PODCAST STATS/Debating AI Podcast.txt,,459335f7926f47d86b7d5959a594ed43e49ceae2,193220
ADDED,2026/Paradigm/SAT — PODCAST STATS/Debating AI Stats 2.txt,,00f42f3d6912df9b0e9486921bcc32c046328daa,197752
ADDED,2026/Paradigm/SAT — PODCAST STATS/Debating AI Stats.txt,,cf8264f961c0a385ad0a4c90fa31c5b11c192b79,197753
ADDED,2026/Paradigm/SAT — PODCAST STATS/Debating AI —  Podcast.txt,,6f7b6cc4e2f81abb5a653f3c47cbc1b6cc1438ca,3899
ADDED,2026/Paradigm/_SAT  Satobloc GitHubStats/Clones in last 14 days copy.csv,,7b871fe30d93d03e9257ddb0752b8950d87b36a5,163
ADDED,2026/Paradigm/_SAT  Satobloc GitHubStats/Clones in last 14 days.csv,,9fe3f8bd42de3adcf9acbba2dae3c194af43ea2d,161
ADDED,2026/Paradigm/_SAT  Satobloc GitHubStats/Commits over time.csv,,9e5083a5aad8d0780ec5b919a573cfbe4e616143,488
ADDED,2026/Paradigm/_SAT  Satobloc GitHubStats/Git Total views in last 14 days.csv,,a1b355b13baab94de9fbb7e7e1352e3e8942653f,163
ADDED,2026/Paradigm/_SAT  Satobloc GitHubStats/Git Unique cloners in last 14 days.csv,,35c8032353703da6898be3682f9c9f1ed89e0899,164
ADDED,2026/Paradigm/_SAT  Satobloc GitHubStats/Git Unique visitors in last 14 days.csv,,b8963e20983274722719e70846e622470c07f0df,162
ADDED,2026/Paradigm/_SAT  Satobloc GitHubStats/Satobloc's Commits.csv,,9e5083a5aad8d0780ec5b919a573cfbe4e616143,488
ADDED,2026/Paradigm/_SAT  Satobloc GitHubStats/Total views in last 14 days.csv,,e65a93f8725807c670db6d4566d7e03379602d1f,161
ADDED,2026/Paradigm/_SAT  Satobloc GitHubStats/Unique cloners in last 14 days.csv,,b6e74398f7f1ff08e665ae860fb4225d6dd04cf0,162
ADDED,2026/Paradigm/_SAT  Satobloc GitHubStats/Unique visitors in last 14 days.csv,,364decd4131e9480089ea73177492996badb852a,162
ADDED,2026/REFERENCE — GR/9712019v1.pdf,,bfe9b045fa390194a4980fbb699244fbf2d4a3ee,1583209
ADDED,2026/REFERENCE — GR/genrel_2010.pdf,,cd1ce8944874e63fb744bdb89afa358966facba7,412543
ADDED,2026/REFERENCE — STRING THEORY/078974bf19381340cab50a86fc8cc89f_lecture19.pdf,,63953a1cebfc19cbac85600dea9e7a4e10d4a537,173070
ADDED,2026/REFERENCE — STRING THEORY/0b0d0496b0cfbbba1d88858ca8362e98_lecture11.pdf,,bea72b46b409a00b97007fdcc0a4fff95cb2e9aa,213637
ADDED,2026/REFERENCE — STRING THEORY/0d1bda106dfd2af510daf14b261c56fb_lecture10.pdf,,d0b53506a32fc28058f80cee0d248c9775c4d961,171587
ADDED,2026/REFERENCE — STRING THEORY/1c9e44c6a1b94e7c371c307a93779ffb_lecture25.pdf,,189f159d0ede7b4f95469c35fc4af61e7e989b18,278953
ADDED,2026/REFERENCE — STRING THEORY/22f010a84df39d4448ec5ff59382413d_lecture04.pdf,,adc6087222c565b0b4822bca16edf85e50ac4d34,160094
ADDED,2026/REFERENCE — STRING THEORY/2f8805397ee8506926404a60d8d677d2_lecture16.pdf,,1f262c94b9e06979baf6eef76c7e625b19976edb,277203
ADDED,2026/REFERENCE — STRING THEORY/6da5e974c4b04023f5dfa82875de834f_lecture15.pdf,,8e1a75071ce8ad2f24714dc064d1227d906b08ab,206490
ADDED,2026/REFERENCE — STRING THEORY/6e89ec211a53149e0f87d350191c4f63_lecture12.pdf,,0fa8581ed302438a0a887c9e4081f03b19347729,213353
ADDED,2026/REFERENCE — STRING THEORY/74a1f200767f0e321a50d878f7dc41e0_lecture02.pdf,,0578a855029922cf2949663f885ec66e1fccb3dd,166007
ADDED,2026/REFERENCE — STRING THEORY/829a382e2a755917efbfc190507e51df_lecture01.pdf,,57e25e923a2ed88e2533e047758c118c1e200923,249941
ADDED,2026/REFERENCE — STRING THEORY/83dc0482e297f2ec6f03932553411230_lecture20.pdf,,df5cd3dfd3746e9637fdc72e669d82d95cc789c4,162872
ADDED,2026/REFERENCE — STRING THEORY/8caef2b2fd460cd03dde5d4700041ee0_lecture14.pdf,,7915ce432d1ff7b442cd2c94bdf08845314ea09a,185054
ADDED,2026/REFERENCE — STRING THEORY/992574ecdb4b83911e7514b8c4a2e507_lecture05.pdf,,23cd487174efb973d3721f0fdee486a54e2c73f0,184476
ADDED,2026/REFERENCE — STRING THEORY/a1005e3538578985183f9c5e183e6e87_lecture21.pdf,,0d453e968dff40e9275714e9c50496eb54eaee68,179793
ADDED,2026/REFERENCE — STRING THEORY/a13b3444c1e2926aca5f25bdda522bc6_lecture07.pdf,,4543deadf67084319edd1e5d44102dc1d9bbf3e1,203669
ADDED,2026/REFERENCE — STRING THEORY/a3e418ff0049144b2a70f4c8bdd5d8d1_lecture24.pdf,,511ef6fd2ae7ba16ad7c0bcc5bf096e45cfa6f74,199018
ADDED,2026/REFERENCE — STRING THEORY/a7c18070db260c88a6fe9080afabc659_lecture13.pdf,,b568ee09e5d125911bece4ffaf0cf198c08e91b3,132821
ADDED,2026/REFERENCE — STRING THEORY/a9489a562dc17c13491aab189b92f012_lecture09.pdf,,083a42e6c670f25468a49e6e834ec0326bcd9743,186981
ADDED,2026/REFERENCE — STRING THEORY/af966809bba8f11cacf5f4e88d75ed1d_lecture06.pdf,,7fd10dab28126f3db97c70f848ab5147375266dd,212298
ADDED,2026/REFERENCE — STRING THEORY/c9cb6d23481b7450aaa996bbf2ebc16d_lecture23.pdf,,8c460954b3064cd112296c716770d395328ef8d3,115003
ADDED,2026/REFERENCE — STRING THEORY/deb6ad4ba42bb173e8e403f4b8acb73f_lecture18.pdf,,cb6115a2e5b2f8bc34b3d818f6418d0fc1a45ee9,210777
ADDED,2026/REFERENCE — STRING THEORY/e5b834fb595f307dd99fcf6913971a4c_lecture03.pdf,,8f242668945a5060e3c29daa776513fbb3815252,164593
ADDED,2026/REFERENCE — STRING THEORY/e9cb1e45a51bfc887b72accb2486d034_lecture08.pdf,,cf7ad84000db70f5c885979ed88a11b8e51a0954,238548
ADDED,2026/REFERENCE — STRING THEORY/ea42d2182b4a78c0501b2577a5478572_lecture22.pdf,,e2b0f78b292f0152a3341fbc9bd97ad6a6bd8af4,188361
ADDED,2026/REFERENCE — STRING THEORY/f704cfed444c1740427310905d04042d_lecture17.pdf,,40f59cc8c95729d8bca49d670913f9bc2dc04f7b,248245
ADDED,2026/SAT  DRAFT PAPER/0PHYS_REV_D_V_1_Submission.pdf,,73873784fcb8fe60c375aa664156b842e74ed418,165035
ADDED,2026/SAT  DRAFT PAPER/2PHYS_REV_D_V_1_Submission.pdf,,31584ba043c082348aac590e7064945bb4f87a26,96426
ADDED,2026/SAT  DRAFT PAPER/3PHYS_REV_D_V_1_Submission.pdf,,7a3b2a30bb66cc96e95982bce53eb28dd62b45b8,76521
ADDED,2026/SAT  DRAFT PAPER/4PHYS_REV_D_V_1_Submission.pdf,,4d10cec89eeeb00829728facbad115980c58a755,105695
ADDED,2026/SAT  DRAFT PAPER/x PHYS_REV_D_V_1_Submission.pdf,,5b1263f1f3d5c0266f94f657398db73db51a2226,105780
ADDED,2026/SAT  REVAMP — MARCH 2026/PULSAR_MODEL,,ce97c752223401da6f51fac4a8b22ce19a5b769c,83862
ADDED,2026/SAT  REVAMP — MARCH 2026/PULSAR_PAPER.pdf,,5307e5eb6e4edd42df0f1597b18eaea3a80f0da9,189995
ADDED,2026/SAT  REVAMP — MARCH 2026/SCALAR_ANGULAR_TORSION___PHYS_D_FINAL-10.pdf,,8d2cd36a656a41d677fd84ded7b173e5bee46c7e,146896
ADDED,2026/SAT  REVAMP — MARCH 2026/SCALAR_ANGULAR_TORSION___PHYS_D_FINAL-11.pdf,,8c64078633a36d64b50fa0a45275216d0dd09856,96749
ADDED,2026/SAT  REVAMP — MARCH 2026/SCALAR_ANGULAR_TORSION___PHYS_D_FINAL-12.pdf,,1f56c539cd274e23a28c2a9b8a4129a98dbcd5c3,113058
ADDED,2026/SAT  REVAMP — MARCH 2026/SCALAR_ANGULAR_TORSION___PHYS_D_FINAL-13.pdf,,509ab63e5bd8c12c36bbcba90221400230e76541,218513
ADDED,2026/SAT  REVAMP — MARCH 2026/SCALAR_ANGULAR_TORSION___PHYS_D_FINAL-14.pdf,,8614170afb1b0e0e9dcb0c096647b42a379ee3d1,59985
ADDED,2026/SAT  REVAMP — MARCH 2026/SCALAR_ANGULAR_TORSION___PHYS_D_FINAL-2.pdf,,241c19803d8eb4805fd543bea93bd0455ef6d23a,95105
ADDED,2026/SAT  REVAMP — MARCH 2026/SCALAR_ANGULAR_TORSION___PHYS_D_FINAL-3.pdf,,63e7ca5f711e38ab698cd5448571e1dec1724bf5,129462
ADDED,2026/SAT  REVAMP — MARCH 2026/SCALAR_ANGULAR_TORSION___PHYS_D_FINAL-4.pdf,,ceedb06efd069e166df2aa16241371895e2a728c,116732
ADDED,2026/SAT  REVAMP — MARCH 2026/SCALAR_ANGULAR_TORSION___PHYS_D_FINAL-5.pdf,,05f603ecc702b3a1ebd32182f4f478fcbc81e7fa,107057
ADDED,2026/SAT  REVAMP — MARCH 2026/SCALAR_ANGULAR_TORSION___PHYS_D_FINAL-6.pdf,,3d05fa25e59c92655110e6a8c16303cf05e59940,140001
ADDED,2026/SAT  REVAMP — MARCH 2026/SCALAR_ANGULAR_TORSION___PHYS_D_FINAL-7.pdf,,f98a944694c7b89ca45dde982287a44d6bf4383f,135435
ADDED,2026/SAT  REVAMP — MARCH 2026/SCALAR_ANGULAR_TORSION___PHYS_D_FINAL-8.pdf,,ab21f6681815de4fd096d2dc3d65a32e85a99afe,132161
ADDED,2026/SAT  REVAMP — MARCH 2026/SCALAR_ANGULAR_TORSION___PHYS_D_FINAL-9.pdf,,a3af0568cf2b55e4f2f03441c039727cd620e231,121317
ADDED,2026/SAT  REVAMP — MARCH 2026/SCALAR_ANGULAR_TORSION___PHYS_D_FINAL.pdf,,118bca9e03367500461875606a9e5821633280bc,95105
ADDED,2026/SAT  Satobloc GitHubStats/Clones in last 14 days.csv,,9fe3f8bd42de3adcf9acbba2dae3c194af43ea2d,161
ADDED,2026/SAT  Satobloc GitHubStats/Commits over time.csv,,9e5083a5aad8d0780ec5b919a573cfbe4e616143,488
ADDED,2026/SAT  Satobloc GitHubStats/Satobloc's Commits.csv,,9e5083a5aad8d0780ec5b919a573cfbe4e616143,488
ADDED,2026/SAT  Satobloc GitHubStats/Total views in last 14 days.csv,,e65a93f8725807c670db6d4566d7e03379602d1f,161
ADDED,2026/SAT  Satobloc GitHubStats/Unique cloners in last 14 days.csv,,b6e74398f7f1ff08e665ae860fb4225d6dd04cf0,162
ADDED,2026/SAT  Satobloc GitHubStats/Unique visitors in last 14 days.csv,,364decd4131e9480089ea73177492996badb852a,162
ADDED,2026/SAT AUDIT Critique 1.txt,,399e6c4d36b257bf335930cda22e2e04c675c3f4,2983
ADDED,2026/SAT AUDIT Critique 2.txt,,6a3d2fbc45e99a5163326e18847f54169527f46f,17763
ADDED,2026/SAT AUDIT — Cyclerev.txt,,0d02110e2787e49eb2bbe251fe15af56e35a8d4f,47253
ADDED,2026/SAT AUDIT — Formal rules .txt,,9f77f906b2888661d39e6341b83ee4a06517e302,4108
ADDED,2026/SAT AUDIT — Q COUNTING CONCERNS.pdf,,aeb2d3bef81d163f30af573098bfed750cc28c48,80845
ADDED,2026/SAT AUDIT — Refine .txt,,247bda4b85a6849c9b0e7e8d8ac6b57cfccdf121,119445
ADDED,2026/SAT AUDIT — Space Do over.txt,,d1c33910dcabe9d5fa50696fba4a74bcd30aff06,10900
ADDED,2026/SAT AUDIT — Spectra-Heat anom.txt,,2588c591264b6c6cfd7846cac7fc3e46b05e4de8,38166
ADDED,2026/SAT CORE — BYO LAGRANGIAN.txt,,47ee684888525d9d71a6dd701041685681f3dc49,4184
ADDED,2026/SAT CORE — Donut canon.txt,,be985c292bfcae7352983d596c38e7f172f6029d,18106
ADDED,2026/SAT CORE — HELIUM STANDARD ATOM 2.txt,,5e0f43950244bd5173799ec74b985944cf169ac2,22469
ADDED,2026/SAT CORE — Orders .txt,,b38528a86fac3880047908fb3acbde6e17dd3063,3008
ADDED,2026/SAT CORE — ReDonut.txt,,1e8083fd93843aac99688eaa611f6ece6c4b98b7,41602
ADDED,2026/SAT CORE — Standard Helium Atom.pdf,,91c2a8f0188d1edd36b336c85d31fb76d4153738,144564
ADDED,2026/SAT CORE — UI BUILDOUT.txt,,13e0c7e6fa08e5e51cfaeb66aefe8e92317ea931,416525
ADDED,2026/SAT CORE — UI CONFIG.txt,,6817caf68943593f31d72d51798e0ba4589624a4,6534
ADDED,2026/SAT CORE — UI_Procedure_SAT_4DHH_UC.pdf,,0b3cd9a80f1cb9d94f7ccfc4903b023f91e5c4ba,128022
ADDED,2026/SAT CORE — UNIT CELL LAGRANGIANS.txt,,8adfdc9e5fcd8474c69f1dded679eda5d4434608,60595
ADDED,2026/SAT CORE — WHIRLIGIG SUMMARY-1.pdf,,0eebc5a664fd520c81120fdef8fdff5dadbe96ff,3256732
ADDED,2026/SAT CYCLES 37-50.txt,,a69db1ec6572ed83e83438d770ebc621e3876767,43096
ADDED,2026/SAT FINAL_FINALL-nolattice 2.pdf,,3f21f23431c1154d845dacec9a879d611de7bedf,495821
ADDED,2026/SAT FULL_THEORY-lattice version.pdf,,175588f4cbe23f2195a9b17cbfc024a4b57b302e,292502
ADDED,2026/SAT FULL_THEORY.pdf,,41688dfa15b8c82ec7d7ec1a79c35022d7edbbd5,317822
ADDED,2026/SAT FULL_THEORY_Line.pdf,,48edaf02f678a19714981e272afbc4020b24c64d,222762
ADDED,2026/SAT HISTORICAL GLOSSARY.txt,,bebf5d380146541858bc13eedf383dda5cd65ff7,243287
ADDED,2026/SAT IDEAS.txt,,6da1e4f1d72b856e3d2d992868b1affd6a9ad5d5,9397
ADDED,2026/SAT MATH — BACKBONE.txt,,1854995be3311f565739f2be64269cbb0385a82f,234527
ADDED,2026/SAT MATH — Other.pdf,,a7710d3e2c00d3178c1271bfd51e5f44dac3287a,198260
ADDED,2026/SAT MATH — oSAT_2026.pdf,,d32f9f582ac3aa8c0559d904b60451e2374abf60,212031
ADDED,2026/SAT MAY 2026 REFINEMENT FORMALIZATION.txt,,1daae93d15995c1b957e7c9abfb0558f0197ffeb,184980
ADDED,2026/SAT METRICS — Basic.txt,,6b0a0f6a45008e69262e702e6f3a5ba1e3921518,275
ADDED,2026/SAT Qs — HEX.txt,,be633079ba294d2a4980f4e68385ca6e37d6d7e4,873
ADDED,2026/SAT STORY.txt,,5c4e20eb52043b655eb81496962133e0ffe33f04,346588
ADDED,2026/SAT SUMMARY — Scalar-Angular Torsion.pdf,,3f21f23431c1154d845dacec9a879d611de7bedf,495821
ADDED,2026/SAT THEORY - Bell’s + Light Cones.txt,,0d2c501d551b27f1fadf7fc45715ab2a4f3b7a46,11751
ADDED,2026/SAT THEORY —  Fromscratch.txt,,7d21799826d888afdd933b5e0348ebe31b158b1f,11174
ADDED,2026/SAT THEORY — Dimensoins.txt,,8f019606e52cbc8e45bd7638395f994777a3a446,17514
ADDED,2026/SAT THEORY — FROM SCRATCH.pdf,,fc3f57b5d7b0b77868ad6484427d78f2afdbab9d,443604
ADDED,2026/SAT THEORY — Filament onto.txt,,a13c67ff2b47cf178672804d91771e01d4c4a3e1,107020
ADDED,2026/SAT THEORY — Frame dim .txt,,e9f7a28b9d5f8c72937570baa2cd18f5ea67c663,4854
ADDED,2026/SAT THEORY — Gx Halos Etc .txt,,b8a934635ffbfae177eeef53838beb3cdb5bc91c,107014
ADDED,2026/SAT THEORY — QUANTUM HYPERFOAM 2.txt,,c6c7b018f44980a0c6acf2d27e381e647c08f222,26978
ADDED,2026/SAT THEORY — QUANTUM HYPERFOAM.txt,,38f5a194f0f9d135f26381276aa081b31176eb06,26942
ADDED,2026/SAT THEORY — REFINEMENT SUMMARY.pdf,,5abace7272ec0beba2de95e56224938065c87bfa,488381
ADDED,2026/SAT THEORY — Refine disc.txt,,ddd0fe2edf9b823933c19fb612cab093fc822da7,184982
ADDED,2026/SAT THEORY — Strong Force.pdf,,b00c91cfa92d0444e93b8bc06bbc1e1e9549f6b0,109729
ADDED,2026/SAT THEORY — Superhelicalism.txt,,2144eb505a32571cb253b820dacdd62ca90894f7,6369
ADDED,2026/SAT THEORY — Tentative Experiment Design.txt,,17561813ce29ca132b5cfd20364cd85437c61e1e,10011
ADDED,2026/SAT THEORY — UBWA_SAT_4DHH_UC.pdf,,56f9207fbc2115a63c7b52f3ed9a8cc39be45f94,130807
ADDED,2026/SAT THEORY — UI_SAT_4DHH_UC.pdf,,72eb0882ec95402e1bd6e825bbe244237884e013,128022
ADDED,2026/SAT THEORY — Worldlines.txt,,1c86774915c8ea9255798a07d06891afe0f23549,41828
ADDED,2026/SAT THOUGHTS — Frimscrarcg3.txt,,deede80148544ce97a9aa21dc44f48435c685ddc,26299
ADDED,2026/SAT THOUGHTS — Frimscrarch2.txt,,df2bc0280a60b76f2d76a1fa86343aa24c480dcb,52437
ADDED,2026/SAT THOUGHTS — HALOS.txt,,c2c6ee760f054e326d875b7c7dae43470d10e998,4203
ADDED,2026/SAT THOUGHTS — Mechwaall.txt,,5e0f2fd4a8b1f4a344dfa9ac84f09211151ad74d,132332
ADDED,2026/SAT THOUGHTS — from scratch .txt,,1efe2731f81c5a84c99c1f07ed74662fb37505da,182096
ADDED,2026/SAT THOUGTS — Conjecture + Anomalies.pdf,,98c9d601a4b750367a571eb6763a51d8faa6c5b8,310260
ADDED,2026/SAT THOUGTS—Black Holes + Big Bangs.txt,,708c70ee1a721e81f0b9e0586e5617422407fa06,19996
ADDED,2026/SAT Thoughts — Spring 2026 Post-Audit Notes.txt,,3badfe0db3c117fa9da55d9a42801be27ea75a0f,43995
ADDED,2026/SAT VERSIONS — 25 SAT VERSIONS.pdf,,fc10e3e28fad39ede3c140bd6eab4da94ae6134b,1203889
ADDED,2026/SAT — Audit.txt,,1edb7f4d4888653eedb838067c51c4945c065b93,1458
ADDED,2026/SAT — PODCAST/Debating  LISTENERSHIP.txt,,f87fd97b1fbec1617b8ebbd3a36d9bd28ee515cb,62305
ADDED,2026/SAT — PODCAST/Debating  Listeners .txt,,760a80e117cafdd7fb9c8debecd46dd045d84f8d,3055
ADDED,2026/SAT — PODCAST/Debating  Listeners 2.txt,,f87fd97b1fbec1617b8ebbd3a36d9bd28ee515cb,62305
ADDED,2026/SAT — PODCAST/Debating AI 1.txt,,937bc537221ce75dda205ba521b186a10bcf5ceb,13445
ADDED,2026/SAT — PODCAST/Debating AI 2.txt,,87e97096451bb7838e629dd26b84ce18b2bfaacd,22443
ADDED,2026/SAT — PODCAST/Debating AI 3.txt,,64b4779266ef13cd7e8c8d688cd5d1377860f15c,49885
ADDED,2026/SAT — PODCAST/Debating AI Episodes List.txt,,e32fc1c9bffe22edbf94bd2b17128dbc8dad6635,19392
ADDED,2026/SAT — PODCAST/Debating AI Morgellis.txt,,24d45e34070aefa148c358174aa3da09d2208e95,2984
ADDED,2026/SAT — PODCAST/Debating AI Podcast Stats.txt,,459335f7926f47d86b7d5959a594ed43e49ceae2,193220
ADDED,2026/SAT — PODCAST/Debating AI Podcast.txt,,459335f7926f47d86b7d5959a594ed43e49ceae2,193220
ADDED,2026/SAT — PODCAST/Debating AI Stats 2.txt,,00f42f3d6912df9b0e9486921bcc32c046328daa,197752
ADDED,2026/SAT — PODCAST/Debating AI Stats.txt,,cf8264f961c0a385ad0a4c90fa31c5b11c192b79,197753
ADDED,2026/SAT — PODCAST/Debating AI —  Podcast.txt,,6f7b6cc4e2f81abb5a653f3c47cbc1b6cc1438ca,3899
ADDED,2026/SAT++.txt,,5c4e20eb52043b655eb81496962133e0ffe33f04,346588
ADDED,2026/SAT+.txt,,ef1d3b604a37c034a3be155ac5b7a9fe6e70c84f,776744
ADDED,2026/SAT.4DHH-UC BUILDOUT DEV.txt,,37e2490602b23bdd0d1fd418c51b65df5cdc548c,813457
ADDED,2026/THEORY REFINEMENT SUMMARY.txt,,139a0a972c0900585aac8a83358683d67b6bf967,45711
ADDED,2026/_SAT  Satobloc GitHubStats/Clones in last 14 days copy.csv,,7b871fe30d93d03e9257ddb0752b8950d87b36a5,163
ADDED,2026/_SAT  Satobloc GitHubStats/Clones in last 14 days.csv,,9fe3f8bd42de3adcf9acbba2dae3c194af43ea2d,161
ADDED,2026/_SAT  Satobloc GitHubStats/Commits over time.csv,,9e5083a5aad8d0780ec5b919a573cfbe4e616143,488
ADDED,2026/_SAT  Satobloc GitHubStats/Git Total views in last 14 days.csv,,a1b355b13baab94de9fbb7e7e1352e3e8942653f,163
ADDED,2026/_SAT  Satobloc GitHubStats/Git Unique cloners in last 14 days.csv,,35c8032353703da6898be3682f9c9f1ed89e0899,164
ADDED,2026/_SAT  Satobloc GitHubStats/Git Unique visitors in last 14 days.csv,,b8963e20983274722719e70846e622470c07f0df,162
ADDED,2026/_SAT  Satobloc GitHubStats/Satobloc's Commits.csv,,9e5083a5aad8d0780ec5b919a573cfbe4e616143,488
ADDED,2026/_SAT  Satobloc GitHubStats/Total views in last 14 days.csv,,e65a93f8725807c670db6d4566d7e03379602d1f,161
ADDED,2026/_SAT  Satobloc GitHubStats/Unique cloners in last 14 days.csv,,b6e74398f7f1ff08e665ae860fb4225d6dd04cf0,162
ADDED,2026/_SAT  Satobloc GitHubStats/Unique visitors in last 14 days.csv,,364decd4131e9480089ea73177492996badb852a,162
ADDED,25 SAT VERSIONS.pdf,,fc10e3e28fad39ede3c140bd6eab4da94ae6134b,1203889
ADDED,26R COMPUTATIONAL SYSTEMS.txt,,7e41e77449bfbde8c0d84c289e6363c984956ac1,100941
ADDED,26R QUINTATION Quick Pass Analysis — raw.txt,,edf90f2e77ac03add9bcae041e35d2829fdea677,317656
ADDED,26R README_INSTALL_SAT_STACK.txt,,88e72e3f0e4e8c31eba953202ee95490e71da198,1887
ADDED,26R SAT MAY 2025.txt,,ebf28f05862e65bed2f9e6230db72ba1d999072d,143539
ADDED,26R Worldline Topos.txt,,1c86774915c8ea9255798a07d06891afe0f23549,41828
ADDED,2PHYS_REV_D_V_1_Submission.pdf,,31584ba043c082348aac590e7064945bb4f87a26,96426
ADDED,3 Planetology -- Geometric Foundations Evaluation — raw (1).txt,,08e00b6483e3884a76db33211897ff4f10919967,6024526
ADDED,3PHYS_REV_D_V_1_Submission.pdf,,7a3b2a30bb66cc96e95982bce53eb28dd62b45b8,76521
ADDED,4D THINKING PRIMER.txt,,135bdf4bfc274de1388e5fe3c979e9810919b5d3,4309
ADDED,4DHH LAGRANGIAN (nolat).pdf,,4bc0231f036560ecbf67ecb7795e2708f7a81c67,220413
ADDED,4DHH-UC BUILDOUT DEV.txt,,37e2490602b23bdd0d1fd418c51b65df5cdc548c,813457
ADDED,4PHYS_REV_D_V_1_Submission.pdf,,4d10cec89eeeb00829728facbad115980c58a755,105695
ADDED,A SCREW THROUGH THE UNIVERSE .txt,,aa43c36bc7fb7662351df0b76acef976b289696a,45097
ADDED,ACTIVE ROSTER SEPT 12 2026.txt,,3d82b3293437d984173084ed40a04e0022d2fd44,11419
ADDED,AI_AUTOMATION_ADMIN/AI_LABELS/nathan_extract_labels.txt,,ce4812ef778afc4a44ce6dad8d777db42ce6c113,667
ADDED,ALWAYS TWICE.json,,bec2f63ac8c779a7e92cd32dc94e4458d18d2b16,386215
ADDED,ARCHIVE_INDEX_23-JUN-26.txt,,32a55e17d7bb398abe5f08a8c756e72f12930299,1505300
ADDED,AUDIT CYCLE APRIL 2026/AUDIT CYCLE 1-7.txt,,c0d24191c7691ddbdb7ed67f5452f523f5801e91,93056
ADDED,AUDITOR README.txt,,7f325df9a53ef717813f6e094d6299180d51418e,2755
ADDED,A_Theory_of_Everything/10-31-2025 SAT FULL THEORY/10-20-25 FULL THEORY.txt,,6956c011e1ab70b0e2cad9b2b8a99fa4915eb4da,127783
ADDED,A_Theory_of_Everything/10-31-2025 SAT FULL THEORY/10-20-25 definitions.txt,,afda1c11ae1693267d9f030445bfb24070c86541,9051
ADDED,A_Theory_of_Everything/10-31-2025 SAT FULL THEORY/FULL THEORY V2.txt,,7c0bc4756c49389b3107b582ad3682b5e6e41c92,46538
ADDED,A_Theory_of_Everything/10-31-2025 SAT FULL THEORY/TEST BATTERY 1 10-20-25.txt,,27881552deb942a86eb8f867661ed48c84f5b4fa,133086
ADDED,A_Theory_of_Everything/10-31-2025 SAT FULL THEORY/test battery 2 10-20-25.txt,,afdbd99e99e23f6d33a7b02bc0adc797c62ff677,17093
ADDED,A_Theory_of_Everything/APS_Journals_Style_Guide_Authors_Nov2024_ua91lv.pdf,,f97d2298373a1a3102c43f6ace29a075f0cd1be7,964140
ADDED,A_Theory_of_Everything/FINAL SUBMISSION/ANSWER.txt,,7d4f15942b47f155b8a9dfe71ad2cf1e2fb2a256,32344
ADDED,A_Theory_of_Everything/FINAL SUBMISSION/BELLOMY_N_Phys_Rev_D_Submission.pdf,,4bb924ecae07a94c1d14fa6e917ab5ac0ff6ed2f,231211
ADDED,A_Theory_of_Everything/FINAL SUBMISSION/BELLOMY_N_Phys_Rev_D_Supplement.pdf,,2296170953e4e305b452ef26811d7a3e0541383e,308901
ADDED,A_Theory_of_Everything/FINAL SUBMISSION/CRITIQUE.txt,,76aec7cc509426a1cef15e69158d69dd1b6ca679,18579
ADDED,A_Theory_of_Everything/FINAL SUBMISSION/DUGUP.txt,,a1f1185cd020002722f4c3656e7a319bcef6e670,51939
ADDED,A_Theory_of_Everything/INTERESTING IMPLICATIONS.txt,,3080ee2cd64abbf38352d28737ecbd3548a588b2,91266
ADDED,A_Theory_of_Everything/LATEX_amsldoc.pdf,,a6144acd21968e3680db12dacd2c872011aa3025,496963
ADDED,A_Theory_of_Everything/LATEX_usrguide.pdf,,fc9e88e90c8eb7d8a971e25aa1b3453f560981b0,514397
ADDED,A_Theory_of_Everything/LaTeX_encguide.pdf,,ab3789dfd0227388d2b898403e6c4cfe4f1fbff4,1309627
ADDED,A_Theory_of_Everything/LaTeX_fntguide.pdf,,afd9dd0a194fbe3106d4e38cc383b8e1f0514541,514821
ADDED,A_Theory_of_Everything/LaTeX_interface3.pdf,,98730d209922f5e463674cbf5b17439d0396f7c3,1743155
ADDED,A_Theory_of_Everything/LaTeX_ltcmdhooks-doc.pdf,,f3d5dcb8929bea8327584b09bd22f49b8562d3f5,504480
ADDED,A_Theory_of_Everything/LaTeX_lthooks-doc.pdf,,9bfb4ae78193c5c64864ea72807becffc7df0064,755599
ADDED,A_Theory_of_Everything/LaTeX_ltmarks-doc.pdf,,326ff16b6e6feae130cd275f32e9cf756bb419d2,609295
ADDED,A_Theory_of_Everything/LaTeX_ltpara-doc.pdf,,2484739628ce05fd7605c0ef8e7dcbd45245a72d,559594
ADDED,A_Theory_of_Everything/LaTeX_ltshipout-doc.pdf,,4f9c929278ee8c4b4df029477b8a4bfbcf2ab65e,566403
ADDED,A_Theory_of_Everything/PERFECT v2.txt,,8426214c2133c8b154e94c152d6b4ef6e37963c1,8197
ADDED,A_Theory_of_Everything/REVTeX_apsguide4-2.pdf,,02819f0cecf9075ae54f9095c161830c8f373bb8,232285
ADDED,A_Theory_of_Everything/REVTeX_auguide4-2.pdf,,aae56da3352803e66b4d589f785027737b20c35d,452319
ADDED,A_Theory_of_Everything/REVTeX_ltxdocext.pdf,,8f2b335a9644c515712e7d5ea380cfad527c38cf,324579
ADDED,A_Theory_of_Everything/REVTeX_ltxfront.pdf,,4fbd147ca18a4f30690beafb51795673ae69aa92,546693
ADDED,A_Theory_of_Everything/REVTeX_ltxgrid.pdf,,c93e8f5fd6101b3c8a59362f1cebf27b4707cc51,801858
ADDED,A_Theory_of_Everything/REVTeX_ltxutil.pdf,,7f0dc8e7679f87e7d07ab34dcb2ce118fd0a1008,623128
ADDED,A_Theory_of_Everything/REVTeX_revtex4-2.pdf,,7cbb3f401c0795df452913848fddcdd3f8b8cfa5,839993
ADDED,A_Theory_of_Everything/REVTeX_summary4-2.pdf,,4738c9f1aed0fae410436c1b11d000a56c570f66,230858
ADDED,A_Theory_of_Everything/SAT-PERFECT.txt,,95c73ea2c81aefdc1ca9b2a4fe4d1e965ba90d4e,15224
ADDED,A_Theory_of_Everything/SUBMISSION_SUPPLEMENTAL.txt,,7f4c7030e8f8e2efa9f72e1ae1ee568627f4c614,43137
ADDED,A_Theory_of_Everything/auguide4-2.tex,,deeaf3aeb6371a359fe39006ef7c3d4af4e93e88,85974
ADDED,A_Theory_of_Everything/old PHYSICAL JOURNAL D SUBMISSION/LaTeX_Documentation.txt,,43a61b4b8ca48a89ba2d495020da36acb0070a3e,6653
ADDED,A_Theory_of_Everything/old PHYSICAL JOURNAL D SUBMISSION/Physical Review D Guidelines.txt,,b01cd50ba7cf4ac08c2a000eda8d65985e104924,256103
ADDED,A_Theory_of_Everything/old PHYSICAL JOURNAL D SUBMISSION/Physical Review D.txt,,72b56e15a9af60c8de2f7f50e0c961692d590ccd,4008
ADDED,A_Theory_of_Everything/old PHYSICAL JOURNAL D SUBMISSION/SAT Earthquake predictor.txt,,6407a9e1c1912294d25b413588781e51b85c3ffc,2332
ADDED,A_Theory_of_Everything/old PHYSICAL JOURNAL D SUBMISSION/SECTION 1.txt,,85a8bc0d0f4bfa7f8d60ca92601d2b5fb4e01148,84271
ADDED,A_Theory_of_Everything/old PHYSICAL JOURNAL D SUBMISSION/Test Battery 2.txt,,7f9280a62eb25c54156b98f4b1482df843ef5be4,17304
ADDED,A_Theory_of_Everything/revtex.zip,,669b770e01a652339d768841daa94249c06509c0,6507631
ADDED,A_Theory_of_Everything/summary4-2.tex,,7ba76a16227e960776cb70dce1ab68d049ed555e,22384
ADDED,ActivatorPrayer(Alberr).txt,,3bf6385a3aedee3d9b61bf4567d8bcc23d3ea666,161427
ADDED,Alberr.txt,,eb72b22ac6ecb95999949d0e43aff4e4e52220bd,253466
ADDED,Alberr/text 24.txt,,13b68f4da61e9881c549711ac50d746828e6d4a7,3213
ADDED,Alberr/text 25.txt,,361e662e563ca4c284cf9f39bc0f0da2a789327a,298752
ADDED,Alberr/text 26.txt,,eee00d478c0eb8349a0a593d59424ebef4429257,33686
ADDED,Alberr/text 27.txt,,c7b61def70225d674931dc8f542e0eb06a74373b,55808
ADDED,Alberr/text 28.txt,,67175cd078017b21c630b26dfe2bb3b295d014d8,113857
ADDED,Alberr/text 4.txt,,1ffa265909d87bda83ca1c682a1ecb3cf3bb6b07,140669
ADDED,Alberr/text 5.txt,,3f2fe5f66401880e3404dc3bbbcce1f08d2a01df,130938
ADDED,Alberr/text 7.txt,,35c3970c26474c167b4d1dbd78433098b034eb32,160028
ADDED,Alberr/text 8.txt,,72949bf6b0c1c908fc99952742d5fd7a2d8188b9,123208
ADDED,Allo conversation — raw.json,,eefa60df574a84f51b17a90d02c9c543d1b0dd5b,930516
ADDED,Assignment queue creation — raw.json,,9b7e8d54ad22bc77048c947f589f56a616b2ad8f,628266
ADDED,Audit Code Package Construction Guide.pdf,,7c3eeb8a3f6cf2e3d82bb181adf6f072ab457a3c,44507
ADDED,BARYGENESIS (nolat).pdf,,671771ba9cbd6aab6f6c65fb252dd015f7f6b241,180885
ADDED,BIG PAPER 2026 OUTLINE  SAT-4DHH-UC BIG PAPER.txt,,e2e3b22fd4a6e500fb010c92c06f6226edaafe4a,153473
ADDED,BIG PAPER 5 SAT_DATA_FITS.pdf,,1aa0f17b0e273d347dbcef0a0e32d596a6054498,175833
ADDED,BLACK HOLES AND BIG BANGS.txt,,708c70ee1a721e81f0b9e0586e5617422407fa06,19996
ADDED,BOSONIC_SATOBLOC.pdf,,208963a2e76a88e986ffdafa9e1be2d3ea61aebf,250120
ADDED,BOSONIC_SATOBLOC.zip,,065a46542ae3b2dd1a90b4270348c83a07c783ac,13674
ADDED,BOSONIC_TIME.pdf,,ce8f8a33a9fb42dd362e6851db0d2cb48f6d4af9,175326
ADDED,BYO LAGRANGIAN.txt,,47ee684888525d9d71a6dd701041685681f3dc49,4184
ADDED,Base units .txt,,6b0a0f6a45008e69262e702e6f3a5ba1e3921518,275
ADDED,Bell’s + Light Cones.txt,,0d2c501d551b27f1fadf7fc45715ab2a4f3b7a46,11751
ADDED,Blind Check,,4fb22ae07a41f9fb5e421de164c8eade775d17a6,398352
ADDED,Boiling Point Estimation — raw.json,,0b00fb7922238e02b72a1df51e1799db0402f979,1678668
ADDED,C5.txt,,059d63b02d0e6d939c0b0c4ed112a37bc0e81804,71726
ADDED,CANONICAL RMS_FULL_CANON.txt,,51eab291f4566c456ac40d7a40caed9fb01d08e0,1967813
ADDED,CARROL_ET_AL.txt,,3dc38f217ba3c5c76b9dfd23ea9a0eb1da68cee3,343732
ADDED,CHRONOPHYSICAL PROPOSITION/1.txt,,b6e61bb8fdad812bcce94ca4bca869934a2efbb0,2696
ADDED,CHRONOPHYSICAL PROPOSITION/2.txt,,31de6ec50c39bd5dc9f51b6ab7afbbe026d9b5ed,3464
ADDED,CHRONOPHYSICAL PROPOSITION/3.txt,,461cd3af873f69f077dcf6ff4791802b37d17342,4939
ADDED,CHRONOPHYSICAL PROPOSITION/4.txt,,e8038799dead66b48d0ebd3e59f38322b64283ce,5230
ADDED,CHRONOPHYSICAL PROPOSITION/5.txt,,362e008d9be88fc87d27ba546f1e845bd8bdf616,2830
ADDED,CHRONOPHYSICAL PROPOSITION/6.txt,,7b1bbc7a7a3c679d644d4a20a78560024ae98823,3879
ADDED,CHRONOPHYSICAL PROPOSITION/7.txt,,f2038a2214835c90f834b22d8e843fca76f3e6b9,6918
ADDED,CHRONOPHYSICAL PROPOSITION/8.txt,,ce109666d9f7709eef9f0f91d2814060992792e3,5070
ADDED,CHRONOPHYSICAL PROPOSITION/ACTUAL.txt,,a3327fc77e71b715c3d492779c97763769976fe9,81771
ADDED,CHRONOPHYSICAL PROPOSITION/Chronophysical_Proposition_Executive_Summary.txt,,3bda985e7b29135cefb5687ae184b2f7de89f6d2,3917
ADDED,CHRONOPHYSICAL PROPOSITION/Chronophysical_Proposition_Full_Diagnostic.txt,,9ecab7a80f1a2f4b201d3dab77587be730d4eb0a,1395
ADDED,CHRONOPHYSICAL PROPOSITION/InputDef.txt,,6b8291458f719c0e70fbc20ddace17b71830ee5e,3196
ADDED,CHRONOPHYSICAL PROPOSITION/L2-2a.txt,,4cb4c641cde8fd640aeb9c2e2cef76d3ea0e7afe,473
ADDED,CHRONOPHYSICAL PROPOSITION/L2-2b.txt,,a226afa965c31f1b4b018c65809f54bc9db79825,531
ADDED,CHRONOPHYSICAL PROPOSITION/L2-2c.txt,,eeeb159ec9be1b533fa0f88a73a43f861742482c,288
ADDED,CHRONOPHYSICAL PROPOSITION/L2-2d.txt,,f298b64d14538444480eb8d5d529899ccbaab28e,330
ADDED,CHRONOPHYSICAL PROPOSITION/LAB1_code.txt,,d4f26a865ebb6bd4cec100797ad887fb25942f30,17307
ADDED,CHRONOPHYSICAL PROPOSITION/LAB2_code.txt,,7d940a002c99e073e912d0cd1ab0ef8f7a1009db,33940
ADDED,CHRONOPHYSICAL PROPOSITION/Lab1 Output to NLM.txt,,92822cc5175c9c894deabd4ce97d911c84f36868,1945
ADDED,CHRONOPHYSICAL PROPOSITION/Lab2 Output to NLM.txt,,fb17d5709cd416b8a75f0f4801dd9a4fa028520a,3115
ADDED,CHRONOPHYSICAL PROPOSITION/SAT to Chronophysical Proposition... writ large.txt,,825bb31b4c0b0efd7e5e363d2702e75e8e0905eb,788979
ADDED,CHRONOPHYSICAL PROPOSITION/hostile_pass_c_plus.txt,,4562c67103dce361b5e67b9f49a1f56f0d5983b7,9160
ADDED,CLAUDIOCY.txt,,e5ffc5a4525164c5ba2d118bc47aad52d1867d1e,15576
ADDED,CLIMBINGESE.txt,,e9ec4d241e71f29ae657348ea27a9e4bddad29ce,10112
ADDED,CODE OUTPUT/COLAB_Code.txt,,44e954e2e0de8b55585bf183a234171433a721b6,14034
ADDED,CODE OUTPUT/EMERITUS_CODE.txt,,cfb550e1703bbe6e59118325cc6ff8d95dfa8418,6808
ADDED,CODE OUTPUT/Early_Code_Outputs_Documented.pdf,,7da451f6cf2b53e5aaae475d544e51b43166e6e6,581266
ADDED,CODE OUTPUT/Early_code_output.png,,e9af706c0e423907a4fe9d7cf464a53d9109281c,152483
ADDED,CODE OUTPUT/Early_code_output2.png,,41c144b82925edbaf52941ed7c2346a667e78288,117318
ADDED,CODE OUTPUT/Early_code_output3.png,,5c9318c50f57dadb749657f632ea8c10372cc8b8,157985
ADDED,CODE OUTPUT/Early_code_output4.png,,cd6bbc2c182972684b9dafe82b706d5fb304aa91,120644
ADDED,CODE OUTPUT/Early_code_output5.png,,39246d78e06493d371c4c2a29bb0831bfeece889,35746
ADDED,CODE OUTPUT/Early_code_output6.png,,13d0cea23bc94ed627d9faef8d373c89be4f6c2f,46677
ADDED,COLLECTIVE ATTENUATION AND OTHER SOLUTIONS TO ANOMALIES (nolat).pdf,,15ca834ea7e16cab8c3bc34d6262bf8d4a420b17,55468
ADDED,COMPOSITE 1.txt,,aa4178f69912fe4595b65f6e418c06f9c8fcebd0,5249566
ADDED,CONSENSUS PRO/ConsensusConsiderations.txt,,8e64c207824cf76b3731ef28fee82ddcbd9e4d4e,33472
ADDED,CONSENSUS PRO/ConsensusPro.png,,45d7920a90ea65aee669f9cc2ebff0fda9727b56,182992
ADDED,CONSENSUS PRO/ConsensusPro2.png,,6ef08ced821a83b7f928b82472756054eccefd5f,32832
ADDED,CONSENSUS PRO/ConsensusPro3.png,,a276b4372efeacb70a0a58b09492795287f7f583,212722
ADDED,CONSENSUS PRO/ConsensusPro4.png,,d39840ae7f4fa8ebcba7f96f2282381005859c31,235333
ADDED,CONSENSUS PRO/ConsensusPro_Annotated_Captions_Cleaned.pdf,,26023ac10bf969d8060df7645186b3e0619c2a36,556812
ADDED,CONVO DOWNLOAD TARGETS.txt,,b925a82cdf3df1dba66e90e6d0de5743ce6ed01e,2969
ADDED,CORE PACK 2.pdf,,826ef47db6d85c1d080fbc0c16b63fa94080325b,21406
ADDED,CORE PACK.pdf,,826ef47db6d85c1d080fbc0c16b63fa94080325b,21406
ADDED,CORRECTION TO RMS CRITIQUE .txt,,f77dd3d360d8f0357e36e671ae04c4bf04972281,18983
ADDED,COVARIANT PHYSICS REWRITE INSTRUCTIONS.txt,,33bfcbb57eba1381125f97a6898798e227168caa,4386
ADDED,CP CLOSURE.txt,,4c4525504e32b5cded85a68ea60660e1579871ee,2903
ADDED,CRAZYTALK/SAT WEIRD IDEA — Superhelicalism.txt,,2144eb505a32571cb253b820dacdd62ca90894f7,6369
ADDED,CRAZYTALK/SAT WEIRD IDEAS — ConneXome.pdf,,94481ff98a29767f0fa61d3fa744528cb6b8612d,124358
ADDED,CRAZYTALK/SAT WEIRD IDEAS — Kirch.txt,,6caf011585db0d4d637bc0a7a5720b0023865cf4,45604
ADDED,CRAZYTALK/SAT WEIRD IDEAS — Rest.txt,,ac621da90eb88d7ef27e6389cae86f27b203c20d,120937
ADDED,CRAZYTALK/SAT WEIRD IDEAS — SAT++.txt,,5c4e20eb52043b655eb81496962133e0ffe33f04,346588
ADDED,CRAZYTALK/SAT WEIRD IDEAS — SAT+.txt,,ef1d3b604a37c034a3be155ac5b7a9fe6e70c84f,776744
ADDED,CRAZYTALK/SAT WEIRD IDEAS — SOLENOID SEED.txt,,fb9f3a27d36246db3879225c94cc05380a6e614d,92568
ADDED,CRAZYTALK/SAT WEIRD IDEAS — Scalar-Angular Torsion.pdf,,3f21f23431c1154d845dacec9a879d611de7bedf,495821
ADDED,CRAZYTALK/SAT WEIRD IDEAS — Silence.pdf,,d5decd46a33a9d51072eab1774269d75e4f36e8a,336149
ADDED,CRAZYTALK/SAT WEIRD IDEAS — Solenoidbit.txt,,89249c9b579a16be9cdeb3d7c31595b1fd788e42,18663
ADDED,CRAZYTALK/SAT WEIRD IDEAS — Solid.pdf,,5c1d1b3e5f32bc6ced1c630459715eae6a052b20,275890
ADDED,CRAZYTALK/SAT WEIRD IDEAS — Solnd .txt,,188ef17961bf1e52cd83189422af15ec11d640a5,146859
ADDED,CRAZYTALK/SAT WEIRD IDEAS — Those are very interesting. But my interests in electromagnetism reflect….pdf,,8c91a09c346958320b0ff0bd58d6189d1d8bd25a,192987
ADDED,CRAZYTALK/SAT WEIRD IDEAS — Wacky 4D 2.txt,,f1bbd50efb640ba95ee65254e7e99fb8aa6f6f7f,33993
ADDED,CRAZYTALK/SAT WEIRD IDEAS — Wacky 4D.txt,,69dc239408bb5e7b1174fbef95bbb6013ef4e591,196449
ADDED,CRAZYTALK/SAT WEIRD IDEAS — What can you tell me that I don’t already know.pdf,,123cac0d6a017cdadf3d1a915c0e496c12824c2b,147977
ADDED,"CRAZYTALK/SAT WIERD IDEAS — you just walked in, looked around, saw the little rusty button—miss….pdf",,40d7788e18775d6602e7b484714ea4a75d7f0670,13519
ADDED,Card Game.xlsx,,dd5953ce42a1927ff8cae7790fed0cd6341adfe7,15339
ADDED,Cauliflower_Worlds.pdf,,efefade1abfcb378b9698d81fabc4d21c2daf871,230072
ADDED,"ChatGPT Image Aug 21, 2026, 05_05_25 AM (1).png",,c38636cf9973b5b1c0d1531e3f8a04472b3c5b7a,1622018
ADDED,"ChatGPT Image Aug 21, 2026, 05_05_25 AM (2).png",,48e6f748ca552a46674a1ba0dcc705b2e3ab76c9,1901071
ADDED,"ChatGPT Image Oct 29, 2025, 02_40_27 PM.png",,816716919ea5689fd4b16d6725f971512165383c,1043728
ADDED,ChatGPT Voice Glitch — raw.json,,ed7d16776156a4cb3d1c76603b7af7de8cbfa87e,23501192
ADDED,ChatGPT Voice Glitch — raw.txt,,7df1e55c3b0bc2fba2099c9f5a1a916906eb3d7d,3406118
ADDED,ChatNoteGMPT.txt,,a2d9ff31487e784d2e56b39e28d2a1773ca571df,61324
ADDED,Consciousness and AI Debate — raw.json,,49a23bbeaad90eadb090afb2d593e30c530290d3,15811545
ADDED,Consciousness_of_AI.pdf,,2dd7f49b3705f75856c108c7f9499c4f9ab7761a,214244
ADDED,ConsensusPro_Annotated_Captions_Cleaned.pdf,,26023ac10bf969d8060df7645186b3e0619c2a36,556812
ADDED,Construction Story Retelling — raw (1).json,,39861b352c430c2f55b43b04c0c79e28f267825e,1287233
ADDED,Crit.txt,,6a3d2fbc45e99a5163326e18847f54169527f46f,17763
ADDED,Curve Composition System — raw.json,,e9ec2076ca5313676f5806db1c48b51511302b7d,750819
ADDED,DATED_FILE_LIST_EXTENDED.txt,,9064b7bea3dbb5f82be93bc38792eb63d7227256,90624
ADDED,DEBATING A.I. ANALYTICS/2Analytics - Debating A.I. On the Future of Physics _ Spotify for Creators.pdf,,e4aacf76095d6d470412049cf7da4a83ca9e51de,147798
ADDED,DEBATING A.I. ANALYTICS/3Analytics - Debating A.I. On the Future of Physics _ Spotify for Creators.pdf,,4012034ac8efdef6fddf1a81ac304f90ca24b5fe,147374
ADDED,DEBATING A.I. ANALYTICS/4Analytics - Debating A.I. On the Future of Physics _ Spotify for Creators.pdf,,4a0ea2b411c5956bf8d3ae4b2221dbd871fc0621,147092
ADDED,DEBATING A.I. ANALYTICS/5Analytics - Debating A.I. On the Future of Physics _ Spotify for Creators.pdf,,c439598b52d5538d3d0a19d8cc2d6ff2825e7c34,148149
ADDED,DEBATING A.I. ANALYTICS/6Analytics - Debating A.I. On the Future of Physics _ Spotify for Creators.pdf,,342efa39d02c56749f290ce0d1c12850ad75e2b3,145202
ADDED,DEBATING A.I. ANALYTICS/7Analytics - Debating A.I. On the Future of Physics _ Spotify for Creators.pdf,,45290cd4cd273734c2133d04e5782b9346f0b8d1,141392
ADDED,DEBATING A.I. ANALYTICS/Analytics - Debating A.I. On the Future of Physics _ Spotify for Creators.pdf,,a1e489e9fc9594ef514a52d9590c8b616b7cbe58,177487
ADDED,DEBATING AI PODCAST TRANSCRIPTS/8DebatingA.I.OntheFutureofPhysics_GeoLocationAllPlatforms_all-time.csv,,0d47115e02ff782afc790c5eede3266e3c3edc94,432
ADDED,DEBATING AI PODCAST TRANSCRIPTS/DebatingA.I.OntheFutureofPhysics_AgeByGender_all-time.csv,,b3666f636b2baf21de95eb2b54003563c5fbc52a,608
ADDED,DEBATING AI PODCAST TRANSCRIPTS/DebatingA.I.OntheFutureofPhysics_AudienceSegments_1-1-2025--6-15-2026.csv,,a4c09324c7fc69ef2a862aa8c3d771bd267e63c0,4293
ADDED,DEBATING AI PODCAST TRANSCRIPTS/DebatingA.I.OntheFutureofPhysics_DailyImpressions_3-17-2026--6-14-2026 (1).csv,,b4f95d0204632e3aa7a250da6edec5f2222a7fdc,1218
ADDED,DEBATING AI PODCAST TRANSCRIPTS/DebatingA.I.OntheFutureofPhysics_DailyImpressions_3-17-2026--6-14-2026.csv,,b4f95d0204632e3aa7a250da6edec5f2222a7fdc,1218
ADDED,DEBATING AI PODCAST TRANSCRIPTS/DebatingA.I.OntheFutureofPhysics_Engagement_all-time (1).csv,,fec94fa38dbcc8f45da856d43ea5ec37795c1a65,11191
ADDED,DEBATING AI PODCAST TRANSCRIPTS/DebatingA.I.OntheFutureofPhysics_Engagement_all-time (2).csv,,fec94fa38dbcc8f45da856d43ea5ec37795c1a65,11191
ADDED,DEBATING AI PODCAST TRANSCRIPTS/DebatingA.I.OntheFutureofPhysics_Engagement_all-time (3).csv,,fec94fa38dbcc8f45da856d43ea5ec37795c1a65,11191
ADDED,DEBATING AI PODCAST TRANSCRIPTS/DebatingA.I.OntheFutureofPhysics_Engagement_all-time (4).csv,,fec94fa38dbcc8f45da856d43ea5ec37795c1a65,11191
ADDED,DEBATING AI PODCAST TRANSCRIPTS/DebatingA.I.OntheFutureofPhysics_Engagement_all-time.csv,,fec94fa38dbcc8f45da856d43ea5ec37795c1a65,11191
ADDED,DEBATING AI PODCAST TRANSCRIPTS/DebatingA.I.OntheFutureofPhysics_EpisodeCompletionRates.csv,,d64a379b9a05093e55d62e00e96850f28e8c7d18,797
ADDED,DEBATING AI PODCAST TRANSCRIPTS/DebatingA.I.OntheFutureofPhysics_Gender_all-time.csv,,f442b6e795b8c2318cd0df724ebc0924712ae6b3,118
ADDED,DEBATING AI PODCAST TRANSCRIPTS/DebatingA.I.OntheFutureofPhysics_GeoLocationAllPlatforms_all-time (1).csv,,50dc721394fecfe1eab387248f592f175dd27e7d,348
ADDED,DEBATING AI PODCAST TRANSCRIPTS/DebatingA.I.OntheFutureofPhysics_GeoLocationAllPlatforms_all-time.csv,,d8892d2f8616e3f04b69614882ca1bb47fa740c9,865
ADDED,DEBATING AI PODCAST TRANSCRIPTS/DebatingA.I.OntheFutureofPhysics_TopEpisodesByConsumptionTime_all-time (1).csv,,a35c64ced1a596181983660cf1eeb5be7028cff8,909
ADDED,DEBATING AI PODCAST TRANSCRIPTS/DebatingA.I.OntheFutureofPhysics_TopEpisodesByConsumptionTime_all-time.csv,,a35c64ced1a596181983660cf1eeb5be7028cff8,909
ADDED,DEBATING AI PODCAST TRANSCRIPTS/DebatingA.I.OntheFutureofPhysics_TopEpisodesByImpressions_3-17-2026--6-14-2026 (1).csv,,3c7c8b66f7bfb243cf91387b2cb7084bc970f7c0,983
ADDED,DEBATING AI PODCAST TRANSCRIPTS/DebatingA.I.OntheFutureofPhysics_TopEpisodesByImpressions_3-17-2026--6-14-2026.csv,,3c7c8b66f7bfb243cf91387b2cb7084bc970f7c0,983
ADDED,DEBATING AI PODCAST TRANSCRIPTS/DebatingA.I.OntheFutureofPhysics_TrendsChart_PlaysAndDownloads_First7Days (1).csv,,02e17e4cbd23a21a335f53c74256d7e0cd4570f6,13060
ADDED,DEBATING AI PODCAST TRANSCRIPTS/DebatingA.I.OntheFutureofPhysics_TrendsChart_PlaysAndDownloads_First7Days (10).csv,,9178964c944604ca7899e647c0222a6c63c2fc24,13060
ADDED,DEBATING AI PODCAST TRANSCRIPTS/DebatingA.I.OntheFutureofPhysics_TrendsChart_PlaysAndDownloads_First7Days (2).csv,,02e17e4cbd23a21a335f53c74256d7e0cd4570f6,13060
ADDED,DEBATING AI PODCAST TRANSCRIPTS/DebatingA.I.OntheFutureofPhysics_TrendsChart_PlaysAndDownloads_First7Days (3).csv,,5822f6c4a0de1aad07233f9e8c5c0286590a3572,13060
ADDED,DEBATING AI PODCAST TRANSCRIPTS/DebatingA.I.OntheFutureofPhysics_TrendsChart_PlaysAndDownloads_First7Days (4).csv,,a6f99aa38bbbbf4e492f697c8d2ec196c87aa331,13060
ADDED,DEBATING AI PODCAST TRANSCRIPTS/DebatingA.I.OntheFutureofPhysics_TrendsChart_PlaysAndDownloads_First7Days (5).csv,,b35f7557ca60c1d10a5cbdf39ffa1bf4a1f99b98,13060
ADDED,DEBATING AI PODCAST TRANSCRIPTS/DebatingA.I.OntheFutureofPhysics_TrendsChart_PlaysAndDownloads_First7Days (6).csv,,b35f7557ca60c1d10a5cbdf39ffa1bf4a1f99b98,13060
ADDED,DEBATING AI PODCAST TRANSCRIPTS/DebatingA.I.OntheFutureofPhysics_TrendsChart_PlaysAndDownloads_First7Days (7).csv,,b35f7557ca60c1d10a5cbdf39ffa1bf4a1f99b98,13060
ADDED,DEBATING AI PODCAST TRANSCRIPTS/DebatingA.I.OntheFutureofPhysics_TrendsChart_PlaysAndDownloads_First7Days (8).csv,,b35f7557ca60c1d10a5cbdf39ffa1bf4a1f99b98,13060
ADDED,DEBATING AI PODCAST TRANSCRIPTS/DebatingA.I.OntheFutureofPhysics_TrendsChart_PlaysAndDownloads_First7Days (9).csv,,9178964c944604ca7899e647c0222a6c63c2fc24,13060
ADDED,DEBATING AI PODCAST TRANSCRIPTS/DebatingA.I.OntheFutureofPhysics_TrendsChart_PlaysAndDownloads_First7Days.csv,,02e17e4cbd23a21a335f53c74256d7e0cd4570f6,13060
ADDED,DEBATING AI PODCAST TRANSCRIPTS/DebatingA.I.OntheFutureofPhysics_WeekOverWeekRetention_1-1-2026--6-16-2026 (1).csv,,423a1a9b7525038b4546fe7ddd61b44dde24be32,396
ADDED,DEBATING AI PODCAST TRANSCRIPTS/DebatingA.I.OntheFutureofPhysics_WeekOverWeekRetention_1-1-2026--6-16-2026.csv,,423a1a9b7525038b4546fe7ddd61b44dde24be32,396
ADDED,DEBATING AI PODCAST TRANSCRIPTS/DebatingA.I.OntheFutureofPhysics_WeekOverWeekRetention_3-19-2026--6-16-2026.csv,,765612b5ed3413930e799d17f39cd0f63d864618,221
ADDED,DEBATING AI PODCAST TRANSCRIPTS/THROWBACK - The Equivalence Principle and its Limits.txt,,74923eb69a60a0cb457c76737e9c586e0caad6d9,2032
ADDED,"DEBATING AI PODCAST/Debating A.I. On the Future of Physics - (++++) or (+++,+++)_.srt",,3bcb9b33c652d503326b6941834444d9263b2010,70597
ADDED,DEBATING AI PODCAST/Debating A.I. On the Future of Physics - 2026 Pre-Synthesis.srt,,bc4aab29306219fa49c8e0a6f05989e44097f37f,66095
ADDED,DEBATING AI PODCAST/Debating A.I. On the Future of Physics - 2026 ReSynthesis Overview.srt,,5ad4b93a565dcb28f212b1bb80d521c3db819ddb,90861
ADDED,DEBATING AI PODCAST/Debating A.I. On the Future of Physics - 2026 ≠ 2024.srt,,dabfca8770be9bf3c09ff132076275e7a347e9d2,95498
ADDED,DEBATING AI PODCAST/Debating A.I. On the Future of Physics - A New Interpretation of String Theory Dimensions_.srt,,68cb1b9278d37e0cb31c65db91c0f9a49f2433e9,70537
ADDED,DEBATING AI PODCAST/Debating A.I. On the Future of Physics - A Poem.srt,,782f67cff2a1d3c46d463f368bb137beb9bc62c3,62660
ADDED,DEBATING AI PODCAST/Debating A.I. On the Future of Physics - A Review of McKnight’s Camera Talk.srt,,cf3081b9ff353247f8be928a4d465f3daf186825,107898
ADDED,DEBATING AI PODCAST/Debating A.I. On the Future of Physics - AI Legibility — The Fun Way.txt,,d4792106c3af1269ab0b703517d7dc7629adb14a,80123
ADDED,DEBATING AI PODCAST/Debating A.I. On the Future of Physics - AI Weirdness.srt,,3c7ce7edf210ab75abace2a8fe50dc35a206ee87,81301
ADDED,DEBATING AI PODCAST/Debating A.I. On the Future of Physics - Ampère’s Understanding.srt,,cb8b753f659e1e9cada15225748f5717542d7608,76318
ADDED,DEBATING AI PODCAST/Debating A.I. On the Future of Physics - Anarcheologist.srt,,c2793bc827e558fecf41d208bdc7dc27ee32b1cb,62878
ADDED,DEBATING AI PODCAST/Debating A.I. On the Future of Physics - Background for SAT Predictions.srt,,5eb5daabf714308e05425ab86b18c022d91d0218,91863
ADDED,DEBATING AI PODCAST/Debating A.I. On the Future of Physics - Bass Ackwards.srt,,8a5c5929263327a843bab5cdc6668911fdb54b03,73469
ADDED,DEBATING AI PODCAST/Debating A.I. On the Future of Physics - Black Hole Conjecture.srt,,0a85a610db1c3e56316a0e0a06bda90312119e8d,51221
ADDED,DEBATING AI PODCAST/Debating A.I. On the Future of Physics - Black Hole Merger.txt,,f846fb9b31b4c00e4613d4547ca97dab2a5f25d0,55910
ADDED,DEBATING AI PODCAST/Debating A.I. On the Future of Physics - Bosons Reclassified.srt,,350a662848f51e05f41e090d84b536a1a87490ce,90124
ADDED,DEBATING AI PODCAST/Debating A.I. On the Future of Physics - But are you...𝙎𝘼𝙏 𝙧𝙞𝙜𝙤𝙧𝙤𝙪𝙨_.srt,,48f70133bfd6721743419609414e1d55f102a7b4,65639
ADDED,DEBATING AI PODCAST/Debating A.I. On the Future of Physics - Catching Up with the Field.srt,,576d385337e67e786aa9f86f3002c39db2f6e085,58126
ADDED,DEBATING AI PODCAST/Debating A.I. On the Future of Physics - Chemical-Optical Lab Bench.srt,,efb300e9ec9ead3052167c027ebcf44b2c0f9720,89375
ADDED,DEBATING AI PODCAST/Debating A.I. On the Future of Physics - Convergence.srt,,9f1eae68a971edb93c5fb881f6927cdfec166533,103997
ADDED,DEBATING AI PODCAST/Debating A.I. On the Future of Physics - Doomsday Brunchtime.srt,,6fdf55fe5d4a07952e18207198fce1c26d7a752b,90334
ADDED,DEBATING AI PODCAST/Debating A.I. On the Future of Physics - Dual-Shell λ Expansion.srt,,2960a9d66951c7ec9fb3d7e4662fa1bee24e1a4c,93837
ADDED,DEBATING AI PODCAST/Debating A.I. On the Future of Physics - Dzhanibekov Planets.txt,,b906b8249ff13f09e9e29f56a5ffb5a2734795b2,55670
ADDED,"DEBATING AI PODCAST/Debating A.I. On the Future of Physics - EVENT TOMORROW! COLUMBUS, OHIO.srt",,a5b507a89b725b68366e4ad7553a35ab3b7e581e,10028
ADDED,DEBATING AI PODCAST/Debating A.I. On the Future of Physics - Electro-Gravity Unification.srt,,b4018b2413cb9a8367e60bbb39b0afde2830288c,78631
ADDED,DEBATING AI PODCAST/Debating A.I. On the Future of Physics - Electrogravacoustics 1.srt,,11f1c1e3dd472c946ce48fcadbade95ee94b17aa,83051
ADDED,DEBATING AI PODCAST/Debating A.I. On the Future of Physics - Electrogravacoustics 2 (1).srt,,5f0cf566e9e6cd027c0d0881eec6570927b60ce4,81292
ADDED,DEBATING AI PODCAST/Debating A.I. On the Future of Physics - Electrogravacoustics 2.srt,,8350e53c167ea18b914692b11d7cc208f164c3b7,86476
ADDED,DEBATING AI PODCAST/Debating A.I. On the Future of Physics - Finger Trap World.srt,,28fffce01887a2bf7b8df4af731ad3027f90654f,84821
ADDED,DEBATING AI PODCAST/Debating A.I. On the Future of Physics - GR-QCD-QED-QFT-SM-ST Unification in Plain English.srt,,3fca83961b4b167f14a1005a36a68543e0d79012,101317
ADDED,DEBATING AI PODCAST/Debating A.I. On the Future of Physics - Grand Unification Audit.srt,,13a074ebec1998b55888f87271a0bf0f86b6431c,75029
ADDED,DEBATING AI PODCAST/Debating A.I. On the Future of Physics - Hasimoto Particle Cosmology.srt,,f6fc3cdc3754a6a6c8bacee741456797301edef1,62425
ADDED,DEBATING AI PODCAST/Debating A.I. On the Future of Physics - How Science Sciences and More.srt,,70cec1bc9c6951f054e3e3a663932f886e5f84a9,85256
ADDED,DEBATING AI PODCAST/Debating A.I. On the Future of Physics - How the Universe Scales.srt,,48fe433c0719679d5cf8dab9602115d7fa3ff44c,69150
ADDED,DEBATING AI PODCAST/Debating A.I. On the Future of Physics - Intellectual Playgrounds_ Thought As Structure — Revisited.srt,,f9b65d7eadedacfbe424e5c1043aa593a683af5a,69467
ADDED,DEBATING AI PODCAST/Debating A.I. On the Future of Physics - Life As A Planetary Trauma Response.srt,,1beda53894f83f3258b6562c6872369173d7cbab,86028
ADDED,DEBATING AI PODCAST/Debating A.I. On the Future of Physics - Making AI Music Weird.srt,,26bd5b4ac6dbca0617c9a289c4741409de09c94e,67894
ADDED,DEBATING AI PODCAST/Debating A.I. On the Future of Physics - Math… is a tad wishy-washy.srt,,7caf629b595dbed86b5a2395cb223d27a8587201,58395
ADDED,DEBATING AI PODCAST/Debating A.I. On the Future of Physics - McKnight’s Camera Talk Pt 2.srt,,e90ecc85a18d5910244415f2f5f559e08a2a6a82,63096
ADDED,DEBATING AI PODCAST/Debating A.I. On the Future of Physics - McKnight’s Intellectual Universe.srt,,1b0099de6f901d3e905af755242ae20ffb95c036,72831
ADDED,DEBATING AI PODCAST/Debating A.I. On the Future of Physics - Minkowski Sufficiency.srt,,3c4476d1e1b33ae05a2297d2da8f1776e5e11503,77869
ADDED,DEBATING AI PODCAST/Debating A.I. On the Future of Physics - New Album Preview.txt,,144d2a1dec950e7b5acdb155764a79bd4a4d0dcd,81716
ADDED,DEBATING AI PODCAST/Debating A.I. On the Future of Physics - No More Wick Rotation.srt,,40a87772a6730e5331057fb7515fc0be5739d006,85970
ADDED,DEBATING AI PODCAST/Debating A.I. On the Future of Physics - Particles & Inverse Black Holes.txt,,3446f5d5229992fbbe2a759fd3e19a12966d63a6,79612
ADDED,DEBATING AI PODCAST/Debating A.I. On the Future of Physics - Persistent AI TOE Hallucinations.srt,,3272443a4f0e4d4156df65a2bef21553eb71f9d7,67693
ADDED,DEBATING AI PODCAST/Debating A.I. On the Future of Physics - Physics Without Magic.srt,,f564eadac234a43dbd8133d44eb3679c7cfe23e0,113532
ADDED,DEBATING AI PODCAST/Debating A.I. On the Future of Physics - Physics vs Dogma.srt,,4c6d509d490783a40b7ebab1abc452920f4d0dab,77583
ADDED,DEBATING AI PODCAST/Debating A.I. On the Future of Physics - Physics_ The Full Stack.srt,,08e569d09e2a3b58238dbd7bce3001731543859f,15701
ADDED,DEBATING AI PODCAST/Debating A.I. On the Future of Physics - Predictions for Upcoming Observations.srt,,d65fadb5ead099e7531f238277fa4ea79ae85353,86741
ADDED,DEBATING AI PODCAST/Debating A.I. On the Future of Physics - Predictions from Scalar-Angular Torsion Filamental Physics.srt,,2729c5b865fe90388540fad3ad8b9df654405463,72124
ADDED,DEBATING AI PODCAST/Debating A.I. On the Future of Physics - Quantum Kelvin Waves.srt,,b1a5a5ddd6d7627423abc2062cfd3c2856d0aa46,79234
ADDED,DEBATING AI PODCAST/Debating A.I. On the Future of Physics - RMS-SAT Debug.srt,,7adee1bef29fe5bf2e764c8c812d12df247cfb35,85623
ADDED,DEBATING AI PODCAST/Debating A.I. On the Future of Physics - Remedial Math Student Considers Institutions.srt,,051a0ae29f279af55a2119d1a04c5e4bb5252502,55995
ADDED,DEBATING AI PODCAST/Debating A.I. On the Future of Physics - Renormalization Is Obsolete (1).srt,,7caeb303c250531638c8d5be7213e37ec271f45b,76868
ADDED,DEBATING AI PODCAST/Debating A.I. On the Future of Physics - Renormalization Is Obsolete.srt,,7caeb303c250531638c8d5be7213e37ec271f45b,76868
ADDED,DEBATING AI PODCAST/Debating A.I. On the Future of Physics - SAT ==_ H(s)H.srt,,f2e30b8c01b27bc579b32be40f488d7572a9e016,80975
ADDED,DEBATING AI PODCAST/Debating A.I. On the Future of Physics - SAT Methodology.srt,,cbb3aefca8f38a0263948a20841b1bbd1ad29665,74991
ADDED,DEBATING AI PODCAST/Debating A.I. On the Future of Physics - SAT Predictions March 2026.srt,,f59cee862efd53cc9db2795d55fefb0a73c33128,91694
ADDED,DEBATING AI PODCAST/Debating A.I. On the Future of Physics - SAT Rigor Pt 2.srt,,dd757a5754f7f362992bff008816fc1c796021b0,63006
ADDED,DEBATING AI PODCAST/Debating A.I. On the Future of Physics - SAT’s Conservative Methodology.srt,,93b7efa1abdb0c2b4af099322bc3ca20cceb8d1f,74318
ADDED,"DEBATING AI PODCAST/Debating A.I. On the Future of Physics - Simulating Einstein, Pt 1.srt",,a7d35c694f4825a3ee79362c06e9c6e2672eb68c,71155
ADDED,"DEBATING AI PODCAST/Debating A.I. On the Future of Physics - Simulating Einstein, Pt 2.srt",,3b1f66bea559fb1df44a92cd9570496f3b9c305a,86113
ADDED,"DEBATING AI PODCAST/Debating A.I. On the Future of Physics - Simulating Einstein, Pt 3.srt",,8c0f2252b758cb897c27487ad1111470870c54fe,79752
ADDED,DEBATING AI PODCAST/Debating A.I. On the Future of Physics - String Gravity Predictions H0=71.2.srt,,43d5dce05fcfe07856bade264eaaa77ae7705bb1,92586
ADDED,DEBATING AI PODCAST/Debating A.I. On the Future of Physics - Suno Nonsensorium 2.txt,,29a5b67e6b469b48bed6d6cd92c6bfc7543af341,72042
ADDED,DEBATING AI PODCAST/Debating A.I. On the Future of Physics - Superdeterminism and SAT.srt,,c44c5d881e88c3b3ba7bf5a7c88a112452bb483d,81071
ADDED,DEBATING AI PODCAST/Debating A.I. On the Future of Physics - The Einstein-Rosen Key.srt,,fe0a8a3bdec517f9e7262aebf2bfea5c45c16209,67948
ADDED,DEBATING AI PODCAST/Debating A.I. On the Future of Physics - The Glass Sausage Factory.srt,,0415bb608c63caf6f08c3f7ca8e4ed27a2240bec,74634
ADDED,DEBATING AI PODCAST/Debating A.I. On the Future of Physics - The Least Radical TOE.srt,,3e86d62c14c421241cc8c1270af68269c97ecca5,95919
ADDED,DEBATING AI PODCAST/Debating A.I. On the Future of Physics - The Mass of the Photon.srt,,e62c28b4b7b048a4426a025f340220ae07607492,38442
ADDED,DEBATING AI PODCAST/Debating A.I. On the Future of Physics - The Math of it All.srt,,9eb8d8cfa1c3b36b19de32361d221e810325cb89,75836
ADDED,DEBATING AI PODCAST/Debating A.I. On the Future of Physics - The Ongoing Big Bang.srt,,479a3948e299623115759998ea83cc6c8a792d03,73023
ADDED,DEBATING AI PODCAST/Debating A.I. On the Future of Physics - The Prehistory of SAT.srt,,442b2148a042e041ffce3e571ae42debb305d4d4,75134
ADDED,DEBATING AI PODCAST/Debating A.I. On the Future of Physics - The Rabbit and the Duck.srt,,72863e9ffb574cce025c906fd46943c10ed08404,96081
ADDED,DEBATING AI PODCAST/Debating A.I. On the Future of Physics - The Scorecard 2026 (Cumulative).srt,,018ece7a7ca7d1078dbe141973018f735b6ace7b,72030
ADDED,DEBATING AI PODCAST/Debating A.I. On the Future of Physics - The Theory That Wasn’t A Theory.srt,,57007b9a6961fae496647ff2489beff32521719a,63751
ADDED,DEBATING AI PODCAST/Debating A.I. On the Future of Physics - The Time Travel Brick Wall.txt,,373a202854caca3735f4820fb0bb92fb5281f891,83183
ADDED,DEBATING AI PODCAST/Debating A.I. On the Future of Physics - The Two Fundamental Forces.srt,,66a8baf23d5543e6b150cd5d6ba069236d8f8585,94220
ADDED,"DEBATING AI PODCAST/Debating A.I. On the Future of Physics - The Two Rocks, Revisited.srt",,c6b1801aa2a21457f116b5adc52f9adabba85d75,87142
ADDED,DEBATING AI PODCAST/Debating A.I. On the Future of Physics - The c - H_0 Gap.srt,,3b9bb7d5b3535302fa5f81398ae9637c360a643a,95780
ADDED,DEBATING AI PODCAST/Debating A.I. On the Future of Physics - This Title Might Not Be Accurate.srt,,9baf9cb64de41b0d3a044f4319cb038821e02b88,79690
ADDED,DEBATING AI PODCAST/Debating A.I. On the Future of Physics - Throwback Ep_ SAT One Year Ago 1.srt,,e20de4a05b4bb69db1dfa075268e50fb96520819,225625
ADDED,DEBATING AI PODCAST/Debating A.I. On the Future of Physics - Throwback_ SAT One Year Ago 2.srt,,9ef757ffb7a30b2dfdf6c9825b56ecb8f9f95d9b,115684
ADDED,DEBATING AI PODCAST/Debating A.I. On the Future of Physics - Throwback_ SAT One Year Ago 3 — The Debate.srt,,798305702ce054fc759daab1012df2f7d6a5f997,28097
ADDED,DEBATING AI PODCAST/Debating A.I. On the Future of Physics - Time.srt,,17418e08119f80545f735db0d52308bf5d593bc3,76029
ADDED,DEBATING AI PODCAST/Debating A.I. On the Future of Physics - Topological Primacy.srt,,f62e00c0078f2edb0c557198998dcde157dd14cb,71684
ADDED,DEBATING AI PODCAST/Debating A.I. On the Future of Physics - Unification Mark II Pt 1 — The Process.srt,,99d7e323ddbb6bb655b9544b95ed083921a29583,65181
ADDED,DEBATING AI PODCAST/Debating A.I. On the Future of Physics - Unification Missing Piece_.srt,,5d47c0ed1260882b813936cef4b159f1eca3bac1,81796
ADDED,DEBATING AI PODCAST/Debating A.I. On the Future of Physics - Viscous_ Or Superfluid_.srt,,38e71b4a57083787e6b4f9415fc717c25cb5e244,72595
ADDED,DEBATING AI PODCAST/Debating A.I. On the Future of Physics - WWRD_ What Would Rope Do_.srt,,2398d7b389c6fc719b14436751a91682e06118f9,89626
ADDED,DEBATING AI PODCAST/Debating A.I. On the Future of Physics - Welcome to the Zottenwelt.srt,,55e5ca3d004224f890e203540dae6d0e6011e5f8,84008
ADDED,DEBATING AI PODCAST/Debating A.I. On the Future of Physics - Why No Tetraquarks.srt,,74f7d7d6d8a111b7959cd3d9c0b09ee73466fee6,47876
ADDED,DEBATING AI PODCAST/Debating A.I. On the Future of Physics - Worldlines to Worldtube Manifolds and Kelvin Vortices.srt,,57023d73ed809dcda963d3149aca3b588b5ee3c1,29296
ADDED,DEBATING AI PODCAST/DebatingA.I.OntheFutureofPhysics_The4-DimensionalStructureofThoughtSATFilamentTheory_EngagementStats_since-published.csv,,9fc3d9a2944ee31d4d3a7e7cef2bbce423661b9b,9019
ADDED,DEBATING AI PODCAST/DebatingA.I.OntheFutureofPhysics_TrendsChart_PlaysAndDownloads_First7Days.csv,,5778ceb92759020ca9b62b4206b94fdbd99f0082,13204
ADDED,DEBATING AI PODCAST/SAT DAI - Podlodrev.txt,,937bc537221ce75dda205ba521b186a10bcf5ceb,13445
ADDED,DEBATING AI PODCAST/SAT DAI - Podstats_25may26.txt,,459335f7926f47d86b7d5959a594ed43e49ceae2,193220
ADDED,DEBATING AI PODCAST/SAT DAI WEIRD IDEAS — DEEP_DIVE_INTERIORITY.txt,,55c6d4ad32fb16a79bd0f69e9758eaf96a31b58c,171479
ADDED,DEBATING AI PODCAST/SAT DAI — ABOUT YOU ABOUT ME .txt,,b8ec21efb84e94f92f2255d83047cf2322775e2d,3831
ADDED,DEBATING AI PODCAST/SAT DAI — LLM ERROR Llmsrror.txt,,d1a1e3c69b10f6b2dfc36f1578a3eeb891edc997,2938
ADDED,DEBATING AI PODCAST/SAT DAI — MORGAN & ELLIS Morgellis.txt,,24d45e34070aefa148c358174aa3da09d2208e95,2984
ADDED,DEBATING AI PODCAST/SAT DAI — STATS Posters.txt,,00f42f3d6912df9b0e9486921bcc32c046328daa,197752
ADDED,DEBATING AI PODCAST/SAT DAI — VERBAL_THEORY.txt,,2ec66c14753356024572bbd8e2879135e7c2fce7,861
ADDED,DEBATING AI PODCAST/SAT DAI — stats STAT_chunked.txt,,cf8264f961c0a385ad0a4c90fa31c5b11c192b79,197753
ADDED,"DEBATING AI TRANSCRIPTS CONT/Debating A.I. On the Future of Physics - (++++) or (+++,+++)_.srt",,3bcb9b33c652d503326b6941834444d9263b2010,70597
ADDED,DEBATING AI TRANSCRIPTS CONT/Debating A.I. On the Future of Physics - 2026 Pre-Synthesis.srt,,bc4aab29306219fa49c8e0a6f05989e44097f37f,66095
ADDED,DEBATING AI TRANSCRIPTS CONT/Debating A.I. On the Future of Physics - 2026 ReSynthesis Overview.srt,,5ad4b93a565dcb28f212b1bb80d521c3db819ddb,90861
ADDED,DEBATING AI TRANSCRIPTS CONT/Debating A.I. On the Future of Physics - 2026 ≠ 2024.srt,,dabfca8770be9bf3c09ff132076275e7a347e9d2,95498
ADDED,DEBATING AI TRANSCRIPTS CONT/Debating A.I. On the Future of Physics - A New Interpretation of String Theory Dimensions_.srt,,68cb1b9278d37e0cb31c65db91c0f9a49f2433e9,70537
ADDED,DEBATING AI TRANSCRIPTS CONT/Debating A.I. On the Future of Physics - A Poem.srt,,782f67cff2a1d3c46d463f368bb137beb9bc62c3,62660
ADDED,DEBATING AI TRANSCRIPTS CONT/Debating A.I. On the Future of Physics - A Review of McKnight’s Camera Talk.srt,,cf3081b9ff353247f8be928a4d465f3daf186825,107898
ADDED,DEBATING AI TRANSCRIPTS CONT/Debating A.I. On the Future of Physics - AI Legibility — The Fun Way.txt,,d4792106c3af1269ab0b703517d7dc7629adb14a,80123
ADDED,DEBATING AI TRANSCRIPTS CONT/Debating A.I. On the Future of Physics - AI Weirdness.srt,,3c7ce7edf210ab75abace2a8fe50dc35a206ee87,81301
ADDED,DEBATING AI TRANSCRIPTS CONT/Debating A.I. On the Future of Physics - Ampère’s Understanding.srt,,cb8b753f659e1e9cada15225748f5717542d7608,76318
ADDED,DEBATING AI TRANSCRIPTS CONT/Debating A.I. On the Future of Physics - Anarcheologist.srt,,c2793bc827e558fecf41d208bdc7dc27ee32b1cb,62878
ADDED,DEBATING AI TRANSCRIPTS CONT/Debating A.I. On the Future of Physics - Background for SAT Predictions.srt,,5eb5daabf714308e05425ab86b18c022d91d0218,91863
ADDED,DEBATING AI TRANSCRIPTS CONT/Debating A.I. On the Future of Physics - Bass Ackwards.srt,,8a5c5929263327a843bab5cdc6668911fdb54b03,73469
ADDED,DEBATING AI TRANSCRIPTS CONT/Debating A.I. On the Future of Physics - Black Hole Conjecture.srt,,0a85a610db1c3e56316a0e0a06bda90312119e8d,51221
ADDED,DEBATING AI TRANSCRIPTS CONT/Debating A.I. On the Future of Physics - Black Hole Merger.txt,,f846fb9b31b4c00e4613d4547ca97dab2a5f25d0,55910
ADDED,DEBATING AI TRANSCRIPTS CONT/Debating A.I. On the Future of Physics - Bosons Reclassified.srt,,350a662848f51e05f41e090d84b536a1a87490ce,90124
ADDED,DEBATING AI TRANSCRIPTS CONT/Debating A.I. On the Future of Physics - But are you...𝙎𝘼𝙏 𝙧𝙞𝙜𝙤𝙧𝙤𝙪𝙨_.srt,,48f70133bfd6721743419609414e1d55f102a7b4,65639
ADDED,DEBATING AI TRANSCRIPTS CONT/Debating A.I. On the Future of Physics - Catching Up with the Field.srt,,576d385337e67e786aa9f86f3002c39db2f6e085,58126
ADDED,DEBATING AI TRANSCRIPTS CONT/Debating A.I. On the Future of Physics - Chemical-Optical Lab Bench.srt,,efb300e9ec9ead3052167c027ebcf44b2c0f9720,89375
ADDED,DEBATING AI TRANSCRIPTS CONT/Debating A.I. On the Future of Physics - Convergence.srt,,9f1eae68a971edb93c5fb881f6927cdfec166533,103997
ADDED,DEBATING AI TRANSCRIPTS CONT/Debating A.I. On the Future of Physics - Doomsday Brunchtime.srt,,6fdf55fe5d4a07952e18207198fce1c26d7a752b,90334
ADDED,DEBATING AI TRANSCRIPTS CONT/Debating A.I. On the Future of Physics - Dual-Shell λ Expansion.srt,,2960a9d66951c7ec9fb3d7e4662fa1bee24e1a4c,93837
ADDED,DEBATING AI TRANSCRIPTS CONT/Debating A.I. On the Future of Physics - Dzhanibekov Planets.txt,,b906b8249ff13f09e9e29f56a5ffb5a2734795b2,55670
ADDED,"DEBATING AI TRANSCRIPTS CONT/Debating A.I. On the Future of Physics - EVENT TOMORROW! COLUMBUS, OHIO.srt",,a5b507a89b725b68366e4ad7553a35ab3b7e581e,10028
ADDED,DEBATING AI TRANSCRIPTS CONT/Debating A.I. On the Future of Physics - Electro-Gravity Unification.srt,,b4018b2413cb9a8367e60bbb39b0afde2830288c,78631
ADDED,DEBATING AI TRANSCRIPTS CONT/Debating A.I. On the Future of Physics - Electrogravacoustics 1.srt,,11f1c1e3dd472c946ce48fcadbade95ee94b17aa,83051
ADDED,DEBATING AI TRANSCRIPTS CONT/Debating A.I. On the Future of Physics - Electrogravacoustics 2 (1).srt,,5f0cf566e9e6cd027c0d0881eec6570927b60ce4,81292
ADDED,DEBATING AI TRANSCRIPTS CONT/Debating A.I. On the Future of Physics - Electrogravacoustics 2.srt,,8350e53c167ea18b914692b11d7cc208f164c3b7,86476
ADDED,DEBATING AI TRANSCRIPTS CONT/Debating A.I. On the Future of Physics - Finger Trap World.srt,,28fffce01887a2bf7b8df4af731ad3027f90654f,84821
ADDED,DEBATING AI TRANSCRIPTS CONT/Debating A.I. On the Future of Physics - GR-QCD-QED-QFT-SM-ST Unification in Plain English.srt,,3fca83961b4b167f14a1005a36a68543e0d79012,101317
ADDED,DEBATING AI TRANSCRIPTS CONT/Debating A.I. On the Future of Physics - Grand Unification Audit.srt,,13a074ebec1998b55888f87271a0bf0f86b6431c,75029
ADDED,DEBATING AI TRANSCRIPTS CONT/Debating A.I. On the Future of Physics - Hasimoto Particle Cosmology.srt,,f6fc3cdc3754a6a6c8bacee741456797301edef1,62425
ADDED,DEBATING AI TRANSCRIPTS CONT/Debating A.I. On the Future of Physics - How Science Sciences and More.srt,,70cec1bc9c6951f054e3e3a663932f886e5f84a9,85256
ADDED,DEBATING AI TRANSCRIPTS CONT/Debating A.I. On the Future of Physics - How the Universe Scales.srt,,48fe433c0719679d5cf8dab9602115d7fa3ff44c,69150
ADDED,DEBATING AI TRANSCRIPTS CONT/Debating A.I. On the Future of Physics - Intellectual Playgrounds_ Thought As Structure — Revisited.srt,,f9b65d7eadedacfbe424e5c1043aa593a683af5a,69467
ADDED,DEBATING AI TRANSCRIPTS CONT/Debating A.I. On the Future of Physics - Life As A Planetary Trauma Response.srt,,1beda53894f83f3258b6562c6872369173d7cbab,86028
ADDED,DEBATING AI TRANSCRIPTS CONT/Debating A.I. On the Future of Physics - Making AI Music Weird.srt,,26bd5b4ac6dbca0617c9a289c4741409de09c94e,67894
ADDED,DEBATING AI TRANSCRIPTS CONT/Debating A.I. On the Future of Physics - Math… is a tad wishy-washy.srt,,7caf629b595dbed86b5a2395cb223d27a8587201,58395
ADDED,DEBATING AI TRANSCRIPTS CONT/Debating A.I. On the Future of Physics - McKnight’s Camera Talk Pt 2.srt,,e90ecc85a18d5910244415f2f5f559e08a2a6a82,63096
ADDED,DEBATING AI TRANSCRIPTS CONT/Debating A.I. On the Future of Physics - McKnight’s Intellectual Universe.srt,,1b0099de6f901d3e905af755242ae20ffb95c036,72831
ADDED,DEBATING AI TRANSCRIPTS CONT/Debating A.I. On the Future of Physics - Minkowski Sufficiency.srt,,3c4476d1e1b33ae05a2297d2da8f1776e5e11503,77869
ADDED,DEBATING AI TRANSCRIPTS CONT/Debating A.I. On the Future of Physics - New Album Preview.txt,,144d2a1dec950e7b5acdb155764a79bd4a4d0dcd,81716
ADDED,DEBATING AI TRANSCRIPTS CONT/Debating A.I. On the Future of Physics - No More Wick Rotation.srt,,40a87772a6730e5331057fb7515fc0be5739d006,85970
ADDED,DEBATING AI TRANSCRIPTS CONT/Debating A.I. On the Future of Physics - Particles & Inverse Black Holes.txt,,3446f5d5229992fbbe2a759fd3e19a12966d63a6,79612
ADDED,DEBATING AI TRANSCRIPTS CONT/Debating A.I. On the Future of Physics - Persistent AI TOE Hallucinations.srt,,3272443a4f0e4d4156df65a2bef21553eb71f9d7,67693
ADDED,DEBATING AI TRANSCRIPTS CONT/Debating A.I. On the Future of Physics - Physics Without Magic.srt,,f564eadac234a43dbd8133d44eb3679c7cfe23e0,113532
ADDED,DEBATING AI TRANSCRIPTS CONT/Debating A.I. On the Future of Physics - Physics vs Dogma.srt,,4c6d509d490783a40b7ebab1abc452920f4d0dab,77583
ADDED,DEBATING AI TRANSCRIPTS CONT/Debating A.I. On the Future of Physics - Physics_ The Full Stack.srt,,08e569d09e2a3b58238dbd7bce3001731543859f,15701
ADDED,DEBATING AI TRANSCRIPTS CONT/Debating A.I. On the Future of Physics - Predictions for Upcoming Observations.srt,,d65fadb5ead099e7531f238277fa4ea79ae85353,86741
ADDED,DEBATING AI TRANSCRIPTS CONT/Debating A.I. On the Future of Physics - Predictions from Scalar-Angular Torsion Filamental Physics.srt,,2729c5b865fe90388540fad3ad8b9df654405463,72124
ADDED,DEBATING AI TRANSCRIPTS CONT/Debating A.I. On the Future of Physics - Quantum Kelvin Waves.srt,,b1a5a5ddd6d7627423abc2062cfd3c2856d0aa46,79234
ADDED,DEBATING AI TRANSCRIPTS CONT/Debating A.I. On the Future of Physics - RMS-SAT Debug.srt,,7adee1bef29fe5bf2e764c8c812d12df247cfb35,85623
ADDED,DEBATING AI TRANSCRIPTS CONT/Debating A.I. On the Future of Physics - Remedial Math Student Considers Institutions.srt,,051a0ae29f279af55a2119d1a04c5e4bb5252502,55995
ADDED,DEBATING AI TRANSCRIPTS CONT/Debating A.I. On the Future of Physics - Renormalization Is Obsolete (1).srt,,7caeb303c250531638c8d5be7213e37ec271f45b,76868
ADDED,DEBATING AI TRANSCRIPTS CONT/Debating A.I. On the Future of Physics - Renormalization Is Obsolete.srt,,7caeb303c250531638c8d5be7213e37ec271f45b,76868
ADDED,DEBATING AI TRANSCRIPTS CONT/Debating A.I. On the Future of Physics - SAT ==_ H(s)H.srt,,f2e30b8c01b27bc579b32be40f488d7572a9e016,80975
ADDED,DEBATING AI TRANSCRIPTS CONT/Debating A.I. On the Future of Physics - SAT Methodology.srt,,cbb3aefca8f38a0263948a20841b1bbd1ad29665,74991
ADDED,DEBATING AI TRANSCRIPTS CONT/Debating A.I. On the Future of Physics - SAT Predictions March 2026.srt,,f59cee862efd53cc9db2795d55fefb0a73c33128,91694
ADDED,DEBATING AI TRANSCRIPTS CONT/Debating A.I. On the Future of Physics - SAT Rigor Pt 2.srt,,dd757a5754f7f362992bff008816fc1c796021b0,63006
ADDED,DEBATING AI TRANSCRIPTS CONT/Debating A.I. On the Future of Physics - SAT’s Conservative Methodology.srt,,93b7efa1abdb0c2b4af099322bc3ca20cceb8d1f,74318
ADDED,"DEBATING AI TRANSCRIPTS CONT/Debating A.I. On the Future of Physics - Simulating Einstein, Pt 1.srt",,a7d35c694f4825a3ee79362c06e9c6e2672eb68c,71155
ADDED,"DEBATING AI TRANSCRIPTS CONT/Debating A.I. On the Future of Physics - Simulating Einstein, Pt 2.srt",,3b1f66bea559fb1df44a92cd9570496f3b9c305a,86113
ADDED,"DEBATING AI TRANSCRIPTS CONT/Debating A.I. On the Future of Physics - Simulating Einstein, Pt 3.srt",,8c0f2252b758cb897c27487ad1111470870c54fe,79752
ADDED,DEBATING AI TRANSCRIPTS CONT/Debating A.I. On the Future of Physics - String Gravity Predictions H0=71.2.srt,,43d5dce05fcfe07856bade264eaaa77ae7705bb1,92586
ADDED,DEBATING AI TRANSCRIPTS CONT/Debating A.I. On the Future of Physics - Suno Nonsensorium 2.txt,,29a5b67e6b469b48bed6d6cd92c6bfc7543af341,72042
ADDED,DEBATING AI TRANSCRIPTS CONT/Debating A.I. On the Future of Physics - Superdeterminism and SAT.srt,,c44c5d881e88c3b3ba7bf5a7c88a112452bb483d,81071
ADDED,DEBATING AI TRANSCRIPTS CONT/Debating A.I. On the Future of Physics - The Einstein-Rosen Key.srt,,fe0a8a3bdec517f9e7262aebf2bfea5c45c16209,67948
ADDED,DEBATING AI TRANSCRIPTS CONT/Debating A.I. On the Future of Physics - The Glass Sausage Factory.srt,,0415bb608c63caf6f08c3f7ca8e4ed27a2240bec,74634
ADDED,DEBATING AI TRANSCRIPTS CONT/Debating A.I. On the Future of Physics - The Least Radical TOE.srt,,3e86d62c14c421241cc8c1270af68269c97ecca5,95919
ADDED,DEBATING AI TRANSCRIPTS CONT/Debating A.I. On the Future of Physics - The Mass of the Photon.srt,,e62c28b4b7b048a4426a025f340220ae07607492,38442
ADDED,DEBATING AI TRANSCRIPTS CONT/Debating A.I. On the Future of Physics - The Math of it All.srt,,9eb8d8cfa1c3b36b19de32361d221e810325cb89,75836
ADDED,DEBATING AI TRANSCRIPTS CONT/Debating A.I. On the Future of Physics - The Ongoing Big Bang.srt,,479a3948e299623115759998ea83cc6c8a792d03,73023
ADDED,DEBATING AI TRANSCRIPTS CONT/Debating A.I. On the Future of Physics - The Prehistory of SAT.srt,,442b2148a042e041ffce3e571ae42debb305d4d4,75134
ADDED,DEBATING AI TRANSCRIPTS CONT/Debating A.I. On the Future of Physics - The Rabbit and the Duck.srt,,72863e9ffb574cce025c906fd46943c10ed08404,96081
ADDED,DEBATING AI TRANSCRIPTS CONT/Debating A.I. On the Future of Physics - The Scorecard 2026 (Cumulative).srt,,018ece7a7ca7d1078dbe141973018f735b6ace7b,72030
ADDED,DEBATING AI TRANSCRIPTS CONT/Debating A.I. On the Future of Physics - The Theory That Wasn’t A Theory.srt,,57007b9a6961fae496647ff2489beff32521719a,63751
ADDED,DEBATING AI TRANSCRIPTS CONT/Debating A.I. On the Future of Physics - The Time Travel Brick Wall.txt,,373a202854caca3735f4820fb0bb92fb5281f891,83183
ADDED,DEBATING AI TRANSCRIPTS CONT/Debating A.I. On the Future of Physics - The Two Fundamental Forces.srt,,66a8baf23d5543e6b150cd5d6ba069236d8f8585,94220
ADDED,"DEBATING AI TRANSCRIPTS CONT/Debating A.I. On the Future of Physics - The Two Rocks, Revisited.srt",,c6b1801aa2a21457f116b5adc52f9adabba85d75,87142
ADDED,DEBATING AI TRANSCRIPTS CONT/Debating A.I. On the Future of Physics - The c - H_0 Gap.srt,,3b9bb7d5b3535302fa5f81398ae9637c360a643a,95780
ADDED,DEBATING AI TRANSCRIPTS CONT/Debating A.I. On the Future of Physics - This Title Might Not Be Accurate.srt,,9baf9cb64de41b0d3a044f4319cb038821e02b88,79690
ADDED,DEBATING AI TRANSCRIPTS CONT/Debating A.I. On the Future of Physics - Throwback Ep_ SAT One Year Ago 1.srt,,e20de4a05b4bb69db1dfa075268e50fb96520819,225625
ADDED,DEBATING AI TRANSCRIPTS CONT/Debating A.I. On the Future of Physics - Throwback_ SAT One Year Ago 2.srt,,9ef757ffb7a30b2dfdf6c9825b56ecb8f9f95d9b,115684
ADDED,DEBATING AI TRANSCRIPTS CONT/Debating A.I. On the Future of Physics - Throwback_ SAT One Year Ago 3 — The Debate.srt,,798305702ce054fc759daab1012df2f7d6a5f997,28097
ADDED,DEBATING AI TRANSCRIPTS CONT/Debating A.I. On the Future of Physics - Time.srt,,17418e08119f80545f735db0d52308bf5d593bc3,76029
ADDED,DEBATING AI TRANSCRIPTS CONT/Debating A.I. On the Future of Physics - Topological Primacy.srt,,f62e00c0078f2edb0c557198998dcde157dd14cb,71684
ADDED,DEBATING AI TRANSCRIPTS CONT/Debating A.I. On the Future of Physics - Unification Mark II Pt 1 — The Process.srt,,99d7e323ddbb6bb655b9544b95ed083921a29583,65181
ADDED,DEBATING AI TRANSCRIPTS CONT/Debating A.I. On the Future of Physics - Unification Missing Piece_.srt,,5d47c0ed1260882b813936cef4b159f1eca3bac1,81796
ADDED,DEBATING AI TRANSCRIPTS CONT/Debating A.I. On the Future of Physics - Viscous_ Or Superfluid_.srt,,38e71b4a57083787e6b4f9415fc717c25cb5e244,72595
ADDED,DEBATING AI TRANSCRIPTS CONT/Debating A.I. On the Future of Physics - WWRD_ What Would Rope Do_.srt,,2398d7b389c6fc719b14436751a91682e06118f9,89626
ADDED,DEBATING AI TRANSCRIPTS CONT/Debating A.I. On the Future of Physics - Welcome to the Zottenwelt.srt,,55e5ca3d004224f890e203540dae6d0e6011e5f8,84008
ADDED,DEBATING AI TRANSCRIPTS CONT/Debating A.I. On the Future of Physics - Why No Tetraquarks.srt,,74f7d7d6d8a111b7959cd3d9c0b09ee73466fee6,47876
ADDED,DEBATING AI TRANSCRIPTS CONT/Debating A.I. On the Future of Physics - Worldlines to Worldtube Manifolds and Kelvin Vortices.srt,,57023d73ed809dcda963d3149aca3b588b5ee3c1,29296
ADDED,DEBATING AI TRANSCRIPTS CONT/DebatingA.I.OntheFutureofPhysics_The4-DimensionalStructureofThoughtSATFilamentTheory_EngagementStats_since-published.csv,,9fc3d9a2944ee31d4d3a7e7cef2bbce423661b9b,9019
ADDED,DEBATING AI TRANSCRIPTS CONT/DebatingA.I.OntheFutureofPhysics_TrendsChart_PlaysAndDownloads_First7Days.csv,,5778ceb92759020ca9b62b4206b94fdbd99f0082,13204
ADDED,DEMO_QC.txt,,3f0de335110d11b57c59430e0589dc0b75d7ffbe,40385
ADDED,DERIVATIVE INDICATRIX (nolat).pdf,,ca66d1d141635e5fbc3641cb59cb33664ccf72d7,74973
ADDED,DEV CONVERSATION/1.txt,,63656fba642582e856a298a5a500962fbda937e6,2703
ADDED,DEV CONVERSATION/2.txt,,31de6ec50c39bd5dc9f51b6ab7afbbe026d9b5ed,3464
ADDED,DEV CONVERSATION/2025 RESUME.txt,,079a40722a98d271e77f7ae266680bb2a3a23950,1875
ADDED,DEV CONVERSATION/3.txt,,461cd3af873f69f077dcf6ff4791802b37d17342,4939
ADDED,DEV CONVERSATION/4.txt,,e8038799dead66b48d0ebd3e59f38322b64283ce,5230
ADDED,DEV CONVERSATION/5.txt,,417377ec3fe54387e24d581e165aa45ffe310c92,3331
ADDED,DEV CONVERSATION/6.txt,,7b1bbc7a7a3c679d644d4a20a78560024ae98823,3879
ADDED,DEV CONVERSATION/7.txt,,46d006ed37d9b03b0464c33552ad538e14efbd98,3551
ADDED,DEV CONVERSATION/8.txt,,ce109666d9f7709eef9f0f91d2814060992792e3,5070
ADDED,DEV CONVERSATION/Audioscript - THE FUNDAMENTAL INTUITIONS OF SAT.txt,,2ebfdc24719487b873777f5622a942301720dac5,9399
ADDED,DEV CONVERSATION/Cleaned_Podcast_Episode_List.csv,,ad42afa93bb79219abcb3fcbdc0f9e83fbf32c44,19982
ADDED,DEV CONVERSATION/DEVELOPMENT SNAPSHOTS/32FQWEFE.txt,,50a090f07df1e49d62092b39510646e5c6dba8d2,5849
ADDED,DEV CONVERSATION/DEVELOPMENT SNAPSHOTS/ADD.txt,,da0430e59eb9737071f31f232c5f882e983d1287,9724
ADDED,DEV CONVERSATION/DEVELOPMENT SNAPSHOTS/ADFA.txt,,2be246e2db9d3ccbeafe747466f78bad113e95b1,9665
ADDED,DEV CONVERSATION/DEVELOPMENT SNAPSHOTS/AEFQWFE.txt,,ff40f1e15635b137405a0020c19d3f8cd27d405e,8265
ADDED,DEV CONVERSATION/DEVELOPMENT SNAPSHOTS/AFD.txt,,8c175d398c10dfb136ad6ea41c9bc63ae4e61764,9160
ADDED,DEV CONVERSATION/DEVELOPMENT SNAPSHOTS/ASDE.txt,,728a266b68483eea61ac294403d7de003502182b,8668
ADDED,DEV CONVERSATION/DEVELOPMENT SNAPSHOTS/ASDF.txt,,3cb61a878ce719a7528047ee120a69a6d479a307,9438
ADDED,DEV CONVERSATION/DEVELOPMENT SNAPSHOTS/ASFEF.csv,,ab7edac0c3a2ae3f2df40cda58f9fded61b95da0,4856
ADDED,DEV CONVERSATION/DEVELOPMENT SNAPSHOTS/ASG4FE.txt,,9eaee18d6074ed3a03bf2c045600a6b9c2c9d896,4953
ADDED,DEV CONVERSATION/DEVELOPMENT SNAPSHOTS/AWDSFE.txt,,e04240358dd446bd0ad741096ccf5ff3aefc686b,4739
ADDED,DEV CONVERSATION/DEVELOPMENT SNAPSHOTS/AWEFEF.txt,,47c3963154073e97c41359521d39de81cf4784aa,5461
ADDED,DEV CONVERSATION/DEVELOPMENT SNAPSHOTS/AWEFWFWEF.csv,,f813f48bbafac113765dc340aceff841bf768d59,7792
ADDED,DEV CONVERSATION/DEVELOPMENT SNAPSHOTS/AWEG.txt,,c63b7774d8c6d5738997450c37553bdf35e22185,4523
ADDED,DEV CONVERSATION/DEVELOPMENT SNAPSHOTS/AWFGS.txt,,8c2e49aba95f39c29a38bc57f5d1de47c86795fe,5234
ADDED,DEV CONVERSATION/DEVELOPMENT SNAPSHOTS/AWFQFEW.txt,,403db02cefcad27cedd02d764750b25228668831,4135
ADDED,DEV CONVERSATION/DEVELOPMENT SNAPSHOTS/AWGR.txt,,d5087cf3cf6ba7981525fb80accb480fc6ad905a,4922
ADDED,DEV CONVERSATION/DEVELOPMENT SNAPSHOTS/AWGR3AWFE.csv,,5a15850bc81fef0cf6b1e9e86f447b355785af02,4756
ADDED,DEV CONVERSATION/DEVELOPMENT SNAPSHOTS/EF.txt,,30079f9dccc36902f0fd661ecaf095f545bf1af3,5331
ADDED,DEV CONVERSATION/DEVELOPMENT SNAPSHOTS/EFAFQ.csv,,a779d08a27445c8c70a6299c13651e649e218e60,152
ADDED,DEV CONVERSATION/DEVELOPMENT SNAPSHOTS/EXTENDED COBORDISM.txt,,06d2f9040dbd2fc63b5848275b22897781e4ce5f,699999
ADDED,DEV CONVERSATION/DEVELOPMENT SNAPSHOTS/FEEFE.txt,,71b30b3e308c0528382825d1153344722637324c,3165
ADDED,DEV CONVERSATION/DEVELOPMENT SNAPSHOTS/G35HWGRE.txt,,e4ea6173460a996fb1bb1427db89ef6452a7b611,5094
ADDED,DEV CONVERSATION/DEVELOPMENT SNAPSHOTS/G3QGF.txt,,783e77eac645a56748e2a1c13a5cc4e34cb4f1dd,5147
ADDED,DEV CONVERSATION/DEVELOPMENT SNAPSHOTS/QWEF.csv,,4e59369aed26134e4f75a45c6cfc7cc1c6995d39,309
ADDED,DEV CONVERSATION/DEVELOPMENT SNAPSHOTS/QWEF.txt,,f60a616a407fc321eef3de6e32cc421c5160bbdb,3656
ADDED,DEV CONVERSATION/DEVELOPMENT SNAPSHOTS/QWEFEF.txt,,8625440748d661762bb85c5a8ed4fdad95d68bf9,4403
ADDED,DEV CONVERSATION/DEVELOPMENT SNAPSHOTS/QWEFF.txt,,52e872368afbb1077bb1ea9225cafbe1630a9fb3,2699
ADDED,DEV CONVERSATION/DEVELOPMENT SNAPSHOTS/QWEFQWEFE.txt,,7a528da15b85c02a153398a24874bb1127e39be3,4227
ADDED,DEV CONVERSATION/DEVELOPMENT SNAPSHOTS/QWEFQWF.csv,,8b1c3ef7ec072268c05a77f69572fe2f9b18806e,180
ADDED,DEV CONVERSATION/DEVELOPMENT SNAPSHOTS/QWEFWEF.txt,,8bdfa2a6f4b080a80eb006801d7ac85fb8a39e56,4334
ADDED,DEV CONVERSATION/DEVELOPMENT SNAPSHOTS/QWEFWF.txt,,19155253a9d8ac09cca7f4c40f42505d7d381cf9,3136
ADDED,DEV CONVERSATION/DEVELOPMENT SNAPSHOTS/QWEFWQF.txt,,182b5c7193e69152e767f15900824ba333338be2,3876
ADDED,DEV CONVERSATION/DEVELOPMENT SNAPSHOTS/QWFE.csv,,2194da1b4a09eae7dd2cb2e96d3ac14180c4038b,725
ADDED,DEV CONVERSATION/DEVELOPMENT SNAPSHOTS/QWFEFE.txt,,be38e523b50e85203bbb6a99dadc73a6e8c77f90,3729
ADDED,DEV CONVERSATION/DEVELOPMENT SNAPSHOTS/QWFEFW.txt,,b700b4a0d0fa2daae2182521eba3ab59dd7d936e,1363
ADDED,DEV CONVERSATION/DEVELOPMENT SNAPSHOTS/QWFEFWE.txt,,4bfa3e20918e2a8c1d1d4bc3b058f5e86e165ca3,3758
ADDED,DEV CONVERSATION/DEVELOPMENT SNAPSHOTS/QWFF.txt,,b971cc87e55075806c6b942508852327b9db56ef,3522
ADDED,DEV CONVERSATION/DEVELOPMENT SNAPSHOTS/QWQFWEF.txt,,bbda42af2f45c6ddaaf020d575600a2ad1c38d6c,4009
ADDED,DEV CONVERSATION/DEVELOPMENT SNAPSHOTS/QWWEFW.txt,,49e1d53752c8ec6d1cde3eeb636492f434690dcb,3735
ADDED,DEV CONVERSATION/DEVELOPMENT SNAPSHOTS/RENAME_MANIFEST.md,,9b918fb123045b3df8cafb0d290a0654ee407df7,4566
ADDED,DEV CONVERSATION/DEVELOPMENT SNAPSHOTS/RGQEF.txt,,b8cb342ea8a729eac0fc63adaf2e8972209e3fe1,3542
ADDED,DEV CONVERSATION/DEVELOPMENT SNAPSHOTS/SATO4D_OVERVIEW_AUG2025.txt,,ab4a285b24bab791ef7c497723d61e3a94e6b0d4,4470
ADDED,DEV CONVERSATION/DEVELOPMENT SNAPSHOTS/SATX_Overview_Aug2025.txt,,fb18a114c3a52a6675983a15e895e1bb9b9d41d4,3963
ADDED,DEV CONVERSATION/DEVELOPMENT SNAPSHOTS/SATx_Predictions_and_Retrodictions.txt,,394605dbcb633d1fbecee1678e4907dc28664810,6652
ADDED,DEV CONVERSATION/DEVELOPMENT SNAPSHOTS/SD.txt,,ab021012ddc7896cef2530adac6ade4b907e741c,9885
ADDED,DEV CONVERSATION/DEVELOPMENT SNAPSHOTS/SDFA.txt,,a23e1458a882340de4f6319c7eb8a34c7f6c5ab0,11614
ADDED,DEV CONVERSATION/DEVELOPMENT SNAPSHOTS/SDFAD.txt,,c6a6b1baf30de99d93424c849682cb695ea380f4,9932
ADDED,DEV CONVERSATION/DEVELOPMENT SNAPSHOTS/WEFEF.txt,,9e287898bf7b6f3d3d379f9cd24ab639aa8cc058,2490
ADDED,DEV CONVERSATION/DEVELOPMENT SNAPSHOTS/WEFEWF.txt,,04147ddbd0113363a8efed9f2bdc624e388d400e,3125
ADDED,DEV CONVERSATION/DEVELOPMENT SNAPSHOTS/WEFEWFF.txt,,ab4a285b24bab791ef7c497723d61e3a94e6b0d4,4470
ADDED,DEV CONVERSATION/DEVELOPMENT SNAPSHOTS/WEFWEEF.txt,,27b9861bf6a751b95f9a725dfbe44f08ce5e4343,3701
ADDED,DEV CONVERSATION/DEVELOPMENT SNAPSHOTS/WF32.txt,,312e3c7c90cabc3c7e0c335ed11e7aafa0e589aa,6918
ADDED,DEV CONVERSATION/DEVELOPMENT SNAPSHOTS/WFEW.txt,,672de3c2b5e91f12ed310b15689daf31bafcaeeb,8113
ADDED,DEV CONVERSATION/DEVELOPMENT SNAPSHOTS/WFEWF.txt,,6ec6f87412aae03452d5cacd7a31081fd467865b,4395
ADDED,DEV CONVERSATION/DEVELOPMENT SNAPSHOTS/WFQWEFE.csv,,1fe697cafa2a188a3f7eb46b1054f497dc8b5bbb,7244
ADDED,DEV CONVERSATION/DEVELOPMENT SNAPSHOTS/WQEFEWF.csv,,e75b06a408cc50aa8d7d3ac08f8b9ccde9f3ca92,274
ADDED,DEV CONVERSATION/DEVELOPMENT SNAPSHOTS/WQEFFEW.txt,,4525bf0557ed18fc9682f5a64b9da86848fbf13d,4180
ADDED,DEV CONVERSATION/DEVELOPMENT SNAPSHOTS/WQFEWF.csv,,ea73133d6d827d6e20bfe08ca9e139280417f354,444
ADDED,DEV CONVERSATION/DEVELOPMENT SNAPSHOTS/WQFWEFE.txt,,e5f4839a95273ebfbab7ecbc1f8881ff0aab3a7b,4258
ADDED,DEV CONVERSATION/DEVELOPMENT SNAPSHOTS/WQWDFEW.txt,,827daf749789565bbc908cb25a2b05a928dc5766,4169
ADDED,DEV CONVERSATION/DEVELOPMENT SNAPSHOTS/WV.txt,,9042827bf333808dbd9835f72278f072da017f87,7471
ADDED,DEV CONVERSATION/DEV_1.txt,,b6e61bb8fdad812bcce94ca4bca869934a2efbb0,2696
ADDED,DEV CONVERSATION/DEV_2.txt,,31de6ec50c39bd5dc9f51b6ab7afbbe026d9b5ed,3464
ADDED,DEV CONVERSATION/DEV_3.txt,,461cd3af873f69f077dcf6ff4791802b37d17342,4939
ADDED,DEV CONVERSATION/DEV_4.txt,,e8038799dead66b48d0ebd3e59f38322b64283ce,5230
ADDED,DEV CONVERSATION/DEV_5.txt,,cb797742984068a8294254d3d7a7e0f107c69c17,3629
ADDED,DEV CONVERSATION/DEV_6.txt,,3d0aef218cfb833ddb8b5990fe0bad99394d5177,7074
ADDED,DEV CONVERSATION/DEV_7.txt,,f2038a2214835c90f834b22d8e843fca76f3e6b9,6918
ADDED,DEV CONVERSATION/DEV_8.txt,,ce109666d9f7709eef9f0f91d2814060992792e3,5070
ADDED,DEV CONVERSATION/FUNDAMENTAL INTUITIONS.txt,,81ae23a106939cba7e3d134ed5c90a7d7a979a25,9258
ADDED,DEV CONVERSATION/ITS_A_GO.png,,e9064884a838040e444e3b17de474d587b8d5e61,2725053
ADDED,DEV CONVERSATION/KEY CALCULATIONS.txt,,e38b024ac5e1a075c3343690e87a7ea080f8ecfe,396048
ADDED,DEV CONVERSATION/PIPELINE_DESIGN.txt,,95daf914e643734f4c451f9f24bb028a648ae35f,156808
ADDED,DEV CONVERSATION/PSEUDEINSTEIN.txt,,571c0a41c23b8981b2ac5551e3a8cfc5d9c832c6,3055
ADDED,DEV CONVERSATION/SAT DEV DISCUSSIONS 1.txt,,5f3d27a93710e32bd17c818b66ea5110dede8bd8,14537491
ADDED,DEV CONVERSATION/SAT DEV HISTORY.txt,,7934cdd98999f660a0e4b35af5e0bd03b3407693,6909872
ADDED,DEV CONVERSATION/SAT FORMALIZATION ROUND 3ish (1).txt,,8cb6be0e8ef1d332425f27d1ea921911c1848a53,22770
ADDED,DEV CONVERSATION/SAT FORMALIZATION ROUND 3ish.txt,,8cb6be0e8ef1d332425f27d1ea921911c1848a53,22770
ADDED,DEV CONVERSATION/SAT FORMALIZATION doc.txt,,3f794e74948e53c1a787960807d03d0b1d496c9e,60654
ADDED,DEV CONVERSATION/SAT FULL EVALUATION.txt,,8715cb79b4fe38f6f335080114877e93e8623cb9,218630
ADDED,DEV CONVERSATION/SAT Full Revamp.txt,,2094f6d51c9f407a575a18057ec8330c4ae2ca72,142698
ADDED,DEV CONVERSATION/SAT HARD FORMULATION (1).txt,,e456e9c2185583b60dd3791d4254ad488beec4a3,3416
ADDED,DEV CONVERSATION/SAT HARD FORMULATION(1).txt,,e456e9c2185583b60dd3791d4254ad488beec4a3,3416
ADDED,DEV CONVERSATION/SAT HARD FORMULATION.txt,,7b784c761f43a469896c8fcce3be1e0e70679289,2713
ADDED,DEV CONVERSATION/SAT INCEPTION (1).txt,,6e5d1d2325ab25c8e606ec905e8fc11962c63138,4751
ADDED,DEV CONVERSATION/SAT INCEPTION SCRIPTS (1).txt,,52a9a4c043db9dac777adf8c5a5248de370c7a90,4575
ADDED,DEV CONVERSATION/SAT INCEPTION SCRIPTS.txt,,52a9a4c043db9dac777adf8c5a5248de370c7a90,4575
ADDED,DEV CONVERSATION/SAT INCEPTION.txt,,6e5d1d2325ab25c8e606ec905e8fc11962c63138,4751
ADDED,DEV CONVERSATION/SAT SCALAR ANGULAR THEORY (1).txt,,34ca334e91376b14c852e52df58cfe2dfd0428c1,306418
ADDED,DEV CONVERSATION/SAT SCALAR ANGULAR THEORY.txt,,34ca334e91376b14c852e52df58cfe2dfd0428c1,306418
ADDED,DEV CONVERSATION/SAT TEST.txt,,e75902d1a617e345b411f950399fba3bd8ed2497,26999
ADDED,DEV CONVERSATION/SAT-OLD.txt,,932d575dc548ddab7065724886ead03366e81f96,23774
ADDED,DEV CONVERSATION/Weinstein & SAT(1).txt,,a1dd8af1b09f9882d31dce1c8838c7f9dd851cef,35838
ADDED,DEV CONVERSATION/Weinstein & SAT.txt,,a1dd8af1b09f9882d31dce1c8838c7f9dd851cef,35838
ADDED,DEV CONVERSATION/alberr-dirrections.txt,,285360963dc6cf942694fe495e89a6db2d332d1e,50
ADDED,DEV CONVERSATION/detailed versioning.txt,,4f059df586b6fac6d0cbf41b70895d361f7bb6f4,78356
ADDED,DIMENSIONAL_NORMALIZATION.pdf,,3ee99fa290033083287dbf11c8c3cf2a623ba97a,445700
ADDED,DIMENSIONAL_NORMALIZATION.tex,,52c7183e6d4bd657f5a34efb7f40ce89b6a2dcb1,29224
ADDED,DOMAIN_WALL_REINTERPRETATION.txt,,dcbf59b35000728fe0ed7e8ff995ba6b0bedb813,71195
ADDED,DRAFT PAPERS/SAT 22Jun25.pdf,,caf5771a9d01b8505c23c07ac7cccca04fff49f5,5381173
ADDED,DRAFT PAPERS/SAT_REWRITE.pdf,,ab78b63cbaad2fa5ca5769fbb45100302c57111c,5329850
ADDED,Dim.txt,,8f019606e52cbc8e45bd7638395f994777a3a446,17514
ADDED,Document Comparison and Integration — raw.json,,c09a526b419f06d89ff853ae8adca5f4b681f8fe,537651
ADDED,Donut canon.txt,,be985c292bfcae7352983d596c38e7f172f6029d,18106
ADDED,Draft Paper Review — raw.json,,633e27e93bcbf4d83d367686cdf726900ce35d28,74370
ADDED,EARLY 2026/SAT EARLY 2026 — BOSONIC_TIME.pdf,,ce8f8a33a9fb42dd362e6851db0d2cb48f6d4af9,175326
ADDED,EARLY 2026/SAT EARLY 2026 — BYO LAGRANGIAN.txt,,47ee684888525d9d71a6dd701041685681f3dc49,4184
ADDED,EARLY 2026/SAT EARLY 2026 — CSATOBLOC_pre_lean.pdf,,f23d7ee352dc8442648119f8a4a29cdec0de4e5a,135402
ADDED,EARLY 2026/SAT EARLY 2026 — FINAL_FINALL-nolattice 2.pdf,,3f21f23431c1154d845dacec9a879d611de7bedf,495821
ADDED,EARLY 2026/SAT EARLY 2026 — FULL_THEORY-lattice version.pdf,,175588f4cbe23f2195a9b17cbfc024a4b57b302e,292502
ADDED,EARLY 2026/SAT EARLY 2026 — FULL_THEORY.pdf,,41688dfa15b8c82ec7d7ec1a79c35022d7edbbd5,317822
ADDED,EARLY 2026/SAT EARLY 2026 — FULL_THEORY_Line.pdf,,48edaf02f678a19714981e272afbc4020b24c64d,222762
ADDED,EARLY 2026/SAT EARLY 2026 — L PHYS_REV_D_V_1_Submission.pdf,,8ccc7671be90cb832eadd15974ce277e924da591,92148
ADDED,EARLY 2026/SAT EARLY 2026 — NOETHER NSATOBLOC_pre_lean.pdf,,708cd3c140f0cc497fce70a7582f690787e0cdcb,121577
ADDED,EARLY 2026/SAT EARLY 2026 — QUANTUM HYPERFOAM 2.txt,,c6c7b018f44980a0c6acf2d27e381e647c08f222,26978
ADDED,EARLY 2026/SAT EARLY 2026 — QUANTUM HYPERFOAM.txt,,38f5a194f0f9d135f26381276aa081b31176eb06,26942
ADDED,EARLY 2026/SAT EARLY 2026 — SATOBLOC_pre_lean.pdf,,c4aede32044719cdf5dd4f833bd3de909d5e03ef,143608
ADDED,EARLY 2026/SAT EARLY 2026 — Submission_for_Physics_Review_D.pdf,,f619b836be2b5a5aa4616c03786667013c545584,252942
ADDED,EARLY 2026/SAT EARLY 2026 — UBWA_SAT_4DHH_UC.pdf,,56f9207fbc2115a63c7b52f3ed9a8cc39be45f94,130807
ADDED,EARLY 2026/SAT EARLY 2026 — UNIT CELL LAGRANGIANS.txt,,8adfdc9e5fcd8474c69f1dded679eda5d4434608,60595
ADDED,EARLY 2026/SAT EARLY 2026 — cSAT_2026.pdf,,a7710d3e2c00d3178c1271bfd51e5f44dac3287a,198260
ADDED,EARLY 2026/SAT EARLY 2026 — oSAT_2026.pdf,,d32f9f582ac3aa8c0559d904b60451e2374abf60,212031
ADDED,EARLY 2026/SAT EARLY 2026 — sSubmission_for_Physics_Review_D.pdf,,764167ef1ee9a5924cdf53fcc7cdc8cbb302fbd7,308655
ADDED,EARLY 2026/SAT EARLY2026 — s2Submission_for_Physics_Review_D.pdf,,738bba638b656daa9b004ad8daf3b97b03e5bb10,158077
ADDED,EARLY 2026/SAT EARLY2026 — s3Submission_for_Physics_Review_D.pdf,,499c1e6fb42438ad943f03e9d5b0362eaa7ded98,301766
ADDED,EARLY LOGGED/000000001_2.pdf,,caf5771a9d01b8505c23c07ac7cccca04fff49f5,5381173
ADDED,EARLY LOGGED/2025 scatter amp.txt.txt,,bc36c057f6c580b0c7ecc5a6ebb6ede7cc91871b,28599
ADDED,EARLY LOGGED/2025-10-24_00 SAT O.txt,,c7831e8c248113a1405954f4c85c8fe151aa2107,2572
ADDED,EARLY LOGGED/2025-10-24_00SATO9.py,,c92e8283e2984903acdb015b4331fbd550c6048c,2173
ADDED,EARLY LOGGED/2025-10-24_00sat4d.txt,,62e0cebe02b259b5f706a9a6fec2ffdea377617c,3871
ADDED,EARLY LOGGED/2025-10-24_0101_SAT_Phase_Shift_Note.tex,,f110f6f7a2e2c1515528619296957acec3518acb,2165
ADDED,EARLY LOGGED/2025-10-24_0102_sat_optical_birefringence.png,,ebb7755d0972993c2179553a1e5d5ca2505c844b,70565
ADDED,EARLY LOGGED/2025-10-24_0105_optics_sat_prediction.png,,f5cc4701b23838ac58a4eb40c6496d9b09814301,55907
ADDED,EARLY LOGGED/2025-10-24_0143_Download TV with Transparent Screen (PNG).png,,9809829aa0718687ae16d5e694ec3987049a0b2e,897656
ADDED,EARLY LOGGED/2025-10-24_02sat20.txt,,c04d4e052de70ce250a7960b5c6e570c2a98a8df,1279
ADDED,EARLY LOGGED/2025-10-24_0231_operator_playbooks_chart.png,,3fc043115fb0dd351a1e69e2ec8bb4d034c7654e,109726
ADDED,EARLY LOGGED/2025-10-24_0427_Matplotlib Chart.png,,73395dd82795c45d990e60a6ff8e033b415866ad,167123
ADDED,EARLY LOGGED/2025-10-24_0439_Annotated_Constraint_Network.png,,69664f641431a65ff2afdeef20f0bc6e7b0cc121,521841
ADDED,EARLY LOGGED/2025-10-24_0439_cauliflower.zip,,97f68582b6b1e53ee812ad3e39fc13b1821bcba1,3104
ADDED,EARLY LOGGED/2025-10-24_0440_Annotated_Constraint_Network 2.png,,69664f641431a65ff2afdeef20f0bc6e7b0cc121,521841
ADDED,EARLY LOGGED/2025-10-24_0457_T = 8.5.png,,9b19c8ef4b877f5a631edecec10fe447e9d03e12,1104888
ADDED,EARLY LOGGED/2025-10-24_0554_Download Reversed Overlay Composite PNG 2.png,,88879b2b4115e21b03765e2d86751334b26c4cfe,959986
ADDED,EARLY LOGGED/2025-10-24_0657_UNIVERSAL PLAYGROUND _2025-05-27T10_55_25_Nathan McKnight_ivc_sp91_s35_sb75_se0_b_m2.mp3,,0a02178674f6d23fd425dcecb18b564ac0d14d2e,5532570
ADDED,EARLY LOGGED/2025-10-24_07_SAT_PhaseI_II.txt,,9318fb482fa9c6ec2259c5738c7ed64b3c2ec3b5,5337
ADDED,EARLY LOGGED/2025-10-24_0719_% ==============  module5_quantum_v1.0.tex (no preamble) ==============section{Module 5 Quantum Sector Corr.txt,,bff67025a934a2e7e497ff4decb0ce4135afe54a,2811
ADDED,EARLY LOGGED/2025-10-24_0728_SAT 20 — Glossary and Model Index (Version 10 — Ultra-Hostile Critic-Hardened Full Patch)Symbol  Term      .txt,,13651f2b1eb84099bf6c812eaaad9e07f3ab1ab4,5146
ADDED,EARLY LOGGED/2025-10-24_0728_SAT 20 — Master Decision Log (Ultra-Hostile Critic-Hardened Version)Stages 0–9 Critical-Hardened Summaries.txt,,d36cc5954ef6419b25dafffb733e0b369e604641,2925
ADDED,EARLY LOGGED/2025-10-24_0732_% ==============  module0_foundations_v1.2.tex (no preamble) ==============% Produced-By Proofsection{Modu.txt,,8cf90e977e3d9b2affaaac2c07e39bd77d08b27a,3639
ADDED,EARLY LOGGED/2025-10-24_0733_% ==============  module1_gauge_v1.1.tex (no preamble) ==============% Produced-By Mechasection{Module 1 .txt,,76f3b83f092140da0ef5f2afc256b1ca95259f3d,3137
ADDED,EARLY LOGGED/2025-10-24_0740_% ==============  module4_sigmaT_v1.1.tex (no preamble) ==============% Produced-By Custom+Quantsection{Mo.txt,,f3a299d2f95c2fc4a5cde2f7d038ed2e2724cac1,3089
ADDED,EARLY LOGGED/2025-10-24_0744_% ==============  module7_gravity_v1.2.tex (no preamble) ==============% Produced-By Mecha+Quantsection{Mo.txt,,a28649cea4deb5f06424a21e69e433be6689cc08,2942
ADDED,EARLY LOGGED/2025-10-24_0747_% ==============  module8_global_v1.2.tex (no preamble) ==============% Produced-By Sim+Quantsection{Modul.txt,,13a9fec5538aa99008549b90096fd2e9bc9a5a82,3940
ADDED,EARLY LOGGED/2025-10-24_0753_overlapping_parameters.png,,15aef496604b9071ab8d0e171eaea08cba2c9375,176935
ADDED,EARLY LOGGED/2025-10-24_0757_overlapping_parameters_linear.png,,5e4f854551d359abe1991dfece8cf0addbf9bfa7,179630
ADDED,EARLY LOGGED/2025-10-24_0822_SAT 20 — Master Decision Log (Version 11 — Ultra-Hostile Critic-Hardened through Stage 10)Stages 0–10 Criti.txt,,84e7cb57817ce6d389ec098ce2561aa41a90a64a,3279
ADDED,EARLY LOGGED/2025-10-24_0837_SAT 20 — Master Decision Log (Version 11 — Ultra-Hostile Critic-Hardened through Stage 10)Stages 0–10 Criti.txt,,84e7cb57817ce6d389ec098ce2561aa41a90a64a,3279
ADDED,EARLY LOGGED/2025-10-24_0_YSAG.txt,,d31a010a4e121dcc7afe0fe6870f5f36864fdab5,5865
ADDED,EARLY LOGGED/2025-10-24_1144_Executive Summary Diagnostic Review of the Chronophysical Proposition (SAT)This document reviews the intern.txt,,3bda985e7b29135cefb5687ae184b2f7de89f6d2,3917
ADDED,EARLY LOGGED/2025-10-24_1146_Module_O8_Updated_PGCU.tex,,ced07cee911afedf7e6e5aa74f5ac72af20f2eda,2711
ADDED,EARLY LOGGED/2025-10-24_1147_Full Diagnostic Review Chronophysical Proposition (SAT)[BEGIN DIAGNOSTIC CONTENT]I. Introduction and Obje.txt,,9ecab7a80f1a2f4b201d3dab77587be730d4eb0a,1395
ADDED,EARLY LOGGED/2025-10-24_1217_SAT_O1.tex,,9a07893cf596e190486df17503626327d6023caa,3617
ADDED,EARLY LOGGED/2025-10-24_1218_SAT_O2.tex,,9e742f74ddd01032937dea3fadb7f74db5ff6541,3728
ADDED,EARLY LOGGED/2025-10-24_1224_SAT_O5.tex,,8601b33349c14e4453cc475f9850c1bc5e123462,3539
ADDED,EARLY LOGGED/2025-10-24_1228_SAT_O Supervisor Rubric Module O1Audit Deployment Master ThreadDate 2025-06-06Audit Evaluation Criteri.txt,,46aff78dd410095f98898c03d2a9ece18dfacb95,3418
ADDED,EARLY LOGGED/2025-10-24_1229_SAT_O6.tex,,19fa30ed3c0d8a85b4729c98aa11b9f73984d0b0,2737
ADDED,EARLY LOGGED/2025-10-24_1233_SAT_O8.tex,,5ce0998783ccbb24fd5cea193af1126d8160b5d5,2994
ADDED,EARLY LOGGED/2025-10-24_1234_SAT_O7.tex,,b6dc8605d0d27374e6fd3876c0bdd6b43cd4b14e,2978
ADDED,EARLY LOGGED/2025-10-24_1235_SAT_O3.tex,,42017c41aaddde175117ac395d70cdf8ba194aa0,2909
ADDED,EARLY LOGGED/2025-10-24_1237_SAT_O4.tex,,d63a7d5261974d092340e77c13a1ad901a3af984,2507
ADDED,EARLY LOGGED/2025-10-24_13AUDITOR PATCHifies and extends the.txt,,80d9d390b2bd8af296f043454ae71205722c498a,3125
ADDED,EARLY LOGGED/2025-10-24_1312_SAT_GLOSSARY_FINAL.txt,,efc88f4523b2fd616e64898737c2aa45e5f39b9a,2774
ADDED,"EARLY LOGGED/2025-10-24_1312_documentclass[12pt]{article}usepackage{amsmath,amssymb}usepackage{geometry}geometry{margin=1in}title{.txt",,6a1ef773c40f805aace5fd61e3584ba50c21241d,3157
ADDED,EARLY LOGGED/2025-10-24_1314_SAT_PROJECT_INSTRUCTIONS.tex,,d8e7a6ee917262aba0cbf58adb85b9f81bf048cc,1999
ADDED,"EARLY LOGGED/2025-10-24_1318_MASTER THREAD READMERole Construct audit packages from SAT_O modules under ultra-hostile, zero-trust condit.txt",,e16f1897f6856dcf16e52997f8a8ff6a09226544,633
ADDED,EARLY LOGGED/2025-10-24_1328_SAT_ACTION_PLAN_CLEAN.tex,,597060293196a8017fbbb144a3393733e76ee267,2858
ADDED,EARLY LOGGED/2025-10-24_1352_SAT_ACTION_PLAN_GUIDED.tex,,30f76c914c14d5e370307060641907090cf358b4,3790
ADDED,"EARLY LOGGED/2025-10-24_1400_SHEPARD.py — SAT_O Orchestration EngineThis module controls phase execution, placeholder enforcement, con.py",,52f7922d23a5092e8b402a050850d0a2e5cb1ed2,3064
ADDED,EARLY LOGGED/2025-10-24_1401_PROTOCOLS_REF.py — Core Logic Protocol Definitions for SAT_O SystemAuthoritative static file. Invoked by .py,,509847ffc44790cbf94eb69c3533885f5f27894b,3329
ADDED,EARLY LOGGED/2025-10-24_1414_SAT_CORE_4D 2.tex,,b45b1a85dfa7142610d9c9eeff48ab656ee192c8,2046
ADDED,EARLY LOGGED/2025-10-24_1414_SAT_CORE_4D.tex,,b45b1a85dfa7142610d9c9eeff48ab656ee192c8,2046
ADDED,EARLY LOGGED/2025-10-24_1503_SAT_O REDEVELOPMENT INITIATIVEPLAN OF ACTIONLessons Learned from Audits------------------------------1. .txt,,ccc004b6445f000ba82794177d0fb3f28b81366b,1471
ADDED,EARLY LOGGED/2025-10-24_1504_SAT_O REDEVELOPMENT INITIATIVEPROJECT INSTRUCTIONSObjective-----------To redevelop the SAT_O theoretical.txt,,6233da78c8d052ba45552464ba93adf82aa52e90,2515
ADDED,EARLY LOGGED/2025-10-24_1531_sat_introduction_intro.tex,,991ecd888c3a7cc17310111a4bb97306e72d0cb8,3563
ADDED,EARLY LOGGED/2025-10-24_1532_sat_introduction_intro_technical.tex,,832926ad801f74ca33b48cdef9f9b1647d7885a8,3962
ADDED,EARLY LOGGED/2025-10-24_1539_SATNathan McKnightJune 20251PART I — INTRODUCTION21 Scalar–Angular Theory (SAT) Lay OverviewFor Readers.pdf,,c61f3e076147f5aa90a1d2d35bcb6592bcab1c80,5305098
ADDED,EARLY LOGGED/2025-10-24_1548_ElevenLabs_2025-05-23T19_26_30_Nathan McKnight_ivc_sp100_s50_sb75_se0_b_m2.mp3,,7ef69d353fe9c99a0057c64fcf22e07c76ce4037,3704835
ADDED,EARLY LOGGED/2025-10-24_1627_# SAT Framework Phase I–II Internal Completion SnapshotAs of May 2025  Prepared for Nathan McKnight  .md,,47481aae31241ec30a51c677e507b8a2f1671f7a,3461
ADDED,"EARLY LOGGED/2025-10-24_1628_import sympy as sp# === Metadata ===INTERPRETIVE_MODE = 1DERIVED = TrueSOURCE_MODULES = [O1, O3, O8].py",,37c07fee9c6806522453e14c10ae1f8eb025eb7a,1027
ADDED,"EARLY LOGGED/2025-10-24_1631_import sympy as sp# === Metadata ===INTERPRETIVE_MODE = 1DERIVED = TrueSOURCE_MODULES = [O1, O2, O3,.py",,23ec7dae80190f8ee9d0019a5d70ed0f0372fede,838
ADDED,"EARLY LOGGED/2025-10-24_1635_import sympy as sp# === Metadata ===INTERPRETIVE_MODE = 1DERIVED = TrueSOURCE_MODULES = [O3, O5]STATU.py",,2f775589b074933b4dc38000c19a3bac9e945a27,693
ADDED,"EARLY LOGGED/2025-10-24_1639_import sympy as sp# === Metadata ===INTERPRETIVE_MODE = 1DERIVED = TrueSOURCE_MODULES = [O1, O2, O3,.py",,cb28677f6ddd75f6391bb9ee787c0af9ab6cce2f,1390
ADDED,EARLY LOGGED/2025-10-24_1642_import sympy as sp# === Metadata ===INTERPRETIVE_MODE = 1DERIVED = TrueSOURCE_MODULES = [O1]STATUS = E.py,,82ec2d9faf3c7064b4543067eb1ee7a03ded22a4,835
ADDED,"EARLY LOGGED/2025-10-24_1645_{metadata{statusvalidated,derived_from[O1],interpretive_mode1},D4.1{force_term∂L_self .json",,4c74eab9fa389e3297fc75914f5109927557728d,607
ADDED,EARLY LOGGED/2025-10-24_1648_247•!! 5G100Find in this showDebating Al OnConsciousness and RealityNathan McKnight 5.0 (1) • Philo.txt,,3ae6d8d62d31b5d34fcaa46360feac6db92f455d,21482
ADDED,"EARLY LOGGED/2025-10-24_1649_{D5.1{entropy_rateS(x) dφ,descriptionEntropy rate and drift vector from strain and uμ,drift_vecto.json",,07b34e5f1401f7f6399b7d6c03086890567cdf44,521
ADDED,"EARLY LOGGED/2025-10-24_1657_import sympy as sp# === Metadata ===INTERPRETIVE_MODE = 1DERIVED = TrueSOURCE_MODULES = [O1, O3]STATU.py",,d68f9246b972bc4534520f8b9cabc36da1eeeb5b,1023
ADDED,"EARLY LOGGED/2025-10-24_1710_documentclass[11pt]{article}usepackage{amsmath,amssymb}usepackage{hyperref}usepackage{geometry}geometr.txt",,816573d1381771fc1d7dfe327567436f6ae55662,3384
ADDED,"EARLY LOGGED/2025-10-24_1713_import sympy as sp# === Metadata ===INTERPRETIVE_MODE = 1DERIVED = TrueSOURCE_MODULES = [O1, O8]STATU.py",,b42d1c6bf05f90e2986ecbc3052a97e5bcf76bd5,843
ADDED,EARLY LOGGED/2025-10-24_1717_import sympy as sp# === Metadata ===INTERPRETIVE_MODE = 1SIMULATION_SUITE = SAT_SIM_0VERSION = v1.0#.py,,5de6fe904c6639e3f3e987464a411d11e0d24062,961
ADDED,EARLY LOGGED/2025-10-24_1727_SAT_GLOSSARY_FINAL.txtDirective SAT_DIRECTIVESInterpretive Mode Mode 1Classification coreGlossary of Sy.txt,,dae39b0838df1178075e134211d046edac67a1a7,1320
ADDED,EARLY LOGGED/2025-10-24_1728_% SAT_GLOSSARY_Jun17-2027.tex% Directive SAT_DIRECTIVES% Interpretive Mode Mode 1% Classification cored.txt,,d8cfae2ecf8a6da2c69c0d430761311f4d6222c3,1801
ADDED,EARLY LOGGED/2025-10-24_1736_import sympy as sp# === Metadata ===INTERPRETIVE_MODE = 1MODULE = SAT_QMC_MassCouplingSTATUS = Validate.py,,e5362a86eb568c3ababa5e1c43df5f9feab9a7a4,991
ADDED,"EARLY LOGGED/2025-10-24_1742_documentclass[12pt]{article}usepackage{amsmath,amssymb}usepackage{geometry}geometry{margin=1in}title{S.txt",,b70f46cccf965789ca2a37e475d5d34c39a1441f,1328
ADDED,EARLY LOGGED/2025-10-24_1803_documentclass[12pt]{article}usepackage{geometry}geometry{margin=1in}title{SAT DEPLOYMENT GUIDELINES}da.txt,,6f4ee6a0522e68f4ca0105b7deaf26fc2476dc9d,3426
ADDED,EARLY LOGGED/2025-10-24_1803_documentclass[12pt]{article}usepackage{geometry}geometry{margin=1in}title{SAT DIRECTIVES}date{}begin.txt,,7725561db9f56b09c55f51ae57772cb11e5af722,3128
ADDED,EARLY LOGGED/2025-10-24_1814_Candidate tension potential forms for O1 using symbolic definitions.import sympy as spdef elastic_rod.py,,d9180a36613ca8cd4366e3f8624ad3e074543a60,1004
ADDED,EARLY LOGGED/2025-10-24_1817_Skeleton for the filament-network simulator with basic functionality.import numpy as npdef build_disc.py,,b8e64981ff1f7c16ae6c92cb2226854e4fa2d321,513
ADDED,EARLY LOGGED/2025-10-24_1818_Filament-network simulator with topological densities and gauge coupling calculations.import numpy as .py,,73df9df4fd63f7601b8ca69106c7623b3b2f90fe,1966
ADDED,EARLY LOGGED/2025-10-24_1900_360 3.webp,,96df28e02f7ba986f2c8ba33bd2d6d69d347e84f,4478
ADDED,EARLY LOGGED/2025-10-24_1900_360 5.webp,,96df28e02f7ba986f2c8ba33bd2d6d69d347e84f,4478
ADDED,EARLY LOGGED/2025-10-24_1900_360.webp,,96df28e02f7ba986f2c8ba33bd2d6d69d347e84f,4478
ADDED,EARLY LOGGED/2025-10-24_1906_. . . . ..   .   .  .    . .  .txt,,673ebfd9d11164433f5129bc56b337125d2da063,33
ADDED,EARLY LOGGED/2025-10-24_1937_SAT_Lay_Overview.tex,,65e2bb74c0ec0eb8efa73e31b2855172d57b2eb1,2596
ADDED,EARLY LOGGED/2025-10-24_1937_SAT_Scientific_Intro.tex,,971067c1a8a8ee294aa8fcf83bc4b323b083435f,2846
ADDED,EARLY LOGGED/2025-10-24_1947_sat_june_2025.png,,ba0c07d6fe1cabbf448480e9e1e919b6606931e4,9596918
ADDED,"EARLY LOGGED/2025-10-24_2010_A Full-Length Script in Three CoursesCAST•Customer Earnest, articulate, increasingly baffled. Wears a pat.txt",,bc53ccc066824368a35085b60aa0ef1b5d96c687,4787
ADDED,"EARLY LOGGED/2025-10-24_2033_SAT LAYMAN17Jun2025Imagine the universe as a giant four-dimensional block of spacetime, threaded through by .txt",,748c233d36d9261a0581b3b6871ec6e0798650ea,24587
ADDED,EARLY LOGGED/2025-10-24_2035_Second third Second-Order Consequences1.Spatial Anisotropy of Fundamental “Constants”Since each gauge cou.txt,,eef4c8aff940dbaa1edaaeda43d494d5733c06b0,2796
ADDED,EARLY LOGGED/2025-10-24_2036_NotebookLM Mind Map.png,,aef0d531b25277f23294d677ba9dd78389d4209f,1078032
ADDED,EARLY LOGGED/2025-10-24_2044_Nautilus Article ShortThe α-Aperture HypothesisWhat magic-angle superconductors might be trying to tell us a.txt,,690ba4f864ef21d0ec360603f620eb0cf2c348a3,8927
ADDED,"EARLY LOGGED/2025-10-24_2103_May 23, 2025 at 09_03_24 PM.png",,563b4a72b29c701360a8984ce35fde39605ccb4f,1596077
ADDED,EARLY LOGGED/2025-10-24_2245_SAT_section_mass_spectrum 2.tex,,b786eb11d7e0c51efd1945452dadc1b2df63ebb1,2931
ADDED,EARLY LOGGED/2025-10-24_2245_SAT_section_mass_spectrum.tex,,b786eb11d7e0c51efd1945452dadc1b2df63ebb1,2931
ADDED,EARLY LOGGED/2025-10-24_2250_SAT_section_gravity.tex,,826ce3a631bf6edbb7fafacf7cd10a01fe41175e,1942
ADDED,EARLY LOGGED/2025-10-24_2258_SAT_section_gravity_force_hierarchy.tex,,5b6d38a98d5532792e03378781dd0439e89a4533,2439
ADDED,EARLY LOGGED/2025-10-24_2307_SAT_section_chiral_anomaly_full_calc.tex,,d0a7e9b3d926a317a530cafaf9550be823b816c0,2829
ADDED,EARLY LOGGED/2025-10-24_2312_SAT_section_lepton_mass_failure.tex,,63f512d7874785ca567111ac5a77c4a95cc3c753,2950
ADDED,EARLY LOGGED/2025-10-24_2318_Click to open the image.png,,b0c7772c4c8bc47a4ed8c95a812a6a3e64e96128,1051599
ADDED,EARLY LOGGED/2025-10-24_SAT O.txt,,85c86f274ecc6ade3b342a843ec3715d54f34079,2599
ADDED,EARLY LOGGED/2025-10-24_sat20gloss.txt.txt,,869773b4f09fd4bce55dfba99f06607192716f21,5028
ADDED,EARLY LOGGED/2025-10-24_sat20v2.txt,,348ae440f75a31b28ef7961b2e206259e36e995b,2563
ADDED,EARLY LOGGED/2025-10-24_theory type.txtThought for 23 se.txt,,13f496c401c10f1e6c91608e32e6ce08b1f3bb86,21982
ADDED,EARLY LOGGED/2025-10-24sat_flavor.txt,,3923edb5094048e04529f8cb593e4b40cf55142a,3657
ADDED,EARLY LOGGED/2025-10-24sat0.txt,,41a62bef00e3edb595079a3bbb08ec448460a584,4908
ADDED,EARLY LOGGED/A reaction.txt,,4d3c072cc55bde77c3a12940ab831a61567c3253,6387
ADDED,EARLY LOGGED/Act Plan.txt,,ae1bbf01509e838d4e53923233645053df14337b,3160
ADDED,EARLY LOGGED/C2.txt,,5676240ab0d1551f00046320c55b7f50fee1c116,4744
ADDED,EARLY LOGGED/C4.txt,,7391439db33da0072ec7790b871ad6fe530f3b71,1699
ADDED,EARLY LOGGED/Chronophysical_Theory_Structure.txt,,3d8b044a133fefc7bd06be1bc9da9690927afe1f,2190
ADDED,EARLY LOGGED/Cronin Levin SAT.txt.txt,,8a6bbd5c87a949a7448556a7ebd7be5f850a5b13,29727
ADDED,EARLY LOGGED/FAM.txt,,9589d7f74f1b240d8f862d208c79984a913e6c30,3658
ADDED,EARLY LOGGED/GodelianFix.txt,,bd4441f0ce830386b5dfd1cb33fd0376ccce2e6a,66292
ADDED,EARLY LOGGED/LeeCronin.txt,,38f0837a03ca8d811082b42b2a03ddffa3b795bc,53673
ADDED,EARLY LOGGED/Levin.txt,,d7cb7f5d24de673043597acb1247f1ccad68dd08,152008
ADDED,EARLY LOGGED/Made of.txt.txt,,98209f1eb1b2b0c11a28755b116591dbfdddfd01,452216
ADDED,EARLY LOGGED/Misc RMS.txt,,71b6dd01b65fdb18da137775e8997b084a11766c,391
ADDED,EARLY LOGGED/Module_O8_Audit_Combined 2.txt,,02f61b23af689edf33a989dac57f3b69dac621e9,17299
ADDED,EARLY LOGGED/Module_O8_Audit_Combined 3.txt,,02f61b23af689edf33a989dac57f3b69dac621e9,17299
ADDED,EARLY LOGGED/Module_O8_Audit_Combined.txt,,02f61b23af689edf33a989dac57f3b69dac621e9,17299
ADDED,EARLY LOGGED/Nautilus Article Full.txt,,8d87bca616f7acd23fbaebb1196c1747870f8be9,97955
ADDED,EARLY LOGGED/PodcastReboot.txt,,0465e70cd186bfeab9350140fa4f26f41a75c58d,14376
ADDED,EARLY LOGGED/RMS2.txt,,a9c817dd10a4f78920fde5cd4bdb055235ac0929,14915
ADDED,EARLY LOGGED/RMS_Canonical2.txt,,30805c536a9eff4734ffb9d58f49c5f69262a8d7,1921802
ADDED,EARLY LOGGED/Refutness .txt,,0e88859499d8a5a8fea4eda0bb75c5d837d9d2c6,6153
ADDED,EARLY LOGGED/SAT O3.1.txt,,7426eb4c5535d026b5d833b8423d652bf7dceb37,4517
ADDED,EARLY LOGGED/SAT OVERVIEW 17Jun2025.txt,,748c233d36d9261a0581b3b6871ec6e0798650ea,24587
ADDED,EARLY LOGGED/SAT.4D Sketch.txt,,1644c03ad5d15a99c844d1b5b5e6e266bec92813,69116
ADDED,EARLY LOGGED/SAT2025-sat-gauge-lie.txt.tex,,de984ab3505b845a12f11c2e61da1a9966ac44ad,4519
ADDED,EARLY LOGGED/SAT4Dovervoew.txt.txt,,6e387df84ef93d8308795020f4cb4fa286a41feb,15873
ADDED,EARLY LOGGED/SATCoMast v2.txt,,af518831e1f6b2b5fbb04c48e6c4d0b92639cd2e,6262
ADDED,EARLY LOGGED/SATO-4D.pdf,,99254f9c3f6f35d264ced19d0054d15dca05c972,1985630
ADDED,EARLY LOGGED/SATO-COMPLIANCE-MOD.txt.py,,13d2ed89cb175fd58bd7877332f1fc1a89eff0fd,1606
ADDED,EARLY LOGGED/SATO-scattering.txt,,535beb77594982ad0020d841c79810135d18401c,3375
ADDED,EARLY LOGGED/SATW_PhaseDiagram_Theta_vs_Mass.png,,6be202d0193dfb5abdc0868126aedb0897d80ede,192630
ADDED,EARLY LOGGED/SAT_CLEAN.pdf,,8537307691275bdf5dd2c646e3775649643ccecf,9
ADDED,EARLY LOGGED/SAT_CORE_4D_structure_lock 2.py,,dfbaa66eac55bda35b6071b207889d93d35d076f,6170
ADDED,EARLY LOGGED/SAT_CORE_4D_structure_lock 3.py,,dfbaa66eac55bda35b6071b207889d93d35d076f,6170
ADDED,EARLY LOGGED/SAT_COSMOLOGY_ShearDrivenExpansion.py,,80bf5a668e0a396d23997495f8a36f94ffb9b768,606
ADDED,EARLY LOGGED/SAT_COSMOLOGY_module.txt,,1f20c1b089b5168d8160e230b2090a23ec228869,1598
ADDED,EARLY LOGGED/SAT_D1_1_DiracThetaCoupling.py,,0067a22d80124f734a7c929d2faf76f401de0e40,1149
ADDED,EARLY LOGGED/SAT_D1_2_DiracCovariant.py,,be16893d05d53f8e2f0dd665561e39d9b43163e2,1499
ADDED,EARLY LOGGED/SAT_D2_0_TripletBundle.py,,834c75ea4a79947cbb9df21da96de894a9fada9a,1386
ADDED,EARLY LOGGED/SAT_D2_1_TripletGaugeCoupling.py,,060720580f503ce14cdbc8701f14c8487105b361,1661
ADDED,EARLY LOGGED/SAT_D2_2_TripletCommutators.py,,de8386277eaac3f53f909d83f8bdc2d59d7db6de,888
ADDED,EARLY LOGGED/SAT_D2_3_TripletFieldStrength.py,,a466595ee41f59613dbb4164a430be7fe94e11d4,1294
ADDED,EARLY LOGGED/SAT_D3_1_CurvedDiracVariation.py,,73f004b576a4a30d6fc0bd6bc0019c3d4c94e0cd,1447
ADDED,EARLY LOGGED/SAT_D3_2_CurvedEigenmodes.py,,c3caf6840975bc6bb32cb9f704ade8206c2616e0,838
ADDED,EARLY LOGGED/SAT_D3_CurvedBundleSuite.json,,36e04bab44b6ec6a6d8a6f1ff0f1530420d2c4cd,703
ADDED,EARLY LOGGED/SAT_D4_1_SelfInteractionVariation.py,,26613e3988e75665007fce82392487496e638d41,797
ADDED,EARLY LOGGED/SAT_D4_2_EffectivePotential.py,,137f36b052dea302fdc6caf48ca5cf3d11e35512,980
ADDED,EARLY LOGGED/SAT_D5_1_EntropyRate.py,,4c44458c5564c619d0e31743396b1097f9360b20,935
ADDED,EARLY LOGGED/SAT_D6_0_CosmologyFromStrain.py,,bcd066326183f2aaa4bb03aaf0ac6071bad67e0c,840
ADDED,EARLY LOGGED/SAT_D6_1_CosmologySolver.py,,2ea8191b9322fc2e7c242371d44955a78743634c,906
ADDED,EARLY LOGGED/SAT_D6_CosmologySuite.json,,db02fcef0aed932ab377511f9134842d9e3364cf,419
ADDED,EARLY LOGGED/SAT_D7_SpinorTopologySuite.json,,327b02a4583027d1e3e1b18c36352c099438fb23,588
ADDED,EARLY LOGGED/SAT_D8_0_TopologicalFluctuation.py,,ee4b60f0ad5b8101db4ebef3adbb65b864f56302,722
ADDED,EARLY LOGGED/SAT_D8_1_ModeQuantization 2.py,,b42d1c6bf05f90e2986ecbc3052a97e5bcf76bd5,843
ADDED,EARLY LOGGED/SAT_D8_1_ModeQuantization.py,,b42d1c6bf05f90e2986ecbc3052a97e5bcf76bd5,843
ADDED,EARLY LOGGED/SAT_DERIVATIONS_INDEX.txt,,19610d8eb16878ace3a2cf50047bff9319ed1b27,1552
ADDED,EARLY LOGGED/SAT_DERIVED_COMPENDIUM_v1.json,,cc72bf0fab4380835fe18fd9144aadfdab939995,1136
ADDED,EARLY LOGGED/SAT_Extended_Cobordism_Framework.txt,,e7164556e3a3aadf3841385cae856eb0bde4f3a2,2033
ADDED,EARLY LOGGED/SAT_GLOSSARY_MODEL_INDEX_v11.txt,,869773b4f09fd4bce55dfba99f06607192716f21,5028
ADDED,EARLY LOGGED/SAT_GLOSSARY_MODEL_INDEX_v5.txt,,cbc2d9f78546c8957655f06b063f6d7a618afe25,4446
ADDED,EARLY LOGGED/SAT_GLOSSARY_MODEL_INDEX_v6.txt,,2adf43b6948746ddcde1877f186b67be3a736d1a,5432
ADDED,EARLY LOGGED/SAT_Moduli_Topology_Quantization_Triad.txt,,0db21297bf8b1e9210465c786e06a4a06f76cc82,2771
ADDED,EARLY LOGGED/SAT_O1_Audit_Package.txt,,2bd8951d3b38148445b27a5f1fb961c4c72c3aad,2561
ADDED,EARLY LOGGED/SAT_O3.1_topology_gauge_lie_algebras 2.tex,,de984ab3505b845a12f11c2e61da1a9966ac44ad,4519
ADDED,EARLY LOGGED/SAT_O4_AUDIT_Results.txt,,4b9945f576abb6eb8ba2aa82b2dc3c11f2fca0dc,5020
ADDED,EARLY LOGGED/SAT_O8_AUDIT_Results.txt,,c8bdc77792e273d09e002c3d6da8ffb0b9787f1b,31942
ADDED,EARLY LOGGED/SAT_Phase_Shift_Control_Patch.txt,,ccaa8a461de4e4d95230bc04a6d27f2ce5b463be,1464
ADDED,EARLY LOGGED/SAT_QMC_MassCoupling.txt,,9d0fbf22911765a0c0094c4fa3344f329b1e32fa,2126
ADDED,EARLY LOGGED/SAT_Status_Report.txt,,493046acd7841f16e5b3a486f18b7c4f9d5ea05b,2457
ADDED,EARLY LOGGED/SAT_TRANSLATION_COMPENDIUM.tex,,1ec73f670a1ef977c0f5c2eec90b322f82e4eede,737
ADDED,EARLY LOGGED/SAT_glossary_17jun2025_wrapped.txt,,6209fbdf35015e3d16d5880b473e8e3e528e7ed3,2056
ADDED,EARLY LOGGED/SAT_json_.txt.json,,aa96b063b7b07387fa64462d7f90a1119ba94dba,1246
ADDED,EARLY LOGGED/SAT_quantum1.txt,,308eab57e5efb7c3778e6ba67ba355b27757b566,3180
ADDED,EARLY LOGGED/SAT_section_exotic.tex,,5b6f7f12a70a6f33c548b6217e02bb988fb1657b,3602
ADDED,EARLY LOGGED/SAT_section_gauge_ratios.tex,,3b25bdf239d80c3892e735c5efebdb5da38d9422,2437
ADDED,EARLY LOGGED/SAT_section_meson_widths.tex,,182485386eb4a4bbf0b084fa5de2fa7efaca1dcf,3036
ADDED,EARLY LOGGED/Sat2025-pred.txt.txt,,0d5610d86efd627cfd623214d0e0964130525d15,11354
ADDED,EARLY LOGGED/Sato py.txt,,2ff9f43ca438ba8bbc66c2dc78946d7f58fb176f,175468
ADDED,EARLY LOGGED/Sato python.txt,,2ff9f43ca438ba8bbc66c2dc78946d7f58fb176f,175468
ADDED,EARLY LOGGED/Sato-ledger.txt.md,,036e7dcfea4d4d6bd01ebf25e54c8027097db046,2827
ADDED,EARLY LOGGED/Satopy.txt.txt,,87af2216878ae51fd4cf8a39c791268c87effc14,266740
ADDED,EARLY LOGGED/Tax of perc.txt.txt,,9166c9c86c8b5192a509e4cd51d1b9169e62b7c2,665
ADDED,EARLY LOGGED/The radical insight of SAT.txt,,b2b188690f636a98af0b9ed8a213e743d8e0416e,64186
ADDED,EARLY LOGGED/Zhup.txt.txt,,c1d3ac635f17694613bed92d4c246eb2ead4d1eb,6919
ADDED,EARLY LOGGED/concordance_colab_block_1.py,,a491a80a7e1ad88b6aae75446142e66bf96424e8,191
ADDED,EARLY LOGGED/concordance_colab_block_3_expanded.py,,0a9d406318b27ce090e1c9dc612ae06e50a56164,4399
ADDED,EARLY LOGGED/ensemble_average.py,,b08335b7e11ca0037f28d04d761b24292a1dcef8,794
ADDED,EARLY LOGGED/optics_standard_model.png,,46df3fe943c5e0ea08584468cb0b37e14bdb4195,35353
ADDED,EARLY LOGGED/param_mapping.py,,14667d58d7ce126f4860830df0c75007056e69b2,612
ADDED,ENGINE_OUTPUTS/BEST_OF_RUN_20260709_161016/Batch_Physics_Summary.csv,,976163cccf897d94dce5177638a999c5159b7717,97
ADDED,ENGINE_OUTPUTS/BEST_OF_RUN_20260709_161108/Batch_Physics_Summary.csv,,37d8a4d3ae9e8a43db0b60ff886efde33c62ebf8,124
ADDED,ENGINE_OUTPUTS/OBSERVATORY_RUN_20260709_022243/000000001_capture.png,,45a1d758080e04a3119f85d9040123fdbe297b2b,425274
ADDED,ENGINE_OUTPUTS/STABLE_RUN_20260709_030652/000000029_snap.png,,cb7d6d7b6459b4f13a666618a614ecdb89572adb,227153
ADDED,EXPLAINING PHYSICS TO NATHAN.txt,,7d5ed713a9f7b3f7868f1b8573572e60454834c1,3696
ADDED,Early Misc/4D_THINKING.txt,,9b55304202fa8623e08db90f0b2c7220aa9b70c4,254035
ADDED,Early Misc/AN INDULGENCE.txt,,d619ff87203e4b2bebfdb79e1e5800b1e3abe516,354263
ADDED,Early Misc/BIOLOGICAL IMPLICATIONS OF SAT.txt,,7975934db04f9c996e2e7204e1ee062e6bc81b17,16096
ADDED,Early Misc/BrainTrustFULL.txt,,e3f967584f761f19486c2d18e3c147499565dcca,300538
ADDED,Early Misc/BrainTrust_v2_Example1.png,,9702cb9b2005498af2e954c5df49c7b68d089048,74515
ADDED,Early Misc/BrainTrust_v2_Example2.png,,9d2e3b33f872c1cdf15532185428bfaf804c68b6,74010
ADDED,Early Misc/BrainTrust_v2_Initiation.png,,a8fbdd14a701a299cd6bddc68f7dc3bed3ba237f,147291
ADDED,Early Misc/CARROLL-HAWKING DISCO.txt,,36df4257ad509dcbd8b079bb71ac04f0271bd86e,1049682
ADDED,Early Misc/Chronophysical_Proposition_Executive_Summary.txt,,3bda985e7b29135cefb5687ae184b2f7de89f6d2,3917
ADDED,Early Misc/Chronophysical_Proposition_Full_Diagnostic.txt,,9ecab7a80f1a2f4b201d3dab77587be730d4eb0a,1395
ADDED,Early Misc/EMERITUS_CP Responses.txt,,f5b755462a6c4f6f4861a5d506ca4b9931b10bd6,11402
ADDED,Early Misc/GPT_Tools_and_SAT-Naive_Analysis_Captions_FINAL_SAFE.pdf,,d6cd57d2fe25130e02bace318b709edc9ed46045,695372
ADDED,Early Misc/InputDef.txt,,6b8291458f719c0e70fbc20ddace17b71830ee5e,3196
ADDED,Early Misc/L2-2d.txt,,f298b64d14538444480eb8d5d529899ccbaab28e,330
ADDED,Early Misc/LAB1_code.txt,,d4f26a865ebb6bd4cec100797ad887fb25942f30,17307
ADDED,Early Misc/LAB2_SAT_Dirac_Brackets_And_Closure_3D.pdf,,0073539fc18d2f7f3c55dcb332b9c9c4184d53d5,2275
ADDED,Early Misc/Lab1 Output to NLM (notebooklm).txt,,92822cc5175c9c894deabd4ce97d911c84f36868,1945
ADDED,Early Misc/Lab2 Output to NLM (NotebookLM).txt,,fb17d5709cd416b8a75f0f4801dd9a4fa028520a,3115
ADDED,Early Misc/MAY21 Phase IV Completion.txt,,2082bba5799bb43e2bcba495ff74aa4a758bbe41,37374
ADDED,Early Misc/MAY21 STATUS+TODO.txt,,76c9bc8f560adc0e8bbe1183430e2e490f02f662,5694
ADDED,Early Misc/Mar23.2024 - DIMENSIONAL GRAVITY - iPhone_Screenshot - bellomy.txt,,339fddec01b717bedffed770f1b73f8bab103fb5,212698
ADDED,Early Misc/NLM(NotebookLM)_CP Results.txt,,2703d6bef8b28e5eb38389eb56bee2bc22e3391a,10508
ADDED,Early Misc/README — SAT METAMATICIAN IDENTITY & MISSION DECLARATION.txt,,0e7594db9ea0df3584d9697efb04eb68b0da8ef6,9622
ADDED,Early Misc/REPORT1-rough.txt,,cc4dbc5cb6c1d9d2e5a0864a0a8fcf6414f4d0ce,6071
ADDED,Early Misc/REPORT1.txt,,d6974a2d8b89f282e795a06ba533d6d86580a8b7,80287
ADDED,Early Misc/REPORT1_DRAFT.txt,,05e3258c9f3aad57e75d0c0776ca1066b8e4bc36,36442
ADDED,Early Misc/THE NUGGETS.txt,,04c18fa0f7e9921d5d663db0de9a1acad9d4af90,10685
ADDED,Early Misc/THREAD1 ACTIVE INTERFACE.txt,,51944d55a9a63b3157c792d4fa439cb955a7bbf4,4538
ADDED,Early Misc/THREAD1 First Qs.txt,,d135edbae8b9c1de989f4d71b81f487bf1796c41,4857
ADDED,Early Misc/THREAD2 ACTIVE INTERFACE.txt,,bc5aa49392201a56698fa907963cbac8ea67b97f,7816
ADDED,Early Misc/THREAD2.txt,,fcb243a3ea6e20b422ff850c678aa64fccd55b68,5863
ADDED,Early Misc/TauTwistPodcast.txt,,623a5d2465d4fb2bf36cc56d097d728da4df1f57,5952
ADDED,Early Misc/Tests+Predictions.txt,,a5026ef81ad288ca2f01d8d5cbff3aee44e462c5,233092
ADDED,Early Misc/TheorizerEmeritus (former ActiveEdgeGPT).txt,,7c113340898677d69be67e7fb5aee84ec53ae17f,761947
ADDED,Early Misc/Theorizer_Emeritus_SAT_Development_Annotated.pdf,,1280e7317e4d82fb43dc9f0c44d6ecabc3c10301,524933
ADDED,Early Misc/Thread1todate.txt,,51d97361b1b3625a80ae183ab693e2350016f6f9,45516
ADDED,Early Misc/Thread2todate.txt,,ad9a20cc5ed99a0a4a63957eb777534cae2f3413,59917
ADDED,Early Misc/Wavefront_BrainTrust_Captioned.pdf,,89eecc89bea4a88f5a0de0720eac110f3991e8a0,420035
ADDED,Early SAT/A reaction.txt,,4d3c072cc55bde77c3a12940ab831a61567c3253,6387
ADDED,Early SAT/BRAIN OPACITY.txt,,51db303a108f3f477bc7f7a56bced9919582a0b3,293119
ADDED,Early SAT/CONSCI.txt,,e691708e39984493a3c94fad20077d829e84e1c5,214756
ADDED,Early SAT/Critique response.txt,,d0a2373d01ef4f2cdb8c361da973c7a3d6ad5e8a,136455
ADDED,Early SAT/Cronin Levin SAT.txt,,8e9ec765b0cf32cbbd22a258d9506daaa3316d52,10909
ADDED,Early SAT/EARLIEST AI DISCUSSIONS.txt,,97e6a68d44319b12b0ab3353d6768b0f66884866,669034
ADDED,Early SAT/GLOSSARY (LIVE).txt,,aaf4a51228865fe9d05066a20e6daf2d18f8deb8,1896
ADDED,Early SAT/INCORPORATION.txt,,06ea427448ad0fbd62c23843ebb2f702e6e1a380,11932
ADDED,Early SAT/RMS&SAT.txt,,8a6bbd5c87a949a7448556a7ebd7be5f850a5b13,29727
ADDED,Early SAT/SAT & String Theory.txt,,ed3afcb39ca75b0b9f52981fef476da439679b70,127384
ADDED,Early SAT/SAT FORMALIZATION doc.txt,,3f794e74948e53c1a787960807d03d0b1d496c9e,60654
ADDED,Early SAT/SAT Overview .txt,,ed3afcb39ca75b0b9f52981fef476da439679b70,127384
ADDED,Early SAT/SAT Reformulation & Fine Structure Comstant.txt,,201eba205d212a93e15fd9720e77cd5cee3b8fb1,432885
ADDED,Early SAT/SAT intro.txt,,2c3f93aa2fff87228799cac13901683bc7c9f3aa,137112
ADDED,Early SAT/Weinstein & SAT.txt,,a1dd8af1b09f9882d31dce1c8838c7f9dd851cef,35838
ADDED,Early SAT/j_phys-2020-0111_fig_010-979198401.jpg,,d68ee592331251e57ccd58439581d1cf08b92271,146829
ADDED,Early SAT/recursive_multi_ai_convo.txt,,4be25484d8d7f9163a2cb854d1f36fd8937d9f76,63236
ADDED,Early_Code_Outputs_Documented.pdf,,7da451f6cf2b53e5aaae475d544e51b43166e6e6,581266
ADDED,Einstein-Rosen Bridges — raw.json,,02e01925b1e4425d5fc8863cb66d3528008c412e,344171
ADDED,Episodess.txt,,e32fc1c9bffe22edbf94bd2b17128dbc8dad6635,19392
ADDED,Equation Breakdown Topological Tension — raw.json,,4e75374fc6a401f74be6435523b3db761b97ee77,558230
ADDED,FINAL AUDIT PRE-CONDITIONING 2.pdf,,bccef2ee339553da5447bda650891ea6949ad333,645414
ADDED,FINAL AUDIT PRE-CONDITIONING.pdf,,bccef2ee339553da5447bda650891ea6949ad333,645414
ADDED,FINAL.pdf,,2bffffff97230a7bc569fa096793c850a2ed52c7,495821
ADDED,FINAL_CLOSURE.pdf,,e69de29bb2d1d6434b8b29ae775ad8c2e48c5391,0
ADDED,FINDING THE DONUT (nolat).pdf,,b4be1420c4462c4cff3274475464a5beb7fd05ec,194100
ADDED,FIRST PUBLIC MENTION SAT DAI -- WHAT IS THOUGHT MADE OF.txt,,b9432dae701cd1b248352fffb99ef8bda39a44fe,19641
ADDED,FOR & AGAINST.txt,,5d015b415161e2fe4b9e0b9e17c4c62ffb3591ca,9452
ADDED,FORMALIZATION DEVELOPMENTS/ACTUAL.txt,,a3327fc77e71b715c3d492779c97763769976fe9,81771
ADDED,FORMALIZATION DEVELOPMENTS/CHRONOPHYSICAL PROPOSITION/Chronophysical_Proposition_Executive_Summary.txt,,3bda985e7b29135cefb5687ae184b2f7de89f6d2,3917
ADDED,FORMALIZATION DEVELOPMENTS/CHRONOPHYSICAL PROPOSITION/Chronophysical_Proposition_Full_Diagnostic.txt,,9ecab7a80f1a2f4b201d3dab77587be730d4eb0a,1395
ADDED,FORMALIZATION DEVELOPMENTS/DEV CONVERSATION/1.txt,,b6e61bb8fdad812bcce94ca4bca869934a2efbb0,2696
ADDED,FORMALIZATION DEVELOPMENTS/DEV CONVERSATION/2.txt,,31de6ec50c39bd5dc9f51b6ab7afbbe026d9b5ed,3464
ADDED,FORMALIZATION DEVELOPMENTS/DEV CONVERSATION/3.txt,,461cd3af873f69f077dcf6ff4791802b37d17342,4939
ADDED,FORMALIZATION DEVELOPMENTS/DEV CONVERSATION/4.txt,,e8038799dead66b48d0ebd3e59f38322b64283ce,5230
ADDED,FORMALIZATION DEVELOPMENTS/DEV CONVERSATION/5.txt,,cb797742984068a8294254d3d7a7e0f107c69c17,3629
ADDED,FORMALIZATION DEVELOPMENTS/DEV CONVERSATION/6.txt,,3d0aef218cfb833ddb8b5990fe0bad99394d5177,7074
ADDED,FORMALIZATION DEVELOPMENTS/DEV CONVERSATION/7.txt,,f2038a2214835c90f834b22d8e843fca76f3e6b9,6918
ADDED,FORMALIZATION DEVELOPMENTS/DEV CONVERSATION/8.txt,,ce109666d9f7709eef9f0f91d2814060992792e3,5070
ADDED,FORMALIZATION DEVELOPMENTS/FULL_MASSSPEC.txt,,3511e2c813351710852335743a3b74213fdb1294,3110
ADDED,FORMALIZATION DEVELOPMENTS/ITS_A_GO.png,,e9064884a838040e444e3b17de474d587b8d5e61,2725053
ADDED,FORMALIZATION DEVELOPMENTS/LEAN CHECK_drafts/FULL_THEORY_LEANCHECK_draft.txt,,e442f495669377dfd7679cd65df1af54dc1f65b7,4720
ADDED,FORMALIZATION DEVELOPMENTS/LEAN CHECK_drafts/LEANCHECK.txt,,c4ac4e3f656a62c208aa79db880728f55ac274fd,5300
ADDED,FORMALIZATION DEVELOPMENTS/LEAN CHECK_drafts/LEANCHECK_massSpec_basic.txt,,4482cd6ff4f3ed58213c4bf0d63468d0df168c2c,1756
ADDED,FORMALIZATION DEVELOPMENTS/LEAN CHECK_drafts/LEANCHECK_massSpectrum.txt,,7088cca87139d48d29ebc57cb8b848f212bf36d0,2040
ADDED,FORMALIZATION DEVELOPMENTS/LEAN CHECK_drafts/LEANCHECK_notebook.txt,,7667e37ce7f4579bcdfbfa98b71e44fc467af4b9,4527
ADDED,FORMALIZATION DEVELOPMENTS/LEAN CHECK_drafts/SATO-BLOCKWAVE_leancheck.txt,,b128efd3004fe34e48dc7da2c39bdd14f9926ddc,8079
ADDED,FORMALIZATION DEVELOPMENTS/LEAN CHECK_drafts/leancheck1.txt,,b128efd3004fe34e48dc7da2c39bdd14f9926ddc,8079
ADDED,FORMALIZATION DEVELOPMENTS/LEAN CHECK_drafts/leancheck_support.txt,,3983eaa028df4cfdaa7228bbbc4496cd011ed576,1930
ADDED,FORMALIZATION DEVELOPMENTS/SATOBLOCK_FULLTHEORY_leancheck.txt,,61e63b45b57a3db0e9760409e3f79c9eb625ebd1,3705
ADDED,FORMALIZATION DEVELOPMENTS/SATOBLOCK_nostring.txt,,e2362cbf866209be6fcf6240d5ab4cdf08cdc2c6,4596
ADDED,FORMALIZATION DEVELOPMENTS/SATOBLOCK_operationalized.txt,,f95ed2f4abc1353436f84f31c7605a2f92e2763b,4186
ADDED,FOUNDATIONAL.txt,,5bfe1550ff781109d427fe542563adaa4852851a,7971
ADDED,FREEFORM DISCUSSION/ACTION_PLAN.txt,,fead8795eeb6b1eca40261ac5ce7faeb10680d05,2853
ADDED,FREEFORM DISCUSSION/ACTIVATOR MODES.txt,,86e6dcc5d57a7e7b21c87a79c2151af36f6218f0,18642
ADDED,FREEFORM DISCUSSION/ACTUAL.txt,,a3327fc77e71b715c3d492779c97763769976fe9,81771
ADDED,FREEFORM DISCUSSION/AIWorkflow.txt,,53d6b57db8989b79f04407c901776b578fb7c810,31648
ADDED,FREEFORM DISCUSSION/AN INDULGENCE.txt,,d619ff87203e4b2bebfdb79e1e5800b1e3abe516,354263
ADDED,FREEFORM DISCUSSION/ActiveEdge_vNext.text,,786cab2de09bb2bca559a3720235b2143b828255,806310
ADDED,FREEFORM DISCUSSION/Appendix.txt,,650510c1cd0a4463541885b29754e83316f96014,28775
ADDED,FREEFORM DISCUSSION/BIOLOGICAL IMPLICATIONS OF SAT.txt,,7975934db04f9c996e2e7204e1ee062e6bc81b17,16096
ADDED,FREEFORM DISCUSSION/BULBEK.txt,,8a2ea6cb4a2e969ca2fa067c70afcc82bbad7822,51341
ADDED,FREEFORM DISCUSSION/BrainTrust.txt,,d380ccdafe0a6a7c414fd5a13dd828d5dd2f4c43,143548
ADDED,FREEFORM DISCUSSION/BrainTrustFULL.txt,,e3f967584f761f19486c2d18e3c147499565dcca,300538
ADDED,FREEFORM DISCUSSION/CARROLL-HAWKING DISCO.txt,,36df4257ad509dcbd8b079bb71ac04f0271bd86e,1049682
ADDED,FREEFORM DISCUSSION/CHAT 1.0.2 DATE.txt,,50abf07ac370832e7ef3a8c0c59a9847576a587b,3246706
ADDED,FREEFORM DISCUSSION/CHAT 1.25.2.3 DATE.txt,,d8f9e32a1e3dbd71b4da50e0585ab56b964ee679,1977068
ADDED,FREEFORM DISCUSSION/CHAT 1.5 DATE.txt,,da114b61714789ef13f5f05e4bf2d37209cb16fb,2189110
ADDED,FREEFORM DISCUSSION/CHAT 1.5.2 DATE.txt,,9cc6a417b54c090a74557f9f912b82842a4eb266,2860365
ADDED,FREEFORM DISCUSSION/CHAT 1.5.3 DATE.txt,,c55a2eda53d644127a24c66073084e7e943d9fdf,1457605
ADDED,FREEFORM DISCUSSION/CHAT 1.75.2 DATE.txt,,09d8895ce44626c5e24287692103a21c66503b7b,3738810
ADDED,FREEFORM DISCUSSION/COLAB_Code.txt,,44e954e2e0de8b55585bf183a234171433a721b6,14034
ADDED,FREEFORM DISCUSSION/CURRENT MISSION.txt,,ac969872e8a0fbf9251d4157f8bcd7a721468f68,2852
ADDED,FREEFORM DISCUSSION/ChatGPT_28MAY25_MEMORY.txt,,3126a00cd02d715f7b53ea481b8cf60e7f9b6321,164445
ADDED,FREEFORM DISCUSSION/Chronophysical_Proposition_Executive_Summary.txt,,3bda985e7b29135cefb5687ae184b2f7de89f6d2,3917
ADDED,FREEFORM DISCUSSION/Chronophysical_Proposition_Full_Diagnostic.txt,,9ecab7a80f1a2f4b201d3dab77587be730d4eb0a,1395
ADDED,FREEFORM DISCUSSION/ColabCode.txt,,6447c5ad7622379e52048447e3d1ed37b538b1f9,7588
ADDED,FREEFORM DISCUSSION/CompositeLogic.txt,,7056dbb22107565cd69430dcf658b799659a48d0,1084
ADDED,FREEFORM DISCUSSION/ConsensusConsiderations.txt,,8e64c207824cf76b3731ef28fee82ddcbd9e4d4e,33472
ADDED,FREEFORM DISCUSSION/ConsensusDataMining.txt,,7639b4b64aa842f35223cfb67be2ee328246a5ad,22840
ADDED,FREEFORM DISCUSSION/ConsensusRound3.txt,,14f2680b7e8995a6f05075c7aef9311304b9fe8e,27798
ADDED,FREEFORM DISCUSSION/CoreBundle.txt,,6f1fd1636c76276d6e30a5f149a17262954f4c86,1993
ADDED,FREEFORM DISCUSSION/Cronin Levin SAT(1).txt,,8e9ec765b0cf32cbbd22a258d9506daaa3316d52,10909
ADDED,FREEFORM DISCUSSION/Cronin Levin SAT.txt,,8e9ec765b0cf32cbbd22a258d9506daaa3316d52,10909
ADDED,FREEFORM DISCUSSION/EINSTEIN_SELBST_ERKLAERUNG.txt,,58c53a2e211c61a9664bb6c44297da6596e7ab9f,323075
ADDED,FREEFORM DISCUSSION/EINSTEIN_UBERBLICK.txt,,c0613b3ff491210561dc134d58f2143336a35e6d,17226
ADDED,FREEFORM DISCUSSION/EMERITUS_CODE.txt,,cfb550e1703bbe6e59118325cc6ff8d95dfa8418,6808
ADDED,FREEFORM DISCUSSION/EMERITUS_CP Responses.txt,,f5b755462a6c4f6f4861a5d506ca4b9931b10bd6,11402
ADDED,FREEFORM DISCUSSION/EMULATOR SPECS.txt,,abd5fae09809ceedd4ff4f31eaab860581fa2d48,3228
ADDED,FREEFORM DISCUSSION/FLAGS.txt,,a3d93369bced4069a49752efb201c83b7039d3aa,1093
ADDED,FREEFORM DISCUSSION/Flow2o.txt,,df28f10cb7109f6ce1bdcc5db0e6f3c78a779996,14803
ADDED,FREEFORM DISCUSSION/L2-2d.txt,,f298b64d14538444480eb8d5d529899ccbaab28e,330
ADDED,FREEFORM DISCUSSION/LAB1_code.txt,,d4f26a865ebb6bd4cec100797ad887fb25942f30,17307
ADDED,FREEFORM DISCUSSION/LAB2_code.txt,,7d940a002c99e073e912d0cd1ab0ef8f7a1009db,33940
ADDED,FREEFORM DISCUSSION/Lab1 Output to NLM.txt,,92822cc5175c9c894deabd4ce97d911c84f36868,1945
ADDED,FREEFORM DISCUSSION/Lab2 Output to NLM.txt,,fb17d5709cd416b8a75f0f4801dd9a4fa028520a,3115
ADDED,FREEFORM DISCUSSION/Langan and SAT(1).txt,,13dae9ed63c4a0d0eae5481ccbc3bdbd91bfba33,667946
ADDED,FREEFORM DISCUSSION/Langan and SAT.txt,,13dae9ed63c4a0d0eae5481ccbc3bdbd91bfba33,667946
ADDED,FREEFORM DISCUSSION/Limits.txt,,0396f09d8ce1b0e7c15ca05a8f91545c8e21ad07,10097
ADDED,FREEFORM DISCUSSION/NLM_CP Results.txt,,2703d6bef8b28e5eb38389eb56bee2bc22e3391a,10508
ADDED,FREEFORM DISCUSSION/REPORT1-OUTLINE.txt,,85943c27261f89e06b4e9c1012f7c5d326a5f351,5531
ADDED,FREEFORM DISCUSSION/REPORT1-rough.txt,,cc4dbc5cb6c1d9d2e5a0864a0a8fcf6414f4d0ce,6071
ADDED,FREEFORM DISCUSSION/REPORT1.txt,,d6974a2d8b89f282e795a06ba533d6d86580a8b7,80287
ADDED,FREEFORM DISCUSSION/REPORT1_DRAFT.txt,,05e3258c9f3aad57e75d0c0776ca1066b8e4bc36,36442
ADDED,FREEFORM DISCUSSION/RMS-OLD.txt,,617e781122b0041c13d67d34a1ba394673ac812f,146585
ADDED,FREEFORM DISCUSSION/RMS-TAXO-OLD.txt,,3273ea733a0f119dfd4141f1658f0d484f449dda,20952
ADDED,FREEFORM DISCUSSION/SAT DEBUG SHEET.txt,,9cba50a08cd82a3c4a45186caabca686ea25ddc7,3518
ADDED,FREEFORM DISCUSSION/SAT FORMALIZATION ROUND 3ish.txt,,8cb6be0e8ef1d332425f27d1ea921911c1848a53,22770
ADDED,FREEFORM DISCUSSION/SAT HARD FORMULATION.txt,,e456e9c2185583b60dd3791d4254ad488beec4a3,3416
ADDED,FREEFORM DISCUSSION/SAT INCEPTION SCRIPTS.txt,,52a9a4c043db9dac777adf8c5a5248de370c7a90,4575
ADDED,FREEFORM DISCUSSION/SAT INCEPTION.txt,,6e5d1d2325ab25c8e606ec905e8fc11962c63138,4751
ADDED,FREEFORM DISCUSSION/SAT INDEX TERMS.txt,,3a56625c6cc14525487218d5207bbbfa49f8cd3e,3392
ADDED,FREEFORM DISCUSSION/SAT Lagrangian and Variational Derivation.txt,,9d5db44f16f1f2d853332efd8d91995a37e8d394,2208
ADDED,FREEFORM DISCUSSION/SAT MATH.txt,,1c77e73f87343002cddd57a406c231a187cef38f,9445
ADDED,FREEFORM DISCUSSION/SAT SCALAR ANGULAR THEORY.txt,,34ca334e91376b14c852e52df58cfe2dfd0428c1,306418
ADDED,FREEFORM DISCUSSION/SAT WORKABLE PODCAST.txt,,0e7f92b7a2d033bd0d1e8e5cb0f0a35342454518,6918
ADDED,FREEFORM DISCUSSION/SAT-OLD.txt,,932d575dc548ddab7065724886ead03366e81f96,23774
ADDED,FREEFORM DISCUSSION/SATELLITE_DATA_UNSORTED.txt,,d4e48388c0a7c108fbfac491f000ed6090095569,14769
ADDED,FREEFORM DISCUSSION/SATEvolution.txt,,39d52e00457fdd9cf5c965f424ab9b69e7b7143a,592122
ADDED,FREEFORM DISCUSSION/SATInterpreted.txt,,39a074ec05088b8ae920b75161845064f0deae9a,65752
ADDED,FREEFORM DISCUSSION/SAT_Framework_Full_Report_Text.txt,,700d81cf99b020fda2c2e090f50b8e39f9223127,4323
ADDED,FREEFORM DISCUSSION/SAT_Framework_Report.tex,,938efdeebc607c83eed0e9ca68684e3060cd8a2a,1003
ADDED,FREEFORM DISCUSSION/SAT_JUN25_SUMMARY.txt,,e8eb6f4dae49980379728481d0c19d0d96633d3b,13453
ADDED,FREEFORM DISCUSSION/SAT_SATELLITE_ANOMALY_ANALYSIS.txt,,a97510e9b6f6088bb965fb1591f8141871e9af3b,35311
ADDED,FREEFORM DISCUSSION/SAT_optics_finding.txt,,d4843caa0dff3b1193f3758790d8c8a27802a4aa,138153
ADDED,FREEFORM DISCUSSION/SATx ADDENDUM.txt,,907ec14ba1d39c613cb4221f102fb8ddee3cd8df,37829
ADDED,FREEFORM DISCUSSION/SATx ADDENDUM2.txt,,a09632e374ad7d4eabd0eb5c9708f1da2c5f3e9a,36146
ADDED,FREEFORM DISCUSSION/SATx ADDENDUM3.txt,,c21a542f76f0e0badbcfbbe41101d0f546c87436,486578
ADDED,FREEFORM DISCUSSION/SATx Addendum4.txt,,e1f6ec82de4019bef216f470647f803db9fe8885,115830
ADDED,FREEFORM DISCUSSION/SATx STATE OF SAT.txt,,512836a86f036df49338ea774477f241e4f05580,225048
ADDED,FREEFORM DISCUSSION/SATx-y INSIGHTS.txt,,dc693ab75fe384d6ff528ab485ab8f5656a2a059,17263
ADDED,FREEFORM DISCUSSION/SATx_FULL_PODCAST.txt,,a92cdadb1c55109604b1a02e1ee4c9e8e56c17fb,100182
ADDED,FREEFORM DISCUSSION/SATx_PODCAST_LONG_EDITED.txt,,5f1e1d432e4b53fdafad16f1e75e6ecdd33055cc,99680
ADDED,FREEFORM DISCUSSION/SATx_PODCAST_LONG_EDITED_PRON.txt,,a79b6b669308fc29a624a954b9b1ceb3977b436a,99366
ADDED,FREEFORM DISCUSSION/SATxyACTIVATOR_DO_NOT_USE.txt,,c8dfe34d4115d8fdeab507321816a2a97e3b437b,3694
ADDED,FREEFORM DISCUSSION/STATE OF SAT.txt,,b6200e6d033cd9a55c3b8a7dd3e411e639c6fbbd,225047
ADDED,FREEFORM DISCUSSION/THE LOGIC OF SAT.txt,,6509a651ca4e72b1048d99e893555e333d52421a,7531
ADDED,FREEFORM DISCUSSION/THREAD1 ACTIVE INTERFACE.txt,,51944d55a9a63b3157c792d4fa439cb955a7bbf4,4538
ADDED,FREEFORM DISCUSSION/THREAD1 First Qs.txt,,d135edbae8b9c1de989f4d71b81f487bf1796c41,4857
ADDED,FREEFORM DISCUSSION/THREAD1.txt,,faf94fea3a082b3ce577c8d64da628b5ec2278ff,3819
ADDED,FREEFORM DISCUSSION/THREAD2 ACTIVE INTERFACE.txt,,bc5aa49392201a56698fa907963cbac8ea67b97f,7816
ADDED,FREEFORM DISCUSSION/THREAD2 First Qs.txt,,a413ebc5bffc8bb229ee34300d2002bfb9c31399,7481
ADDED,FREEFORM DISCUSSION/THREAD2.txt,,fcb243a3ea6e20b422ff850c678aa64fccd55b68,5863
ADDED,FREEFORM DISCUSSION/TauTwistPodcast.txt,,623a5d2465d4fb2bf36cc56d097d728da4df1f57,5952
ADDED,FREEFORM DISCUSSION/TheorizerEmeritus (former ActiveEdgeGPT).txt,,7c113340898677d69be67e7fb5aee84ec53ae17f,761947
ADDED,FREEFORM DISCUSSION/Thread1todate.txt,,51d97361b1b3625a80ae183ab693e2350016f6f9,45516
ADDED,FREEFORM DISCUSSION/Thread2todate.txt,,ad9a20cc5ed99a0a4a63957eb777534cae2f3413,59917
ADDED,FREEFORM DISCUSSION/deep dive prompt.txt,,e812ef500b648e1bfa989da72d09bcb71c36dd25,693
ADDED,FULL_THEORY.pdf,,ec0c1ccc6469b69a309c0e3b1ac7f59daa3d4e69,222740
ADDED,FUN STUFF/GREAT MOMENTS IN PERSONAL SICENCE HISTORY/0. MEMOIR INDEX.txt,,12ac35aad42dbb00f7008ef824c7526ae1f7da7f,3251
ADDED,FUN STUFF/GREAT MOMENTS IN PERSONAL SICENCE HISTORY/4D ORGANISM WEIRD SHIT/08304ec9-3547-4347-b992-6a5a01a1a689.png,,9553d4c687f5eb550f691e8ee2c8d6100e5bb1bc,2102264
ADDED,FUN STUFF/GREAT MOMENTS IN PERSONAL SICENCE HISTORY/4D ORGANISM WEIRD SHIT/2000px-Earthquake_wave_shadow_zone.svg-3735637010.png,,74fefcd57457ebf468ccc100b3bc650611d21ada,577128
ADDED,FUN STUFF/GREAT MOMENTS IN PERSONAL SICENCE HISTORY/4D ORGANISM WEIRD SHIT/31a96306-74aa-4890-9278-8349561c03bb.png,,b972d490b67a1c4aa995eabc19459960ef1acf45,1598838
ADDED,FUN STUFF/GREAT MOMENTS IN PERSONAL SICENCE HISTORY/4D ORGANISM WEIRD SHIT/34ed7541-45a4-45db-925b-2270417b7779.png,,5c240a047f043b17dfc93f6d26b7ebcd256a8e44,2149287
ADDED,FUN STUFF/GREAT MOMENTS IN PERSONAL SICENCE HISTORY/4D ORGANISM WEIRD SHIT/4D ORGANISMAL BIOLOGY.txt,,d053234e62fa578276c235b4e3a6ea0c3017c49d,49024
ADDED,FUN STUFF/GREAT MOMENTS IN PERSONAL SICENCE HISTORY/4D ORGANISM WEIRD SHIT/CELLCapture.PNG,,921643a462b08fc351a8b843b89ecc9b8a21daf7,1172307
ADDED,FUN STUFF/GREAT MOMENTS IN PERSONAL SICENCE HISTORY/4D ORGANISM WEIRD SHIT/CHCapture.PNG,,d3690a17743a74613625ba9fb79cb0648e0320a7,771935
ADDED,FUN STUFF/GREAT MOMENTS IN PERSONAL SICENCE HISTORY/4D ORGANISM WEIRD SHIT/CHROMOCapture.PNG,,ae78a100253ec3a2505fc5b2efbae19b0d688b78,553396
ADDED,FUN STUFF/GREAT MOMENTS IN PERSONAL SICENCE HISTORY/4D ORGANISM WEIRD SHIT/Capture.PNG,,6d5b4f291193a7b358cc2d9a18164cf336008a42,1191178
ADDED,FUN STUFF/GREAT MOMENTS IN PERSONAL SICENCE HISTORY/4D ORGANISM WEIRD SHIT/Capture6.PNG,,b9ca8ff7ecc5b0ddc79e848fc7d26f81db680556,103428
ADDED,FUN STUFF/GREAT MOMENTS IN PERSONAL SICENCE HISTORY/4D ORGANISM WEIRD SHIT/Capture7.PNG,,62af443382bcf8f8610f12b407169b42f9299592,181522
ADDED,FUN STUFF/GREAT MOMENTS IN PERSONAL SICENCE HISTORY/4D ORGANISM WEIRD SHIT/Capture8.PNG,,06ea3be930b0f407dc2b053033cac316414ebe46,178040
ADDED,FUN STUFF/GREAT MOMENTS IN PERSONAL SICENCE HISTORY/4D ORGANISM WEIRD SHIT/IMG_4492.jpeg,,f6ef25b22521a9e92929add382c208c7d1c561d0,812431
ADDED,FUN STUFF/GREAT MOMENTS IN PERSONAL SICENCE HISTORY/4D ORGANISM WEIRD SHIT/IMG_4497.jpeg,,94465becd3a8e72e85f748410882136a5857a439,228443
ADDED,FUN STUFF/GREAT MOMENTS IN PERSONAL SICENCE HISTORY/4D ORGANISM WEIRD SHIT/IMG_4499.jpeg,,3ff91ef121f74a84449ee533414e7425a7898c5b,648026
ADDED,FUN STUFF/GREAT MOMENTS IN PERSONAL SICENCE HISTORY/4D ORGANISM WEIRD SHIT/IMG_4525.jpeg,,78515dbf60d6a119ea062f366fd7e66ed1e07fdf,739279
ADDED,FUN STUFF/GREAT MOMENTS IN PERSONAL SICENCE HISTORY/4D ORGANISM WEIRD SHIT/IMG_4531.jpeg,,5e23d8fbd6a26e03a231a55cebbeb419405f05c1,580123
ADDED,FUN STUFF/GREAT MOMENTS IN PERSONAL SICENCE HISTORY/4D ORGANISM WEIRD SHIT/SDFCapture.PNG,,351570982d62d05fc68977021db73bf36bfd0e89,1198789
ADDED,FUN STUFF/GREAT MOMENTS IN PERSONAL SICENCE HISTORY/4D ORGANISM WEIRD SHIT/WildeZotti.png,,dec8b5713e9ee4e94260b1df1010c8e676be2573,2339107
ADDED,FUN STUFF/GREAT MOMENTS IN PERSONAL SICENCE HISTORY/4D ORGANISM WEIRD SHIT/Zottenwelt.png,,7ae30822f1b4ab6b1077f590f1a47eb85a783215,1473926
ADDED,FUN STUFF/GREAT MOMENTS IN PERSONAL SICENCE HISTORY/4D ORGANISM WEIRD SHIT/chhCapture.PNG,,4fbfdc8199bdc03c7b33cb8663be3a014bb773f0,1235037
ADDED,FUN STUFF/GREAT MOMENTS IN PERSONAL SICENCE HISTORY/4D ORGANISM WEIRD SHIT/dfdfeCapture.PNG,,b5c3b99efde642c58c8cc1241c758e355c9ba82b,1239694
ADDED,FUN STUFF/GREAT MOMENTS IN PERSONAL SICENCE HISTORY/4D ORGANISM WEIRD SHIT/internal.PNG,,db58ec6dd4ac801565cad5b46a156de5e9c4f9f6,676322
ADDED,FUN STUFF/GREAT MOMENTS IN PERSONAL SICENCE HISTORY/4D ORGANISM WEIRD SHIT/meattubeCapture.PNG,,406702c2cb82a9a5a97c3038eea8b354daa9df91,1150294
ADDED,FUN STUFF/GREAT MOMENTS IN PERSONAL SICENCE HISTORY/4D ORGANISM WEIRD SHIT/netCapture.PNG,,3a4e1a4dd08df4bc7849ac2016d5915273562f43,1124697
ADDED,FUN STUFF/GREAT MOMENTS IN PERSONAL SICENCE HISTORY/4D ORGANISM WEIRD SHIT/orbitsCapture.PNG,,521cc3a1573cf03dfc33197569d4c579f74f5aa0,1252246
ADDED,FUN STUFF/GREAT MOMENTS IN PERSONAL SICENCE HISTORY/4D ORGANISM WEIRD SHIT/t4rthCapture.PNG,,7f164b89b803526c16024648c8ad8bc2e30b6e1f,479914
ADDED,FUN STUFF/GREAT MOMENTS IN PERSONAL SICENCE HISTORY/4D ORGANISM WEIRD SHIT/the performer.PNG,,b469c3228f48d3597213427e35eb1c2210895bef,39797
ADDED,FUN STUFF/GREAT MOMENTS IN PERSONAL SICENCE HISTORY/4D ORGANISM WEIRD SHIT/vxssCapture.PNG,,ac02f863fbc323e3452b509368410e8898d1b36d,652762
ADDED,FUN STUFF/GREAT MOMENTS IN PERSONAL SICENCE HISTORY/Alberr/text 13.txt,,411a8cf26d86f8e245033de3280d50d445c8c884,22308
ADDED,FUN STUFF/GREAT MOMENTS IN PERSONAL SICENCE HISTORY/Alberr/text 24.txt,,361e662e563ca4c284cf9f39bc0f0da2a789327a,298752
ADDED,FUN STUFF/GREAT MOMENTS IN PERSONAL SICENCE HISTORY/Alberr/text 25.txt,,361e662e563ca4c284cf9f39bc0f0da2a789327a,298752
ADDED,FUN STUFF/GREAT MOMENTS IN PERSONAL SICENCE HISTORY/Alberr/text 26.txt,,eee00d478c0eb8349a0a593d59424ebef4429257,33686
ADDED,FUN STUFF/GREAT MOMENTS IN PERSONAL SICENCE HISTORY/Alberr/text 27.txt,,c7b61def70225d674931dc8f542e0eb06a74373b,55808
ADDED,FUN STUFF/GREAT MOMENTS IN PERSONAL SICENCE HISTORY/Alberr/text 28.txt,,67175cd078017b21c630b26dfe2bb3b295d014d8,113857
ADDED,FUN STUFF/GREAT MOMENTS IN PERSONAL SICENCE HISTORY/Alberr/text 4.txt,,1ffa265909d87bda83ca1c682a1ecb3cf3bb6b07,140669
ADDED,FUN STUFF/GREAT MOMENTS IN PERSONAL SICENCE HISTORY/Alberr/text 5.txt,,3f2fe5f66401880e3404dc3bbbcce1f08d2a01df,130938
ADDED,FUN STUFF/GREAT MOMENTS IN PERSONAL SICENCE HISTORY/Alberr/text 7.txt,,35c3970c26474c167b4d1dbd78433098b034eb32,160028
ADDED,FUN STUFF/GREAT MOMENTS IN PERSONAL SICENCE HISTORY/Alberr/text 8.txt,,72949bf6b0c1c908fc99952742d5fd7a2d8188b9,123208
ADDED,FUN STUFF/GREAT MOMENTS IN PERSONAL SICENCE HISTORY/BENT N MORE.txt,,fbd952f694ab2cb646b6d8d297084db5fa108b52,574215
ADDED,FUN STUFF/GREAT MOMENTS IN PERSONAL SICENCE HISTORY/CONSCI.txt,,e691708e39984493a3c94fad20077d829e84e1c5,214756
ADDED,FUN STUFF/GREAT MOMENTS IN PERSONAL SICENCE HISTORY/CORE  ANECDOTES.txt,,2a2f6c3c950f83ff427530ec1c2d2d77dde0f54d,120395
ADDED,FUN STUFF/GREAT MOMENTS IN PERSONAL SICENCE HISTORY/DRAKE EQ.txt,,7be85066e600693cc47b77a9b693c1cab9cca930,156188
ADDED,FUN STUFF/GREAT MOMENTS IN PERSONAL SICENCE HISTORY/GAPS_ROUGH.txt,,ca9c4516bc2a0d130f8c04788cc4932dc61a0996,8052
ADDED,FUN STUFF/GREAT MOMENTS IN PERSONAL SICENCE HISTORY/INDEX_ROUGH.txt,,ad6e8f8ea59cc1c2b381e0b1a4aa1f825c6d1eb8,12753
ADDED,FUN STUFF/GREAT MOMENTS IN PERSONAL SICENCE HISTORY/JONADS AND JILLS.txt,,3f35867dd3c86f2d36b0282903860bfd3c7338bd,95478
ADDED,FUN STUFF/GREAT MOMENTS IN PERSONAL SICENCE HISTORY/LIST OF TOPICS.txt,,527d01e18425248ea228748e1f46d2ddaaeed04f,8388
ADDED,FUN STUFF/GREAT MOMENTS IN PERSONAL SICENCE HISTORY/MEMORY FLAGS.txt,,28a2325b2b94a7935eb75937c7cc91d2ba61ba6b,92913
ADDED,FUN STUFF/GREAT MOMENTS IN PERSONAL SICENCE HISTORY/MIX TAPES.txt,,9be7a256d08fcb1aacf3e77b807db0e9555681c4,53410
ADDED,FUN STUFF/GREAT MOMENTS IN PERSONAL SICENCE HISTORY/NOTEBOOKLM cosplaying CHATGPT.txt,,ddfcdeefb8197157f124c45920164d7a2ce98262,21798
ADDED,FUN STUFF/GREAT MOMENTS IN PERSONAL SICENCE HISTORY/NotebookLM Mind Map (2).png,,4ba1b527cf083a96d65bb44b7906652212beeeea,1775254
ADDED,FUN STUFF/GREAT MOMENTS IN PERSONAL SICENCE HISTORY/PSEUDEINSTEIN.txt,,571c0a41c23b8981b2ac5551e3a8cfc5d9c832c6,3055
ADDED,FUN STUFF/GREAT MOMENTS IN PERSONAL SICENCE HISTORY/SCIENCE ANECDOTE CONVO.txt,,c1bd95256d05b49d9b040ea85b0ac49c31245c55,317025
ADDED,FUN STUFF/GREAT MOMENTS IN PERSONAL SICENCE HISTORY/TIMELINE_ROUGH.txt,,dd967490e3e57d8278f6f3c4a1981a247e4cecdb,23371
ADDED,FUN STUFF/GREAT MOMENTS IN PERSONAL SICENCE HISTORY/Victorian’s Midnight Cafe – Love Letter To Columbus.txt,,43db64bf3e207e18a2757a3f578826759aaa7164,5234728
ADDED,FUN STUFF/GREAT MOMENTS IN PERSONAL SICENCE HISTORY/alberr-dirrections.txt,,285360963dc6cf942694fe495e89a6db2d332d1e,50
ADDED,FUN STUFF/GREAT MOMENTS IN PERSONAL SICENCE HISTORY/bits_tagged.csv,,e49eb0b99123fd31d5396c6b8c8e6b0d6f29af3f,65930
ADDED,Filament onto.txt,,a13c67ff2b47cf178672804d91771e01d4c4a3e1,107020
ADDED,FileIndex.csv,,989ec668d35d4680eb3ac7a6e5a78b64fdbb5ab0,14325
ADDED,Freeze SAT Object Hierarchy — raw.json,,4d56d6d8489a58e0b26657d98693bfbaa4837681,166562
ADDED,Friday Research Briefs — raw.json,,a69abd25fcad6beea9a93e41a396df60f7410816,2206305
ADDED,GEOMETRIC VISUALIZATION.txt,,0722f0b5635e6ba86f02238dd831da73ffcaa109,13840
ADDED,GITHUB_8-26_STATS.txt,,af44b46f59425bfae4498cdc7228acdb6c19127e,2762
ADDED,GITOPSY.txt,,8966d34e1579a0957729e7a56fded605d0f7a80f,63268
ADDED,GITWORLD.txt,,646e6ab4d703e71f0cb251d210b89148a33d3150,254320
ADDED,GLITCH (nolat).pdf,,ee897de49bcb58c3a901d7810d3cb645a9c8376d,61392
ADDED,GNEW 1.txt,,9514049f90e56c0438d80f8c278c7e10ba05c5a7,16137
ADDED,GNEW 2.txt,,2588c591264b6c6cfd7846cac7fc3e46b05e4de8,38166
ADDED,GPT_Tools_and_SAT-Naive_Analysis_Captions.pdf,,ae6c4a84ab83b27ac5dafbfab1f5dc74dbe30d1c,695474
ADDED,GPT_Tools_and_SAT-Naive_Analysis_Captions_FINAL_SAFE.pdf,,d6cd57d2fe25130e02bace318b709edc9ed46045,695372
ADDED,GRAVITATIONAL NANOSTRUCTURE (Nolat).pdf,,79eeafa6a411684db2536b63a80fcd58b3aaf714,45745
ADDED,Geometric Foundations Evaluation2 — raw.json,,47feb4bb3dde34ae2715336cdef08ebd00c9fa5a,2194428
ADDED,Geometry in Physics — raw.json,,2e0c8477873583b92f20a0a3f2af6528643b4a8a,17988441
ADDED,Gravitational Changes and Motion — raw.json,,8fbded973df263d24b2c1346f0f96e28ded415e7,599842
ADDED,H UNIVERSES/GOLD_STANDARD_PY.txt,,3b6facfc98383be8862d4240df167ab91b62067e,10659
ADDED,H UNIVERSES/HUNIVERSAM_GEMINI.txt,,9b05be92142199e6457b220fe535a7f9cc040247,107795
ADDED,H UNIVERSES/H_BALANCE.txt,,06c01b5f79927665834addf9b012be092ab4cec1,324633
ADDED,H UNIVERSES/H_TOO_MUCH.txt,,843485c6a99c7b6ca752fa628bc78fc300d00605,63993
ADDED,H UNIVERSES/H_UNIVERSE_DESIGN.txt,,e0e92c32c7901b3e2ea3e08a5740b249d9270ad6,233944
ADDED,H UNIVERSES/TRILLION UNIVERSE SPREE.txt,,53b51bc8bc29243962697904be6a499a761f0d5b,36901
ADDED,H UNIVERSES/_RANDOM_H_UNIVERSES_0.txt,,8a647b7f3424766f3be92eea18f48cb7e5801f0c,20096
ADDED,H UNIVERSES/full SIXTY THOUSAND UNIVERSES.txt,,8237d1cfe3245b621028973a6d2e818891763459,1810299
ADDED,H(s)H 2026 STARTUP DOCS.txt,,68200d849152dcb0c4fc1814f8b1789d499ebca8,76495
ADDED,H(s)H BEGIN REVIEW.txt,,c7c8f74c2d556b73944ee4099eff67f6f925ad25,14673
ADDED,H(s)H CLASSIC.txt,,255c0396568dde4a98770d14a7307ad83d66c26a,222145
ADDED,H(s)H COMBINOTATION.txt,,564a90a2ad7728fcae4ed0eed74175ebd1dd88e3,112839
ADDED,H(s)H Dev +/CLAUD--CONTINUED.txt,,4a2aee5b233fce267cafed9d2e32db41570d3cb3,69890
ADDED,H(s)H Dev +/H(s)H CLAUDUH.txt,,6d743efc2b75bbdabf124d0ce1cb5f73f9ea95c3,32931
ADDED,H(s)H Dev +/H(s)H COMBINOTATION.txt,,564a90a2ad7728fcae4ed0eed74175ebd1dd88e3,112839
ADDED,H(s)H Dev +/H(s)H MANIFOLDS.txt,,54f2f530697ab6e9c44758ce3406c4144915c73d,237077
ADDED,H(s)H Dev +/H(s)H NOTATION.txt,,ab5105a49a30e35a685a9226c53db18657f7c55a,14758
ADDED,H(s)H Dev +/H(s)H REWORK.txt,,bb44ca943f9aa1d8a398239281a1c2c4b7827f21,25525
ADDED,H(s)H Dev +/H(s)H Satobloc Mix.txt,,60b162622b97bb590808bc793c4828a4a7da30c6,752064
ADDED,H(s)H Dev +/H_universes.py,,e022f5de8a508ea40f0be78d568dfaaed0bf2e9e,2805
ADDED,H(s)H Dev +/HsH ARCHITECT.txt,,926dd9685471f311570112ebc72d4c0be158f4c6,49337
ADDED,H(s)H Dev +/HsH ARCHITECTING.txt,,e24d6a7fc80d6193282690e9d8124f2dab171918,109370
ADDED,H(s)H Dev +/HsH CLAUDE.txt,,4a2aee5b233fce267cafed9d2e32db41570d3cb3,69890
ADDED,H(s)H Dev +/HsH MINKOWSKI LITERALISM.txt,,38a3ec50c31127550e02c7b35ec5487fa04116a6,41248
ADDED,H(s)H HEAVY TOOLBOX.txt,,aa021ed7839bc6417035e3bd09fcdc4ed1bd1bb3,1196449
ADDED,H(s)H MATH TO DO.txt,,f827a01577d98ad1cb3ba3a75c5dd66e1bccc952,46371
ADDED,H(s)H NOTATION.txt,,ab5105a49a30e35a685a9226c53db18657f7c55a,14758
ADDED,H(s)H TOOLKIT.txt,,384b40a595d41daa4c573218022a0b802ad3deee,3727
ADDED,H(s)H_TIME_RESIDUALS.txt,,ff346a1953e2f0d0a60c29fc6d389b11e75e2172,33801
ADDED,HOLONOMY DRAFT.txt,,2b35f0f98d307d518d387855818e973d251e22b4,3525
ADDED,HYPERFOAM THEORY/4DHH-UC BUILDOUT DEV.txt,,37e2490602b23bdd0d1fd418c51b65df5cdc548c,813457
ADDED,HYPERFOAM THEORY/4DHHMISC.txt,,63bf78e64b84f079e256c74bb2f642d820271aeb,55135
ADDED,HYPERFOAM THEORY/4DHHUC—DISCUSSION.txt,,22b3dcc3194d89a4a90badbee7c22dc9588613b7,197316
ADDED,HYPERFOAM THEORY/BYO LAGRANGIAN.txt,,47ee684888525d9d71a6dd701041685681f3dc49,4184
ADDED,HYPERFOAM THEORY/COLLECTED REFINEMENTS.txt,,01b6a27da8a0b9bb6b519e463eafa1ae80e3892d,18131
ADDED,HYPERFOAM THEORY/FINAL BOLT TIGHENING LOG.txt,,dab1d650cafeef2dbed39d1be13cd83e8423f45b,7465
ADDED,HYPERFOAM THEORY/FINAL TIGHTENING.txt,,8b4de3dd276e4599a22a48e30b58c7a6c6acbb16,317236
ADDED,HYPERFOAM THEORY/FOR_PUBLICATION.txt,,e95f6fb349e9e41c17f44e93fb1fc580bcbe7d72,14448
ADDED,HYPERFOAM THEORY/GEDANKENEXPERIMENT.txt,,7bda2035e2a4e0682e5eceff948019eb3d964bee,28995
ADDED,HYPERFOAM THEORY/HELIUM STANDARD ATOM.txt,,5e0f43950244bd5173799ec74b985944cf169ac2,22469
ADDED,HYPERFOAM THEORY/HIGH PRECISION UI.txt,,9f521afdbf8e024851a306feafe076e9b2051a31,4190
ADDED,HYPERFOAM THEORY/More SAT Speculation.txt,,67ff75cb9a462c47d3dbd11bb3a12569be9bed3e,83195
ADDED,HYPERFOAM THEORY/PHYS D FULL 4DHHUC+U_I PAPER PLAN.txt,,baca8215a912cecd25331b842f21bff158bbcdc6,5357
ADDED,HYPERFOAM THEORY/PHYS D SUBMISSION GUIDELINES.txt,,12ab0b48c28ef7a250fb430ba00fb1f19bc2d315,272079
ADDED,HYPERFOAM THEORY/PHYS D UNIVERSAL INDICATRIX.txt,,3e372b3939ede06474d5df095043025dcf487f7f,4848
ADDED,HYPERFOAM THEORY/PLAN - 2026 SAT-4DHH-UC BIG PAPER.txt,,e2e3b22fd4a6e500fb010c92c06f6226edaafe4a,153473
ADDED,HYPERFOAM THEORY/PREDICTION REASSESSMENT.txt,,baa0921f14e4094d7dc82591828f66d8320ac6ca,6076
ADDED,HYPERFOAM THEORY/PULSAR GLITCH PROGRAMME.txt,,c05f7fe826ce0edb7bcaded815d768531b554dfc,12815
ADDED,HYPERFOAM THEORY/QUANTUM HYPERFOAM copy.txt,,38f5a194f0f9d135f26381276aa081b31176eb06,26942
ADDED,HYPERFOAM THEORY/QUANTUM HYPERFOAM.txt,,c6c7b018f44980a0c6acf2d27e381e647c08f222,26978
ADDED,HYPERFOAM THEORY/RELATAVISTIC EXPERIMENT.txt,,432715e6a6ff0f6385aff43c3b7f2c9d63d31b10,7018
ADDED,HYPERFOAM THEORY/RESEARCHER REVIEW PACK.txt,,01df5b57ed5132278030b7420e78084de81f2bf4,71784
ADDED,HYPERFOAM THEORY/SAT HISTORICAL GLOSSARY.txt,,bebf5d380146541858bc13eedf383dda5cd65ff7,243287
ADDED,HYPERFOAM THEORY/SAT4DHHUC.txt,,2e1e163771dda9bd1132290ce758ef6d80a6d0fb,59213
ADDED,HYPERFOAM THEORY/SATRDHHUCUI DEV.txt,,d525006e479af88d2a22403e0192d2eaa5b158ea,131494
ADDED,HYPERFOAM THEORY/TIGHTENING OBSERVATIONS.txt,,c94b00ab6ca352a0986c14e6a7686b97cc32e74e,317228
ADDED,HYPERFOAM THEORY/UI BUILDOUT.txt,,13e0c7e6fa08e5e51cfaeb66aefe8e92317ea931,416525
ADDED,HYPERFOAM THEORY/UI CONFIG.txt,,6817caf68943593f31d72d51798e0ba4589624a4,6534
ADDED,HYPERFOAM THEORY/UNIT CELL LAGRANGIANS.txt,,8adfdc9e5fcd8474c69f1dded679eda5d4434608,60595
ADDED,HYPERFOAM THEORY/UNIVERSAL_INDICATRIX.txt,,0b31a1664579f7bcec0e6201f7a98374f6905051,175072
ADDED,H_universes.py,,e022f5de8a508ea40f0be78d568dfaaed0bf2e9e,2805
ADDED,Homes in Cardinal Order — raw.json,,5ec26adb1a1b884b98246737ef51e82434d725a8,9228126
ADDED,Hostile Review Auditor Setup/FREE MODE PRIORITIES.txt,,0d4e4ebf9338cbdabca86830551b023c63a52502,1788
ADDED,Hostile Review Auditor Setup/SAT20 BUILD SETUP.txt,,7337400c956fd57771862bb2d5ac3a94ba8d5222,9280
ADDED,Hostile Review Auditor Setup/SAT20 MASTER PLAN.txt,,d41875241a80abb152d372f061744417c906a9ca,3756
ADDED,Hostile Review Auditor Setup/SAT20 PRINCIPLES OF MINIMAL ASSUMPTION.txt,,b319b6be2dd33d3392d9ee2e8e500384b015860e,4540
ADDED,Hostile Review Auditor Setup/SAT20 TOP LEVEL GOALS.txt,,0a83c4fd3c2f916c7985ab914b671fd5ba95dcbd,4239
ADDED,Hostile Review Auditor Setup/SAT_20_AUDIT.txt,,8501b7b37102f43cb5469eed5f826d93b265f884,4939
ADDED,How hard is it to make a first principles estimate of an element’s… 2.pdf,,b1c8c2a0f394a90be1fe8177c435cd052d3cc386,498003
ADDED,How hard is it to make a first principles estimate of an element’s….pdf,,b1c8c2a0f394a90be1fe8177c435cd052d3cc386,498003
ADDED,HsH AHA TOPOLOGY.txt,,5283ceb8d06109061543711ebe7c46954efe7ede,164784
ADDED,HsH CLASSIC AUDIT.txt,,42b7957ad8a509a03fe15205e1f858669e261833,25753
ADDED,HsH COSMOTOPOLOGY.txt,,9f42b96adfa1cb9b310ad8d89843b93ae0379922,99309
ADDED,HsH Classic Run.txt,,02bcd4f48644a915bc4454945170c7bb296ce9ee,212205
ADDED,HsH SAT 2026 ROUNDUP/SAT PARTICLE LAGRANGIAN.txt,,199618ae856702bb942a48328de59232487555c2,124236
ADDED,HsH SAT 2026 ROUNDUP/SAT PREDICTIVE BENCHMARKING.txt,,cc317e5e2b0633edcabf51c891282bc4b2734499,151977
ADDED,HsH SAT 2026 ROUNDUP/SAT RADIAN LEAP.txt,,166a63dab3d435686282ea1c426a0c618944ba3f,17694
ADDED,HsH SAT 2026 ROUNDUP/SAT RMS EPIST — NON AND SENSE.txt,,f3aed17a5ec00a25a4d4acaf4b51ed34c5e6212e,92425
ADDED,HsH SAT 2026 ROUNDUP/SAT THEORY - Bell’s + Light Cones.txt,,0d2c501d551b27f1fadf7fc45715ab2a4f3b7a46,11751
ADDED,HsH SAT 2026 ROUNDUP/SAT THEORY —  Fromscratch.txt,,7d21799826d888afdd933b5e0348ebe31b158b1f,11174
ADDED,HsH SAT 2026 ROUNDUP/SAT THEORY — Dimensoins.txt,,8f019606e52cbc8e45bd7638395f994777a3a446,17514
ADDED,HsH SAT 2026 ROUNDUP/SAT THEORY — Frame dim .txt,,e9f7a28b9d5f8c72937570baa2cd18f5ea67c663,4854
ADDED,HsH SAT 2026 ROUNDUP/SAT THEORY — Gx Halos Etc .txt,,b8a934635ffbfae177eeef53838beb3cdb5bc91c,107014
ADDED,HsH SAT 2026 ROUNDUP/SAT THEORY — PROPER DIMENSIONALITY copy.txt,,1d8cd1574a6acdc0f86691599191b74428a2c086,98915
ADDED,HsH SAT 2026 ROUNDUP/SAT THEORY — PROPER DIMENSIONALITY.txt,,1ea1f8d506210202517aaeb0489c5950357fa39f,203511
ADDED,HsH SAT 2026 ROUNDUP/SAT THEORY — Superhelicalism.txt,,2144eb505a32571cb253b820dacdd62ca90894f7,6369
ADDED,HsH SAT 2026 ROUNDUP/SAT THEORY — Tentative Experiment Design.txt,,17561813ce29ca132b5cfd20364cd85437c61e1e,10011
ADDED,HsH SAT 2026 ROUNDUP/SAT THEORY — Worldlines.txt,,1c86774915c8ea9255798a07d06891afe0f23549,41828
ADDED,HsH SAT 2026 ROUNDUP/SAT THOUGHTS — Frimscrarcg3.txt,,deede80148544ce97a9aa21dc44f48435c685ddc,26299
ADDED,HsH SAT 2026 ROUNDUP/SAT THOUGHTS — Frimscrarch2.txt,,df2bc0280a60b76f2d76a1fa86343aa24c480dcb,52437
ADDED,HsH SAT 2026 ROUNDUP/SAT THOUGHTS — Mechwaall.txt,,5e0f2fd4a8b1f4a344dfa9ac84f09211151ad74d,132332
ADDED,HsH SAT 2026 ROUNDUP/SAT THOUGHTS — from scratch .txt,,1efe2731f81c5a84c99c1f07ed74662fb37505da,182096
ADDED,HsH SAT 2026 ROUNDUP/SAT THOUGTS—Black Holes + Big Bangs.txt,,708c70ee1a721e81f0b9e0586e5617422407fa06,19996
ADDED,HsH-SAT Roundup 2/H(s)H—Ouroboros.txt,,55c202e42f93978caa500f987b1e1a49e54bd4a6,575734
ADDED,HsH-SAT Roundup 2/SAT AUDIT — Cyclerev.txt,,0d02110e2787e49eb2bbe251fe15af56e35a8d4f,47253
ADDED,HsH-SAT Roundup 2/SAT AUDIT — Formal rules .txt,,9f77f906b2888661d39e6341b83ee4a06517e302,4108
ADDED,HsH-SAT Roundup 2/SAT AUDIT — Refine .txt,,247bda4b85a6849c9b0e7e8d8ac6b57cfccdf121,119445
ADDED,HsH-SAT Roundup 2/SAT AUDIT — Space Do over.txt,,d1c33910dcabe9d5fa50696fba4a74bcd30aff06,10900
ADDED,HsH-SAT Roundup 2/SAT AUDIT — Spectra-Heat anom.txt,,2588c591264b6c6cfd7846cac7fc3e46b05e4de8,38166
ADDED,HsH-SAT Roundup 2/SAT BUILDING STORY.txt,,5c4e20eb52043b655eb81496962133e0ffe33f04,346588
ADDED,HsH-SAT Roundup 2/SAT CORE PACK.txt,,ec3cd7975f49251847242199f7e49765f0c39199,10928
ADDED,HsH-SAT Roundup 2/SAT CORE — Donut canon.txt,,be985c292bfcae7352983d596c38e7f172f6029d,18106
ADDED,HsH-SAT Roundup 2/SAT CORE — HELIUM STANDARD ATOM 2.txt,,5e0f43950244bd5173799ec74b985944cf169ac2,22469
ADDED,HsH-SAT Roundup 2/SAT CORE — Orders .txt,,b38528a86fac3880047908fb3acbde6e17dd3063,3008
ADDED,HsH-SAT Roundup 2/SAT CORE — ReDonut.txt,,1e8083fd93843aac99688eaa611f6ece6c4b98b7,41602
ADDED,HsH-SAT Roundup 2/SAT CYCLES 37-50.txt,,a69db1ec6572ed83e83438d770ebc621e3876767,43096
ADDED,HsH-SAT Roundup 2/SAT HISTORICAL GLOSSARY.txt,,bebf5d380146541858bc13eedf383dda5cd65ff7,243287
ADDED,HsH-SAT Roundup 2/SAT MATH — BACKBONE.txt,,1854995be3311f565739f2be64269cbb0385a82f,234527
ADDED,HsH-SAT Roundup 2/SAT METRICS — Basic.txt,,6b0a0f6a45008e69262e702e6f3a5ba1e3921518,275
ADDED,HsH-SAT Roundup 2/SAT4DHHUC.txt,,2e1e163771dda9bd1132290ce758ef6d80a6d0fb,59213
ADDED,HsH-SAT Roundup 2/SATO-BLOCK Hamiltonian and Hilbert Space.txt,,13b6da983ea8dcad5509b1c6941b8855a2653677,9730
ADDED,HsH-SAT Roundup 2/SATOBLOC-CALIBRATED.txt,,2d9a1e5496b719253c5e0da3325be62661c6c119,15514
ADDED,HsH-SAT Roundup 2/SATPatch.txt,,540a5936f384371df8a550b1e4f526daee07e836,54359
ADDED,HsH-SAT Roundup 2/SATRDHHUCUI DEV.txt,,d525006e479af88d2a22403e0192d2eaa5b158ea,131494
ADDED,HsH-SAT Roundup 2/SAT_Phenomenology_2025_SATQR.txt,,0a7afeb1dc344ad13c5269bd5b638590b26bc3be,3601
ADDED,HsH-SAT Roundup 2/SAT_STANDALONE.txt,,31767ca8db8c04722d2c24f25d25674d697916a7,66289
ADDED,HsH-SAT Roundup 2/STREAMLINE 11MAR26.txt,,1bacacf143183d6f69b6e2471334d40d18d9f194,60347
ADDED,HsH-SAT Roundup 2/THE CONSTANTS.txt,,f1ddcd21ff610729bd0a844c402578b2a9576598,32566
ADDED,HsH-SAT Roundup 3/4DHH-UC BUILDOUT DEV.txt,,37e2490602b23bdd0d1fd418c51b65df5cdc548c,813457
ADDED,HsH-SAT Roundup 3/4DHHMISC.txt,,63bf78e64b84f079e256c74bb2f642d820271aeb,55135
ADDED,HsH-SAT Roundup 3/4DHHUC—DISCUSSION.txt,,22b3dcc3194d89a4a90badbee7c22dc9588613b7,197316
ADDED,HsH-SAT Roundup 3/AUDIT CYCLE 1-7.txt,,c0d24191c7691ddbdb7ed67f5452f523f5801e91,93056
ADDED,HsH-SAT Roundup 3/BOSONIC SATOBLOCSTRING.txt,,4ce09ea76d79b7ab1917b53751c10f935d05fe1d,399308
ADDED,HsH-SAT Roundup 3/BYO LAGRANGIAN.txt,,47ee684888525d9d71a6dd701041685681f3dc49,4184
ADDED,HsH-SAT Roundup 3/COLLECTED REFINEMENTS.txt,,01b6a27da8a0b9bb6b519e463eafa1ae80e3892d,18131
ADDED,HsH-SAT Roundup 3/CONCAT_SAT_TO_MAINSTREAM.txt,,332ae825c0045532ec9ae5a89467c84cd6549d34,49932
ADDED,HsH-SAT Roundup 3/CORE TEAM CURRENT PLAN.txt,,4ff3c5b8e542473dab7bb914785a795fb81bf10d,6664
ADDED,HsH-SAT Roundup 3/CORE_TEAM.txt,,a9e97652d4b7b6818c9536d42c0e35515fd57f91,3522
ADDED,HsH-SAT Roundup 3/FINAL BOLT TIGHENING LOG.txt,,dab1d650cafeef2dbed39d1be13cd83e8423f45b,7465
ADDED,HsH-SAT Roundup 3/FINAL TIGHTENING.txt.txt,,8b4de3dd276e4599a22a48e30b58c7a6c6acbb16,317236
ADDED,HsH-SAT Roundup 3/FOR_PUBLICATION.txt.txt,,e95f6fb349e9e41c17f44e93fb1fc580bcbe7d72,14448
ADDED,HsH-SAT Roundup 3/GEDANKENEXPERIMENT.txt,,7bda2035e2a4e0682e5eceff948019eb3d964bee,28995
ADDED,HsH-SAT Roundup 3/HIGH PRECISION UI.txt.txt,,9f521afdbf8e024851a306feafe076e9b2051a31,4190
ADDED,HsH-SAT Roundup 3/HOMESTRETCH ALIGNMENT.txt,,6eff5885f15265a53f41a711bbee54cb0a382a83,3929
ADDED,HsH-SAT Roundup 3/HOMESTRETCH.txt.txt,,6d5d24b9897d51668b3e7453baf3bf1c8676d3ba,44058
ADDED,HsH-SAT Roundup 3/IS AND ISNT.txt,,3b71d17fac7f1463d27cabbbdf951bed7d8dd2d6,27285
ADDED,HsH-SAT Roundup 3/MINKOWSKI_VARIATIONS.txt,,cb683778aef6dbecba11712504452d804216bd16,134286
ADDED,HsH-SAT Roundup 3/McKnight_N_SAT-QR.tex.txt,,d329761f8654b916a5a43dc9ff6fe5c02499bf68,4294
ADDED,HsH-SAT Roundup 3/McKnight_et_al_SAT_Whitepaper_Number_One_02Jun25.txt,,51573fa3ee5c98a6a75720288942334523058df9,84827
ADDED,HsH-SAT Roundup 3/More SAT Speculation.txt,,67ff75cb9a462c47d3dbd11bb3a12569be9bed3e,83195
ADDED,HsH-SAT Roundup 3/NOVEL PREDICTOINS.txt,,89e1b60862da7a5d2e2fcc41d133e93933b3295d,68477
ADDED,HsH-SAT Roundup 3/ONTOLOGY MADE OF.txt,,437235a2a175e1937941db1fac8a3b66b3573150,399869
ADDED,HsH-SAT Roundup 3/PAPERS TO LOOK UP.txt,,f33528ac93a22dd386307cb5756658bf1d871314,2425
ADDED,HsH-SAT Roundup 3/PHYS D FULL 4DHHUC+U_I PAPER PLAN.txt,,baca8215a912cecd25331b842f21bff158bbcdc6,5357
ADDED,HsH-SAT Roundup 3/PHYS D UNIVERSAL INDICATRIX.txt,,3e372b3939ede06474d5df095043025dcf487f7f,4848
ADDED,HsH-SAT Roundup 3/PLAN - 2026 SAT-4DHH-UC BIG PAPER.txt,,e2e3b22fd4a6e500fb010c92c06f6226edaafe4a,153473
ADDED,HsH-SAT Roundup 3/PULSAR GLITCH PROGRAMME.txt,,c05f7fe826ce0edb7bcaded815d768531b554dfc,12815
ADDED,HsH-SAT Roundup 3/QUANTUM HYPERFOAM.txt,,c6c7b018f44980a0c6acf2d27e381e647c08f222,26978
ADDED,HsH-SAT Roundup 3/REF - Constants.txt,,63cd7f2e4302cbf135d597e9c94af4742ac21ed4,44441
ADDED,HsH-SAT Roundup 3/RESEARCHER REVIEW PACK.txt,,01df5b57ed5132278030b7420e78084de81f2bf4,71784
ADDED,HsH-SAT Roundup 3/SAT & String Theory(1).txt,,ed3afcb39ca75b0b9f52981fef476da439679b70,127384
ADDED,HsH-SAT Roundup 3/SAT DAI — VERBAL_THEORY.txt,,2ec66c14753356024572bbd8e2879135e7c2fce7,861
ADDED,HsH-SAT Roundup 3/SAT — Audit.txt,,1edb7f4d4888653eedb838067c51c4945c065b93,1458
ADDED,HsH-SAT Roundup 3/SAT — NOT SURE.txt,,8f019606e52cbc8e45bd7638395f994777a3a446,17514
ADDED,HsH-SAT Roundup 3/THE_WHIRLIGIG.txt,,e244a2187ab3fbf0d55ddeffa71aa3e4cbc97057,78705
ADDED,HsH-SAT Roundup 3/UI BUILDOUT.txt,,13e0c7e6fa08e5e51cfaeb66aefe8e92317ea931,416525
ADDED,HsH-SAT Roundup 3/UI CONFIG.txt,,6817caf68943593f31d72d51798e0ba4589624a4,6534
ADDED,HsH-SAT Roundup 3/UNIT CELL LAGRANGIANS.txt,,8adfdc9e5fcd8474c69f1dded679eda5d4434608,60595
ADDED,HsH-SAT Roundup 3/UNIVERSAL_INDICATRIX.txt,,0b31a1664579f7bcec0e6201f7a98374f6905051,175072
ADDED,HsH-SAT Roundup 3/VERBAL SatoBlockString_Bosonic.txt,,cec19b9da931913d050dbedfe8c76dd0a497fa9a,42011
ADDED,HsH-SAT Roundup 3/WHIRLIGIG SIMPLIFICATION TAKE 1.txt,,bfe1a8771bf6faa2d8281863c7f4092f711020fa,4493
ADDED,IMG_2411.jpeg,,1c8a4d55a4adc0def615ef2c4516b34a902db3aa,566142
ADDED,INGESTION_LEDGER (1) - Copy.txt,,8c095421bcc00d58059eddbcfdb7a62a1486bc13,38865
ADDED,INGESTION_LEDGER (1).md,,8c095421bcc00d58059eddbcfdb7a62a1486bc13,38865
ADDED,INGESTION_LEDGER.md,,8c095421bcc00d58059eddbcfdb7a62a1486bc13,38865
ADDED,Idea Evaluation Request — raw.json,,4af5f792f92159c7a27c609ee35b52b3bf7083b6,154761
ADDED,Image overlay blending — raw.txt,,b5f83f11e4c9b6498d98fe4effece83e2a707d7d,465089
ADDED,Index1.PNG,,2a9f04ca2a686a203eb47dd13b81cf105cedaf0a,70606
ADDED,JETSTREAMS 2.txt,,ac15e6741232ed258b90891ba419307d60bb6f19,4217928
ADDED,Jetstream Construction Story Retelling — raw (2).json,,07482675c8181196f2e3048ac4c4f89d616760ac,8240406
ADDED,KEY CALCULATIONS.txt,,e38b024ac5e1a075c3343690e87a7ea080f8ecfe,396048
ADDED,KEY_METRICS.txt,,0df1309919186980f8b20b905fdfabd522351f5f,24395
ADDED,KLEIN_LOGIC2.txt,,5c6966eb250202fdf3733b81009b25fab0a11273,257410
ADDED,Klein3.txt,,3cadb377de01c890c406a2f78bc2fb90aea96a8d,302228
ADDED,LAB2_SAT_Dirac_And_Coupling_Closure_ReportLab.pdf,,409866b666a6251676c8e95aa11c3740c4f4ddf6,2123
ADDED,LAB2_SAT_Dirac_Brackets_And_Closure_3D.pdf,,0073539fc18d2f7f3c55dcb332b9c9c4184d53d5,2275
ADDED,LATELY IN SAT.txt,,79b6ff476b7f9f8f1bd5ef8485ed97fe178a3d3f,27144
ADDED,LEAN CHECK_drafts/FULL_THEORY_LEANCHECK_draft.txt,,e442f495669377dfd7679cd65df1af54dc1f65b7,4720
ADDED,LEAN CHECK_drafts/LEANCHECK.txt,,c4ac4e3f656a62c208aa79db880728f55ac274fd,5300
ADDED,LEAN CHECK_drafts/LEANCHECK_massSpec_basic.txt,,4482cd6ff4f3ed58213c4bf0d63468d0df168c2c,1756
ADDED,LEAN CHECK_drafts/LEANCHECK_massSpectrum.txt,,7088cca87139d48d29ebc57cb8b848f212bf36d0,2040
ADDED,LEAN CHECK_drafts/LEANCHECK_notebook.txt,,7667e37ce7f4579bcdfbfa98b71e44fc467af4b9,4527
ADDED,LEAN CHECK_drafts/SATO-BLOCKWAVE_leancheck.txt,,b128efd3004fe34e48dc7da2c39bdd14f9926ddc,8079
ADDED,LEAN CHECK_drafts/leancheck1.txt,,b128efd3004fe34e48dc7da2c39bdd14f9926ddc,8079
ADDED,LEAN CHECK_drafts/leancheck_support.txt,,3983eaa028df4cfdaa7228bbbc4496cd011ed576,1930
ADDED,LEAN_CHECK_/SATOBLOCKSTRING_LEAN_TEST.txt,,68f8c7277d8564869522a17a3d4ba5aa0d96df21,5324
ADDED,LEAN_CHECK_/SATOBLOCSTRING_leantest.txt,,6bf51b6b56d91666e3d084ea35bb0d081dda4385,4693
ADDED,LEAN_CHECK_/satoblock_latticechecker.txt,,85fc92195e023b62912ddeaaee983341ae846529,1570
ADDED,LICENSE,,f2ded4bb098828c96e4f7021b9d871960a4be7a8,20654
ADDED,LIGHT CONES AND ENTANGLEMENT (Nolat).pdf,,f182d312605c807bab9be5987073c8538b4589bf,61294
ADDED,Lab2_Lagrangian_Captioned.pdf,,3f557cea2d6d62daff9ccd0611a5bae1bd9dfad4,491360
ADDED,Lab2_Lagrangian_Evolution.pdf,,d6b31f5b694c40657de20b4e765a7fccece37f0b,489938
ADDED,Late High Gothoslavic Conodont Treatise.txt,,6adbcf0f8ddf9742466353ba18d0afc9c5db4a94,3942
ADDED,Loessl Construction Story Retelling — raw (2).json,,7bef52fdd92b9ee7b42bfd37109452ac4783f10d,2054992
ADDED,MARCH 12 SYNTHESIS (nolat).pdf,,373ecd92ea21854dbc65116d761920fb26110113,104319
ADDED,MASS SPECTRUM CALCULATION.txt,,467a0c6a24a6f4f071fc20af438420f69b6abe61,8761
ADDED,MASTER THREAD README.txt,,96b8568ebf5514a886bea6bc25f0a062f4464ef2,3168
ADDED,MAY GITHUB ACTIVITY.txt,,03abbf527e971d302b1b497667bc5cc01d2aa554,4049
ADDED,MAY_2026_SNAPSHOT.txt,,c29c49b697208294d705b0a280d91808a57edc66,6741
ADDED,MEMORY.pdf,,5cc0774c499d337580fa523bb47233892550f32a,70735
ADDED,METHODOLOGICAL_SNAPSHOT.txt,,b181cb40447df7a31a65cc5b874d5a3daba7a094,1611
ADDED,MILLENIUM PRIZE.txt,,9eb3371fec8af9b04dfa4ea57e6cafe179a0a48a,17518
ADDED,MINKOWSKI PROPER 2.pdf,,674ff25e0f51c71610bf1cd86d64d29140ce56fc,2140186
ADDED,MINKOWSKI PROPER.pdf,,674ff25e0f51c71610bf1cd86d64d29140ce56fc,2140186
ADDED,MISC CODE/sat_data_pipeline.py,,ad94a7a5ba509c4422646425ec9d988c645ebe4c,2571
ADDED,MISC CODE/sat_dynamics.py,,653e98430c8ff62b7ecd23b4c4e8f4d13bbf9890,2688
ADDED,MISC CODE/sat_geometry.py,,925f9a6d52a76a841b771a3865197fffe1de945b,3783
ADDED,MISC CODE/sat_observables.py,,057d5cd349f0929b2ca2cd2ca555843e6797c2c0,2388
ADDED,MISC/09b77132-08d5-4e18-aa91-4d83bbce5fef.nb,,0d95fe658a63b3fb6a939ade6d25493b0aaab712,3816678
ADDED,MISC/10-20-25 FULL THEORY.txt,,6956c011e1ab70b0e2cad9b2b8a99fa4915eb4da,127783
ADDED,MISC/10-20-25 definitions.txt,,afda1c11ae1693267d9f030445bfb24070c86541,9051
ADDED,MISC/4DHH LAGRANGIAN (nolat).pdf,,4bc0231f036560ecbf67ecb7795e2708f7a81c67,220413
ADDED,MISC/91364946_10158031586940540_1417431966088691712_n.jpg,,44dcbfbad30cd435016326a454ed4b297d18716e,16443
ADDED,MISC/A SELECTION OF GOTHOSLAVIC LITERATURE.txt,,ec92ee8bb309723bc0369fbe0112a09ffc510820,119307
ADDED,MISC/AN Excellent Request.txt,,1f275c8abf64cda346082f2c0abc3204826e0e9c,45836
ADDED,MISC/ANSWER.txt,,7d4f15942b47f155b8a9dfe71ad2cf1e2fb2a256,32344
ADDED,MISC/BELLOMY CV.txt,,516c16b919fd6c674711c1f9ff573d2a78bb09e4,11071
ADDED,MISC/BELLOMY_N_Phys_Rev_D_Submission.pdf,,4bb924ecae07a94c1d14fa6e917ab5ac0ff6ed2f,231211
ADDED,MISC/BELLOMY_N_Phys_Rev_D_Supplement.pdf,,2296170953e4e305b452ef26811d7a3e0541383e,308901
ADDED,MISC/BIG PAPER 2026 OUTLINE  SAT-4DHH-UC BIG PAPER.txt,,e2e3b22fd4a6e500fb010c92c06f6226edaafe4a,153473
ADDED,MISC/BOGOTHIA.txt,,b129f222e18335badd62d199b4e8befb9e927e4d,1288787
ADDED,MISC/BOGOTHIAN.txt,,95ae53e94fd114595fed5a4d70c05701126fb341,700009
ADDED,MISC/Bogothic Grammar and Lexicon.txt,,a3ac2c888d5e8a398aeb694835af9625a0e96a26,282291
ADDED,MISC/CORE PACK.pdf,,826ef47db6d85c1d080fbc0c16b63fa94080325b,21406
ADDED,MISC/CRITIQUE.txt,,76aec7cc509426a1cef15e69158d69dd1b6ca679,18579
ADDED,MISC/DERIVATIVE INDICATRIX (nolat).pdf,,ca66d1d141635e5fbc3641cb59cb33664ccf72d7,74973
ADDED,MISC/DUGUP.txt,,a1f1185cd020002722f4c3656e7a319bcef6e670,51939
ADDED,MISC/Expanded-Computational-Geometry-Graph-1-0-0-definition.nb,,89c67b284388136190762c94a973dcc386188095,622735
ADDED,MISC/FINDING THE DONUT (nolat).pdf,,b4be1420c4462c4cff3274475464a5beb7fd05ec,194100
ADDED,MISC/FULL THEORY V2.txt,,7c0bc4756c49389b3107b582ad3682b5e6e41c92,46538
ADDED,MISC/GRAVITATIONAL NANOSTRUCTURE (Nolat).pdf,,79eeafa6a411684db2536b63a80fcd58b3aaf714,45745
ADDED,MISC/H_UNIVERSES.py,,57b3902629b5cb4ca33d39ba48036ee9f597f376,5929
ADDED,MISC/HoloJesu Fleshlight.txt,,afa778c23eb439caf707b618ec0e59304d321c0b,209802
ADDED,MISC/Hrandoverses.py,,3f58dceb66ba5294a6345a29a142c8c425c4c861,13277
ADDED,MISC/INTERESTING IMPLICATIONS.txt,,3080ee2cd64abbf38352d28737ecbd3548a588b2,91266
ADDED,MISC/LaTeX_Documentation.txt,,43a61b4b8ca48a89ba2d495020da36acb0070a3e,6653
ADDED,MISC/PERFECT v2.txt,,8426214c2133c8b154e94c152d6b4ef6e37963c1,8197
ADDED,MISC/Physical Review D Guidelines.txt,,b01cd50ba7cf4ac08c2a000eda8d65985e104924,256103
ADDED,MISC/Physical Review D.txt,,72b56e15a9af60c8de2f7f50e0c961692d590ccd,4008
ADDED,MISC/SAT Earthquake predictor.txt,,6407a9e1c1912294d25b413588781e51b85c3ffc,2332
ADDED,MISC/SAT FIRST LEG 3 of 3.txt,,5b22282021e2d596afdac8d099a27f48ccf40b2f,234952
ADDED,MISC/SAT RETRODICTED DATA JUNE 1 2025.txt,,1bcb07ef57edca596563cc85115cec0ca1743d10,30338
ADDED,MISC/SAT-PERFECT.txt,,95c73ea2c81aefdc1ca9b2a4fe4d1e965ba90d4e,15224
ADDED,MISC/SAT-Y Hamiltonian+Quantum.txt,,3ee8934ba61b0b80f2848112bd9f6952814ffdf3,53352
ADDED,MISC/SATHsH-TWIST-TENSION.JPG,,e385424ddfac027c0765c66df62bc68d099cc456,204842
ADDED,MISC/SAT_2026.pdf,,aa7cd0dd9e0c17a29a6169340c20e62ad158eccf,198264
ADDED,MISC/SAT_NOT_MYSTICISM.txt,,32227920da7ec1d08ef04c8ab3ba8a9a790108fb,100159
ADDED,MISC/SAT_REVAMP.txt,,d64e5141bf95aa19bf628057e8ad7657dee59023,995543
ADDED,MISC/SATiii REWORK MARK III.txt,,770784b1c9ff6bd4c7c83801985d59a41447a83b,777367
ADDED,MISC/SATv EXPLORATIONS.txt,,66166a4b1b029d0dbfcb9a8e320137a0beac051e,1056115
ADDED,MISC/SATx-y FULL LOG.txt,,541d79ba38e19424a8768a83f1513a0cf1f99aec,764091
ADDED,MISC/SATxy CYCLETHROUGH2-4.txt,,d75c9f5849f1eb354995543119715c578d10db00,68225
ADDED,MISC/SATxy CYCLETHROUGH3-4.txt,,1de76d7b9ad8e8417d63e179d78ffeffccc89936,100079
ADDED,MISC/SATxy CYCLETHROUGH4-4.txt,,4456c06891c93522d67029a9ec0810dd0350b00f,116685
ADDED,MISC/SECTION 1.txt,,85a8bc0d0f4bfa7f8d60ca92601d2b5fb4e01148,84271
ADDED,MISC/SUBMISSION_SUPPLEMENTAL.txt,,7f4c7030e8f8e2efa9f72e1ae1ee568627f4c614,43137
ADDED,MISC/TEST BATTERY 1 10-20-25.txt,,27881552deb942a86eb8f867661ed48c84f5b4fa,133086
ADDED,MISC/Test Battery 2.txt,,7f9280a62eb25c54156b98f4b1482df843ef5be4,17304
ADDED,MISC/Universal Indicatrix in my words CHARACTERIZATION (Nolat).pdf,,2c821ee20db796278599b0aa263b5e321e944488,35766
ADDED,MISC/auguide4-2.tex,,deeaf3aeb6371a359fe39006ef7c3d4af4e93e88,85974
ADDED,MISC/f348a07e-1c61-4ac9-b5f5-5989a7d76941.nb,,52c6b085721f5052b30086c38ca8eb39c1bd6140,10509
ADDED,MISC/gitignore.txt,,8b137891791fe96927ad78e64b0aad7bded08bdc,1
ADDED,MISC/huniverses.py,,57b3902629b5cb4ca33d39ba48036ee9f597f376,5929
ADDED,MISC/solar-flare-coronal-loops-Daniel-K-Inouye-Solar-Telescope.png.jpeg,,930f5603c85e29fe1384690c061900b4b38a6a00,351426
ADDED,MISC/summary4-2.tex,,7ba76a16227e960776cb70dce1ab68d049ed555e,22384
ADDED,MISC/test battery 2 10-20-25.txt,,afdbd99e99e23f6d33a7b02bc0adc797c62ff677,17093
ADDED,MISC/wolfram_sat_bridge_starter.zip,,15e74154d4d539608cc54ad21175c188b503248b,4903
ADDED,MORE_PYTHON/CLOSED_STRING_VIZ.py,,97852f30cf162f7ee28bf3456f1bf71cedd77cc5,5005
ADDED,MORE_PYTHON/COMPLEX_RESONANCES.py,,2b20dc6c3aeb119436bf71c2cf7eaa63a5eb1844,7333
ADDED,MORE_PYTHON/GENRELAB.txt,,a009b49510336634e3cef89cb899466e288283c8,7553
ADDED,MORE_PYTHON/HELIX_GENERATOR.py,,bafdef174d27761c7f71625aba3db4c9b880663c,4995
ADDED,MORE_PYTHON/MUSIC_SCRATCHPAD.txt,,8aaa1a9abfb47e427580ae9b20cf45cfc363a094,3354
ADDED,MORE_PYTHON/SONYBOARD.txt,,59fc2832e25c10626efd25a12cf351572305e511,2793
ADDED,MORE_PYTHON/WIGGLESPRING.ph.txt,,1707f6258267c06f93c3b49eb666744781c229a1,5365
ADDED,MORE_PYTHON/WIGGLESPRING.py,,1707f6258267c06f93c3b49eb666744781c229a1,5365
ADDED,MORE_PYTHON/ab_initio.txt,,94a084f465dc24e34b3561237d9a247bfc4a7d13,3669
ADDED,MORE_PYTHON/gitignore.txt,,8b137891791fe96927ad78e64b0aad7bded08bdc,1
ADDED,MORE_PYTHON/hello/Hello.lean,,b1a5e54f7c8830520844df8c8f2b8059f7ec3d2b,378
ADDED,MORE_PYTHON/hello/Hello/Basic.lean,,99415d9d9fc72e540b7fc4f2e1242b9cfd06814d,21
ADDED,MORE_PYTHON/hello/Main.lean,,c68f7920a9358071b73b88d4cbba33f10be29709,69
ADDED,MORE_PYTHON/hello/README.md,,3b439713f220fdfebf388cd628a89c397c604423,7
ADDED,MORE_PYTHON/hello/lake-manifest.json,,bcb5f97c6dc2b007af63d898721fba12a9557eff,111
ADDED,MORE_PYTHON/hello/lakefile.toml,,2da0154e8e02adb1f93221101625fbb4d2c61647,132
ADDED,MORE_PYTHON/hello/lean-toolchain,,c00a53503cc3cc776c290056ed21ce7e5d80b083,25
ADDED,MORE_PYTHON/multiharmonic.py,,0f44beb84d9f45f7d88c0fd674e0cbd23b4153b0,7337
ADDED,MORE_PYTHON/multiharmonic_proj.py,,b8037f1d39cd21f9a2fd0e339739e249dced38e8,5639
ADDED,MORE_PYTHON/open_loop_proj.txt,,762feb1f3de0d012287ea593def265ca282f3582,2930
ADDED,MORE_PYTHON/quark_4d_proj.py,,18c3982cf605c8c7e36271fd796716acbe953f87,2414
ADDED,MORE_PYTHON/simple_helix_proj.py,,27cc56e38fa136c7eb918ac850f666b4c3542246,1481
ADDED,MORE_PYTHON/timesheet_proj.py,,828e4e07da1c6696aba00126d46231576f780ee8,3755
ADDED,Mar23.2024 - DIMENSIONAL GRAVITY - iPhone_Screenshot - bellomy.txt,,339fddec01b717bedffed770f1b73f8bab103fb5,212698
ADDED,Mathematical Equation Breakdown — raw.json,,0419c27fdd9cf5bcee5080f72d471b25241d2005,169765
ADDED,McKnight_N_SAT-QR.pdf,,2f4126aca8819c311fe2c94c6991fc041e5c793b,203382
ADDED,McKnight_et_al_SAT_Whitepaper_Number_One_02Jun25.pdf,,581618878af24f2a9c7e8098a91d04313061a9bc,412967
ADDED,Minimal Introduction (SAT O era).pdf,,af5f44d3f936666b4743d8e2ab102b2b9f28f2c2,150401
ADDED,Minkowski-1-6 2.pdf,,674ff25e0f51c71610bf1cd86d64d29140ce56fc,2140186
ADDED,Minkowski-1-6.pdf,,674ff25e0f51c71610bf1cd86d64d29140ce56fc,2140186
ADDED,Misc HsH-SAT/CAUTIONS.txt,,a520e3e3fffa2e0c848141a9822595e8211f34ba,12792
ADDED,Misc HsH-SAT/E-B DISUCSSION.txt,,f2e5c45b10b5fa9aea07c6775d35ef85b34bec54,77848
ADDED,Misc HsH-SAT/EARLY MOTIVATIONS.txt,,d3814d44f6db36b54a7d188d2c9bdb641e699242,44336
ADDED,Misc HsH-SAT/INTERLACEDNESS.txt,,c9724ee46ba4a19a1f85e6c834f195b7ae1b0775,21596
ADDED,Misc HsH-SAT/NESTED HOLONOMIES.txt,,0a8d52da06d1a787252b9a120c4770aa29095879,347073
ADDED,Misc HsH-SAT/SAT RIGOR.txt,,1e52dc773f4825c0452b8b75ad784536743c1286,97363
ADDED,Misc HsH-SAT/SAT STUFF.txt,,7a32c1215a6c701955e5c74161497ac843c6802c,78055
ADDED,Monorail Schede — raw.txt,,975c437868a9944152d7593671013ab7a771bd94,426626
ADDED,More SAT Speculation.txt,,67ff75cb9a462c47d3dbd11bb3a12569be9bed3e,83195
ADDED,NATHAN VOICE MODEL.txt,,5e77682d57c4e74ed54468b557c7e7e0ff4f27e9,100004
ADDED,NEWS - Blind chatter check.txt,,a381c6294fa86e8597a0a61413dd88bad1ff12dc,99451
ADDED,NSATOBLOC_pre_lean.pdf,,708cd3c140f0cc497fce70a7582f690787e0cdcb,121577
ADDED,Nautilus Draft/Nautilus article meso .txt,,a7287f4e9b21a8e2a18f52a6297d4f213da6e976,18534
ADDED,Nautilus Draft/NextPhases.txt,,65cea8890952f747909464ff739ca21604cab153,55196
ADDED,Nautilus Draft/PhaseNext2.txt,,e2af257aaa0b92cd19ef8dc746cc88d6fd162554,35365
ADDED,Nautilus Draft/Purely Speculative .txt,,a1dd8af1b09f9882d31dce1c8838c7f9dd851cef,35838
ADDED,NotebookLM Mind Map.png,,21358944f22e4a56deca93f71cf2cb391c0a142c,5467539
ADDED,NotebookLM_Captioned_Archive.pdf,,6dd17915eafbd68ba3b97b7890125f354ed8ab30,975986
ADDED,NotebookLM_Internal States.txt,,cfb5c0e69ae8bffa9631bbe75414dffbc4ce539b,10610
ADDED,Nov 2024 RMS MORAL REALISM & PERCEPTUAL TAXONOMY.txt,,50f37d4337a73098b49fb0ed08db85a9050b0fa2,433907
ADDED,OLD BIG PAPER SAT_4D_LEGACY_REFERENCE.pdf,,a58571cb4b22ce5eccbc0d9ef58f045d28758029,459067
ADDED,ONE FILE SAT 2.pdf,,6853f6666fc2c9f4b2468800ffe3314773cbbf94,121081
ADDED,ORDERS.txt,,1f9cec2b7468a87e689239d7b0d00f8e8ad825a5,5162
ADDED,OS-00 world overview — raw.txt,,ea35ef29fce28433aa74ec51815223881f33ced1,4733123
ADDED,Older Conversations/FUNDAMENTAL INTUITIONS.txt,,81ae23a106939cba7e3d134ed5c90a7d7a979a25,9258
ADDED,Older Conversations/SAT DEV HISTORY.txt,,7934cdd98999f660a0e4b35af5e0bd03b3407693,6909872
ADDED,Older Conversations/SAT FORMALIZATION ROUND 3ish (1).txt,,8cb6be0e8ef1d332425f27d1ea921911c1848a53,22770
ADDED,Older Conversations/SAT FORMALIZATION ROUND 3ish.txt,,8cb6be0e8ef1d332425f27d1ea921911c1848a53,22770
ADDED,Older Conversations/SAT FORMALIZATION doc.txt,,3f794e74948e53c1a787960807d03d0b1d496c9e,60654
ADDED,Older Conversations/SAT FULL EVALUATION.txt,,8715cb79b4fe38f6f335080114877e93e8623cb9,218630
ADDED,Older Conversations/SAT Full Revamp.txt,,2094f6d51c9f407a575a18057ec8330c4ae2ca72,142698
ADDED,Older Conversations/SAT HARD FORMULATION (1).txt,,e456e9c2185583b60dd3791d4254ad488beec4a3,3416
ADDED,Older Conversations/SAT HARD FORMULATION(1).txt,,e456e9c2185583b60dd3791d4254ad488beec4a3,3416
ADDED,Older Conversations/SAT HARD FORMULATION.txt,,7b784c761f43a469896c8fcce3be1e0e70679289,2713
ADDED,Older Conversations/SAT INCEPTION (1).txt,,6e5d1d2325ab25c8e606ec905e8fc11962c63138,4751
ADDED,Older Conversations/SAT INCEPTION SCRIPTS (1).txt,,52a9a4c043db9dac777adf8c5a5248de370c7a90,4575
ADDED,Older Conversations/SAT INCEPTION SCRIPTS.txt,,52a9a4c043db9dac777adf8c5a5248de370c7a90,4575
ADDED,Older Conversations/SAT INCEPTION.txt,,6e5d1d2325ab25c8e606ec905e8fc11962c63138,4751
ADDED,Older Conversations/SAT SCALAR ANGULAR THEORY (1).txt,,34ca334e91376b14c852e52df58cfe2dfd0428c1,306418
ADDED,Older Conversations/SAT SCALAR ANGULAR THEORY.txt,,34ca334e91376b14c852e52df58cfe2dfd0428c1,306418
ADDED,Older Conversations/SAT TEST.txt,,e75902d1a617e345b411f950399fba3bd8ed2497,26999
ADDED,Older Conversations/SAT-OLD.txt,,932d575dc548ddab7065724886ead03366e81f96,23774
ADDED,Older Conversations/Weinstein & SAT(1).txt,,a1dd8af1b09f9882d31dce1c8838c7f9dd851cef,35838
ADDED,Older Conversations/Weinstein & SAT.txt,,a1dd8af1b09f9882d31dce1c8838c7f9dd851cef,35838
ADDED,Ontic 2.txt.txt,,90e1faa22cf63d3d6ad1a2e08a23d0d0d55019fd,16995
ADDED,Ontic.txt,,a8461ad4df18c8e6aab82914cd3a1f72e2b3e204,2464
ADDED,Ontology and Math Check — raw.json,,e3e40b1a167d26f2d153667d761746f9a4788db1,3275822
ADDED,Ooo Construction Story Retelling — raw (2).json,,37ff32ddaa6e2a60a504c034f6edcc5b80f87ea2,2256543
ADDED,Orders and Q numbers 2.pdf,,523b0734de553b84bc6f036fc1a8859920c99a62,27254
ADDED,Orders and Q numbers.pdf,,523b0734de553b84bc6f036fc1a8859920c99a62,27254
ADDED,PARADIGM FOR & AGAINST CONVO.txt,,44e5a3d4379553a70370634f213c0d7bf3849095,89459
ADDED,PARADIGM SHIFT.txt,,a381c6294fa86e8597a0a61413dd88bad1ff12dc,99451
ADDED,PAXBOOK.txt,,1f8ecc5cb319246bcf73d0d269b87c21efde4aba,167146
ADDED,PDF LIBRARY [OLD]/Audit Code Package Construction Guide.pdf,,7c3eeb8a3f6cf2e3d82bb181adf6f072ab457a3c,44507
ADDED,PDF LIBRARY [OLD]/BELLOMY_N_Phys_Rev_D_Submission.pdf,,4bb924ecae07a94c1d14fa6e917ab5ac0ff6ed2f,231211
ADDED,PDF LIBRARY [OLD]/BELLOMY_N_Phys_Rev_D_Supplement.pdf,,2296170953e4e305b452ef26811d7a3e0541383e,308901
ADDED,PDF LIBRARY [OLD]/BIG PAPER 3 SAT_CLEAN.pdf,,3a093a95c6783b64b986b7966a5dffab6a6d5628,243930
ADDED,PDF LIBRARY [OLD]/DEEP DIVE PRONUNCIATION GUIDE PT2.pdf,,7411f85032d6cfe86bb0686b766545589dc3751e,44533
ADDED,PDF LIBRARY [OLD]/DEEP DIVE PRONUNCIATION GUIDE.pdf,,eb3b2a78657340c3e0f9a3cc8451e57e562a44e3,150302
ADDED,PDF LIBRARY [OLD]/McKnight_N_SAT-QR.pdf,,2f4126aca8819c311fe2c94c6991fc041e5c793b,203382
ADDED,PDF LIBRARY [OLD]/Minimal Introduction (SAT O era).pdf,,af5f44d3f936666b4743d8e2ab102b2b9f28f2c2,150401
ADDED,PDF LIBRARY [OLD]/Proof1).pdf,,12885c8f916475b5836c9d30ba293fa54c777d99,212890
ADDED,PDF LIBRARY [OLD]/SAT 20 Minimal Intro.pdf,,f193d3a9819f991094a5223d65b4b1dd0879ed2f,171943
ADDED,PDF LIBRARY [OLD]/SAT 22Jun25.pdf,,caf5771a9d01b8505c23c07ac7cccca04fff49f5,5381173
ADDED,PDF LIBRARY [OLD]/SAT.4D Deep Dive Pronunciation Guide.pdf,,5aa394f2139d87ddf601b894ff21fe2bd352b074,112037
ADDED,PDF LIBRARY [OLD]/SAT_4D-Sketch.pdf,,6b563f25a9834e5b1cdb36117d73ed0c550a7bd0,305464
ADDED,PDF LIBRARY [OLD]/SAT_4D_LEGACY_REFERENCE.pdf,,a58571cb4b22ce5eccbc0d9ef58f045d28758029,459067
ADDED,PDF LIBRARY [OLD]/SAT_4D_LIVE.pdf,,4d85f9b302e5ab695f09165c9e8489120cff69af,318744
ADDED,PDF LIBRARY [OLD]/SAT_4D_LIVE_DRAFT-10Jul2025 - Copy.pdf,,e12c825ffbf9780e82055a96cbbc53ac35466526,472047
ADDED,PDF LIBRARY [OLD]/SAT_ATTEMPTED_FORMALIZATION.pdf,,1d2453b0983e4eb21c619bc5ee11c84f1a2f8411,1077897
ADDED,PDF LIBRARY [OLD]/SAT_CLEAN (1).pdf,,43540a85cd258a18dfd031f0a3d33a767d3f20b2,407677
ADDED,PDF LIBRARY [OLD]/SAT_CLEAN-eval.pdf,,12a70e134eaeaa003e559b47116f961e88523813,311482
ADDED,PDF LIBRARY [OLD]/SAT_CLEAN_LIVE.pdf,,8751ed40d5e6c887f427a4757b8f3fe4f9ce6536,328128
ADDED,PDF LIBRARY [OLD]/SAT_DATA_FITS.pdf,,1aa0f17b0e273d347dbcef0a0e32d596a6054498,175833
ADDED,PDF LIBRARY [OLD]/SAT_FULL_BUILDOUT.pdf,,46433fcae3f0604ee5501b898ec5c271e22c38ff,488753
ADDED,PDF LIBRARY [OLD]/SAT_O1.pdf,,af5f44d3f936666b4743d8e2ab102b2b9f28f2c2,150401
ADDED,PDF LIBRARY [OLD]/SAT_O2.pdf,,977d5b8a6935cc8a72d6b728eb0396662a76177c,162528
ADDED,PDF LIBRARY [OLD]/SAT_O3.pdf,,e2aef3f8217dc090474200111f2bb42240b814f5,115477
ADDED,PDF LIBRARY [OLD]/SAT_O4.pdf,,85d70c862ee1bc1a59c1dfaf8b13c8c53ee493bd,150740
ADDED,PDF LIBRARY [OLD]/SAT_O5.pdf,,a8e09cfb70c96776b715b223d72c6e572356de70,152388
ADDED,PDF LIBRARY [OLD]/SAT_O6.pdf,,29295f82a610635d5696ba8bbc62650ec6bf4c2a,119592
ADDED,PDF LIBRARY [OLD]/SAT_O7_tentative.pdf,,5fc7b3d31686f20f2f2940faf3fdf5004f25c84f,166113
ADDED,PDF LIBRARY [OLD]/SAT_O7_time_tentative.pdf,,41b54ae3a2a1be1e7f06ce9c3e95279ade9c12ef,169065
ADDED,PDF LIBRARY [OLD]/SAT_O_Glossary_1.pdf,,9abc7cb292e18bf0463c72f67015db1ae8572e34,129701
ADDED,PDF LIBRARY [OLD]/SAT_REWRITE (1).pdf,,beddfe859465986992a24b6f047dbfc830dae127,5305098
ADDED,PDF LIBRARY [OLD]/SAT_REWRITE.pdf,,ab78b63cbaad2fa5ca5769fbb45100302c57111c,5329850
ADDED,PDF LIBRARY [OLD]/SAT_ST_integration_test.pdf,,25ea4270b731bbd2fe2c2d650a7df2ac2679869d,393387
ADDED,PDF LIBRARY [OLD]/Test (1).pdf,,6a3cbfb6c8da328b84cee4f3fab44f33b51229cf,350527
ADDED,PDF LIBRARY [OLD]/Test.pdf,,797218d21c85841e519a8427747724652e1652a9,322966
ADDED,PDF LIBRARY [OLD]/desktop.ini,,0d970c16943d502a6f70d877b92e08f9c2c05102,138
ADDED,PDF LIBRARY [OLD]/refractive_index_modulation.pdf,,cfaad753c7c7d9302dfa6594f7ee495421af4505,382611
ADDED,PHYS (nolat) 2.pdf,,35d655bfac92dab2f3fb73de0ca51edd8bfbc861,60915
ADDED,PHYS (nolat).pdf,,35d655bfac92dab2f3fb73de0ca51edd8bfbc861,60915
ADDED,PODCAST_EPISODES.txt,,544ab626b7579c6b30ec85b679ab8a456560dc31,5267
ADDED,POSCAST_EPISODES_FULL.txt,,6a070d471b3b6500f146bda57cc0bfbb7746de4f,6327
ADDED,PREDICTIONS/ANONYM RETRO 2 EXPECTED OUTCOMES.txt,,7ecaf0a5a91582b337b99eaecafde86079d26fd9,828
ADDED,PREDICTIONS/ANONYM RETRO 2.txt,,130bef83ebe947fe605dd29f9eef2ab98ad9960d,8052
ADDED,PREDICTIONS/ANONYMIZED RETRODICTION EXPECTED OUTCOMES.txt,,1364a7884bce4edd1eb4ee08345199ba0d87a077,857
ADDED,PREDICTIONS/ANONYMIZED RETRODICTIONS.txt,,72664637d3f0f334da180756d080a180e6ccbbb1,5101
ADDED,PREDICTIONS/C6BC517C-3500-4197-A463-A092A2628869.mov,,ebdf3213a51608f7ee9c700239f537f986a139d9,19639364
ADDED,PREDICTIONS/CLOCK SHIFT PREDICTION PROTOCOL.txt,,142b7bcc3420bc25f2147ecebe90ef5b67c0d0dc,20454
ADDED,PREDICTIONS/CONCAT_COMB_SAT_PREDICTIONS.txt,,4a9eb862d4e7a2abae0026fe4997bd592d92fc2a,1123479
ADDED,PREDICTIONS/CONCAT_COMB_SAT_PREDICTIONS_2.txt,,ba3016c71832802b28e2d089c9b23b4cef804d4b,2729602
ADDED,PREDICTIONS/CONCAT_COMB_SAT_PREDICTIONS_3.txt,,c31f1f89a78680a5a3b33208045e6f6697e5dc6c,1288675
ADDED,PREDICTIONS/CONCAT_COMB_SAT_PREDICTIONS_4.txt,,303f66b0e97cd5edfdcf1bb8214ac638bb37bd22,1462822
ADDED,PREDICTIONS/CONCAT_COMB_SAT_PREDICTIONS_5.txt,,5d7b780c405ebff226c1b6dd9d1b66781c3e60b5,2727110
ADDED,PREDICTIONS/DOMAIN WALL PREDICTION.txt,,c0764b368398c752921b39cb2a1be691be4a2347,15548
ADDED,PREDICTIONS/PHYS_SUPP_PRED.txt,,db8607e9465aafe68705671789787b03e36135a9,2485
ADDED,PREDICTIONS/PREDICTION REASSESSMENT.txt,,baa0921f14e4094d7dc82591828f66d8320ac6ca,6076
ADDED,PREDICTIONS/PREDICTIONS--PULSAR TIMING RESIDUALS.txt,,60ce91faec5c07d402fb1309fe2a599e9f0c65c8,28374
ADDED,PREDICTIONS/PREDICTIONS_ROUNDUP.txt,,2c61a03a7cedee4ebf7872711d75b5328476f3d1,84615
ADDED,PREDICTIONS/RETRODICTIONS 1.txt,,396e1ebfc1a422e17ce695b96cdc402575c71e11,9462
ADDED,PREDICTIONS/SAT Earthquake predictor.txt,,6407a9e1c1912294d25b413588781e51b85c3ffc,2332
ADDED,PREDICTIONS/SAT PREDICTION HIST - ROUNDUP 2.5.txt,,808dcb9f204ab3f769e2894c2ab0c0fe6cbf0b00,5027237
ADDED,PREDICTIONS/SAT PREDICTION — METRICS + OTHER SAT's.txt,,4a0118d534eb81d1c626851537ff421cc16ae252,122022
ADDED,PREDICTIONS/SAT PREDICTIONS - ROUNDUP 2.txt,,61218bc69054b07e6494e1e7d446c6aef1d325f8,1125571
ADDED,PREDICTIONS/SAT PREDICTIONS JUNE 1 2025.txt,,de6f10bc44120855a29b16621b2f5cbdba977cf9,1223
ADDED,PREDICTIONS/SAT PREDICTIONS — ROUNDUP 1.5.txt,,3b3678c6799c8ca9668f0474a9c4fd9955f64b21,896659
ADDED,PREDICTIONS/SAT PREDICTIONS — ROUNDUP 1.txt,,bf5459a8c0984242a11bfaa632cd8d07a5a1f4d6,337364
ADDED,PREDICTIONS/SAT PREDICTIONS — ROUNDUP 2.5.5.txt,,588b0dbd34c90637560e75abd65a95354307597b,1097439
ADDED,PREDICTIONS/SAT PREDICTIONS — SCORECARD.txt,,9efc4f3063c0eae9f1887b5322f9599cc82a89a3,7864
ADDED,PREDICTIONS/SAT RETRODICTED DATA JUNE 1 2025.txt,,1bcb07ef57edca596563cc85115cec0ca1743d10,30338
ADDED,PREDICTIONS/SAT TRUE PREDICTIONS.txt,,2cac489e856445daebf6dc9ade8614ef9c94a637,4385
ADDED,PREDICTIONS/SAT predictions 3.txt,,5fd2713ad27ad9c4d3074bd976a4d8ca6bf0ab51,3684
ADDED,PREDICTIONS/SAT-PREDICTION-PROTOCOL NONONYMIZED.txt,,37170c6223a3af19c3d65740f0ebe29d9e827f3e,10016
ADDED,PREDICTIONS/SAT-Y Predictions.txt,,e9a5fa67d23a34dc6f577287f9fe89b03e2cd23e,11578
ADDED,PREDICTIONS/SATOBLOCK Full Theory & Predictions.txt,,3893ef0acf9009b01c58c736ec97b8df2ba74943,204044
ADDED,PREDICTIONS/SATx_Predictions_and_Retrodictions.txt,,394605dbcb633d1fbecee1678e4907dc28664810,6652
ADDED,PREDICTIONS/Tests+Predictions.txt,,a5026ef81ad288ca2f01d8d5cbff3aee44e462c5,233092
ADDED,PREDICTIONS/Vera Predictions 2.txt,,eaefc80f3e8154047b28debedae676a0a843fc4f,4410
ADDED,PRE_HSH_ROUNDUP/2 H(S)H EQUATION ROUNDUP.txt,,e83516b3a8293666b1d93545dbea28de6e424f55,596173
ADDED,PRE_HSH_ROUNDUP/3 H(S)H EQUATION ROUNDUP.txt,,eee52dad4c4e0663e929c15e1c2670c6f9771dd7,121147
ADDED,PRE_HSH_ROUNDUP/CHATGPT_EXPORT_SNIPPET.txt,,0872636361678cdae1e5d4d18f208b75fdc53dc1,22420
ADDED,PRE_HSH_ROUNDUP/H(S)H EQUATION ROUNDUP.txt,,90f0aeb79a9f71a2ba3a283ef120ee93642f7898,3110271
ADDED,PRE_HSH_ROUNDUP/NEWTONGLITCH ChatGPT Voice Glitch — raw.json,,d23a9b76d10feb4a1a64e399430487f791f1b708,2157434
ADDED,PRE_HSH_ROUNDUP/SAT ELECTRON MASS CALC.txt,,f1011de980e4a29037e6979ae9e8d505e2aab12c,2795
ADDED,PRE_HSH_ROUNDUP/github rep.txt,,f83a1ed760251dd1bcebfd2bdc64f0b6e4d94d2c,3287
ADDED,PRE_HSH_ROUNDUP/gitignore.txt,,8b137891791fe96927ad78e64b0aad7bded08bdc,1
ADDED,PRIOR SAT ROSTER SURVEY.txt,,322da106e2b71d30bc880f7bc464f1f2a08614ed,5474
ADDED,PROP Q.txt,,9dd962dca961fdc523346c0483bd6c169b9e5154,132650
ADDED,PROTOTESTPRINT.pdf,,4e9b2e06bf62756ab354d9c3102bfb6951cb410a,12368446
ADDED,PROTO_RESUME 2.pdf,,678ec581b47ead3d7fcc68ca0deff9025e4b6f29,24013
ADDED,PROTO_RESUME 3.pdf,,420e3de62c037a7aa4a930715e010dbed8b0494e,4874620
ADDED,PROTO_RESUME-back.pdf,,3fc8f7d2d131e097054544d5dad8b27ff309f412,24013
ADDED,PROTO_RESUME-front.pdf,,e18d6ba05e70e1990ef4489f9394ca0643793a6b,22682
ADDED,PROTO_RESUME.pdf,,19a00dcbc19003b47e271b6454c5c037c850b60f,22682
ADDED,PUB DRAFTS/ABST-APP.txt,,cbfdcf7f1d12a1e6c156d22316c7ba9bb406952e,57064
ADDED,PUB DRAFTS/APPENDIX A.txt,,ba1066ec26bff71b041dc118a88ddfc054902b87,7689
ADDED,PUB DRAFTS/APPENDIX B.txt,,b2fc9724c4d12c976508ab4066b9d6c47f2debdf,3664
ADDED,PUB DRAFTS/APPENDIX C.txt,,078ed2ddd118925b9befb7f78f4a8f7486ed8ce4,3323
ADDED,PUB DRAFTS/APPENDIX D.txt,,f49171d372ea735dd2a716734d77c02db3de01e9,3868
ADDED,PUB DRAFTS/APPENDIX E.txt,,6f6bc41c9ac43b7f41d8f7049859970909728418,5560
ADDED,PUB DRAFTS/APPENDIX F.txt,,cfcb7a6ca291862f4772ee95dd87f195486c9cfc,2803
ADDED,PUB DRAFTS/APPENDIX G.txt,,e32643c0712f66e0c7bf5a18176bb485b2745284,3599
ADDED,PUB DRAFTS/APPENDIX H.txt,,19d0f91083e7a4caa20aa2fd836ff762b63dacfd,4051
ADDED,PUB DRAFTS/APPENDIX I.txt,,d713d94d49c784891218f8b69cc474c37402aa83,4406
ADDED,PUB DRAFTS/APPENDIX INTRO.txt,,ad77dcee5a7e732d7e93923a6f20efd6a3730016,5228
ADDED,PUB DRAFTS/APPENDIX J.txt,,5316472dfbd40ab9b2f4dba5c3b7e09a7852218c,3039
ADDED,PUB DRAFTS/APPENDIX K.txt,,6fa17fe999155f851eff517a2d97c4fd7a0246a9,6230
ADDED,PUB DRAFTS/APPENDIX L.txt,,27e7513e5f46dbff3feb764bff37cc76406cdf56,3363
ADDED,PUB DRAFTS/APPENDIX M.txt,,a5a619f74001c43303d08fd5f141cd2b5c28f3db,3652
ADDED,PUB DRAFTS/Bellomy_N_SAT_Submission.pdf,,1ed75cfb09b52860b850dad30ea5323c1a7bee4e,173625
ADDED,PUB DRAFTS/Bellomy_SAT_Framework.pdf,,fdedbbfa4ddc6dd3b5474532a2cb0d555f0f81d7,275753
ADDED,PUB DRAFTS/CORE TEAM CURRENT PLAN.txt,,4ff3c5b8e542473dab7bb914785a795fb81bf10d,6664
ADDED,PUB DRAFTS/CORE_TEAM.txt,,a9e97652d4b7b6818c9536d42c0e35515fd57f91,3522
ADDED,PUB DRAFTS/FUNDAMENTAL INTUITIONS MIND MAP.png,,2c4ead1ea62e46228ce1a134283c83031a67f584,4087325
ADDED,PUB DRAFTS/McKnight_N_SAT-QR.pdf,,2f4126aca8819c311fe2c94c6991fc041e5c793b,203382
ADDED,PUB DRAFTS/McKnight_N_SAT-QR.tex.txt,,d329761f8654b916a5a43dc9ff6fe5c02499bf68,4294
ADDED,PUB DRAFTS/McKnight_et_al_SAT_Whitepaper_Number_One_02Jun25.tex,,51573fa3ee5c98a6a75720288942334523058df9,84827
ADDED,PUB DRAFTS/NotebookLM Mind Map.png,,69f2edc23e24459cf2801a74db0e6cbc0cc7526e,4087325
ADDED,PUB DRAFTS/Proof1).pdf,,12885c8f916475b5836c9d30ba293fa54c777d99,212890
ADDED,PUB DRAFTS/SAT 22Jun25.pdf,,caf5771a9d01b8505c23c07ac7cccca04fff49f5,5381173
ADDED,PUB DRAFTS/SAT_Phenomenology_2025.tex,,656db1397428b820b2c831816717d5923aaa4e4d,4070
ADDED,PUB DRAFTS/SAT_Phenomenology_2025_SATQR.txt,,0a7afeb1dc344ad13c5269bd5b638590b26bc3be,3601
ADDED,PUB DRAFTS/SAT_REWRITE (1).pdf,,beddfe859465986992a24b6f047dbfc830dae127,5305098
ADDED,PUB DRAFTS/SAT_REWRITE.pdf,,ab78b63cbaad2fa5ca5769fbb45100302c57111c,5329850
ADDED,PUB DRAFTS/Test (1).pdf,,6a3cbfb6c8da328b84cee4f3fab44f33b51229cf,350527
ADDED,PUB DRAFTS/Test.pdf,,797218d21c85841e519a8427747724652e1652a9,322966
ADDED,PUB DRAFTS/WHITE PAPER OUTLINE.txt,,4053e49ca658b96e245cc45715bfe163b0f80b25,3694
ADDED,PUB DRAFTS/clock_drift_satqr.png,,2d1b926437f387b50be658e9af3bd34a5c4aa8e5,156226
ADDED,PULSAR GLITCH (Nolat).pdf,,ba4ab7fd86bd029c996534aff47008597fd0105d,83460
ADDED,PULSAR_MODEL,,ce97c752223401da6f51fac4a8b22ce19a5b769c,83862
ADDED,PULSAR_PAPER.pdf,,5307e5eb6e4edd42df0f1597b18eaea3a80f0da9,189995
ADDED,PYTHON Math Locking (SAT.O)/..folder_summary.txt,,456339891ca7a99011e08aac1ba621ab5f6b979a,2417
ADDED,PYTHON Math Locking (SAT.O)/4+link_fallapart.py,,49bd7eb7abcd7ce3ee47bfe311b6392cd9c2a4a9,1863
ADDED,PYTHON Math Locking (SAT.O)/AUDITOR README.txt,,7f325df9a53ef717813f6e094d6299180d51418e,2755
ADDED,PYTHON Math Locking (SAT.O)/MASTER THREAD README.txt,,96b8568ebf5514a886bea6bc25f0a062f4464ef2,3168
ADDED,PYTHON Math Locking (SAT.O)/MASTER_CONTROL.py,,13d2ed89cb175fd58bd7877332f1fc1a89eff0fd,1606
ADDED,PYTHON Math Locking (SAT.O)/PROTOCOLS_REF.py,,509847ffc44790cbf94eb69c3533885f5f27894b,3329
ADDED,PYTHON Math Locking (SAT.O)/SAT4DCORE_MASTER_STRUCTURE_LOCK.py,,e892bd3a9b3b056e0df4ec84bec3868c2d6f6227,6419
ADDED,PYTHON Math Locking (SAT.O)/SAT4_MASTER_STRUCTURE_LOCK.py,,2d70c846505d457cd3393eabdec27e762d3193b4,5545
ADDED,PYTHON Math Locking (SAT.O)/SAT_O1_structure_lock.py,,66489d0931e7dd3f5204734b79a396460f14e8c7,2318
ADDED,PYTHON Math Locking (SAT.O)/SAT_O2_structure_lock.py,,c5e3fad9e15751263a405047a27439f0941ce5f6,1526
ADDED,PYTHON Math Locking (SAT.O)/SAT_O3_structure_lock.py,,d6f21e0f87624c728cebe97b4a073bf49e234692,1891
ADDED,PYTHON Math Locking (SAT.O)/SAT_O4_structure_lock.py,,886ffe368faf00ffeb0f39313641403669ab344c,1559
ADDED,PYTHON Math Locking (SAT.O)/SAT_O5_structure_lock.py,,29f26b827a09c5168e95b0e96cc1799ab451cd48,1832
ADDED,PYTHON Math Locking (SAT.O)/SAT_O6_structure_lock.py,,c9c30b19044f18d133168009dd8baf448f4ddd7c,1785
ADDED,PYTHON Math Locking (SAT.O)/SAT_O7_structure_lock.py,,d99269109b7ec1877fed8c8d29b24da8476748f4,1185
ADDED,PYTHON Math Locking (SAT.O)/SAT_O8_structure_lock.py,,b1e5beaba2623aa39b132060655d61ca81922d0a,1107
ADDED,PYTHON Math Locking (SAT.O)/SAT_O9_structure_lock.py,,5ab50d2ecead70626c6e8e89f6ff30892005e7c5,976
ADDED,PYTHON Math Locking (SAT.O)/SHEPARD.py,,52f7922d23a5092e8b402a050850d0a2e5cb1ed2,3064
ADDED,PYTHON Math Locking (SAT.O)/baryon_visualizer.py,,c695f6857978be5bc386a6a85c716ef8b7d3ff49,1760
ADDED,PYTHON Math Locking (SAT.O)/borromean_binding.py,,a13a7995113e647a0fdcf50e10c526bc60edf709,2040
ADDED,PYTHON Math Locking (SAT.O)/concordance_colab_block_3_fixed.py,,470ff7ad4d8b061eb808f52c75e72b42e10d50a1,4526
ADDED,PYTHON Math Locking (SAT.O)/helix_intersection_visualizer.py,,d1b9746e1b9d2cacc37855fad852fca02aa79c35,2276
ADDED,PYTHON Math Locking (SAT.O)/helix_visualizer.py,,573003e0a525844d22983dc1e4f004fd3e4c4a2c,5275
ADDED,PYTHON Math Locking (SAT.O)/master_module_loader.py,,688f5952d3c4d19c58667b53d498a0af86ca8989,1153
ADDED,PYTHON Math Locking (SAT.O)/meson_visualizer.py,,5dcebb5e1eff7159992562d19c12e003c21067cf,2394
ADDED,PYTHON Math Locking (SAT.O)/neutrino_visualizer.py,,ce3e82229274f8f4a1aa3db7ae8c5c0fd732cd71,1333
ADDED,PYTHON Math Locking (SAT.O)/quark_binding.py,,b250ce22b170d80cb0384802cce8107df2114a72,2393
ADDED,PYTHON Math Locking (SAT.O)/sat_diagnostics.ipynb,,0560b4f41ee308d4ee2cd9d51c6886a46da2033a,2945
ADDED,PYTHON Math Locking (SAT.O)/theta_4_concept_visualizer.py,,f35a98708820ba8287732a7a6e4dc0e19752347d,2719
ADDED,PYTHON Math Locking (SAT.O)/theta_4_visualizer.py,,32c68533fd9a29c1d0145598b1b6976f1edd2aae,2576
ADDED,Paper Restructuring Plan — raw.json,,4e49650f2a0b6960d5ce99d6484825b463637828,249469
ADDED,Peer Review Process — raw.json,,7c2c4673244e7dc1c18064d70e4bbc947ae6cb80,163324
ADDED,Photoneutrino Sector (nolat).pdf,,8d17ea14cfac41077ae6060a130ef35968e68053,39057
ADDED,Physical Reality Evaluation — raw.json,,f3121b50e3226b60b63cabe339f998fedb89416f,571896
ADDED,Physics Beyond Mathematics — raw.json,,043268d181aaf64610fb57c96609b54ce0096b74,3384409
ADDED,Physics Equation Encoding Analysis — raw.json,,0cede2f5c17f5ae4c4bdb53c57e0c724f12ffa16,554472
ADDED,Physics Theory Sandbox — raw.json,,3668c65b55662e4bc6432ccbe058caa7db0628db,735817
ADDED,Podcast Analysis Summary — raw.json,,ba226586da87cfded309a00f885f39b717d48bdb,55935
ADDED,Podcast Transcript Summary — raw.json,,25411ca50179cc3081960fc859f55b02b111d505,3007208
ADDED,Podcast feedback summary — raw.json,,ce45e0aa9253ef28e80f3c60699fa30dcd038158,82785
ADDED,Posters.txt,,00f42f3d6912df9b0e9486921bcc32c046328daa,197752
ADDED,Procedure Request — raw.json,,96b380304261bb763252ecf501abc2642d48902e,86532
ADDED,Prompt Puller — raw.txt,,08178430dd69cc0af25c83dc75e685ee1514ec94,1400642
ADDED,Proof1).pdf,,12885c8f916475b5836c9d30ba293fa54c777d99,212890
ADDED,ProtoRes.pdf,,b5844e52d468de99dc446e5f5f80a75635d0bce1,101582
ADDED,Proton-Electron Mass Ratio — raw.json,,40878dfb3d2f0b6973e2451ac4c4f284a88caff5,175701
ADDED,QUANTUM GRAVITYFOAM (nolat).pdf,,e1c120e5c8972d520b1460816bb3c361fde4053b,58696
ADDED,README.md,,e8f1c74474fb272aa3af2723a98f8deac597069c,42938
ADDED,README_SAT_KMAP_PIPELINE.txt,,1e35d1e90c37069484917f66c19f75fcde584186,817
ADDED,README—CORE_RULESET_1.txt,,20408be092a411fc978241ffba7b426762910acb,2228
ADDED,REUILIGIG.txt,,6d3de4693f0fc3e8fcd2586b07818718189bb56f,1479
ADDED,RMS (Radical Meta-Skepticism).txt,,5f1ff79903f524242c0e2ed150f89e317780b6e9,14375
ADDED,RMS SAT CRITIQUE.txt,,f60522e06badfb9ae961ecde9a557e16ffd54bac,8620
ADDED,RMS SAT.txt,,4eb4146f74b089aa7d587bbf9cbcbc6c56c49513,212873
ADDED,"RMS STABILITY, INTELLIGENCE, PANPSYCHISM, AND THE DRAKE EQUATION.txt",,268b1f94cd8a1949acfae09ed69de1a0c1534754,3867
ADDED,RMS Spacetime Filaments.txt,,0323682e7a49278b5a76d0c6a5a7787a13eb17d6,10663
ADDED,RMS THE CLUB.txt,,384314d109b94a2b987784f781e6f27a52cf2b8c,525038
ADDED,RMS THE FRAMEWORK.txt,,5faeca9f1818b3761844345d37ba9ebe52c5ef47,550324
ADDED,RMS THE ROLE OF WORDS.text,,0e26460a25444a37fcabbb58757d78b9c6d76c87,7547
ADDED,RMS THE ROLE OF WORDS.txt,,49069ba519ef05106b5d97869d3098e95bc8e3d4,117774
ADDED,RMS_CRITIQUE_AND_RESPONSE.txt,,4a87c7f47f7b024598ba64d68f1ec248407947d1,17842
ADDED,RMS_Materials_summary.txt,,d4a7a0f2f732be37ea642110e234eca7cfa343a7,22469
ADDED,RMS_OVERVIEW_AND_STUDY_GUIDE.txt,,d2187ae3efbf52bbd8f7aa60c9bc6efb28101828,32360
ADDED,Reasoning with SAT-HSH Skill — raw.json,,b7868607d89f66bbc0e638398182fb2d6b2da2ce,7964873
ADDED,Reddit OCR Analysis — raw.json,,dbb5f91e2e08ea22d13394adf879a60a0f0b0ac8,915309
ADDED,Relativistic–Quantum Isomorphism (nolat).pdf,,8c361c40fadf55da7b99ed413dccb36800e7801d,38084
ADDED,Ret--Jun1 SAT Z Review — raw.json,,3cb1b696b94275e79e73ffc1a11555c964b67c2b,665220
ADDED,RevLaTeX Fix Assistance — raw.json,,fcc871b6aefa87139b1087cd9c248e35b3286f35,169472
ADDED,Russia's Nuclear Arsenal Maintenance — raw (1).json,,ee37558c8cf61af47e1a474945597afb65853440,2204362
ADDED,Russia's Nuclear Arsenal Maintenance — raw.json,,8cef441a6d22a38a468cba55edc7c218a87832e3,2174733
ADDED,SAT & RMS/..folder_summary.txt,,b67a9eaa4385a0bd6276a82ef8c461feaf13d759,3792
ADDED,SAT & RMS/Critique response.txt,,d0a2373d01ef4f2cdb8c361da973c7a3d6ad5e8a,136455
ADDED,SAT & RMS/Cronin Levin SAT.txt,,8e9ec765b0cf32cbbd22a258d9506daaa3316d52,10909
ADDED,SAT & RMS/GProof.txt,,d5b77f9219a98ea5d1a063bae31f3e0182ab8a3c,6144
ADDED,SAT & RMS/INCORPORATION.txt,,06ea427448ad0fbd62c23843ebb2f702e6e1a380,11932
ADDED,SAT & RMS/Langan and SAT.txt,,13dae9ed63c4a0d0eae5481ccbc3bdbd91bfba33,667946
ADDED,SAT & RMS/NAUTILUS ARTICLE EVOLVING.txt,,dfe0be78ffc5bf77af423e1bf045cb23294210c2,94683
ADDED,SAT & RMS/NAUTILUS ARTICLE OUTLINE.txt,,39fcf491e1fc4e40551913979f5bf0aedddc4973,9745
ADDED,SAT & RMS/Nautilus article draft short.txt,,690ba4f864ef21d0ec360603f620eb0cf2c348a3,8927
ADDED,SAT & RMS/Nautilus article draft.txt,,f249238dafeb5f8bccb71e8e9e2a4896ccd1dea0,89905
ADDED,SAT & RMS/Nautilus article meso .txt,,a7287f4e9b21a8e2a18f52a6297d4f213da6e976,18534
ADDED,SAT & RMS/Nautilus article.txt,,ecf52586babefc3043db8f0fb37f5eb37919da67,9737
ADDED,SAT & RMS/Purely Speculative .txt,,a1dd8af1b09f9882d31dce1c8838c7f9dd851cef,35838
ADDED,SAT & RMS/RMS SAT (1).txt,,4eb4146f74b089aa7d587bbf9cbcbc6c56c49513,212873
ADDED,SAT & RMS/RMS SAT.txt,,4eb4146f74b089aa7d587bbf9cbcbc6c56c49513,212873
ADDED,SAT & RMS/RMS Taxonomy and Truth to 3-8.txt,,9ee52f1338b07a0e997fdf0cd90e2d832ada9bce,81375
ADDED,SAT & RMS/RMS&SAT(1).txt,,8a6bbd5c87a949a7448556a7ebd7be5f850a5b13,29727
ADDED,SAT & RMS/RMS&SAT.txt,,8a6bbd5c87a949a7448556a7ebd7be5f850a5b13,29727
ADDED,SAT & RMS/RMS-OLD.txt,,617e781122b0041c13d67d34a1ba394673ac812f,146585
ADDED,SAT & RMS/RMS-TAXO-OLD.txt,,3273ea733a0f119dfd4141f1658f0d484f449dda,20952
ADDED,SAT & RMS/Radical Meta-Skepticism Overview - Bellomy.txt,,c016622068da8d9812d97e150ecc6c013660d07e,64537
ADDED,SAT & RMS/Refutness .txt,,0e88859499d8a5a8fea4eda0bb75c5d837d9d2c6,6153
ADDED,SAT & RMS/SAT & String Theory.txt,,ed3afcb39ca75b0b9f52981fef476da439679b70,127384
ADDED,SAT & RMS/SAT Overview .txt,,ed3afcb39ca75b0b9f52981fef476da439679b70,127384
ADDED,SAT & RMS/SAT Reformulation & Fine Structure Comstant.txt,,201eba205d212a93e15fd9720e77cd5cee3b8fb1,432885
ADDED,SAT & RMS/SAT intro.txt,,2c3f93aa2fff87228799cac13901683bc7c9f3aa,137112
ADDED,SAT & RMS/The radical insight of SAT.txt,,b2b188690f636a98af0b9ed8a213e743d8e0416e,64186
ADDED,SAT & RMS/Weinstein & SAT.txt,,a1dd8af1b09f9882d31dce1c8838c7f9dd851cef,35838
ADDED,SAT & RMS/Wrong.txt,,c0aaf20e68c52ca733736607856ef17b323b2752,95476
ADDED,SAT & RMS/Zhoopy.txt,,e487c047ad7dd1bb71a7ec7f235b88bbea838b63,39614
ADDED,SAT & RMS/text 3.txt,,2fb1e4d68de4a7a478cc7fef8a87e1a363926898,195867
ADDED,SAT & String Theory/SAT & STRING THEORY/C5.txt,,059d63b02d0e6d939c0b0c4ed112a37bc0e81804,71726
ADDED,"SAT & String Theory/SAT & STRING THEORY/ChatGPT Image Oct 29, 2025, 02_40_27 PM.png",,816716919ea5689fd4b16d6725f971512165383c,1043728
ADDED,SAT & String Theory/SAT & STRING THEORY/ChatNoteGMPT.txt,,a2d9ff31487e784d2e56b39e28d2a1773ca571df,61324
ADDED,SAT & String Theory/SAT & STRING THEORY/ITS_A_GO.png,,e9064884a838040e444e3b17de474d587b8d5e61,2725053
ADDED,SAT & String Theory/SAT & STRING THEORY/MAKING FRIENDS WITH NOTEBOOKLM.txt,,160d20c6f7026d43ca851589c9f8a76054d572dc,260732
ADDED,SAT & String Theory/SAT & STRING THEORY/MASS SPECTRUM CALCULATION.txt,,467a0c6a24a6f4f071fc20af438420f69b6abe61,8761
ADDED,SAT & String Theory/SAT & STRING THEORY/MILLENIUM PRIZE.txt,,9eb3371fec8af9b04dfa4ea57e6cafe179a0a48a,17518
ADDED,SAT & String Theory/SAT & STRING THEORY/SAT-ST Module Dev Plan.txt,,4b0a64ad29cf09d684e3ec3c017f3a22b59d0ef4,5360
ADDED,SAT & String Theory/SAT & STRING THEORY/SAT-ST SELECTIONS.txt,,fa547ef701c802164f0deeb1f18cdc0b2da42f9f,460575
ADDED,SAT & String Theory/SAT & STRING THEORY/SEARCH-REPORT-POWERSHELL.txt,,3a453ebd5a1f72bd1199078fdc376d8720ebbb0f,13374
ADDED,SAT & String Theory/SAT & STRING THEORY/SKETCH_GUITAR_STRING_MODEL.txt,,485879380073fcfc5710310fe312915cbb3ca074,2740
ADDED,SAT & String Theory/SAT & STRING THEORY/STRING_THEORY INTEGRATOIN.txt,,bd0253ed1c2733b10a21996c303c5f8474b0bed8,6336
ADDED,SAT & String Theory/SAT & STRING THEORY/ST_MASSLESS_PARTICLE_REINTERPRETATION.txt,,624cce55563f79ca43ecb645989f0b37d0730070,1452
ADDED,SAT & String Theory/SAT & STRING THEORY/ST_MESON_REINTERPRETATION.txt,,8ab92134218aac2bca806166bf758eda56d3c945,2424
ADDED,SAT & String Theory/SAT & STRING THEORY/ST_QUARK_REINTERPRETATION.txt,,20bf52ad30d86375fc5748bbe23ea1e72059958b,2515
ADDED,SAT & String Theory/SAT & STRING THEORY/VERSIONING_HISTORY.txt,,fde79d50e9fc181319ef487014a123dc9713e402,226368
ADDED,SAT & String Theory/SAT & String Theory(1).txt,,ed3afcb39ca75b0b9f52981fef476da439679b70,127384
ADDED,SAT & String Theory/SAT & String Theory.txt,,ed3afcb39ca75b0b9f52981fef476da439679b70,127384
ADDED,SAT 20 Build Plans/Questions.txt,,d31e52b8dfc00bf906d74dd80ed2a1141437d3f4,876
ADDED,SAT 20 Build Plans/ROADMAP.txt,,f6959bb13e6eb3acc45f8279b29f403dadd102fa,4119
ADDED,SAT 20 Build Plans/SAT20 PROJECT OVERVIEW.png,,e6fe71034ba4dd1211d5f173dc60710f66ed893b,8771998
ADDED,SAT 20 Build Plans/SAT20_Emergent_Filament_Surface_Theory_CriticHardened_v2.txt,,8b523ce0acc18b9df1d2737c5b21c3c3ab92906a,5670
ADDED,SAT 20 Build Plans/SAT20_Emergent_Filament_Surface_Theory_Neutral.txt,,1b91341f43a18477837446dbc4f67d7711345032,5487
ADDED,SAT 20 Build Plans/SAT_20_CHATGPT_MODE_SPECIFICATIONS.txt,,4ed498bb3892f3a59c3e9174e87ae7f91c185992,3787
ADDED,SAT 20 Build Plans/SAT_20_COMBINED_MODE_REFERENCE_SHEET.txt,,166c89dea02a514b499de684f038bf0ede06f96e,2233
ADDED,SAT 20 Build Plans/SAT_20_MASTER_DOCUMENT_CONTROL_SHEET.txt,,00691704cc24a8bfdaf35b56000da3d79b9f0012,2176
ADDED,SAT 20 Build Plans/SAT_20_MASTER_PLAN.txt,,c8a9f97c2d05e46de48e6a1aeff7d19a3b5c1b70,3749
ADDED,SAT 20 Build Plans/SAT_20_MODE_LOGIC_TREE_ADVISORY.txt,,70dbd31bc4ee31b9db7f58e3effa186b47339609,2946
ADDED,SAT 20 Build Plans/SAT_20_MODE_QUICK_LOOKUP.txt,,83dbd349d13d7906a8a1bf024d6bee8cc55a16c0,932
ADDED,SAT 20 Build Plans/SAT_20_MODE_TO_MODEL_ASSIGNMENT_TABLE.txt,,1cc24b2f764f609c73afa993e3ea707b85a3d13f,880
ADDED,SAT 20 Build Plans/SAT_20_QUICK_MODE_SWITCH_TEMPLATE.txt,,8263089f13c2e36b5639deabcca76906f3eb0f3f,1294
ADDED,SAT 20 Build Plans/SAT_20_QUICK_REFERENCE_CARD.txt,,b5573db06e822d1eac35fc089be64a9fbde9d4c1,1835
ADDED,SAT 20 Build Plans/SAT_20_SESSION_RECAP_TEMPLATE.txt,,cd9645e5ae93a5eb2cd3b63b84f430c6811900dc,1247
ADDED,SAT 20 Build Plans/SAT_20_TOP_LEVEL_GOALS.txt,,26c86876feace7ba5e54b07d449ae6f33edd2f48,4319
ADDED,SAT 20 Build Plans/TIME INSTRUCTIONS.txt,,9c3569733391b880f00d4545c313f96488f64136,3322
ADDED,SAT 20 Minimal Intro.pdf,,f193d3a9819f991094a5223d65b4b1dd0879ed2f,171943
ADDED,SAT 2025 LAB SIM — KINK TESTS/output-10.png,,f877214d4d6b8bb302d8efa642c676cb1ba2d3fa,117361
ADDED,SAT 2025 LAB SIM — KINK TESTS/output-11.png,,f877214d4d6b8bb302d8efa642c676cb1ba2d3fa,117361
ADDED,SAT 2025 LAB SIM — KINK TESTS/output-12.png,,4a6db7ca36340bf454828e1f4b30b6142e958e1d,115586
ADDED,SAT 2025 LAB SIM — KINK TESTS/output-13.png,,4412c9368c93167d9a37d8101ae57ecac92c38d7,199964
ADDED,SAT 2025 LAB SIM — KINK TESTS/output-14.png,,4a6db7ca36340bf454828e1f4b30b6142e958e1d,115586
ADDED,SAT 2025 LAB SIM — KINK TESTS/output-15.png,,4412c9368c93167d9a37d8101ae57ecac92c38d7,199964
ADDED,SAT 2025 LAB SIM — KINK TESTS/output-16.png,,c0d9811e591e20b0969a577bf0bba66b377eea44,111888
ADDED,SAT 2025 LAB SIM — KINK TESTS/output-17.png,,c0d9811e591e20b0969a577bf0bba66b377eea44,111888
ADDED,SAT 2025 LAB SIM — KINK TESTS/output-18.png,,34659b838333ec5ecea21054c7c73ef1e3adcf5e,158780
ADDED,SAT 2025 LAB SIM — KINK TESTS/output-19.png,,3410cd126e2c8a5fe22bc8896ecc5027d1a98dd8,192597
ADDED,SAT 2025 LAB SIM — KINK TESTS/output-2.png,,7d99dd03bce6eb52c70cd094fee550f486c4c0f0,188911
ADDED,SAT 2025 LAB SIM — KINK TESTS/output-20.png,,a13449af513457da5c9177abaf877554ca4617f9,175922
ADDED,SAT 2025 LAB SIM — KINK TESTS/output-21.png,,4a6db7ca36340bf454828e1f4b30b6142e958e1d,115586
ADDED,SAT 2025 LAB SIM — KINK TESTS/output-22.png,,4412c9368c93167d9a37d8101ae57ecac92c38d7,199964
ADDED,SAT 2025 LAB SIM — KINK TESTS/output-23.png,,c0d9811e591e20b0969a577bf0bba66b377eea44,111888
ADDED,SAT 2025 LAB SIM — KINK TESTS/output-24.png,,a98ffc93b9e4253fb5f281c8ac0d30766218909a,352863
ADDED,SAT 2025 LAB SIM — KINK TESTS/output-25.png,,399c85bd8a6f0a0b601d70988704fb8e5fb628c4,499590
ADDED,SAT 2025 LAB SIM — KINK TESTS/output-26.png,,399c85bd8a6f0a0b601d70988704fb8e5fb628c4,499590
ADDED,SAT 2025 LAB SIM — KINK TESTS/output-3.png,,7d99dd03bce6eb52c70cd094fee550f486c4c0f0,188911
ADDED,SAT 2025 LAB SIM — KINK TESTS/output-4.png,,c16585b950aed9c9c7213e2aa65c4351ab2e0abe,196630
ADDED,SAT 2025 LAB SIM — KINK TESTS/output-5.png,,c16585b950aed9c9c7213e2aa65c4351ab2e0abe,196630
ADDED,SAT 2025 LAB SIM — KINK TESTS/output-6.png,,8b0c12bac3976726da42de9df345f4d6699c819c,126558
ADDED,SAT 2025 LAB SIM — KINK TESTS/output-7.png,,8b0c12bac3976726da42de9df345f4d6699c819c,126558
ADDED,SAT 2025 LAB SIM — KINK TESTS/output-8.png,,957e075da65181c6b955a98d1c988e014b08cb12,132223
ADDED,SAT 2025 LAB SIM — KINK TESTS/output-9.png,,957e075da65181c6b955a98d1c988e014b08cb12,132223
ADDED,SAT 2025 LAB SIM — KINK TESTS/output.png,,f956e53bd79b9793a8101d1e06ee4b03f844084e,324229
ADDED,SAT 2026 CONCEPTS/2026 AUDITS — Cyclerev.txt,,0d02110e2787e49eb2bbe251fe15af56e35a8d4f,47253
ADDED,SAT 2026 CONCEPTS/2026 LEGACY - HELIUM STANDARD ATOM.txt,,5e0f43950244bd5173799ec74b985944cf169ac2,22469
ADDED,SAT 2026 CONCEPTS/2026 NEW - Gg1.txt,,2588c591264b6c6cfd7846cac7fc3e46b05e4de8,38166
ADDED,SAT 2026 CONCEPTS/2026 NEW - Gg2.txt,,d1c33910dcabe9d5fa50696fba4a74bcd30aff06,10900
ADDED,SAT 2026 CONCEPTS/2026 NEW - Goog.txt,,9514049f90e56c0438d80f8c278c7e10ba05c5a7,16137
ADDED,SAT 2026 CONCEPTS/2026 NEW - Google py.txt,,121b793380a541cd23ead84ac3f9a3a629ede0e3,33610
ADDED,SAT 2026 CONCEPTS/2026 NEW — Dimensionality.txt,,8f019606e52cbc8e45bd7638395f994777a3a446,17514
ADDED,SAT 2026 CONCEPTS/2026 NEW — ELECTROGRAVACOUSTICS.txt,,4085e071d4804fd3313a0c01a7ca7e9aa62d76dd,175298
ADDED,SAT 2026 CONCEPTS/2026 NEW — ER GRAVITY.txt,,6419e0a119d478656e9513e5edc6eaef4fb51f8f,80563
ADDED,SAT 2026 CONCEPTS/2026 NEW — FROM SCRATCH.pdf,,fc3f57b5d7b0b77868ad6484427d78f2afdbab9d,443604
ADDED,SAT 2026 CONCEPTS/2026 NEW — Filament onto.txt,,a13c67ff2b47cf178672804d91771e01d4c4a3e1,107020
ADDED,SAT 2026 CONCEPTS/2026 NEW — Frame dim .txt,,e9f7a28b9d5f8c72937570baa2cd18f5ea67c663,4854
ADDED,SAT 2026 CONCEPTS/2026 NEW — Frimscrarcg3.txt,,deede80148544ce97a9aa21dc44f48435c685ddc,26299
ADDED,SAT 2026 CONCEPTS/2026 NEW — Frimscrarch2.txt,,df2bc0280a60b76f2d76a1fa86343aa24c480dcb,52437
ADDED,SAT 2026 CONCEPTS/2026 NEW — Fromscratch.txt,,7d21799826d888afdd933b5e0348ebe31b158b1f,11174
ADDED,SAT 2026 CONCEPTS/2026 NEW — GRAVITY TWIST.txt,,9e286616c0869b736c9e83f7e76fe0b253560dd3,114116
ADDED,SAT 2026 CONCEPTS/2026 NEW — Gg3.txt,,9514049f90e56c0438d80f8c278c7e10ba05c5a7,16137
ADDED,SAT 2026 CONCEPTS/2026 NEW — HALOS.txt,,c2c6ee760f054e326d875b7c7dae43470d10e998,4203
ADDED,SAT 2026 CONCEPTS/2026 NEW — HEX.txt,,be633079ba294d2a4980f4e68385ca6e37d6d7e4,873
ADDED,SAT 2026 CONCEPTS/2026 NEW — from scratch .txt,,1efe2731f81c5a84c99c1f07ed74662fb37505da,182096
ADDED,SAT 2026 CONCEPTS/2026 PLAN - Formal rules .txt,,9f77f906b2888661d39e6341b83ee4a06517e302,4108
ADDED,SAT 2026 CONCEPTS/2026 — Backbone.txt,,1854995be3311f565739f2be64269cbb0385a82f,234527
ADDED,SAT 2026 HARD METHOD.txt,,a8d8acd5578f7a73d466a9f89c43c51d6687fe6e,3877
ADDED,SAT 2026 PRE HsH/SAT 2025 — COVARIANT EQ CovSATOBLOC_pre_lean.pdf,,6b1fd5757546e539f6de97b79823eaa0c295b859,231899
ADDED,SAT 2026 PRE HsH/SAT 2025 — SSATOBLOC.pdf,,1248923fc24cb7a46ee73204808aa798f422a9a2,173625
ADDED,SAT 2026 PRE HsH/SAT 2025 — oWanna_Bounce_.pdf,,610bae2c082ba179081fcfef6f35313ab9941f99,670811
ADDED,SAT 2026 PRE HsH/SAT 2026  — STANDARD ATOM.pdf,,91c2a8f0188d1edd36b336c85d31fb76d4153738,144564
ADDED,SAT 2026 PRE HsH/SAT 2026 4DHH-UC BUILDOUT DEV.txt,,37e2490602b23bdd0d1fd418c51b65df5cdc548c,813457
ADDED,SAT 2026 PRE HsH/SAT 2026 AUDITS — Refine .txt,,247bda4b85a6849c9b0e7e8d8ac6b57cfccdf121,119445
ADDED,SAT 2026 PRE HsH/SAT 2026 AUDITS — Refine disc.txt,,ddd0fe2edf9b823933c19fb612cab093fc822da7,184982
ADDED,SAT 2026 PRE HsH/SAT 2026 CRIT — A critic.txt,,399e6c4d36b257bf335930cda22e2e04c675c3f4,2983
ADDED,SAT 2026 PRE HsH/SAT 2026 PARTICLE TYPES — Worldlines.txt,,1c86774915c8ea9255798a07d06891afe0f23549,41828
ADDED,SAT 2026 PRE HsH/SAT 2026 THOUGHTS — BLACK HOLES AND BIG BANGS.txt,,708c70ee1a721e81f0b9e0586e5617422407fa06,19996
ADDED,SAT 2026 PRE HsH/SAT 2026 THOUGHTS — Bell’s + Light Cones.txt,,0d2c501d551b27f1fadf7fc45715ab2a4f3b7a46,11751
ADDED,SAT 2026 PRE HsH/SAT 2026 THOUGHTS — SOME THOUGHTS.txt,,b8a934635ffbfae177eeef53838beb3cdb5bc91c,107014
ADDED,SAT 2026 PRE HsH/SAT 2026 THOUGHTS — Space Doover.txt,,d1c33910dcabe9d5fa50696fba4a74bcd30aff06,10900
ADDED,SAT 2026 PRE HsH/SAT 2026 THOUGHTS — Spectra-Heat anom.txt,,2588c591264b6c6cfd7846cac7fc3e46b05e4de8,38166
ADDED,SAT 2026 PRE HsH/SAT 2026 UI — UI BUILDOUT.txt,,13e0c7e6fa08e5e51cfaeb66aefe8e92317ea931,416525
ADDED,SAT 2026 PRE HsH/SAT 2026 UI — UI CONFIG.txt,,6817caf68943593f31d72d51798e0ba4589624a4,6534
ADDED,SAT 2026 PRE HsH/SAT 2026 UI — UI-SAT_4DHH_UC.pdf,,a8af95392c2a7f7370c2fe5e87b23fffc6ded59a,128022
ADDED,SAT 2026 PRE HsH/SAT 2026 UI — UI_Procedure_SAT_4DHH_UC.pdf,,0b3cd9a80f1cb9d94f7ccfc4903b023f91e5c4ba,128022
ADDED,SAT 2026 PRE HsH/SAT 2026 UI — UI_SAT_4DHH_UC.pdf,,72eb0882ec95402e1bd6e825bbe244237884e013,128022
ADDED,SAT 2026 PRE HsH/SAT 2026 WHIRLIGIG — Donut canon.txt,,be985c292bfcae7352983d596c38e7f172f6029d,18106
ADDED,SAT 2026 PRE HsH/SAT 2026 WHIRLYGIG — ReDonut.txt,,1e8083fd93843aac99688eaa611f6ece6c4b98b7,41602
ADDED,SAT 2026 PRE HsH/SAT 2026 — 25 SAT VERSIONS.pdf,,fc10e3e28fad39ede3c140bd6eab4da94ae6134b,1203889
ADDED,SAT 2026 PRE HsH/SAT 2026 — 2SATOBLOC_pre_lean.pdf,,aead1efdad2bc243ba4335acb4899057937ba274,109755
ADDED,SAT 2026 PRE HsH/SAT 2026 — 2Submission_for_Physics_Review_D.pdf,,866acbe84526fd463e13938f341ba8fd2a0c3c15,231340
ADDED,"SAT 2026 PRE HsH/SAT 2026 — And, of course, the braiding of three world lines together explains….pdf",,b00c91cfa92d0444e93b8bc06bbc1e1e9549f6b0,109729
ADDED,SAT 2026 PRE HsH/SAT 2026 — BATTERY EXPERIMENT Tent Exp.txt,,17561813ce29ca132b5cfd20364cd85437c61e1e,10011
ADDED,SAT 2026 PRE HsH/SAT 2026 — Base units .txt,,6b0a0f6a45008e69262e702e6f3a5ba1e3921518,275
ADDED,SAT 2026 PRE HsH/SAT 2026 — COIL Orders .txt,,b38528a86fac3880047908fb3acbde6e17dd3063,3008
ADDED,SAT 2026 PRE HsH/SAT 2026 — Crit.txt,,6a3d2fbc45e99a5163326e18847f54169527f46f,17763
ADDED,SAT 2026 PRE HsH/SAT 2026 — OVERVIEW Mechwaall.txt,,5e0f2fd4a8b1f4a344dfa9ac84f09211151ad74d,132332
ADDED,SAT 2026 PRE HsH/SAT 2026 — PHYS_REV_D_V_1_Submission.pdf,,5b1263f1f3d5c0266f94f657398db73db51a2226,105780
ADDED,SAT 2026 PRE HsH/SAT 2026 — Q COUNTING CONCERNS.pdf,,aeb2d3bef81d163f30af573098bfed750cc28c48,80845
ADDED,"SAT 2026 PRE HsH/SAT 2026 — SPECULATION, CONJECTURE, and EXPLAINING ANOMALIES.pdf",,98c9d601a4b750367a571eb6763a51d8faa6c5b8,310260
ADDED,SAT 2026 PRE HsH/SAT 2026 — Spring 2026 Post-Audit Notes.txt,,3badfe0db3c117fa9da55d9a42801be27ea75a0f,43995
ADDED,SAT 2026 PRE HsH/SAT 2026 — THEORY REFINEMENT SUMMARY.pdf,,5abace7272ec0beba2de95e56224938065c87bfa,488381
ADDED,SAT 2026 PRE HsH/SAT 2026 — THEORY REFINEMENT SUMMARY.txt,,139a0a972c0900585aac8a83358683d67b6bf967,45711
ADDED,SAT 2026 PRE HsH/SAT 2026 — THOUGHTS — SOME THOUGHTS .txt,,b8a934635ffbfae177eeef53838beb3cdb5bc91c,107014
ADDED,SAT 2026 PRE HsH/SAT 2026 — Unifall.txt,,a9cf72582168f41dd8ae0d6e840ec0e0345bbe17,3680
ADDED,SAT 2026 PRE HsH/SAT 2026 — WHIRLIGIG SUMMARY-1.pdf,,0eebc5a664fd520c81120fdef8fdff5dadbe96ff,3256732
ADDED,SAT 2026 ROUNDUP DOCS/2023 SPACETIME CHAT.txt,,fcc645ded44c4b9b3a531a0f99e9fcea615b2636,62782
ADDED,SAT 2026 ROUNDUP DOCS/2026 BIG PAPER.txt,,5b5fe5ef35fe179910dc606babde8b547dd53ef6,153534
ADDED,SAT 2026 ROUNDUP DOCS/2026 LEGACY - HELIUM STANDARD ATOM.txt,,5e0f43950244bd5173799ec74b985944cf169ac2,22469
ADDED,SAT 2026 ROUNDUP DOCS/2026 NEW - Google py.txt,,121b793380a541cd23ead84ac3f9a3a629ede0e3,33610
ADDED,SAT 2026 ROUNDUP DOCS/2026 NEW — ELECTROGRAVACOUSTICS.txt,,4085e071d4804fd3313a0c01a7ca7e9aa62d76dd,175298
ADDED,SAT 2026 ROUNDUP DOCS/2026 NEW — ER GRAVITY.txt,,6419e0a119d478656e9513e5edc6eaef4fb51f8f,80563
ADDED,SAT 2026 ROUNDUP DOCS/2026 NEW — GRAVITY TWIST.txt,,9e286616c0869b736c9e83f7e76fe0b253560dd3,114116
ADDED,SAT 2026 ROUNDUP DOCS/2026 NEW — Gg3.txt,,9514049f90e56c0438d80f8c278c7e10ba05c5a7,16137
ADDED,SAT 2026 ROUNDUP DOCS/2026 NEW — HALOS.txt,,c2c6ee760f054e326d875b7c7dae43470d10e998,4203
ADDED,SAT 2026 ROUNDUP DOCS/2026 NEW — HEX.txt,,be633079ba294d2a4980f4e68385ca6e37d6d7e4,873
ADDED,SAT 2026 ROUNDUP DOCS/GLOSS_2026.txt,,8e00e3b23b0b443a40769a12c8eca22ae3f20a9b,18209
ADDED,SAT 2026 ROUNDUP DOCS/SAT 2026 CRIT — A critic.txt,,399e6c4d36b257bf335930cda22e2e04c675c3f4,2983
ADDED,SAT 2026 ROUNDUP DOCS/SAT 2026 — Crit.txt,,6a3d2fbc45e99a5163326e18847f54169527f46f,17763
ADDED,SAT 2026 ROUNDUP DOCS/SAT 2026 — THEORY REFINEMENT SUMMARY.txt,,139a0a972c0900585aac8a83358683d67b6bf967,45711
ADDED,SAT 2026 ROUNDUP DOCS/SAT 2026 — Unifall.txt,,a9cf72582168f41dd8ae0d6e840ec0e0345bbe17,3680
ADDED,SAT 2026 ROUNDUP DOCS/SAT EARLY 2026 — QUANTUM HYPERFOAM 2.txt,,c6c7b018f44980a0c6acf2d27e381e647c08f222,26978
ADDED,SAT 2026 ROUNDUP DOCS/SAT MAY 2026 REFINEMENT FORMALIZATION.txt,,1daae93d15995c1b957e7c9abfb0558f0197ffeb,184980
ADDED,SAT 2026 ROUNDUP DOCS/SAT Thoughts — Spring 2026 Post-Audit Notes.txt,,3badfe0db3c117fa9da55d9a42801be27ea75a0f,43995
ADDED,SAT 2026 ROUNDUP DOCS/SAT VERSIONS — 25 SAT VERSIONS.txt,,84d46e3a3896d4d8b2fb2f3a3326c57c72289f96,14059
ADDED,SAT 2026 ROUNDUP DOCS/SAT26 MATH ROUNDUP.txt,,1f690930cdd585e0db6e7c29cdfcd6e25d49127e,4425
ADDED,SAT 2026 ROUNDUP DOCS/SAT26 THOUGHTS ROUNDUP.txt,,2832f497c8c52d8433201a868633a1641eba45ca,27225
ADDED,SAT 2026 ROUNDUP DOCS/SAT26 VETTING TEMPLATE.txt,,13e1a233afb6b8ae0f4f9b6db3755db22e721736,7328
ADDED,SAT 4D Theory Work/Audit Code Package Construction Guide.pdf,,7c3eeb8a3f6cf2e3d82bb181adf6f072ab457a3c,44507
ADDED,SAT 4D Theory Work/D1.tex,,4437bdc06a6e78c3256181cc23d915f9011c346a,484
ADDED,SAT 4D Theory Work/D2.tex,,29cbf1b5f99edf11915a2ee395ecbe7595ba6fb9,4101
ADDED,SAT 4D Theory Work/D3.tex,,179908d0231b53b12c8bd32288839f6dd36bca1d,2208
ADDED,SAT 4D Theory Work/D4.tex,,fd6dac4a29e6c95b9f3e9a935d81a495760259cb,2574
ADDED,SAT 4D Theory Work/D5.tex,,51667e717c4ec4aec3ee62797a17d5fb8948f240,2759
ADDED,SAT 4D Theory Work/D6.tex,,9d2eba0c78332f8f8bb82f316bb2bcec403fc708,3329
ADDED,SAT 4D Theory Work/D7.tex,,8dfddbe74b173c920ed4af32c75419f2ad8605ee,2000
ADDED,SAT 4D Theory Work/D8.tex,,9311e68910b8b525df38c36cbbaf88230b602534,2210
ADDED,SAT 4D Theory Work/Module_0A_interpretive_modes.tex,,2238dbe4447276b60e53f202153527585e16e5c5,3583
ADDED,SAT 4D Theory Work/Module_5B_mass_hierarchy_benchmarks.tex,,501d1320fe41adc361960f511c3c9483064423d3,3626
ADDED,SAT 4D Theory Work/Module_7C_exotic_hadron_projections.tex,,f7b2e35e1221f336b23939d9129e7bdb173c760d,3375
ADDED,SAT 4D Theory Work/Module_8A_cmb_tensor_test.tex,,d18df27a2a3d21b907358a965eb6612ec7e4bfb4,3782
ADDED,SAT 4D Theory Work/Module_8A_cmb_tensor_test.zip,,957097d5e6d13987a626b04990d5ddce14ad7206,37256
ADDED,SAT 4D Theory Work/Module_O10.tex,,f047267f952872ae72eb91936ac76118ee102f4e,5377
ADDED,SAT 4D Theory Work/Module_O12.tex,,c08c7e58f8ba2b575b508484d2a5eb750a5733c5,6205
ADDED,SAT 4D Theory Work/Module_O3B_quantisation.tex,,93bb8b5e1e2ea91ac011ae6aa2fb5059fe4b206a,3910
ADDED,SAT 4D Theory Work/Module_O3C_renormalisation.tex,,c76ee9048b0a4737e3e8dc0406c5984f373eeef8,4724
ADDED,SAT 4D Theory Work/Module_O3D_surface_dynamics.tex,,8cd1d304cd8b5e034b1a5eeac8fbdb8b35ff96a5,4510
ADDED,SAT 4D Theory Work/O10.tex,,9f6793639c3370150193f122c87a8d9fba5502be,3767
ADDED,SAT 4D Theory Work/O9-10_intro.tex,,7ca41068bc3f753a86d486817856a5c0dbbd041d,3273
ADDED,SAT 4D Theory Work/O9-10_intro_IDS.tex,,408903bbda9af81d6c39b429d18cf746f33b2b66,3518
ADDED,SAT 4D Theory Work/O9.tex,,14240f3dd9d11eefa7e9154514a6737debcd5bfa,1994
ADDED,SAT 4D Theory Work/Phase_VIII-A_SAT_Diagnostics.tex,,7c00d31bed8cbe650876c0e2b85e8c974ef30a00,3184
ADDED,SAT 4D Theory Work/SAT.4D Action Plan.txt,,fc17a4cff1e077e4745f75be45203dadb2cfd1b9,2858
ADDED,SAT 4D Theory Work/SAT.4D Deep Dive Pronunciation Guide.pdf,,5aa394f2139d87ddf601b894ff21fe2bd352b074,112037
ADDED,SAT 4D Theory Work/SAT.4D Deployment Guidelines.txt,,6a1ef773c40f805aace5fd61e3584ba50c21241d,3157
ADDED,SAT 4D Theory Work/SAT.4D Glossary.txt,,efc88f4523b2fd616e64898737c2aa45e5f39b9a,2774
ADDED,SAT 4D Theory Work/SAT4D_1.txt,,d8e7a6ee917262aba0cbf58adb85b9f81bf048cc,1999
ADDED,SAT 4D Theory Work/SAT4D_2.txt,,3f2c20e2710aef8963084e81c17831943389dce0,735
ADDED,SAT 4D Theory Work/SAT4D_3.txt,,f2a2540da5bb399ed4218d65a65e3b983dc00d01,3790
ADDED,SAT 4D Theory Work/SAT4D_4.txt,,efc88f4523b2fd616e64898737c2aa45e5f39b9a,2774
ADDED,SAT 4D Theory Work/SAT4D_5.txt,,b45b1a85dfa7142610d9c9eeff48ab656ee192c8,2046
ADDED,SAT 4D Theory Work/SAT4D_6.txt,,167136310cdf33ca8f986f33634692314c1a0946,2881
ADDED,SAT 4D Theory Work/SAT4D_7.txt,,597060293196a8017fbbb144a3393733e76ee267,2858
ADDED,SAT 4D Theory Work/SAT4D_8.txt,,6a1ef773c40f805aace5fd61e3584ba50c21241d,3157
ADDED,SAT 4D Theory Work/SAT4D_9.txt,,19610d8eb16878ace3a2cf50047bff9319ed1b27,1552
ADDED,SAT 4D Theory Work/SAT4D_Covariant_Field_Equations.tex,,c2493431c743ab14e677aae0a18bce7fb32880da,3288
ADDED,SAT 4D Theory Work/SAT4D_DERIVATIONS_MASTER.tex,,e2db11592040fd6962d3b7a9528e1386275eb830,2347
ADDED,SAT 4D Theory Work/SAT4D_Glossary_Sync.tex,,bcc5f815c9957406277504159ff732987f194405,2034
ADDED,SAT 4D Theory Work/SAT4D_Structural_Supplement.tex,,e3ac1159661055af2f3115af32303f06bccc962c,3640
ADDED,SAT 4D Theory Work/SAT4D_ToE_Roadmap.tex,,6e47811e26f733e6ce8dcf78bac27b48e71b7684,3089
ADDED,SAT 4D Theory Work/SAT_4D_LIVE_DRAFT-10Jul2025 - Copy.pdf,,e12c825ffbf9780e82055a96cbbc53ac35466526,472047
ADDED,SAT 4D Theory Work/SAT_4D_Pronunciation_Guide.tex,,eaf8e3327d131dac183e6e05c116774c4e813b94,2903
ADDED,SAT 4D Theory Work/SAT_CLEAN (1).pdf,,43540a85cd258a18dfd031f0a3d33a767d3f20b2,407677
ADDED,SAT 4D Theory Work/SAT_CLEAN-eval.pdf,,12a70e134eaeaa003e559b47116f961e88523813,311482
ADDED,SAT 4D Theory Work/SAT_CLEAN.pdf,,3a093a95c6783b64b986b7966a5dffab6a6d5628,243930
ADDED,SAT 4D Theory Work/SAT_CLEAN_LIVE.pdf,,8751ed40d5e6c887f427a4757b8f3fe4f9ce6536,328128
ADDED,SAT 4D Theory Work/SAT_CORE_4D.txt,,b45b1a85dfa7142610d9c9eeff48ab656ee192c8,2046
ADDED,SAT 4D Theory Work/SAT_CORE_CODE.tex,,04e93f867217afe4fa603d94656862757c1859ce,6020
ADDED,SAT 4D Theory Work/SAT_FULL_BUILDOUT.pdf,,46433fcae3f0604ee5501b898ec5c271e22c38ff,488753
ADDED,SAT 4D Theory Work/SAT_GLOSSARY_PATCH.tex,,fa29140660f5f326cb07af7a86baa28e6c8a5434,3580
ADDED,SAT 4D Theory Work/SAT_Glossary_FULL_BUILDOUT.tex,,e3f0343fbb5e95db863625f210a2452811e7d24b,3737
ADDED,SAT 4D Theory Work/SAT_PGCU_Integration.tex,,607a76f3ee972319a76b25a2626189521f5ef0ed,4005
ADDED,SAT 4D Theory Work/SAT_PhaseIII.tex,,654e6bd9ae09dc04a202f2344d725d48e28e4b18,4326
ADDED,SAT 4D Theory Work/SAT_PhaseIV.tex,,684bbde484a84fc8569a0ed6f3369be9401ba8d8,3974
ADDED,SAT 4D Theory Work/SAT_PhaseI_II.tex,,9318fb482fa9c6ec2259c5738c7ed64b3c2ec3b5,5337
ADDED,SAT 4D Theory Work/SAT_PhaseV.tex,,56dec3b0c9a110419eb8a45b5d67c51226fab613,4135
ADDED,SAT 4D Theory Work/SAT_PhaseVI.tex,,39f1425f96515d3e37327d44929034f36cda5ecb,3532
ADDED,SAT 4D Theory Work/SAT_Phase_III_Rewrite.tex,,b6194bb08b3e00111154215a835e08a01670a75e,4171
ADDED,SAT 4D Theory Work/SAT_Phase_IV_PGCU_Rewrite.tex,,5839e29a05957fd813abfc341bee5684e7ddd439,4805
ADDED,SAT 4D Theory Work/SAT_Phase_IX_Buildout.tex,,1fcda2983c6fa3ae96fd8857b9bc6d07941cc6b6,1886
ADDED,SAT 4D Theory Work/SAT_Phase_I_II_Rewrite.tex,,2a77fc7a973c4241d01ae58c53e32eb936a72714,4704
ADDED,SAT 4D Theory Work/SAT_Phase_VIII_Buildout.tex,,6147afadb8b896316788798d575ab2bbb3944974,2234
ADDED,SAT 4D Theory Work/SAT_STATED_SIMPLY.txt,,2ce3b960649eb7bf7950e1b47d3bb9d1f0d8bba5,75352
ADDED,SAT 4D Theory Work/SAT_ST_integration_test.pdf,,25ea4270b731bbd2fe2c2d650a7df2ac2679869d,393387
ADDED,SAT 4D Theory Work/module8H.tex,,6748806846b4fa72a5271a6ad856dad14963691c,3987
ADDED,SAT 4D Theory Work/phaseVII_topological_barriers.tex,,042208924ac3d8d010db92311525f1fc08fc60d2,3659
ADDED,SAT 4D Theory Work/refractive_index_modulation.pdf,,cfaad753c7c7d9302dfa6594f7ee495421af4505,382611
ADDED,SAT 4D Theory Work/sat4d_glossary_unified.tex,,372e7e815f5967e25cec8071a817ab1c2cb28e7e,3735
ADDED,SAT 4D Theory Work/sat_o10_module.tex,,9f6793639c3370150193f122c87a8d9fba5502be,3767
ADDED,SAT 4D Theory Work/sat_o9_module.tex,,14240f3dd9d11eefa7e9154514a6737debcd5bfa,1994
ADDED,SAT 4D Theory Work/working.txt,,e69de29bb2d1d6434b8b29ae775ad8c2e48c5391,0
ADDED,SAT ACTIVE EDGE vNext — raw.json,,791613a31de31ef80b6be726258b00c8a3aef0ea,3327405
ADDED,SAT ALL TOGETHER SYNTHESIS.txt,,86cf006ca5ebf58263552c7515a9c9d575caae37,37260
ADDED,SAT CLAUDE FIRST CHAT.txt,,3c8abd4d734222ed75e74f7b63ca94ceee3bc288,20178
ADDED,SAT DEVELOPMENT/ACTION_PLAN.txt,,fead8795eeb6b1eca40261ac5ce7faeb10680d05,2853
ADDED,SAT DEVELOPMENT/ACTIVATOR MODES.txt,,86e6dcc5d57a7e7b21c87a79c2151af36f6218f0,18642
ADDED,SAT DEVELOPMENT/ActiveEdge_vNext.text,,786cab2de09bb2bca559a3720235b2143b828255,806310
ADDED,SAT DEVELOPMENT/BrainTrust.txt,,d380ccdafe0a6a7c414fd5a13dd828d5dd2f4c43,143548
ADDED,SAT DEVELOPMENT/CARROLL-HAWKING DISCO.txt,,36df4257ad509dcbd8b079bb71ac04f0271bd86e,1049682
ADDED,SAT DEVELOPMENT/COLAB_Code.txt,,44e954e2e0de8b55585bf183a234171433a721b6,14034
ADDED,SAT DEVELOPMENT/ChatGPT_28MAY25_MEMORY.txt,,3126a00cd02d715f7b53ea481b8cf60e7f9b6321,164445
ADDED,SAT DEVELOPMENT/ColabCode.txt,,6447c5ad7622379e52048447e3d1ed37b538b1f9,7588
ADDED,SAT DEVELOPMENT/CompositeLogic.txt,,7056dbb22107565cd69430dcf658b799659a48d0,1084
ADDED,SAT DEVELOPMENT/ConsensusConsiderations.txt,,8e64c207824cf76b3731ef28fee82ddcbd9e4d4e,33472
ADDED,SAT DEVELOPMENT/ConsensusDataMining.txt,,7639b4b64aa842f35223cfb67be2ee328246a5ad,22840
ADDED,SAT DEVELOPMENT/ConsensusRound3.txt,,14f2680b7e8995a6f05075c7aef9311304b9fe8e,27798
ADDED,SAT DEVELOPMENT/EINSTEIN_SELBST_ERKLAERUNG.txt,,58c53a2e211c61a9664bb6c44297da6596e7ab9f,323075
ADDED,SAT DEVELOPMENT/EINSTEIN_UBERBLICK.txt,,c0613b3ff491210561dc134d58f2143336a35e6d,17226
ADDED,SAT DEVELOPMENT/EMERITUS_CODE.txt,,cfb550e1703bbe6e59118325cc6ff8d95dfa8418,6808
ADDED,SAT DEVELOPMENT/EMERITUS_CP Responses.txt,,f5b755462a6c4f6f4861a5d506ca4b9931b10bd6,11402
ADDED,SAT DEVELOPMENT/EMULATOR SPECS.txt,,abd5fae09809ceedd4ff4f31eaab860581fa2d48,3228
ADDED,SAT DEVELOPMENT/FLAGS.txt,,a3d93369bced4069a49752efb201c83b7039d3aa,1093
ADDED,SAT DEVELOPMENT/L2-2a.txt,,4cb4c641cde8fd640aeb9c2e2cef76d3ea0e7afe,473
ADDED,SAT DEVELOPMENT/L2-2b.txt,,a226afa965c31f1b4b018c65809f54bc9db79825,531
ADDED,SAT DEVELOPMENT/L2-2c.txt,,eeeb159ec9be1b533fa0f88a73a43f861742482c,288
ADDED,SAT DEVELOPMENT/L2-2d.txt,,f298b64d14538444480eb8d5d529899ccbaab28e,330
ADDED,SAT DEVELOPMENT/LAB1_code.txt,,d4f26a865ebb6bd4cec100797ad887fb25942f30,17307
ADDED,SAT DEVELOPMENT/LAB2_code.txt,,7d940a002c99e073e912d0cd1ab0ef8f7a1009db,33940
ADDED,SAT DEVELOPMENT/Lab1 Output to NLM.txt,,92822cc5175c9c894deabd4ce97d911c84f36868,1945
ADDED,SAT DEVELOPMENT/Lab2 Output to NLM.txt,,fb17d5709cd416b8a75f0f4801dd9a4fa028520a,3115
ADDED,SAT DEVELOPMENT/NLM_CP Results.txt,,2703d6bef8b28e5eb38389eb56bee2bc22e3391a,10508
ADDED,SAT DEVELOPMENT/REPORT1-OUTLINE.txt,,d003ab730d8a48d300a6a80a4c8fc1c4ffd62b94,3229
ADDED,SAT DEVELOPMENT/REPORT1-rough.txt,,a3860b58ae28951ba89b33ef2cbdc783cd939e07,3275
ADDED,SAT DEVELOPMENT/REPORT1.txt,,d6974a2d8b89f282e795a06ba533d6d86580a8b7,80287
ADDED,SAT DEVELOPMENT/REPORT1_DRAFT.txt,,05e3258c9f3aad57e75d0c0776ca1066b8e4bc36,36442
ADDED,SAT DEVELOPMENT/RMS-OLD.txt,,617e781122b0041c13d67d34a1ba394673ac812f,146585
ADDED,SAT DEVELOPMENT/RMS-TAXO-OLD.txt,,3273ea733a0f119dfd4141f1658f0d484f449dda,20952
ADDED,SAT DEVELOPMENT/SAT DEBUG SHEET.txt,,9cba50a08cd82a3c4a45186caabca686ea25ddc7,3518
ADDED,SAT DEVELOPMENT/deep dive prompt.txt,,e812ef500b648e1bfa989da72d09bcb71c36dd25,693
ADDED,SAT DEVELOPMENT/hostile_pass_c_plus.txt,,4562c67103dce361b5e67b9f49a1f56f0d5983b7,9160
ADDED,SAT DEVELOPMENT/pre-mathproofBAK.txt,,843efca87b817ed75a03278225aca5cc615cdc7a,12145
ADDED,SAT Daily Action — raw.json,,222389ac6de1648cc84e12f74014701a7316e849,9461103
ADDED,SAT EARLY 2026 — HOMESTRETCH/HOMESTRETCH ALIGNMENT.txt,,6eff5885f15265a53f41a711bbee54cb0a382a83,3929
ADDED,SAT EARLY 2026 — HOMESTRETCH/HOMESTRETCH.txt,,6d5d24b9897d51668b3e7453baf3bf1c8676d3ba,44058
ADDED,SAT EARLY 2026 — HOMESTRETCH/SAT CORE PACK.txt,,ec3cd7975f49251847242199f7e49765f0c39199,10928
ADDED,SAT EARLY 2026 — HOMESTRETCH/STREAMLINE 11MAR26.txt,,1bacacf143183d6f69b6e2471334d40d18d9f194,60347
ADDED,SAT Framework Analysis — raw.json,,c9dbeab330a434cf86d35879528760970e837943,3336556
ADDED,SAT Framework Evaluation — raw.json,,7c815cb4cea29a19c6ca9c457ff2145ac21b3d01,731038
ADDED,SAT GEOMETRIC SOLVERS.txt,,5429f7cb2adbfdc0abab7db46eff4ca4de08358a,5526
ADDED,SAT History/SATEvolution (1).txt,,39d52e00457fdd9cf5c965f424ab9b69e7b7143a,592122
ADDED,SAT History/SATEvolution.txt,,39d52e00457fdd9cf5c965f424ab9b69e7b7143a,592122
ADDED,SAT History/SAT_ARCHIVE_topic_index.txt,,54adb80c2b3da26e1a049e71e1078087388e2182,995
ADDED,SAT METRICS — Basic.txt,,6b0a0f6a45008e69262e702e6f3a5ba1e3921518,275
ADDED,SAT Mark III/SATiii REWORK MARK III.txt,,5bb03d5fde8bdb89f1ceaf04caae2e5e3b14dd8b,776184
ADDED,SAT Mark IV.2/STATE OF SAT (1).txt,,b6200e6d033cd9a55c3b8a7dd3e411e639c6fbbd,225047
ADDED,SAT Mark IV.2/STATE OF SAT.txt,,b6200e6d033cd9a55c3b8a7dd3e411e639c6fbbd,225047
ADDED,SAT Mark IV.2/Setup.txt,,df28f10cb7109f6ce1bdcc5db0e6f3c78a779996,14803
ADDED,SAT Mark V/..folder_summary.txt,,5c3a79be65f02ba25aecccf9ac3790da23b5e478,10683
ADDED,SAT Mark V/..folder_summary_2026-06-09_supplement.txt,,ca7baa47b851bd80eb426494bb5b555cd0be067a,4933
ADDED,SAT Mark V/A DOZEN THEORY STUBS.txt,,7bb2f7e61cafe32f06c9bfc8887457a5bb067347,4739
ADDED,SAT Mark V/ActiveEdgevNext.txt,,786cab2de09bb2bca559a3720235b2143b828255,806310
ADDED,SAT Mark V/Alberr.txt,,eb72b22ac6ecb95999949d0e43aff4e4e52220bd,253466
ADDED,SAT Mark V/MAY21 Phase IV Completion.txt,,2082bba5799bb43e2bcba495ff74aa4a758bbe41,37374
ADDED,SAT Mark V/MAY21 STATUS+TODO.txt,,76c9bc8f560adc0e8bbe1183430e2e490f02f662,5694
ADDED,SAT Mark V/METAMATICIAN ROLE DEFINITION.txt,,8a5b02a4dfcb14ecfefd4b6833cf4edf2253cce5,9632
ADDED,SAT Mark V/MODELING SEISMIC WAVE PROP.txt,,72c8c28e0f17ecd7a3e855f8126d69e09fe574f6,44681
ADDED,SAT Mark V/Mathematizer.txt,,9602aff5cdec3a4428daf53b992d3b0acc23bac9,2311
ADDED,SAT Mark V/MeasuringTheta.txt,,0d3fc99522c1194bab6c525795f264480ae2263c,6002
ADDED,SAT Mark V/Metamatician Role Definition(1).txt,,95c93c6625af2dd555ad17907a7040db598412eb,3098
ADDED,SAT Mark V/NLM_CP Results.txt,,2703d6bef8b28e5eb38389eb56bee2bc22e3391a,10508
ADDED,SAT Mark V/PARTICLE_SAVE.txt,,4110b7174f1cd8311eb486b33f2a5a2c24cecb1b,4051
ADDED,SAT Mark V/PARTICLE_SAVE_FORMUL.txt,,d6b596d4f9779c34ae1db23c473a3ec833606881,41762
ADDED,SAT Mark V/PRIMARY INVESTIGATOR DIRECTIVE.txt,,f2cefadb5e110245a863ae344fff2e2459ab58e6,9216
ADDED,SAT Mark V/Process.txt,,c26f1b71a6eda5b6ee4037366f3832ba9eb6846a,6305
ADDED,SAT Mark V/README — SAT METAMATICIAN IDENTITY & MISSION DECLARATION.txt,,0e7594db9ea0df3584d9697efb04eb68b0da8ef6,9622
ADDED,SAT Mark V/REPORT1-OUTLINE.txt,,58bcd9952bd846447ce627054af549c177cefb53,3228
ADDED,SAT Mark V/REPORT1-rough.txt,,cc4dbc5cb6c1d9d2e5a0864a0a8fcf6414f4d0ce,6071
ADDED,SAT Mark V/REPORT1.txt,,d6974a2d8b89f282e795a06ba533d6d86580a8b7,80287
ADDED,SAT Mark V/REPORT1_DRAFT.txt,,05e3258c9f3aad57e75d0c0776ca1066b8e4bc36,36442
ADDED,SAT Mark V/Reccs.txt,,eddc4417262be4aeddc2eacb8b84e1daf563b723,5843
ADDED,SAT Mark V/Roundtable.txt,,39e25f8da3f94623fbc805c81282edb8d9612047,4023
ADDED,SAT Mark V/SAT CRIT.txt,,9f2199788ab0b222c189e8bebbb376f29e864a1d,4558
ADDED,SAT Mark V/SAT DEBUG SHEET (1).txt,,9cba50a08cd82a3c4a45186caabca686ea25ddc7,3518
ADDED,SAT Mark V/SAT DEBUG SHEET.txt,,9cba50a08cd82a3c4a45186caabca686ea25ddc7,3518
ADDED,SAT Mark V/SAT FORMALIZATION doc.txt,,3f794e74948e53c1a787960807d03d0b1d496c9e,60654
ADDED,SAT Mark V/SAT MARK V Testable.txt,,fa249cd374f2c6b445058635d9796253b6d067bb,6804
ADDED,SAT Mark V/SAT MARK V.txt,,3bb2791fedf8498653a52dae247996872ae4c1c3,48290
ADDED,SAT Mark V/SAT TO-DO LIST APR2025.txt,,e5fc43e6db1de8c852360e33e3c1b4f9181144eb,6162
ADDED,SAT Mark V/SAT TRICK As.txt,,965231281785d740b9d7d67ca7a5c1066f3d7b34,9656
ADDED,SAT Mark V/SAT TRICK Qs.txt,,00580054c85c572ca05e9dd135cde260414d47cb,38309
ADDED,SAT Mark V/SAT TRUE PREDICTIONS.txt,,2cac489e856445daebf6dc9ade8614ef9c94a637,4385
ADDED,SAT Mark V/SAT WORKABLE PODCAST (1).txt,,0e7f92b7a2d033bd0d1e8e5cb0f0a35342454518,6918
ADDED,SAT Mark V/SAT WORKABLE PODCAST.txt,,0e7f92b7a2d033bd0d1e8e5cb0f0a35342454518,6918
ADDED,SAT Mark V/SATELLITE_DATA_UNSORTED (1).txt,,d4e48388c0a7c108fbfac491f000ed6090095569,14769
ADDED,SAT Mark V/SATELLITE_DATA_UNSORTED.txt,,d4e48388c0a7c108fbfac491f000ed6090095569,14769
ADDED,SAT Mark V/SAT_ATTEMPTED_FORMALIZATION.pdf,,1d2453b0983e4eb21c619bc5ee11c84f1a2f8411,1077897
ADDED,SAT Mark V/SAT_Buildout_Snapshot.md,,47481aae31241ec30a51c677e507b8a2f1671f7a,3461
ADDED,SAT Mark V/SAT_Extended_Cobordism_Framework.txt,,e7164556e3a3aadf3841385cae856eb0bde4f3a2,2033
ADDED,SAT Mark V/SAT_Falsifiability_Ledger.md,,036e7dcfea4d4d6bd01ebf25e54c8027097db046,2827
ADDED,SAT Mark V/SAT_Framework_Full_Report_Text (1).txt,,700d81cf99b020fda2c2e090f50b8e39f9223127,4323
ADDED,SAT Mark V/SAT_Framework_Full_Report_Text.txt,,700d81cf99b020fda2c2e090f50b8e39f9223127,4323
ADDED,SAT Mark V/SAT_Framework_Report.tex,,938efdeebc607c83eed0e9ca68684e3060cd8a2a,1003
ADDED,SAT Mark V/SAT_JUN25_SUMMARY.txt,,e8eb6f4dae49980379728481d0c19d0d96633d3b,13453
ADDED,SAT Mark V/SAT_Moduli_Topology_Quantization_Triad.txt,,0db21297bf8b1e9210465c786e06a4a06f76cc82,2771
ADDED,SAT Mark V/SAT_Phase_Shift_Control_Patch.txt,,ccaa8a461de4e4d95230bc04a6d27f2ce5b463be,1464
ADDED,SAT Mark V/SAT_Phase_Shift_Note.txt,,f110f6f7a2e2c1515528619296957acec3518acb,2165
ADDED,SAT Mark V/SAT_SATELLITE_ANOMALY_ANALYSIS (1).txt,,a97510e9b6f6088bb965fb1591f8141871e9af3b,35311
ADDED,SAT Mark V/SAT_SATELLITE_ANOMALY_ANALYSIS.txt,,a97510e9b6f6088bb965fb1591f8141871e9af3b,35311
ADDED,SAT Mark V/SAT_Status_Report.txt,,493046acd7841f16e5b3a486f18b7c4f9d5ea05b,2457
ADDED,SAT Mark V/SAT_Symbolic_Kernel.txt,,446c3000aaa102a11cee17225c35c3925044e524,2318
ADDED,SAT Mark V/SAT_optics_finding.txt,,d4843caa0dff3b1193f3758790d8c8a27802a4aa,138153
ADDED,SAT Mark V/SAT_overview.txt,,4c6c2b1e6883d6e8e28e9dc063c27849e017b98b,128313
ADDED,SAT Mark V/SATv  TO STANDARD MAP.txt,,ec0697d8b4a7d2a9a674c7500f72665676b76702,9286
ADDED,SAT Mark V/SATv ACTUAL ANSWERS.txt,,23ea701c58dc3b3836c22c80f26ceb5b18830fb4,79835
ADDED,SAT Mark V/SATv ANSWER KEY.txt,,12d9aa87f32b2d71bdb4a6ce9147dfccbdc0c559,4258
ADDED,SAT Mark V/SATv ASSESSMENT.txt,,7ffe8e9bcb77c98e7c94eba8c385a6e0d70a276a,7009
ADDED,SAT Mark V/SATv ATTEMPTED FORMALIZATION.txt,,f7d894342f210b84a17bd0b22d9b88edd1ec31e3,280587
ADDED,SAT Mark V/SATv EXPLORATIONS.txt,,35163d98fa87b1ad1da846ff89eb3e6a03fbe5fa,1054407
ADDED,SAT Mark V/SATv FORMAL POSTULATES.txt,,fd4851f2dd0574086b0414a6f733f6ce1c40dde9,3855
ADDED,SAT Mark V/SATv REFORMULATION.xtx.txt,,594850e56a5c30ca9469bfd222808a38982287cb,7070
ADDED,SAT Mark V/SATv THE PARTICLE ZOO.txt,,aa0ababab907a518e9cbfc5debcd07f01a232ff6,4008
ADDED,SAT Mark V/SATv TIME_WAVEFRONT.txt,,fe1a6f603798c31fa4e5bf704bb31cbcc5ec4ce9,3494
ADDED,SAT Mark V/SATv Test Battery.txt,,d7bbc17583ee304c2fe1b15f9d4002c4258fca47,64010
ADDED,SAT Mark V/SATv VISUAL VOCABULARY.txt,,92b84e57b8bfeab225f26148c6ef388645c7b390,3016
ADDED,SAT Mark V/SATv _REFORM_TRIAL.txt,,6a9a33cf562343b235679ad457c70987becae9d9,398146
ADDED,SAT Mark V/SATv aSAT vs SAT.txt,,538ee0b129ea0ba7c1706a4eb9421b3cfa527395,115633
ADDED,SAT Mark V/SATv_CONSENSUS.txt,,8a7ab91d40ba834846ed9ef9bcd637c3d8fda306,6496
ADDED,SAT Mark V/SUCCINCT SAT5.txt,,907dedefdc248304a4d89444afe795b207b4a8b7,3164
ADDED,SAT Mark V/THE FUNDAMENTAL INTUITIONS OF SAT (1).txt,,4869d76bfeaff4d5174076f870d64cca8e540e32,9394
ADDED,SAT Mark V/THE FUNDAMENTAL INTUITIONS OF SAT.txt,,4869d76bfeaff4d5174076f870d64cca8e540e32,9394
ADDED,SAT Mark V/THE LOGIC OF SAT (1).txt,,6509a651ca4e72b1048d99e893555e333d52421a,7531
ADDED,SAT Mark V/THE LOGIC OF SAT.txt,,6509a651ca4e72b1048d99e893555e333d52421a,7531
ADDED,SAT Mark V/THE NUGGETS.txt,,04c18fa0f7e9921d5d663db0de9a1acad9d4af90,10685
ADDED,SAT Mark V/THE PRIME DIRECTIVE.txt,,de8ddc5b5210803ac87f8bcb97d32254bedf31cd,61363
ADDED,SAT Mark V/THREAD1 ACTIVE INTERFACE.txt,,51944d55a9a63b3157c792d4fa439cb955a7bbf4,4538
ADDED,SAT Mark V/THREAD1 First Qs.txt,,d135edbae8b9c1de989f4d71b81f487bf1796c41,4857
ADDED,SAT Mark V/THREAD1.txt,,faf94fea3a082b3ce577c8d64da628b5ec2278ff,3819
ADDED,SAT Mark V/THREAD2 ACTIVE INTERFACE.txt,,bc5aa49392201a56698fa907963cbac8ea67b97f,7816
ADDED,SAT Mark V/THREAD2 First Qs.txt,,a413ebc5bffc8bb229ee34300d2002bfb9c31399,7481
ADDED,SAT Mark V/THREAD2.txt,,fcb243a3ea6e20b422ff850c678aa64fccd55b68,5863
ADDED,SAT Mark V/TauTwistPodcast.txt,,623a5d2465d4fb2bf36cc56d097d728da4df1f57,5952
ADDED,SAT Mark V/Tests+Predictions.txt,,a5026ef81ad288ca2f01d8d5cbff3aee44e462c5,233092
ADDED,SAT Mark V/The radical insight of SAT(1).txt,,b2b188690f636a98af0b9ed8a213e743d8e0416e,64186
ADDED,SAT Mark V/The radical insight of SAT.txt,,b2b188690f636a98af0b9ed8a213e743d8e0416e,64186
ADDED,SAT Mark V/TheTANGLE.txt,,3181b6cad85bbd76bd1017938e0dbf67baf03752,120112
ADDED,SAT Mark V/TheorizerEmeritus (former ActiveEdgeGPT).txt,,7c113340898677d69be67e7fb5aee84ec53ae17f,761947
ADDED,SAT Mark V/Thread1todate.txt,,51d97361b1b3625a80ae183ab693e2350016f6f9,45516
ADDED,SAT Mark V/Thread2todate.txt,,ad9a20cc5ed99a0a4a63957eb777534cae2f3413,59917
ADDED,SAT Mark V/WHY SAT.txt,,eb19ad839c642c9eb83c0fb99ab6e011b725657d,176369
ADDED,SAT Mark V/particle_analysis_corrected.xlsx,,4c787d73ca1643e6a2274c2146fb2d9d271b274b,11735
ADDED,SAT O AUDITS/EMULATOR ANALYSIS.txt,,34b4379689ea4c4f36b0066ee4cacd9b4d818585,42731
ADDED,SAT O AUDITS/EMULATOR RESULTS.txt,,deda56667dea426c0539fd2642715925050a7ca3,19442
ADDED,SAT O AUDITS/EMULATOR_FIRST RUN.txt,,25cb9c594bf04c88d3e3222d3151b77d8bc160a7,103189
ADDED,SAT O AUDITS/EMULATOR_SECOND RUN.txt,,3571c4bac399e3d197c01488f3b384e46baa9a91,81413
ADDED,SAT O AUDITS/MOD1 CHECKLIST.txt,,a6160d6b19daa2a9de119dd18069aa025417f33e,622
ADDED,SAT O AUDITS/SAT_O4_Prelim_Audit_Report.txt,,b41d91fa8f0ba707f04d662e3a75a583f9a31848,5079
ADDED,SAT O AUDITS/SAT_O8_Audit_Results.txt,,11ef2d599d80b2350f891cdf8a63df98ae42f2d6,32466
ADDED,SAT O AUDITS/o1 (X) AUDIT.txt,,92484d84b33a686c99a625d69a7123d7c6787b40,11459
ADDED,SAT O AUDITS/o2 AUDIT.txt,,7c47b8f8d8741fdbed2578be78e2a21561b566b9,9743
ADDED,SAT O AUDITS/o3 AUDIT.txt,,fb932ef3f4d49a8c68d1ffd950734716036fe584,10230
ADDED,SAT O AUDITS/o6 AUDIT.txt,,cc2a1dda3cd6678839f9a13982471f83a7e526c4,10766
ADDED,SAT O Core Modules/..folder_summary.txt,,ab4f56838848ed4a58eed69d1657ac0bf784e3cc,3005
ADDED,SAT O Core Modules/Module_O13.txt,,faeea49a9ef84c29a4989f0bb95197c0d9e9572d,5835
ADDED,SAT O Core Modules/O10.txt,,4c2c0c481c04616ae1e1b961ad9b8e85d932885d,2389
ADDED,SAT O Core Modules/O9-10_intro.txt,,7ca41068bc3f753a86d486817856a5c0dbbd041d,3273
ADDED,SAT O Core Modules/O9-10_intro_IDS.txt,,408903bbda9af81d6c39b429d18cf746f33b2b66,3518
ADDED,SAT O Core Modules/O9.txt,,676ce08c09226e4bde5a4d8efa3d7f4da228a1d8,1587
ADDED,SAT O Core Modules/SAT.O Official Directives.txt,,167136310cdf33ca8f986f33634692314c1a0946,2881
ADDED,SAT O Core Modules/SAT_O1.pdf,,af5f44d3f936666b4743d8e2ab102b2b9f28f2c2,150401
ADDED,SAT O Core Modules/SAT_O2.pdf,,977d5b8a6935cc8a72d6b728eb0396662a76177c,162528
ADDED,SAT O Core Modules/SAT_O5.pdf,,a8e09cfb70c96776b715b223d72c6e572356de70,152388
ADDED,SAT O Core Modules/SAT_O6.pdf,,29295f82a610635d5696ba8bbc62650ec6bf4c2a,119592
ADDED,SAT O Core Modules/SAT_O7_time_tentative.pdf,,41b54ae3a2a1be1e7f06ce9c3e95279ade9c12ef,169065
ADDED,SAT O Derivations/..folder_summary.txt,,9db94f237fce9ef038b2a0df1d40d94fe84f50b0,3447
ADDED,SAT O Derivations/ACTION PLAN.txt,,06d9a5142ba4521de970d81bde3564fa31ad0d40,4186
ADDED,SAT O Derivations/ACTION_PLAN--next phase.txt,,41d89f3e05612d0a3e41630b65ea1e69048a29d3,8248
ADDED,SAT O Derivations/ANALYSIS_MODES_REDEPLOY.txt,,e9bfcb3d19027d8424f303bb9f8b80e7871bc333,39510
ADDED,SAT O Derivations/CODE-LOCKED DERIVS.txt,,783b05d39d59bf854b92090e15d205e6823b51c8,17810
ADDED,SAT O Derivations/DEEP DIVE PRONUNCIATION GUIDE PT2.txt,,7411f85032d6cfe86bb0686b766545589dc3751e,44533
ADDED,SAT O Derivations/RE_project_files_index.txt,,37f8d1102c7b0f4e80e483b7dda4e43284680a5f,4280
ADDED,SAT O Derivations/SAT_000_Audit_Package.txt,,7d43c1029fe588b9056a0f864ecfb5e72ca06313,2905
ADDED,SAT O Derivations/SAT_ActionPlan.txt,,4c42e688a11d4ce2a99aba056620f5a267b5391a,6337
ADDED,SAT O Derivations/SAT_Completion_Protocol_v1.txt,,e77728abf23c3aee476f5c32b9aa2a26ccf2b014,5125
ADDED,SAT O Derivations/SAT_D1_CANONICAL_QUANTIZATION.txt,,1720af778e962f265be531928f9ae350d7049851,1612
ADDED,SAT O Derivations/SAT_D2_MODE_EXPANSION.txt,,6844c72027e9569e4f8da3a85a24434e0ad080cf,1889
ADDED,SAT O Derivations/SAT_D3_TOPOLOGICAL_SUPPRESSION.txt,,d24129728c1c5fb235004e5196398ee52ad80e26,1819
ADDED,SAT O Derivations/SAT_D4_STRAIN_CURVATURE_MAPPING.txt,,d07d6cf34498a9b81e685724a523384e71a7fd61,2211
ADDED,SAT O Derivations/SAT_D5_GAUGE_TOPOLOGY.txt,,a29ad0141b8c1283f6d4dee43b7cc57209afbee7,2273
ADDED,SAT O Derivations/SAT_D6_LEGACY_TRANSLATION.txt,,da3c1c2b193bd4038287f5f3d66cb382e2215694,2884
ADDED,SAT O Derivations/SAT_D7_FIELD_MAPPING_PSI.txt,,17e660f0a78ce8ddf0e8dceea70565a80df142b1,1983
ADDED,SAT O Derivations/SAT_D8_SUMMARY_INTERACTIONS.txt,,dd158494958246e249b032695323b81f03863bdc,2165
ADDED,SAT O Derivations/SAT_DERIVATIONS_INDEX.txt,,19610d8eb16878ace3a2cf50047bff9319ed1b27,1552
ADDED,SAT O Derivations/SAT_GLOSSARY_PATCH (1).txt,,fa29140660f5f326cb07af7a86baa28e6c8a5434,3580
ADDED,SAT O Derivations/audit_results.txt,,66da0983476329015b9e4d3394d3c28f53a15b16,2722
ADDED,SAT Overview and Details — raw.json,,22cd38bcd1c8768ab371d545304ba895dca73496,160072
ADDED,SAT Overview — raw.json,,023ff77688672546aeff02deb3745289f6709c90,8552294
ADDED,SAT PARTICLE ZOO LAGRANGIAN (nolattice).pdf,,c3d298bda2d2c0bc65419ec5c5e37185b1eb1163,369884
ADDED,SAT PODCAST STATS/PODCAST - LISTENERSHIP.txt,,f87fd97b1fbec1617b8ebbd3a36d9bd28ee515cb,62305
ADDED,SAT PODCAST STATS/PODCAST - Listeners .txt,,760a80e117cafdd7fb9c8debecd46dd045d84f8d,3055
ADDED,SAT PODCAST STATS/PODCAST - Listeners 2.txt,,f87fd97b1fbec1617b8ebbd3a36d9bd28ee515cb,62305
ADDED,SAT PODCAST STATS/PODCAST - PODlod.txt,,64b4779266ef13cd7e8c8d688cd5d1377860f15c,49885
ADDED,SAT PODCAST STATS/PODCAST - Pod LoD.txt,,6f7b6cc4e2f81abb5a653f3c47cbc1b6cc1438ca,3899
ADDED,SAT PODCAST STATS/PODCAST - Podcast stats.txt,,459335f7926f47d86b7d5959a594ed43e49ceae2,193220
ADDED,SAT PODCAST STATS/PODCAST - Podlode.txt,,87e97096451bb7838e629dd26b84ce18b2bfaacd,22443
ADDED,SAT PRE-H(s)H TIGHTENING.txt,,054a76d76cd8a44b18fa4c545ece4e0e3f9f4e8e,188080
ADDED,SAT QR/SATPatch.txt,,540a5936f384371df8a550b1e4f526daee07e836,54359
ADDED,SAT QR/SATRev.txt,,980495146f6bbb1d81b280b488c1b641fd19d0bd,55508
ADDED,SAT QR/SATState May2025.txt,,8f400869cf31002acff9860de06acb603c1bee3c,20600
ADDED,SAT REDISCOVERY.txt,,e7384f09394c7e477ef9db13c550163edfd52708,137476
ADDED,SAT TIMELINE + GITHUB/GITHUB ACTIVITY - Changing paradigm .txt,,6da1e4f1d72b856e3d2d992868b1affd6a9ad5d5,9397
ADDED,SAT TIMELINE + GITHUB/GITHUB ACTIVITY - Clones in last 14 days.csv,,9fe3f8bd42de3adcf9acbba2dae3c194af43ea2d,161
ADDED,SAT TIMELINE + GITHUB/GITHUB ACTIVITY - MAY GITHUB ACTIVITY.txt,,6c6bb69f26f4252d19245d7d9488d7dbf2f4bac4,4086
ADDED,SAT TIMELINE + GITHUB/GITHUB ACTIVITY - Satobloc's Commits.csv,,9e5083a5aad8d0780ec5b919a573cfbe4e616143,488
ADDED,SAT TIMELINE + GITHUB/GITHUB ACTIVITY - Unique cloners in last 14 days.csv,,b6e74398f7f1ff08e665ae860fb4225d6dd04cf0,162
ADDED,SAT TIMELINE + GITHUB/GITHUB ACTIVITY - Unique visitors in last 14 days.csv,,364decd4131e9480089ea73177492996badb852a,162
ADDED,SAT TIMELINE + GITHUB/NEWS - BROADER SCIENCE.txt,,229be1f2d12607d82ecb994d8fd5918e345d938d,13005
ADDED,SAT TIMELINE + GITHUB/PODCAST - Episodess.txt,,e32fc1c9bffe22edbf94bd2b17128dbc8dad6635,19392
ADDED,SAT TIMELINE + GITHUB/SAT - Timelines .txt,,ac8e8e70bfec7b6b270834c0358acd6df9c972cc,10708
ADDED,SAT TIMELINE + GITHUB/SAT TIMELINE.txt,,e1c2660d925949b5e8fd2c137784e93f3d4aa183,26034
ADDED,SAT TIMELINE + GITHUB/SAT_TIMELINE.txt,,e1c2660d925949b5e8fd2c137784e93f3d4aa183,26034
ADDED,SAT TIMELINE.txt,,e1c2660d925949b5e8fd2c137784e93f3d4aa183,26034
ADDED,SAT TIMESTAMPS.txt,,85b3fa8c44792c2c177fbc3859f28ba58c7481d0,8710
ADDED,SAT Tester 2.pdf,,76528eefd4df8bf87afa746abeb799bbabad3b35,49503
ADDED,SAT Tester.pdf,,76528eefd4df8bf87afa746abeb799bbabad3b35,49503
ADDED,SAT Theory Archive Review — raw.json,,bf9d9a6319461a969d031773ca1e7eaf11d5a94b,292573
ADDED,SAT Theory Synthesis — raw.json,,0d745e65bf052e099f1db00b6fa81e763cb232d2,1197973
ADDED,SAT UNODROP.txt,,53437e7d734b8e77894a7465a8cd37cc8ac8462a,99100
ADDED,SAT VISUALS/3ea27668-0954-4547-85f5-dce64497dfe3.png,,0815e0221a68f468006ba01664d361b24aaa44a0,793112
ADDED,SAT VISUALS/4190589d-dd62-4ecd-8889-bbc258d43f12.png,,53061809369547277b7938acf8d4ae6277db86fc,1663012
ADDED,SAT VISUALS/5e45c144-1fb1-4b7d-8a0c-611a838dc5bf.png,,a2922c84d20b849ce900bd0b09e504f7053b72b9,1310887
ADDED,SAT VISUALS/64266694-f943-41d0-b018-868fb8191d16.png,,22e0bca8ecf552e701a57fa46191b60ad28977d1,1470649
ADDED,SAT VISUALS/ActiveEdge_vNext_initiation.png,,fb0f5c6d699d077bcd0feb84bcc2019667fc7c93,142360
ADDED,SAT VISUALS/BrainTrust_v2_Example1.png,,9702cb9b2005498af2e954c5df49c7b68d089048,74515
ADDED,SAT VISUALS/BrainTrust_v2_Example2.png,,9d2e3b33f872c1cdf15532185428bfaf804c68b6,74010
ADDED,SAT VISUALS/BrainTrust_v2_Initiation.png,,a8fbdd14a701a299cd6bddc68f7dc3bed3ba237f,147291
ADDED,SAT VISUALS/COMPARE.PNG,,74b7a0f4f70318dc9b0485d966e5e33384d29246,63313
ADDED,SAT VISUALS/Capture.PNG,,110c7aeb3105f9c708d7ee1691ae7873ec4ea576,55121
ADDED,SAT VISUALS/Capture2.PNG,,991eed4a7b1770d219cd7569bd763dcf5cfe2c34,29784
ADDED,SAT VISUALS/Capture3.PNG,,2ba49388ae451c08c3527b8b2ba139ed589636c9,18813
ADDED,SAT VISUALS/Capture4.PNG,,0817071de368aa0dee776a219923bae0f90eb166,47784
ADDED,SAT VISUALS/Capture5.PNG,,89b23922924f177eef663ffb340498f54ebcb0e5,80773
ADDED,SAT VISUALS/ConsensusPro.png,,45d7920a90ea65aee669f9cc2ebff0fda9727b56,182992
ADDED,SAT VISUALS/ConsensusPro2.png,,6ef08ced821a83b7f928b82472756054eccefd5f,32832
ADDED,SAT VISUALS/ConsensusPro3.png,,a276b4372efeacb70a0a58b09492795287f7f583,212722
ADDED,SAT VISUALS/ConsensusPro4.png,,d39840ae7f4fa8ebcba7f96f2282381005859c31,235333
ADDED,SAT VISUALS/ConsensusPro_Annotated_Captions_Cleaned.pdf,,26023ac10bf969d8060df7645186b3e0619c2a36,556812
ADDED,SAT VISUALS/Early_Code_Outputs_Documented.pdf,,7da451f6cf2b53e5aaae475d544e51b43166e6e6,581266
ADDED,SAT VISUALS/Early_code_output.png,,e9af706c0e423907a4fe9d7cf464a53d9109281c,152483
ADDED,SAT VISUALS/Early_code_output2.png,,41c144b82925edbaf52941ed7c2346a667e78288,117318
ADDED,SAT VISUALS/Early_code_output3.png,,5c9318c50f57dadb749657f632ea8c10372cc8b8,157985
ADDED,SAT VISUALS/Early_code_output4.png,,cd6bbc2c182972684b9dafe82b706d5fb304aa91,120644
ADDED,SAT VISUALS/Early_code_output5.png,,39246d78e06493d371c4c2a29bb0831bfeece889,35746
ADDED,SAT VISUALS/Early_code_output6.png,,13d0cea23bc94ed627d9faef8d373c89be4f6c2f,46677
ADDED,SAT VISUALS/Former_ActiveEdge_FirstLagrangian_attempt.PNG,,2194536a0443fcbc5e0e29c7f45cb85f8e659c99,47676
ADDED,SAT VISUALS/Former_ActiveEdge_MarkIII-IV_formulation.PNG,,4fda461471acaecedf39d8fa8718484196f2c777,120029
ADDED,SAT VISUALS/GPT-first_and_former_now_Emeritus-ActiveEdge_development.png,,67346d0df4bde9217b4cd1ba29a8eb067ae86333,178730
ADDED,SAT VISUALS/GPT-first_and_former_now_Emeritus-ActiveEdge_initiation.png,,0c7b8a9ea35b6db3ffff660c810658bb9bdf8ecd,118907
ADDED,SAT VISUALS/GPT-first_and_former_now_Emeritus-ActiveEdge_initiation2.png,,f34a5e34b214603b44f87a94756ea3306023dd73,136136
ADDED,SAT VISUALS/GPT_Tools_and_SAT-Naive_Analysis_Captions.pdf,,ae6c4a84ab83b27ac5dafbfab1f5dc74dbe30d1c,695474
ADDED,SAT VISUALS/GPT_Tools_and_SAT-Naive_Analysis_Captions_FINAL_SAFE.pdf,,d6cd57d2fe25130e02bace318b709edc9ed46045,695372
ADDED,SAT VISUALS/GPT_core_team.png,,eb7f01f97536148f63b42dc4e060b24b8f45e942,29395
ADDED,SAT VISUALS/GPT_instances.png,,1f746dd925b5ea8f594d33c19221a5067c3f5eeb,31144
ADDED,SAT VISUALS/LAB2_SAT_Dirac_And_Coupling_Closure_ReportLab.pdf,,409866b666a6251676c8e95aa11c3740c4f4ddf6,2123
ADDED,SAT VISUALS/LAB2_SAT_Dirac_Brackets_And_Closure_3D.pdf,,0073539fc18d2f7f3c55dcb332b9c9c4184d53d5,2275
ADDED,SAT VISUALS/LAGRANGIAN.PNG,,a9e68b856e182c54447fc0776715de050372c227,11269
ADDED,SAT VISUALS/LAGRANGIAN10.PNG,,50ddfb5751a9acd99cdc11464cfae8d6ec9e5dc1,43444
ADDED,SAT VISUALS/LAGRANGIAN11.PNG,,231031ed81d360f91a33abe55cac23210cc63ef7,48236
ADDED,SAT VISUALS/LAGRANGIAN12.PNG,,c42885032aedcc2f3ee221d3580dba62c5d79b99,48450
ADDED,SAT VISUALS/LAGRANGIAN13.PNG,,8582549795c71475f0583866c79fbd157371029d,46167
ADDED,SAT VISUALS/LAGRANGIAN2.PNG,,ee9d3200e6858034da1c5491fc7366c43ab44bb8,7678
ADDED,SAT VISUALS/LAGRANGIAN3.PNG,,c0bb6c613f1bcc1e00444e4d9259284d87f6b837,44117
ADDED,SAT VISUALS/LAGRANGIAN4.PNG,,2fa283e3ac166c130df18edbc435d38737619d55,47830
ADDED,SAT VISUALS/LAGRANGIAN5.PNG,,6879e6b04aea056b8b65e50212bb8d71afa47dd6,40043
ADDED,SAT VISUALS/LAGRANGIAN6.PNG,,6d055090ba492f76bb1a2d616c3f4715ea33c302,28106
ADDED,SAT VISUALS/LAGRANGIAN7.PNG,,fdfa94cae73499179a1b6a3879fad0448efb9168,60616
ADDED,SAT VISUALS/LAGRANGIAN8.PNG,,cf6a5d125c29ea8b5ecd78a573a82fc976466876,61540
ADDED,SAT VISUALS/LAGRANGIAN9.PNG,,dce1e4a4b7d96568c79e57072761388e5686299f,61222
ADDED,SAT VISUALS/Lab2_Lagrangian_Captioned.pdf,,3f557cea2d6d62daff9ccd0611a5bae1bd9dfad4,491360
ADDED,SAT VISUALS/Lab2_Lagrangian_Evolution.pdf,,d6b31f5b694c40657de20b4e765a7fccece37f0b,489938
ADDED,SAT VISUALS/NORMCapture.PNG,,5e2645a3960e177cf2e0b5677f04907331a0e174,142218
ADDED,SAT VISUALS/NotebookLM Mind Map.png,,59ce263f10027d5b97177a544d1d68a7a0204f93,14978593
ADDED,SAT VISUALS/NotebookLM.PNG,,49d13329b423a40f86714bba1f2b86568c7c4756,278921
ADDED,SAT VISUALS/NotebookLM2.PNG,,8a2c6c82f656f5ff3af819dbc57395e79d1d33e6,301825
ADDED,SAT VISUALS/NotebookLM3.PNG,,38e1a8751ec49539e3f87c8fdd0b9d370233d0dc,297146
ADDED,SAT VISUALS/NotebookLM_Captioned_Archive.pdf,,6dd17915eafbd68ba3b97b7890125f354ed8ab30,975986
ADDED,SAT VISUALS/NotebookLM_example2.png,,b6afc55cf3f8c36b21f0dddda7bdaccb07ebf436,278350
ADDED,SAT VISUALS/PARTICLES0.PNG,,dc5874c7f4d981c7449b2e7db0815d4fd65dfa56,572635
ADDED,SAT VISUALS/PARTICLES1.PNG,,f67612d240936b3b42976a84be47fd2193e27e77,625236
ADDED,SAT VISUALS/PARTICLES2.PNG,,986813cf0662950fb56cd13e5e91de1a37780e4c,655759
ADDED,SAT VISUALS/PARTICLES_heatmap+horiznorm.PNG,,871127a871b511f4b2d162a4725a59a813253e38,57363
ADDED,SAT VISUALS/PARTICLES_vertnorm+zscore.PNG,,f89a57f596d4cb87ce13cd14d5e82e0bbd111861,36510
ADDED,SAT VISUALS/PARTICLE_SAVE_img.PNG,,2b08553708eb59faf2d604145e828878dc899032,305115
ADDED,SAT VISUALS/PARTICLE_TABLE.PNG,,7160930107467a61880cc1efa40c9d3741292c0c,36259
ADDED,SAT VISUALS/PART_BAR.PNG,,d580fc3903774edaea4a6723db9c5e136ebef05b,74185
ADDED,SAT VISUALS/PART_BAR2.PNG,,7d2162061aa6b7997f2049f3a8bf2a4fba28872c,72897
ADDED,SAT VISUALS/PART_heatmap.PNG,,28e5f8e96cb66dd191eaa2bcec55061c2c3e1685,30922
ADDED,SAT VISUALS/Proto-BrainTrust_Example.png,,b4d6770f6436c69b7ea514434beb4e25f21e7942,67406
ADDED,SAT VISUALS/Proto-BrainTrust_Example2.png,,215b8c6edb2ad4cbb9cef4bf90b7f62ba3ab660c,73597
ADDED,SAT VISUALS/Proto-BrainTrust_Example3.png,,0bb705ffd3c115509b5eacf2feb85c260088aa65,73546
ADDED,SAT VISUALS/Pseudeinstein.PNG,,e69de29bb2d1d6434b8b29ae775ad8c2e48c5391,0
ADDED,SAT VISUALS/QUARKS.PNG,,4ce170e6aa6e5a529a94506c8e60e320ad0162a2,632861
ADDED,SAT VISUALS/QUARKS_m_theta.PNG,,57a5e94931584d847af43098e90af7dee16bd73b,24660
ADDED,SAT VISUALS/SAT-NaiveGPT.png,,b472a367e29ba74fdb996cf256caf05a655c1fa5,125789
ADDED,SAT VISUALS/SAT-NaiveGPT2.png,,79c62f25d59d84a50a7f27e8759d95c8458de3e5,109805
ADDED,SAT VISUALS/SAT-NaiveGPT3.png,,221cbe81ce1191a45d7678a35eb26a1adba2c5aa,122053
ADDED,SAT VISUALS/SAT-NaiveGPT4.png,,0aa7928a2b0420edc96020caf7fa2a18afd0afd3,132558
ADDED,SAT VISUALS/SAT-NaiveGPT5.png,,195ef3bbb21029b1395bc9c53fdff8a57b870265,136410
ADDED,SAT VISUALS/SAT-NaiveGPT6.png,,bdae7fe3317d177494fd840522b42753ad478727,131534
ADDED,SAT VISUALS/SAT-QR Abstract.PNG,,e446fd86e222c07363013f323614a6165fd1a0c4,67902
ADDED,SAT VISUALS/SAT_Earliest_Notebook_2003_Documented.pdf,,15b6e2f43c06482a19e25aecef9df4d947d399eb,7712005
ADDED,SAT VISUALS/SAT_Errata_and_Wordcount_Overview.pdf,,fc93a83b40613e0bf4231a2d3d5240d5288b1626,572404
ADDED,SAT VISUALS/SAT_Errata_and_Wordcount_Overview_with_Captions.pdf,,0f8ab884b1aaa613530fc36e7cd4a73e712f8c8d,1172723
ADDED,SAT VISUALS/SAT_Framework_Final_Report_Cleaned.pdf,,dc15798a154cc1818a61d84b9452e2f2ede8ce76,3240
ADDED,SAT VISUALS/SAT_Framework_Report_Plain.pdf,,3f8c310b9583e50b667793c04e8ddcb9637e21f8,1974
ADDED,SAT VISUALS/SAT_Full_Annotated_Visual_Archive.pdf,,139f7b97ae74b343e1ce53c14e2e1c97942bed23,25206600
ADDED,SAT VISUALS/SAT_Full_Visual_Archive_With_Extras.pdf,,871d15c1b36bfdf35c6bf66bbe8d8b8926742fa0,12264934
ADDED,SAT VISUALS/SAT_Full_Visual_Archive_With_Extras_REVISED.pdf,,54db0fecb46f513bc606bf48ffcb5943d65e09d1,13189878
ADDED,SAT VISUALS/SAT_LAB1_Composite_Binding_Simulation_Report.pdf,,b58679ab72eee1c98ef04dc4e8143784a2df4015,59191
ADDED,SAT VISUALS/SAT_LAB1_Energy_Tau_Results.pdf,,253efe7c94a87bb579aab45ed432197abbf970ba,28149
ADDED,SAT VISUALS/SAT_LAB1_Full_Annealing_Radial_Kink_Report.pdf,,bfede5a3463decf2f555732ef7dc3b483d1dea7c,59136
ADDED,SAT VISUALS/SAT_LAB1_Full_Annealing_Radial_Kink_Report_REGEN.pdf,,ac32650e01088b2a9e875a933c7cabdafc2a11a5,57848
ADDED,SAT VISUALS/SAT_LAB1_Radial_Fringe_Falsifiability_Report.pdf,,7ee2c5b38ba31f779dece8441600b952d35ae081,35233
ADDED,SAT VISUALS/SAT_Lab1_Visuals_Compiled.pdf,,dffe1b346bc2e29a88428198b445ac83371b8ca8,599125
ADDED,SAT VISUALS/SAT_Lab1_Visuals_Landscape.pdf,,4eca354094fa1a0efd179a3f35201bc9dedaad43,599122
ADDED,SAT VISUALS/SAT_Lab1_Visuals_Landscape_Scaled_Fit.pdf,,58002369bd5fbee2b46168b0027a3a888da220bc,599130
ADDED,SAT VISUALS/SAT_Visual_Archive_FULL_Captioned_RETRY.pdf,,981099dfc1ddfe416ca4161c82a812cdfcb0cd76,12016863
ADDED,SAT VISUALS/SAT_theta4_kink_retardance.png,,1742c148d27f5e56c90943a4d44136693cb49f85,75213
ADDED,SAT VISUALS/SATy_output2.png,,0c20a4d10974965c291080ada0c493af80aacd2f,37566
ADDED,SAT VISUALS/SATy_viz_output.png,,2c3e91ea543a520d1f31d4788ae88ca7eabc2666,183076
ADDED,SAT VISUALS/Theorizer_Emeritus_SAT_Development_Annotated.pdf,,1280e7317e4d82fb43dc9f0c44d6ecabc3c10301,524933
ADDED,SAT VISUALS/Wavefront_BrainTrust_Captioned.pdf,,89eecc89bea4a88f5a0de0720eac110f3991e8a0,420035
ADDED,SAT VISUALS/Wordcount_ActiveEdge_vNext.png,,0138b40a5a864acff5aa5b96c0d79bd5d882b738,189912
ADDED,SAT VISUALS/Wordcount_Emeritus.png,,a0f05fec4c1fe6c88b6afc889db3241c23241975,130123
ADDED,SAT VISUALS/Wordcount_Proto-BrainTrust (1).png,,ec72e49ae5ca5120c0b93802209a4e2b9563cdf5,158469
ADDED,SAT VISUALS/ce51728e-410a-461c-b08a-8cb8a81373c7.png,,8dc8373af708b8dda7399059cc16bd45c87bc35b,1160826
ADDED,SAT VISUALS/cgpt_models.PNG,,2e94fbe24a9bf463c20af2ea7f4981ce98aefe3a,16830
ADDED,SAT VISUALS/coil_rotation.PNG,,68f1d74797eddea32718bbe69647fb111d212ec8,45931
ADDED,SAT VISUALS/d9c2d113-61aa-4681-9d90-ad988bbb26f1.png,,cccb633b0e7030a3ad2b7930928ddc11b2d62e0d,1699002
ADDED,SAT VISUALS/download (1).png,,295854b52c5e12a70a5267bc7e390a91f29182ee,128903
ADDED,SAT VISUALS/download.png,,bc20c997f11d867e671a83ab54b79fb85024983f,143976
ADDED,SAT VISUALS/ea41259c-edab-452c-8421-1c39fb0b6bf0.png,,e8bf577fb38b955c22c5ff317d6afeaa62817caa,1379271
ADDED,SAT VISUALS/equations.PNG,,821cce1aad07c7886076669c92a4fe24bec519bf,15176
ADDED,SAT VISUALS/error.PNG,,a7fe93e297d1e0756909175f5d865efa1c8f6448,54822
ADDED,SAT VISUALS/figure0.png,,c89ac04e52e01333154e988cb768c5f80898d27c,74373
ADDED,SAT VISUALS/figure1.png,,0821fcd667a3b08317ee1e3055f21ed9a7cc2cd4,92805
ADDED,SAT VISUALS/figure2.PNG,,fb345730b63a562f460449738aefc2c45200c2e1,57955
ADDED,SAT VISUALS/first_run.png,,3770565ad123f95d9bd95711125c29db31eb8357,146080
ADDED,SAT VISUALS/output (1).png,,0acb2edc61f6681feed706bfae7e296d077b31eb,74786
ADDED,SAT VISUALS/output (10).png,,37d20da50d49ff81889f91332bf94f57b9a45491,148843
ADDED,SAT VISUALS/output (11).png,,da702ce40e87fbbd6e57ca8a9937917ef3e8f0ed,105522
ADDED,SAT VISUALS/output (12).png,,9af2aff5dcc6d36c363736d79b51f3a293bf7385,150100
ADDED,SAT VISUALS/output (13).png,,ec1b525ea4afe3b45f6bc2957aabba172612ccf8,128699
ADDED,SAT VISUALS/output (14).png,,efb7055079bd22de2553f444d0c1cc2fd967b65c,107216
ADDED,SAT VISUALS/output (15).png,,7cc7dca5f18d021c37b29b4ad6aa4eebf07db8d8,87364
ADDED,SAT VISUALS/output (16).png,,fe6f6d5aed97d3e8bb8308053d7d50fdac16780c,197734
ADDED,SAT VISUALS/output (17).png,,fe6f6d5aed97d3e8bb8308053d7d50fdac16780c,197734
ADDED,SAT VISUALS/output (18).png,,cd79e239cf82da27d0bf471d7df4fdf6b418ebf7,193289
ADDED,SAT VISUALS/output (19).png,,adb9f4bd8097f5ece7834e3bea141b8b700e1ee8,244167
ADDED,SAT VISUALS/output (2).png,,947c3d167fb272e7687dab30d760e97fb89b7526,108886
ADDED,SAT VISUALS/output (20).png,,50bc4447d71eb257fe5ef8fca725eedd633476eb,148721
ADDED,SAT VISUALS/output (21).png,,a98ffc93b9e4253fb5f281c8ac0d30766218909a,352863
ADDED,SAT VISUALS/output (22).png,,6dc71ab1130944da533f8ac9bb26f78eec92beff,93250
ADDED,SAT VISUALS/output (23).png,,33a31117e42599e8f804af2faa6034f52ca9a40a,87720
ADDED,SAT VISUALS/output (24).png,,5d4807c80e525c834c671ddb8658f58d88290cc0,95895
ADDED,SAT VISUALS/output (25).png,,08d38ae49c7f02ba6d29b752944809c7e00c57c4,74516
ADDED,SAT VISUALS/output (3).png,,d4b3ae34fec63f6c183e547dc38d193faf838eae,398148
ADDED,SAT VISUALS/output (4).png,,604ddafaf99f44ba2d82459aad326333a87d2379,198191
ADDED,SAT VISUALS/output (5).png,,e5b4808ea67ac3ada9bc2809931aa48812080a61,182937
ADDED,SAT VISUALS/output (6).png,,d5b72e55bdaeaa51de50377bf6df778908f799f3,315788
ADDED,SAT VISUALS/output (7).png,,3f0d9666abd3f23863c362698fedfa731b71c103,475821
ADDED,SAT VISUALS/output (8).png,,b35dd25fd855f01f61a4d206aa799a0bc2b4f31e,148468
ADDED,SAT VISUALS/output (9).png,,73072060ccee78a0a3d90e1cb959012896d7f9c3,486575
ADDED,SAT VISUALS/output.png,,fb736ab69c78785576428dc8e749163995eb22b7,106342
ADDED,SAT VISUALS/particle_prop.PNG,,a64b5d8943f75ca78226ab2c2c5427197db223af,261770
ADDED,SAT VISUALS/particles3.PNG,,1c88a39ffe6fb176e157f300ec9b9dbdd3a31d0b,580778
ADDED,SAT VISUALS/saty_output.png,,ebd3e32fa9b106db076886ac337a26104f070bcf,93167
ADDED,SAT X/..folder_summary.txt,,ef75cba8f02359f037b104707bdd3b60ae5dabaa,10978
ADDED,SAT X/SATInterpreted (1).txt,,39a074ec05088b8ae920b75161845064f0deae9a,65752
ADDED,SAT X/SATInterpreted 2.txt,,4306bfbc671d14b9ad030c889df435ae5254c17a,10317
ADDED,SAT X/SATInterpreted(1).txt,,39a074ec05088b8ae920b75161845064f0deae9a,65752
ADDED,SAT X/SATInterpreted.txt,,6f8ddce3e4840b26ca9afc42cad58dd810a58597,65209
ADDED,SAT X/SATMathAssay.txt,,9d7c6324a3d736db629f72b96ab323a5ecbb718b,25345
ADDED,SAT X/SATx ADDENDUM (1).txt,,907ec14ba1d39c613cb4221f102fb8ddee3cd8df,37829
ADDED,SAT X/SATx ADDENDUM.txt,,907ec14ba1d39c613cb4221f102fb8ddee3cd8df,37829
ADDED,SAT X/SATx ADDENDUM2 (1).txt,,a09632e374ad7d4eabd0eb5c9708f1da2c5f3e9a,36146
ADDED,SAT X/SATx ADDENDUM2.txt,,a09632e374ad7d4eabd0eb5c9708f1da2c5f3e9a,36146
ADDED,SAT X/SATx ADDENDUM3 (1).txt,,c21a542f76f0e0badbcfbbe41101d0f546c87436,486578
ADDED,SAT X/SATx ADDENDUM3.txt,,c21a542f76f0e0badbcfbbe41101d0f546c87436,486578
ADDED,SAT X/SATx Addendum4 (1).txt,,e1f6ec82de4019bef216f470647f803db9fe8885,115830
ADDED,SAT X/SATx Addendum4.txt,,e1f6ec82de4019bef216f470647f803db9fe8885,115830
ADDED,SAT X/SATx CANONICAL.txt,,afbf610347a6a39c74cf52cbe3818ef22ab3ebcf,37143
ADDED,SAT X/SATx HAMILTONIAN .txt,,b1d250bd8124547c0526badd9c1d9f681e54b791,2537
ADDED,SAT X/SATx LAST BRICK.txt,,dbd2547b43e66b8bbd1c778be73817651b2bc3be,13447
ADDED,SAT X/SATx PIECES.txt,,31cba6d8eb0cfc2663440f3203a411bae3f152fd,6010
ADDED,SAT X/SATx SPACKLECOAT.txt,,7a1fe27631b8bb854756a8cb08b74b48a65e18be,7067
ADDED,SAT X/SATx STATE OF SAT (1).txt,,512836a86f036df49338ea774477f241e4f05580,225048
ADDED,SAT X/SATx STATE OF SAT.txt,,512836a86f036df49338ea774477f241e4f05580,225048
ADDED,SAT X/SATx SUPPORTING.txt,,acc27b18ff5d5e309cf4a98ebc44a9b888e683c9,5815
ADDED,SAT X/SATx_FULL_PODCAST (1).txt,,a92cdadb1c55109604b1a02e1ee4c9e8e56c17fb,100182
ADDED,SAT X/SATx_FULL_PODCAST.txt,,a92cdadb1c55109604b1a02e1ee4c9e8e56c17fb,100182
ADDED,SAT X/SATx_PODCAST_LONG_EDITED (1).txt,,5f1e1d432e4b53fdafad16f1e75e6ecdd33055cc,99680
ADDED,SAT X/SATx_PODCAST_LONG_EDITED.txt,,5f1e1d432e4b53fdafad16f1e75e6ecdd33055cc,99680
ADDED,SAT X/SATx_PODCAST_LONG_EDITED_PRON (1).txt,,a79b6b669308fc29a624a954b9b1ceb3977b436a,99366
ADDED,SAT X/SATx_PODCAST_LONG_EDITED_PRON.txt,,a79b6b669308fc29a624a954b9b1ceb3977b436a,99366
ADDED,SAT XY/JUNE 1 PHASE V-.txt,,c7507e32fa736067fb94d25b67432d97016c8e95,245535
ADDED,SAT XY/JUNE PHASE I-V PROGRESS.txt,,05b86bd3bbdf146a752a2d6508b6e8a64df1614a,131571
ADDED,SAT XY/PHYSICS BEYOND MATHEMATICS.txt,,d3f6720a8a197941cd3605065b1ecddb223abb1d,780144
ADDED,SAT XY/SATx-y INSIGHTS.txt,,dc693ab75fe384d6ff528ab485ab8f5656a2a059,17263
ADDED,SAT XY/SATxy CYCLETHROUGH2-4.txt,,943ffa9ec8a6342f6f8f67a562152cd6f1765069,68141
ADDED,SAT XY/SATxy CYCLETHROUGH3-4.txt,,2a3cc89123ba007b1c17a4af9ae611b30baaa77c,99946
ADDED,SAT XY/SATxy CYCLETHROUGH4-4.txt,,763e90935b5ce02bcd9945d33d475d542acd52b6,116496
ADDED,SAT XY/SATxyACTIVATOR_DO_NOT_USE.txt,,c8dfe34d4115d8fdeab507321816a2a97e3b437b,3694
ADDED,SAT XYZ/ACTION PLAN JUNE ADDENDUM.txt,,9315edd8a9ca102ee2d92b5d455795f6ae904b44,9723
ADDED,SAT XYZ/ACTION PLAN JUNE ADDENDUM2.txt,,3358f248497819095f8c5e757477f7ed4545199c,4574
ADDED,SAT XYZ/ACTION PLAN JUNE ADDENDUM3.txt,,91e1ce2ccf6dd7e9c208be9c2ac307b423d46b64,5700
ADDED,SAT XYZ/ACTION PLAN JUNE.txt,,6fef64428f2100a652a778c4422558b4dd10acb2,10110
ADDED,SAT XYZ/COMPLETED TASKS JUNE.txt,,38ceb0443a4952d10a0dc5e9ae020f2bdfd7e452,9211
ADDED,SAT XYZ/COMPLETED UPDATE JUNE 1.txt,,0fed7bce15200d1f932bb8cd5d7700cb3b7c5719,12662
ADDED,SAT XYZ/CORE TEAM CURRENT PLAN.txt,,4ff3c5b8e542473dab7bb914785a795fb81bf10d,6664
ADDED,SAT XYZ/CORE_TEAM.txt,,a9e97652d4b7b6818c9536d42c0e35515fd57f91,3522
ADDED,SAT XYZ/CORE_TEAM_TASK_DIRECTIVES.txt,,4ff3c5b8e542473dab7bb914785a795fb81bf10d,6664
ADDED,SAT XYZ/FULL_REVISION_PATHWAY.txt,,f31eca05bc28b3f5ae56e59d4eeb5344e1505695,15268
ADDED,SAT XYZ/JUNE ACTION PLAN  FINAL.txt,,1ddcf49be34d21b82faed06ea27409c043365046,5209
ADDED,SAT XYZ/JUNE ACTION PLAN FINAL 1.txt,,8233061136d70ed07ea6c5de107dedb805d7fff4,16193
ADDED,SAT XYZ/JUNE ACTION PLAN FINAL 2.txt,,9fcbc3f7a705bc92bfd00a646179b824bfac7146,9082
ADDED,SAT XYZ/PY-COIL ROTATION SCRIPT.txt,,8c9b6dba1de48585b19013fff6b0f63c6568b9ef,4178
ADDED,SAT XYZ/SAT CONNECTIONS.txt,,fc8bab5fd82bfc78d0c88991042d0fb955843b94,5357
ADDED,SAT XYZ/SAT FIRST LEG 2.txt,,9721b4b47d46c1715db6f491e63a2e61fe91740d,126603
ADDED,SAT XYZ/SAT Z ACTION PLAN EXTENSION.txt,,9084eb2c1334d0a3d58fd8fff3ad2528f4258650,3074
ADDED,SAT XYZ/SAT Z ACTION PLAN.txt,,a2d8c5a3029fe1bf33a776fce4130c6c01df24bc,66683
ADDED,SAT XYZ/SAT Z AXIOMS.txt,,f84650200da4230ed7994515e6a1bd5acc7574a8,11297
ADDED,SAT XYZ/SAT Z CORE.txt,,6308c9ca83c62c2c4ac5289ffbe7fa233da9ca3b,40087
ADDED,SAT XYZ/SAT Z FIRST LEG.txt,,da16439440037f3403f4421a64930f9b3decae20,281963
ADDED,SAT XYZ/SAT Z FIRST PRINCIPLES DERIVATIONS.txt,,126043d63992219102fa41651c02cb0b4368169a,735
ADDED,SAT XYZ/SAT Z INDEX.txt,,27e7303d2535941e6c772a9ec0abbd1dd32b2914,36189
ADDED,SAT XYZ/SAT Z PLAN.txt,,030fd8e04a391649c982ac0f9cc307d170b46d19,22588
ADDED,SAT XYZ/SAT Z QG -- SEANs TODO.txt,,7a67849146ce4763cbdfb0247586e2a711b902a2,2761
ADDED,SAT XYZ/SAT Z SECOND LEG.txt,,c013dad624fc3346f3264b9720a6332e13e61c94,102033
ADDED,SAT XYZ/SAT-QG.txt,,a6423279358da0e1caeda400223daa61945c0bf1,29465
ADDED,SAT XYZ/SAT-Y 4D.txt,,9806853dd09ca6b36bcfc530d8333bed53d956c5,34356
ADDED,SAT XYZ/SAT-Y CYCLETHROUGH+STUFF.txt,,f3be6895b536c5a3b063b87a3daf0ceb926d4904,4788
ADDED,SAT XYZ/SAT-Y FULL DONE LIST.txt,,9e50057447300bf7bb34e8db0e4f38c91ea9c4e6,9520
ADDED,SAT XYZ/SAT-Y FULL PRIORITIES.txt,,1b5fb0bd995abc7cfaff33dd3a20852bc2a98835,6072
ADDED,SAT XYZ/SAT-Y LEFTOVERS.txt,,396ef7895ac06739f6b1bb65706a9f5230438e86,79365
ADDED,SAT XYZ/SAT-Y Modes Buildout.txt,,65a3f427c45720bb3ae32078da5943b162a85e51,40166
ADDED,SAT XYZ/SAT-Y PRIORITIES.txt,,23922523d8895a492d79e5bad327b7da0c4c32a0,12937
ADDED,SAT XYZ/SAT-Y Theta+Helix Particle Properties.txt,,5d4fd35cd758f22d776367b87267092439ea016e,17802
ADDED,SAT XYZ/SAT-Y Theta+Helix Particles.txt,,73a342406601f722fd941c57abcf9c4566e39232,57031
ADDED,SAT XYZ/SAT-Y Theta4 Calcs.txt,,89437c22d682203c934acc4a5cf8c1c1c45eec18,21916
ADDED,SAT XYZ/SAT-Y ThetaProof.txt,,345addf036251c6008da61ff462c9c6bb8ce9914,119045
ADDED,SAT XYZ/SAT-Y Vizualizations.txt,,e98a551699b6e7ad6282f6a703b32aa2892a55d0,42850
ADDED,SAT XYZ/SAT-Y Vizualizations2.txt,,30685bbc66eeb4fea7a9ff7459356232712fd76a,28534
ADDED,SAT XYZ/SAT-Z PROGRESS.txt,,88426afbe4f1ae2cb8b765e420f45af22b8739ee,50995
ADDED,SAT XYZ/SAT_20_PLANNING_DISCUSSION_LOG.txt,,59d0080b8bc4967a361ba4a3a4431c9dc13a02e5,254431
ADDED,SAT XYZ/SAT_Z_Progress_Log.txt,,ec1c19c8f14f010286340b245b4963e9529ec2b4,17013
ADDED,SAT XYZ/SATxy CYCLETHROUGH1-4.txt,,12776b6b28196361bc344fbed04afb026c808555,64055
ADDED,SAT XYZ/SATy IfThen.txt,,7076d91a57d4bc8b0275433fa3dd2fa839e61782,37936
ADDED,SAT XYZ/SOLIDITY MASS ACCEL DEFORMATION.txt,,a5ee375ebed1adb4b377cc077ff3b217e7f0d0dd,18678
ADDED,SAT XYZ/STANDALONE CODES.txt,,26d66cabee4178ec8f8e2ed8214a3074688a90dc,147979
ADDED,SAT XYZ/STATIC SUN DEMO.txt,,fcfb809a414e02009185158e8816783add6ce075,26944
ADDED,SAT XYZ/WHITEPAPER APPROVED OUTLINE.txt,,f72f7194b09bd3e905ef517b27ddad2d74ca9e2b,5355
ADDED,SAT XYZ/WHITEPAPER_LATEX_MARKUP.txt,,565cf30eb41afee3cd6fff1eea092c18aabffb09,94151
ADDED,SAT XYZ/buggy.txt,,03b3e5093e052218f8c40803b218e052f7e00bc0,4503
ADDED,SAT Y/SAT-Y Hamiltonian+Quantum.txt,,d0486ba55cc49b33377a1c2e4c1ee788982c9856,53317
ADDED,SAT Y/SATx-y FULL LOG.txt,,fb73c9a14ce45d3381e99423b5fd3b820403d47f,761973
ADDED,SAT Y/SATx-y PRELIM TASKS.txt,,98ad361ab5bd2034f6fb114e8790e6307e7bc96a,1271
ADDED,SAT Y/SATxy CYCLETHROUGH2-4.txt,,943ffa9ec8a6342f6f8f67a562152cd6f1765069,68141
ADDED,SAT Y/SATxy CYCLETHROUGH3-4.txt,,2a3cc89123ba007b1c17a4af9ae611b30baaa77c,99946
ADDED,SAT Y/SATxy CYCLETHROUGH4-4.txt,,763e90935b5ce02bcd9945d33d475d542acd52b6,116496
ADDED,SAT Y/SATxy DOC INDEX.txt,,5467b7bb7d59303508a3de926281586653e0121c,1950
ADDED,SAT Y/SATxy MAYBE.txt,,6695bd46eb6425cb0b4001e23fb79367ed9ee998,1421
ADDED,SAT Y/SATxy RESTITCH.txt,,aaf596ab88f00f0db90aa59998c5b455d48658bb,3123
ADDED,SAT Z QG PYTHON/CRITIC_SUMMARY.txt,,17240d561d647ae8ab35f58ad95adf89468408dc,24743
ADDED,SAT Z QG PYTHON/THETA_4_PLOTTER.py.txt,,dfd77835acbdcd01c865c3f806aa836f6c695959,5757
ADDED,SAT Z QG PYTHON/Theta_4_plotter_helical.py.txt,,5c5f70f8b98e132a2c593b9a1dcfb2d1f705cbe0,2805
ADDED,SAT Z QG PYTHON/TvTheta_Plotter.py.txt,,e6062296552f0fbe2070862c804e700681bd79a4,2814
ADDED,SAT Z QG PYTHON/py-COIL ROTATION 2.txt,,8c9b6dba1de48585b19013fff6b0f63c6568b9ef,4178
ADDED,SAT Z QG PYTHON/py-COIL ROTATION.txt,,638c4c4519ee303d64e3ccfa59c9cea2409061c3,3202
ADDED,SAT Z QG/SAT XYZ/ACTION PLAN JUNE ADDENDUM.txt,,9315edd8a9ca102ee2d92b5d455795f6ae904b44,9723
ADDED,SAT Z QG/SAT XYZ/ACTION PLAN JUNE ADDENDUM2.txt,,3358f248497819095f8c5e757477f7ed4545199c,4574
ADDED,SAT Z QG/SAT XYZ/ACTION PLAN JUNE ADDENDUM3.txt,,91e1ce2ccf6dd7e9c208be9c2ac307b423d46b64,5700
ADDED,SAT Z QG/SAT XYZ/ACTION PLAN JUNE.txt,,6fef64428f2100a652a778c4422558b4dd10acb2,10110
ADDED,SAT Z QG/SAT XYZ/COMPLETED TASKS JUNE.txt,,38ceb0443a4952d10a0dc5e9ae020f2bdfd7e452,9211
ADDED,SAT Z QG/SAT XYZ/COMPLETED UPDATE JUNE 1.txt,,0fed7bce15200d1f932bb8cd5d7700cb3b7c5719,12662
ADDED,SAT Z QG/SAT XYZ/CORE_TEAM_TASK_DIRECTIVES.txt,,4ff3c5b8e542473dab7bb914785a795fb81bf10d,6664
ADDED,SAT Z QG/SAT XYZ/FULL_REVISION_PATHWAY.txt,,f31eca05bc28b3f5ae56e59d4eeb5344e1505695,15268
ADDED,SAT Z QG/SAT XYZ/JUNE ACTION PLAN  FINAL.txt,,1ddcf49be34d21b82faed06ea27409c043365046,5209
ADDED,SAT Z QG/SAT XYZ/JUNE ACTION PLAN FINAL 1.txt,,8233061136d70ed07ea6c5de107dedb805d7fff4,16193
ADDED,SAT Z QG/SAT XYZ/JUNE ACTION PLAN FINAL 2.txt,,9fcbc3f7a705bc92bfd00a646179b824bfac7146,9082
ADDED,SAT Z QG/SAT XYZ/PY-COIL ROTATION SCRIPT.txt,,8c9b6dba1de48585b19013fff6b0f63c6568b9ef,4178
ADDED,SAT Z QG/SAT XYZ/SAT CONNECTIONS.txt,,fc8bab5fd82bfc78d0c88991042d0fb955843b94,5357
ADDED,SAT Z QG/SAT XYZ/SAT FIRST LEG 2.txt,,9721b4b47d46c1715db6f491e63a2e61fe91740d,126603
ADDED,SAT Z QG/SAT XYZ/SAT Z ACTION PLAN EXTENSION.txt,,66480590c06db8aa5acdf15b76d2e0a1f9af2f6c,12656
ADDED,SAT Z QG/SAT XYZ/SAT Z ACTION PLAN.txt,,a2d8c5a3029fe1bf33a776fce4130c6c01df24bc,66683
ADDED,SAT Z QG/SAT XYZ/SAT Z AXIOMS.txt,,f84650200da4230ed7994515e6a1bd5acc7574a8,11297
ADDED,SAT Z QG/SAT XYZ/SAT Z CORE.txt,,6308c9ca83c62c2c4ac5289ffbe7fa233da9ca3b,40087
ADDED,SAT Z QG/SAT XYZ/SAT Z FIRST LEG.txt,,da16439440037f3403f4421a64930f9b3decae20,281963
ADDED,SAT Z QG/SAT XYZ/SAT Z FIRST PRINCIPLES DERIVATIONS.txt,,126043d63992219102fa41651c02cb0b4368169a,735
ADDED,SAT Z QG/SAT XYZ/SAT Z INDEX.txt,,27e7303d2535941e6c772a9ec0abbd1dd32b2914,36189
ADDED,SAT Z QG/SAT XYZ/SAT Z PLAN.txt,,030fd8e04a391649c982ac0f9cc307d170b46d19,22588
ADDED,SAT Z QG/SAT XYZ/SAT Z QG -- SEANs TODO.txt,,b623a90628d009785d8a119576819f67ccc14796,12943
ADDED,SAT Z QG/SAT XYZ/SAT Z SECOND LEG.txt,,c013dad624fc3346f3264b9720a6332e13e61c94,102033
ADDED,SAT Z QG/SAT XYZ/SAT-QG.txt,,a6423279358da0e1caeda400223daa61945c0bf1,29465
ADDED,SAT Z QG/SAT XYZ/SAT-Y 4D.txt,,9806853dd09ca6b36bcfc530d8333bed53d956c5,34356
ADDED,SAT Z QG/SAT XYZ/SAT-Y CYCLETHROUGH+STUFF.txt,,f3be6895b536c5a3b063b87a3daf0ceb926d4904,4788
ADDED,SAT Z QG/SAT XYZ/SAT-Y FULL DONE LIST.txt,,9e50057447300bf7bb34e8db0e4f38c91ea9c4e6,9520
ADDED,SAT Z QG/SAT XYZ/SAT-Y FULL PRIORITIES.txt,,1b5fb0bd995abc7cfaff33dd3a20852bc2a98835,6072
ADDED,SAT Z QG/SAT XYZ/SAT-Y LEFTOVERS.txt,,396ef7895ac06739f6b1bb65706a9f5230438e86,79365
ADDED,SAT Z QG/SAT XYZ/SAT-Y Modes Buildout.txt,,65a3f427c45720bb3ae32078da5943b162a85e51,40166
ADDED,SAT Z QG/SAT XYZ/SAT-Y PRIORITIES.txt,,23922523d8895a492d79e5bad327b7da0c4c32a0,12937
ADDED,SAT Z QG/SAT XYZ/SAT-Y Theta+Helix Particle Properties.txt,,5d4fd35cd758f22d776367b87267092439ea016e,17802
ADDED,SAT Z QG/SAT XYZ/SAT-Y Theta+Helix Particles.txt,,73a342406601f722fd941c57abcf9c4566e39232,57031
ADDED,SAT Z QG/SAT XYZ/SAT-Y Theta4 Calcs.txt,,89437c22d682203c934acc4a5cf8c1c1c45eec18,21916
ADDED,SAT Z QG/SAT XYZ/SAT-Y ThetaProof.txt,,345addf036251c6008da61ff462c9c6bb8ce9914,119045
ADDED,SAT Z QG/SAT XYZ/SAT-Y Vizualizations.txt,,e98a551699b6e7ad6282f6a703b32aa2892a55d0,42850
ADDED,SAT Z QG/SAT XYZ/SAT-Y Vizualizations2.txt,,30685bbc66eeb4fea7a9ff7459356232712fd76a,28534
ADDED,SAT Z QG/SAT XYZ/SAT-Z PROGRESS.txt,,88426afbe4f1ae2cb8b765e420f45af22b8739ee,50995
ADDED,SAT Z QG/SAT XYZ/SAT_20_PLANNING_DISCUSSION_LOG.txt,,59d0080b8bc4967a361ba4a3a4431c9dc13a02e5,254431
ADDED,SAT Z QG/SAT XYZ/SAT_Z_Progress_Log.txt,,ec1c19c8f14f010286340b245b4963e9529ec2b4,17013
ADDED,SAT Z QG/SAT XYZ/SATxy CYCLETHROUGH1-4.txt,,12776b6b28196361bc344fbed04afb026c808555,64055
ADDED,SAT Z QG/SAT XYZ/SATy IfThen.txt,,7076d91a57d4bc8b0275433fa3dd2fa839e61782,37936
ADDED,SAT Z QG/SAT XYZ/SOLIDITY MASS ACCEL DEFORMATION.txt,,a5ee375ebed1adb4b377cc077ff3b217e7f0d0dd,18678
ADDED,SAT Z QG/SAT XYZ/STANDALONE CODES.txt,,26d66cabee4178ec8f8e2ed8214a3074688a90dc,147979
ADDED,SAT Z QG/SAT XYZ/STATIC SUN DEMO.txt,,fcfb809a414e02009185158e8816783add6ce075,26944
ADDED,SAT Z QG/SAT XYZ/WHITEPAPER APPROVED OUTLINE.txt,,f72f7194b09bd3e905ef517b27ddad2d74ca9e2b,5355
ADDED,SAT Z QG/SAT XYZ/WHITEPAPER_LATEX_MARKUP.txt,,565cf30eb41afee3cd6fff1eea092c18aabffb09,94151
ADDED,SAT Z QG/SAT XYZ/buggy.txt,,03b3e5093e052218f8c40803b218e052f7e00bc0,4503
ADDED,SAT Z QG/SAT Z QG PYTHON/CRITIC_SUMMARY.txt,,17240d561d647ae8ab35f58ad95adf89468408dc,24743
ADDED,SAT Z QG/SAT Z QG PYTHON/THETA_4_PLOTTER.py.txt,,dfd77835acbdcd01c865c3f806aa836f6c695959,5757
ADDED,SAT Z QG/SAT Z QG PYTHON/Theta_4_plotter_helical.py.txt,,5c5f70f8b98e132a2c593b9a1dcfb2d1f705cbe0,2805
ADDED,SAT Z QG/SAT Z QG PYTHON/TvTheta_Plotter.py.txt,,e6062296552f0fbe2070862c804e700681bd79a4,2814
ADDED,SAT Z QG/SAT Z QG PYTHON/py-COIL ROTATION 2.txt,,8c9b6dba1de48585b19013fff6b0f63c6568b9ef,4178
ADDED,SAT Z QG/SAT Z QG PYTHON/py-COIL ROTATION.txt,,638c4c4519ee303d64e3ccfa59c9cea2409061c3,3202
ADDED,SAT Z/SECOND LEG 2 of 2 JUNE 1.txt,,4bec971fde0a35c700c1c12e8c5c7f1eff677a9b,169462
ADDED,SAT theory clarification — raw.json,,507a7000082415373ee98dbc95f18a991dff3c5a,2670795
ADDED,SAT to H(s)H TRANSITION.txt,,e81674de7dd79b04ecec414b94fe7611722025e9,1282636
ADDED,SAT-O Theory Work/MASTER THREAD README.txt,,96b8568ebf5514a886bea6bc25f0a062f4464ef2,3168
ADDED,SAT-O Theory Work/PIPELINE_DESIGN.txt,,95daf914e643734f4c451f9f24bb028a648ae35f,156808
ADDED,SAT-O Theory Work/SAT4D_Sections_Overview.txt,,facb65271154235d7f08de50ef3ef5fe5cfef7f6,57182
ADDED,SAT-O Theory Work/SATCoMast v2.txt,,884029daac3f82628e04014531b41437f5fa5cd8,6877
ADDED,SAT-O Theory Work/SATO.4D Coherence Project Instructions.txt,,a2709c7aa1ff70e32362afd759039afae2c46a58,1999
ADDED,SAT-O Theory Work/SAT_GLOSSARY_MODEL_INDEX_v9.txt,,9edcdcb02f61ad3e8b6739129fde59cd84b7de86,4597
ADDED,SAT-O Theory Work/SAT_O_Glossary_1.pdf,,9abc7cb292e18bf0463c72f67015db1ae8572e34,129701
ADDED,SAT-O Theory Work/SAT_PATH_FORWARD.txt,,870c3601b358ee249e62244a93056eb5ce2407fb,40120
ADDED,SAT-O Theory Work/SAT_PHASE_VIII_GAUGE_BUILDOUT.txt,,beda29495fa4949906a6a6b0f408c3a0dd117e58,3518
ADDED,SAT-O Theory Work/SAT_TRANSLATION_COMPENDIUM.txt,,3f2c20e2710aef8963084e81c17831943389dce0,735
ADDED,SAT-O Theory Work/SHEEN.txt,,b89447046c6207c37900ff4444ef34aca4009bc0,119471
ADDED,SAT-O Theory Work/SHEPARD_AUDIT_PACKAGE.txt,,c527b044be7f6c7451f4a1a1a53b3ef1c29140bd,6441
ADDED,SAT-O Theory Work/Self-Guided Action Plan.txt,,f2a2540da5bb399ed4218d65a65e3b983dc00d01,3790
ADDED,SAT-O Theory Work/WhatIsTime.txt,,eb8a193f9f7b0482b47ef22b02021ca9da89f483,2718
ADDED,SAT-O Theory Work/YOU ARE NOT.txt,,4f32743837a8d6ea1452e9473c8b917e063fd647,6394
ADDED,SAT-O Theory Work/pre-mathproofBAK.txt,,843efca87b817ed75a03278225aca5cc615cdc7a,12145
ADDED,SAT-O Theory Work/sat_intro_latex.txt,,6708de747231b45471e0702b5f23e79e89566784,3616
ADDED,SAT-O Theory Work/sat_scientist_intro_tex.txt,,857d716b9ce85b3247977003fdf88e16c5f01e1d,2856
ADDED,SAT-TO-STANDARD 1.txt,,ada55e043720e6e815b944ead43f14acfbec1bc5,21800
ADDED,SAT-TO-STANDARD 2.txt,,f32cca74bbb174bb95319d92d354abb6f368e373,204920
ADDED,SAT.4DHH.UC.pdf,,1be1a5f1518e9b6b3d41b85ea5222b8efb114c52,694871
ADDED,SAT20 PROJECT OVERVIEW.png,,e6fe71034ba4dd1211d5f173dc60710f66ed893b,8771998
ADDED,SAT2026 FIRST BLUSH.txt,,f75a71e87202e3ef0d0bd18e766cc564692b86cf,54198
ADDED,SATOBLOC 2.pdf,,f1b0a2c934f8a209a78acd47912d447b1038d073,151120
ADDED,SATOBLOC MISC/CRITIC CRITIQUE.txt,,aac327fdcf3013725b1fa97eda35f01d30c9a45f,32616
ADDED,SATOBLOC MISC/NATHAN VOICE MODEL.txt,,5e77682d57c4e74ed54468b557c7e7e0ff4f27e9,100004
ADDED,SATOBLOC MISC/NEOSAT 2025.txt,,e985d599fffdff05fc859be98c6cdb827ed211a0,124106
ADDED,SATOBLOC MISC/NOTE TO CLAUDE.txt,,b375c5296f108624fbb0a755987ac16f84593fb5,343
ADDED,SATOBLOC MISC/NotebookLM Mind Map.png,,e9064884a838040e444e3b17de474d587b8d5e61,2725053
ADDED,SATOBLOC MISC/PODCAST SCRIPTS.txt,,aa97f57b539b0bc3ebfb1c69e0a54f3295810136,5710
ADDED,SATOBLOC MISC/RATBALL.txt,,0f437847253b7c9d77b8bfa453ea4bf9e56cfceb,12359
ADDED,SATOBLOC MISC/REFERENCE -- CONSTANTS.txt,,8aabd0e22d1eac375079b8e851103188cbf9d197,42463
ADDED,SATOBLOC MISC/REUILIGIG.txt,,6d3de4693f0fc3e8fcd2586b07818718189bb56f,1479
ADDED,SATOBLOC MISC/SAT 2026 HARD METHOD.txt,,a8d8acd5578f7a73d466a9f89c43c51d6687fe6e,3877
ADDED,SATOBLOC MISC/SAT 4D PLAN OF ACTION.txt,,bdbfcccdd52c2e8919fde406b212cead469ddecd,6166
ADDED,SATOBLOC MISC/SAT O MODULES -- ALL MODULES LaTeX MARKUP.txt,,f351fdb9518c9f98aa8b0f5f3485ec3e9c39d6fb,23419
ADDED,SATOBLOC MISC/SAT O1 4D.txt,,7577aa1ee5a6c3850ce3b226c75377de6367aedc,3521
ADDED,SATOBLOC MISC/SAT O3 4D.txt,,589219f60a8102cf7b07791b94fcdcd119e9bb8c,3539
ADDED,SATOBLOC MISC/SAT O4 4D.txt,,32462848d9927619624928df3a1df35feb0f126d,3093
ADDED,SATOBLOC MISC/SAT REDISCOVERY.txt,,e7384f09394c7e477ef9db13c550163edfd52708,137476
ADDED,SATOBLOC MISC/SAT SUPERHELICALISM[BATTERY EXP].txt,,1a50bc22075cdef4b7d3e4ef58da6a0b87650011,20959
ADDED,SATOBLOC MISC/SAT WOLFRAM FIRST TRIES.txt,,bcbe4ffaad7aa0780ec42bf30763be52015f45a9,266618
ADDED,SATOBLOC MISC/SAT4D_LIVE_DRAFT.txt,,2a79fe25018cce7e99a2c33786d88b0551db6ae7,114915
ADDED,SATOBLOC MISC/SAT4D_MATHEMATICAL_BACKBONE.txt,,6e387df84ef93d8308795020f4cb4fa286a41feb,15873
ADDED,SATOBLOC MISC/SAT4D_clean_draft.txt,,a7b59de14c100dfaf13c4b0a13e46baf3285d8a6,86220
ADDED,SATOBLOC MISC/SATOBLOCK-CLOSURES.txt,,a2fdb332dd569c19c279c45c38714554d5b8e4d3,47222
ADDED,SATOBLOC MISC/SATOBLOCK-FIRSTBUILD.txt,,ef732d8efb56daebb33f3c7630eaae80cf1e6e0c,494279
ADDED,SATOBLOC MISC/SATOBLOCK_CONCEPT_DEVELOPMENT.txt,,4cb18dabbe1f0c42c76a7b9124075a61a434905e,140520
ADDED,SATOBLOC MISC/SATOBLOCK_FOUNDATIONS.txt,,8eaf1764f0afb72110463cee6e21b5d61dfd4f25,507875
ADDED,SATOBLOC MISC/SATOBLOCK_LIVE_DEV.txt,,8dd6064b1e59c89b2e6596382cf3293904e8418e,294598
ADDED,SATOBLOC MISC/SATOBLOCK_inputs.txt,,ee08d8a6f5f187847914442f5971c7e2ed8cecd7,25844
ADDED,SATOBLOC MISC/SATOBLOCK_massbuild.txt,,336cf9185de5b40b6547c8d6d7a6fcbe680a89a8,10015
ADDED,SATOBLOC MISC/SAT_FULL_FILE_INDEX.txt,,4accca1e0473577d6556715c5bfb9fce78e8ca4d,189143
ADDED,SATOBLOC MISC/SAT_HISTORY_AND_VERSIONING.txt,,060b5432728e1f706ed2626686e2a4c7580a5331,36306
ADDED,SATOBLOC MISC/SAT_HISTORY_ROUNDUP.txt,,187d307853c070bb767ff034a89c7dd6fcc96df5,210244
ADDED,SATOBLOC MISC/SAT_colinears_draft.txt,,3df65678ac977bc9960f724b632e7a8a5dc684d8,16270
ADDED,SATOBLOC MISC/helix_geometry_calculator.csv,,47cf52e035dc5f13b75bc118ad41f9eecdc9cf5e,236
ADDED,SATOBLOC MISC/powershell_script.txt,,3872075f95740564c97eec704373fd37e65925aa,374
ADDED,SATOBLOC MISC/sato_1.py,,8848c36c53f12be306f38b2fa0456a540182a2f4,2856
ADDED,SATOBLOC MISC/satoblock_assessments.txt,,04d38bf8697b1563321b14598601b63e98b32046,3140
ADDED,SATOBLOC.pdf,,dc5ec14e9767d9a31456977c93b894ed791767c5,151120
ADDED,SATOBLOC/4D THINKING PRIMER.txt,,135bdf4bfc274de1388e5fe3c979e9810919b5d3,4309
ADDED,SATOBLOC/APPENDICES_FRAME.pdf,,fe1b836589f23ec7b553a417aed6362742d43e1e,102149
ADDED,SATOBLOC/BOSONIC SATOBLOCSTRING.txt,,4ce09ea76d79b7ab1917b53751c10f935d05fe1d,399308
ADDED,SATOBLOC/Bellomy_Supplementary_Appendices.pdf,,81b3e88fa547090558b3ba8a1210a71880b6562f,109998
ADDED,SATOBLOC/C5.txt,,059d63b02d0e6d939c0b0c4ed112a37bc0e81804,71726
ADDED,SATOBLOC/CGPT memory.txt,,571b6b61238fa2c28af700fb2c951a895e00118f,5375
ADDED,SATOBLOC/CLOSURE2.pdf,,40840a650964965fd8425763379ebb7bebb29e7d,239497
ADDED,SATOBLOC/COVARIANT PHYSICS REWRITE INSTRUCTIONS.txt,,33bfcbb57eba1381125f97a6898798e227168caa,4386
ADDED,SATOBLOC/Closure.pdf,,c8c1b49133ce3ccb8a61cae32da542fc4f42bb15,264217
ADDED,SATOBLOC/First_Paper_Draft.pdf,,284c0f21d812217751cb02004dbebe72a62a745a,162251
ADDED,SATOBLOC/MAKING FRIENDS WITH NOTEBOOKLM.txt,,160d20c6f7026d43ca851589c9f8a76054d572dc,260732
ADDED,SATOBLOC/NOVEL PREDICTOINS.txt,,89e1b60862da7a5d2e2fcc41d133e93933b3295d,68477
ADDED,SATOBLOC/PREDICTIONS/ANONYM RETRO 2 EXPECTED OUTCOMES.txt,,7ecaf0a5a91582b337b99eaecafde86079d26fd9,828
ADDED,SATOBLOC/PREDICTIONS/ANONYM RETRO 2.txt,,130bef83ebe947fe605dd29f9eef2ab98ad9960d,8052
ADDED,SATOBLOC/PREDICTIONS/ANONYMIZED RETRODICTION EXPECTED OUTCOMES.txt,,1364a7884bce4edd1eb4ee08345199ba0d87a077,857
ADDED,SATOBLOC/PREDICTIONS/ANONYMIZED RETRODICTIONS.txt,,72664637d3f0f334da180756d080a180e6ccbbb1,5101
ADDED,SATOBLOC/PREDICTIONS/CLOCK SHIFT PREDICTION PROTOCOL.txt,,142b7bcc3420bc25f2147ecebe90ef5b67c0d0dc,20454
ADDED,SATOBLOC/PREDICTIONS/DOMAIN WALL PREDICTION.txt,,c0764b368398c752921b39cb2a1be691be4a2347,15548
ADDED,SATOBLOC/PREDICTIONS/RETRODICTIONS 1.txt,,396e1ebfc1a422e17ce695b96cdc402575c71e11,9462
ADDED,SATOBLOC/PREDICTIONS/SAT PREDICTIONS JUNE 1 2025.txt,,de6f10bc44120855a29b16621b2f5cbdba977cf9,1223
ADDED,SATOBLOC/PREDICTIONS/SAT-PREDICTION-PROTOCOL NONONYMIZED.txt,,37170c6223a3af19c3d65740f0ebe29d9e827f3e,10016
ADDED,SATOBLOC/PREDICTIONS/SAT-Y Predictions.txt,,e9a5fa67d23a34dc6f577287f9fe89b03e2cd23e,11578
ADDED,SATOBLOC/REF - Constants.txt,,63cd7f2e4302cbf135d597e9c94af4742ac21ed4,44441
ADDED,SATOBLOC/REFERENCE -- CONSTANTS.txt,,8aabd0e22d1eac375079b8e851103188cbf9d197,42463
ADDED,SATOBLOC/REFERENCE DOCS/lean_dojo_Handbook.txt,,9a12d1d936bb6fed71aac061f278d041f8d0e483,146187
ADDED,SATOBLOC/REFERENCE DOCS/lean_test.py,,2e5357bb75baa1a4eae527f74ec9ca5312c91985,703
ADDED,SATOBLOC/REFERENCE DOCS/mathlib4_install.py,,f71378ea251bfaae949738d0f10d943018e85cdd,175
ADDED,SATOBLOC/SAT 4D PLAN OF ACTION.txt,,bdbfcccdd52c2e8919fde406b212cead469ddecd,6166
ADDED,SATOBLOC/SAT GRADECARD.txt,,8d41628e45a1a031406cc0940449e66fa2d589e8,584016
ADDED,SATOBLOC/SAT HISTORY.txt,,c586ca2f69e2f843b25ae70c5f33914aae724256,1373570
ADDED,SATOBLOC/SAT O MODULES -- ALL MODULES LaTeX MARKUP.txt,,f351fdb9518c9f98aa8b0f5f3485ec3e9c39d6fb,23419
ADDED,SATOBLOC/SAT O1 4D.txt,,7577aa1ee5a6c3850ce3b226c75377de6367aedc,3521
ADDED,SATOBLOC/SAT O3 4D.txt,,589219f60a8102cf7b07791b94fcdcd119e9bb8c,3539
ADDED,SATOBLOC/SAT O4 4D.txt,,32462848d9927619624928df3a1df35feb0f126d,3093
ADDED,SATOBLOC/SAT PREHISTORY - 2024.txt,,94ec5f8dde5ea63dc28faa79611a2d11f49e55ab,1115630
ADDED,SATOBLOC/SAT-ST Module Dev Plan.txt,,4b0a64ad29cf09d684e3ec3c017f3a22b59d0ef4,5360
ADDED,SATOBLOC/SAT4D_LIVE_DRAFT.txt,,2a79fe25018cce7e99a2c33786d88b0551db6ae7,114915
ADDED,SATOBLOC/SAT4D_MATHEMATICAL_BACKBONE.txt,,6e387df84ef93d8308795020f4cb4fa286a41feb,15873
ADDED,SATOBLOC/SAT4D_clean_draft.txt,,a7b59de14c100dfaf13c4b0a13e46baf3285d8a6,86220
ADDED,SATOBLOC/SATO-BLOCK CORE.txt,,e69de29bb2d1d6434b8b29ae775ad8c2e48c5391,0
ADDED,SATOBLOC/SATO-BLOCK Hamiltonian and Hilbert Space.txt,,13b6da983ea8dcad5509b1c6941b8855a2653677,9730
ADDED,SATOBLOC/SATO-BLOCK-INT.txt,,2cd00dec3a8464dc303fe96f14ae71d7fcf8f31e,171163
ADDED,SATOBLOC/SATO-DESCRIPTIVE.txt,,72894e622f419aa97d43911e3337e4c84448b3c8,43285
ADDED,SATOBLOC/SATOBLOC (1).pdf,,284c0f21d812217751cb02004dbebe72a62a745a,162251
ADDED,SATOBLOC/SATOBLOC (2).pdf,,c30fcabe808f5fde2f74ff25f26dad9cff5a10c7,70484
ADDED,SATOBLOC/SATOBLOC Unification.pdf,,df33baffb5f3029f1d5a649a4289540f2e905ca3,274713
ADDED,SATOBLOC/SATOBLOC Unification2.pdf,,abd468c638c62cb5f6d18e5be05056c74576e894,299392
ADDED,SATOBLOC/SATOBLOC-2.pdf,,8d7bf65aa8782c697e7a9002063b2ccaa7073fbc,214438
ADDED,SATOBLOC/SATOBLOC-4.pdf,,bb7ee7614d4e22b06dcf17717e69d95138b1c363,162251
ADDED,SATOBLOC/SATOBLOC-CALIBRATED.txt,,2d9a1e5496b719253c5e0da3325be62661c6c119,15514
ADDED,SATOBLOC/SATOBLOC.pdf,,21b24ec6e348176c3c8c20e0b96e9f43238b00d3,199098
ADDED,SATOBLOC/SATOBLOCK Full Theory & Predictions.txt,,3893ef0acf9009b01c58c736ec97b8df2ba74943,204044
ADDED,SATOBLOC/SATOBLOCK HISTORY AND EVOLUTION.txt,,602dd45ea8e8849c08c27238beb213fbaf34f12f,39983
ADDED,SATOBLOC/SATOBLOCK PLAN.txt,,b860c88d2894feb1c321c1df47291ba9f1a51b20,382716
ADDED,SATOBLOC/SATOBLOCK-CLOSURES.txt,,a2fdb332dd569c19c279c45c38714554d5b8e4d3,47222
ADDED,SATOBLOC/SATOBLOCK-FIRSTBUILD.txt,,ef732d8efb56daebb33f3c7630eaae80cf1e6e0c,494279
ADDED,SATOBLOC/SATOBLOCK-LIVE.txt,,1642375cf78647b9f35f1681d0bccb90685b2a48,294417
ADDED,SATOBLOC/SATOBLOCK_CONCEPT_DEVELOPMENT.txt,,4cb18dabbe1f0c42c76a7b9124075a61a434905e,140520
ADDED,SATOBLOC/SATOBLOCK_FOUNDATIONS.txt,,8eaf1764f0afb72110463cee6e21b5d61dfd4f25,507875
ADDED,SATOBLOC/SATOBLOCK_LIVE_DEV.txt,,8dd6064b1e59c89b2e6596382cf3293904e8418e,294598
ADDED,SATOBLOC/SATOBLOCK_inputs.txt,,ee08d8a6f5f187847914442f5971c7e2ed8cecd7,25844
ADDED,SATOBLOC/SATOBLOCK_lumped/BOSONIC TIME AND TWO GRAVITIES.txt,,bbc868efd38c38ba4710f82da1246f60d053aaa2,78572
ADDED,SATOBLOC/SATOBLOCK_lumped/SATO -- BRUMAIRE.txt,,6ca4d8264463cc1b491c7f5dabf529a30c3647f7,395960
ADDED,SATOBLOC/SATOBLOCK_lumped/SATOBLOCK DEBUT.txt,,7964920deb50b5d7537ebb58cf27125e7c8e3e9d,149251
ADDED,SATOBLOC/SATOBLOCK_lumped/SATOBLOCK--Bloc1.txt,,ab624970be1fffc96c6e374ddfeece7e1d15bbcb,1082485
ADDED,SATOBLOC/SATOBLOCK_lumped/SATOBLOCK-Bloc3.txt,,4d623bde7f95f8a292b4c33fa19336bc15bc6f01,435122
ADDED,SATOBLOC/SATOBLOCK_lumped/SATOBLOCK-Bloc4.txt,,24140203ddfcdd627efb16f3fc19283da948ba43,577761
ADDED,SATOBLOC/SATOBLOCK_lumped/SATOBLOCK-Bloc5.txt,,594b70c0a644e990fe6bffccf36b34423845b538,1073003
ADDED,SATOBLOC/SATOBLOCK_lumped/SAT_INDEX.txt,,b9b192cd4778231d438a528d06eae0aad186dd57,12897
ADDED,SATOBLOC/SATOBLOCK_lumped/SAT_Versioning.txt,,5be19c69f6b3abc2d86831eb89b5821b358a1ca2,8918
ADDED,SATOBLOC/SATOBLOCK_lumped/WINE GLASSES.txt,,29e2eb8d7092ccf1f6b5a8260c11dd8cbb5e99bc,7362
ADDED,SATOBLOC/SATOBLOCK_massbuild.txt,,336cf9185de5b40b6547c8d6d7a6fcbe680a89a8,10015
ADDED,SATOBLOC/SAT_colinears_draft.txt,,3df65678ac977bc9960f724b632e7a8a5dc684d8,16270
ADDED,SATOBLOC/SKETCH_GUITAR_STRING_MODEL.txt,,485879380073fcfc5710310fe312915cbb3ca074,2740
ADDED,SATOBLOC/STRING_THEORY INTEGRATOIN.txt,,bd0253ed1c2733b10a21996c303c5f8474b0bed8,6336
ADDED,SATOBLOC/ST_MASSLESS_PARTICLE_REINTERPRETATION.txt,,624cce55563f79ca43ecb645989f0b37d0730070,1452
ADDED,SATOBLOC/ST_MESON_REINTERPRETATION.txt,,8ab92134218aac2bca806166bf758eda56d3c945,2424
ADDED,SATOBLOC/ST_QUARK_REINTERPRETATION.txt,,20bf52ad30d86375fc5748bbe23ea1e72059958b,2515
ADDED,SATOBLOC/VERBAL SatoBlockString_Bosonic.txt,,cec19b9da931913d050dbedfe8c76dd0a497fa9a,42011
ADDED,SATOBLOC/leantest.txt,,bb3093e67f807ff236330aa4782653aebf768a7a,5238
ADDED,SATOBLOC/satoblock_assessments.txt,,04d38bf8697b1563321b14598601b63e98b32046,3140
ADDED,SATOBLOCK-CLOSURES.txt,,a2fdb332dd569c19c279c45c38714554d5b8e4d3,47222
ADDED,SATOBLOCK_lumped/BOSONIC TIME AND TWO GRAVITIES.txt,,bbc868efd38c38ba4710f82da1246f60d053aaa2,78572
ADDED,SATOBLOCK_lumped/SATO -- BRUMAIRE.txt,,6ca4d8264463cc1b491c7f5dabf529a30c3647f7,395960
ADDED,SATOBLOCK_lumped/SATOBLOCK DEBUT.txt,,7964920deb50b5d7537ebb58cf27125e7c8e3e9d,149251
ADDED,SATOBLOCK_lumped/SATOBLOCK--Bloc1.txt,,ab624970be1fffc96c6e374ddfeece7e1d15bbcb,1082485
ADDED,SATOBLOCK_lumped/SATOBLOCK-Bloc3.txt,,4d623bde7f95f8a292b4c33fa19336bc15bc6f01,435122
ADDED,SATOBLOCK_lumped/SATOBLOCK-Bloc4.txt,,24140203ddfcdd627efb16f3fc19283da948ba43,577761
ADDED,SATOBLOCK_lumped/SATOBLOCK-Bloc5.txt,,594b70c0a644e990fe6bffccf36b34423845b538,1073003
ADDED,SATOBLOCK_lumped/SAT_INDEX.txt,,b9b192cd4778231d438a528d06eae0aad186dd57,12897
ADDED,SATOBLOCK_lumped/SAT_Versioning.txt,,29ea17bf9912889197d04359d26208af68e06a78,53192
ADDED,SATOBLOCK_lumped/WINE GLASSES.txt,,29e2eb8d7092ccf1f6b5a8260c11dd8cbb5e99bc,7362
ADDED,SATOBLOC_pre_lean.pdf,,c4aede32044719cdf5dd4f833bd3de909d5e03ef,143608
ADDED,SAT_2026.pdf,,aa7cd0dd9e0c17a29a6169340c20e62ad158eccf,198264
ADDED,SAT_4DHH_UC.pdf,,41db068fb111ed58512163a4f9b46642992b55a1,127945
ADDED,SAT_4D_LEGACY_REFERENCE.pdf,,a58571cb4b22ce5eccbc0d9ef58f045d28758029,459067
ADDED,SAT_4D_LIVE_DRAFT-10Jul2025 - Copy.pdf,,e12c825ffbf9780e82055a96cbbc53ac35466526,472047
ADDED,SAT_CLEAN.pdf,,3a093a95c6783b64b986b7966a5dffab6a6d5628,243930
ADDED,SAT_CONCEPTS__May2026.txt,,47660297bec8e95c1d2e3e9a727cec63793d14b5,5110
ADDED,SAT_DATA_FITS.pdf,,1aa0f17b0e273d347dbcef0a0e32d596a6054498,175833
ADDED,SAT_Errata_and_Wordcount_Overview.pdf,,fc93a83b40613e0bf4231a2d3d5240d5288b1626,572404
ADDED,SAT_Framework_Final_Report_Cleaned.pdf,,dc15798a154cc1818a61d84b9452e2f2ede8ce76,3240
ADDED,SAT_Framework_Report_Plain.pdf,,3f8c310b9583e50b667793c04e8ddcb9637e21f8,1974
ADDED,SAT_GLOSSARY_MODEL_INDEX_v9.txt,,9edcdcb02f61ad3e8b6739129fde59cd84b7de86,4597
ADDED,SAT_H(s)H Skill Development — raw - .TXT,,27823a532a2f33d7c30c88efa6a5e1e819bfb3b9,491118
ADDED,SAT_H(s)H Skill Development — raw.json,,27823a532a2f33d7c30c88efa6a5e1e819bfb3b9,491118
ADDED,SAT_HISTORY_ROUNDUP.txt,,187d307853c070bb767ff034a89c7dd6fcc96df5,210244
ADDED,SAT_HSH_SYNTHESIS_STATE - Copy.txt,,a39106a1231555dbfd5091e488f5d4b771f4da48,12229
ADDED,SAT_HSH_SYNTHESIS_STATE.md,,a39106a1231555dbfd5091e488f5d4b771f4da48,12229
ADDED,SAT_LAB1_Composite_Binding_Simulation_Report.pdf,,b58679ab72eee1c98ef04dc4e8143784a2df4015,59191
ADDED,SAT_LAB1_Energy_Tau_Results.pdf,,253efe7c94a87bb579aab45ed432197abbf970ba,28149
ADDED,SAT_LAB1_Full_Annealing_Radial_Kink_Report.pdf,,bfede5a3463decf2f555732ef7dc3b483d1dea7c,59136
ADDED,SAT_LAB1_Full_Annealing_Radial_Kink_Report_REGEN.pdf,,ac32650e01088b2a9e875a933c7cabdafc2a11a5,57848
ADDED,SAT_LAB1_Radial_Fringe_Falsifiability_Report.pdf,,7ee2c5b38ba31f779dece8441600b952d35ae081,35233
ADDED,SAT_LOCALARCHIVE [OLD]/DOMAIN_WALL_REINTERPRETATION.txt,,dcbf59b35000728fe0ed7e8ff995ba6b0bedb813,71195
ADDED,SAT_LOCALARCHIVE [OLD]/FileIndex.csv,,9662bd7485504b00dfa71fd2dd88e7c11d32dd4d,1507
ADDED,SAT_LOCALARCHIVE [OLD]/HoloJesu Fleshlight.txt,,afa778c23eb439caf707b618ec0e59304d321c0b,209802
ADDED,SAT_LOCALARCHIVE [OLD]/SAT FIRST LEG 3 of 3.txt,,5b22282021e2d596afdac8d099a27f48ccf40b2f,234952
ADDED,SAT_LOCALARCHIVE [OLD]/SAT RETRODICTED DATA JUNE 1 2025.txt,,1bcb07ef57edca596563cc85115cec0ca1743d10,30338
ADDED,SAT_LOCALARCHIVE [OLD]/SAT-Y Hamiltonian+Quantum.txt,,3ee8934ba61b0b80f2848112bd9f6952814ffdf3,53352
ADDED,SAT_LOCALARCHIVE [OLD]/SAT_NOT_MYSTICISM.txt,,32227920da7ec1d08ef04c8ab3ba8a9a790108fb,100159
ADDED,SAT_LOCALARCHIVE [OLD]/SAT_REVAMP.txt,,d64e5141bf95aa19bf628057e8ad7657dee59023,995543
ADDED,SAT_LOCALARCHIVE [OLD]/SATiii REWORK MARK III.txt,,770784b1c9ff6bd4c7c83801985d59a41447a83b,777367
ADDED,SAT_LOCALARCHIVE [OLD]/SATv EXPLORATIONS.txt,,66166a4b1b029d0dbfcb9a8e320137a0beac051e,1056115
ADDED,SAT_LOCALARCHIVE [OLD]/SATx-y FULL LOG.txt,,541d79ba38e19424a8768a83f1513a0cf1f99aec,764091
ADDED,SAT_LOCALARCHIVE [OLD]/SATxy CYCLETHROUGH2-4.txt,,d75c9f5849f1eb354995543119715c578d10db00,68225
ADDED,SAT_LOCALARCHIVE [OLD]/SATxy CYCLETHROUGH3-4.txt,,1de76d7b9ad8e8417d63e179d78ffeffccc89936,100079
ADDED,SAT_LOCALARCHIVE [OLD]/SATxy CYCLETHROUGH4-4.txt,,4456c06891c93522d67029a9ec0810dd0350b00f,116685
ADDED,SAT_LOCALARCHIVE [OLD]/desktop.ini,,f3c323e44ed36b501d4584ee5b6bdfd3644c7a0b,588
ADDED,SAT_Lab1_Visuals_Compiled.pdf,,dffe1b346bc2e29a88428198b445ac83371b8ca8,599125
ADDED,SAT_Lab1_Visuals_Landscape.pdf,,4eca354094fa1a0efd179a3f35201bc9dedaad43,599122
ADDED,SAT_Lab1_Visuals_Landscape_Scaled_Fit.pdf,,58002369bd5fbee2b46168b0027a3a888da220bc,599130
ADDED,SAT_NOT_MYSTICISM.txt,,32227920da7ec1d08ef04c8ab3ba8a9a790108fb,100159
ADDED,SAT_O REWRITE/4D COVARIANCE+SATO.txt,,f5e20279410987e72d44f2f5c5fdad238bbaa8a8,4615
ADDED,SAT_O REWRITE/4D_Covariant_Import_Guidelines.txt,,d31f22e5e1431452ba91cdea32dd20d6f8da4ee3,1556
ADDED,SAT_O REWRITE/4D_Covariant_Integration_Instructions.txt,,9ec79ddcb9575dec59c61c4857e84778e503f62d,1707
ADDED,SAT_O REWRITE/4D_THEORIZING.txt,,3139f49f360fed5077d5e57c251244324beffe2a,174307
ADDED,SAT_O REWRITE/4D_THINKING.txt,,9b55304202fa8623e08db90f0b2c7220aa9b70c4,254035
ADDED,SAT_O REWRITE/4D_THINKING_full.txt,,9b55304202fa8623e08db90f0b2c7220aa9b70c4,254035
ADDED,SAT_O REWRITE/Module_O7_Audit_Report.txt,,c670d5c051daa654048187d1fc74e33806281625,5140
ADDED,SAT_O REWRITE/Module_O7_Audit_Report_Full.txt,,c670d5c051daa654048187d1fc74e33806281625,5140
ADDED,SAT_O REWRITE/O5_Audit_Report_and_Checklist.txt,,56c5d2b5964555122fedb50dc65bdfc580e75259,7571
ADDED,SAT_O REWRITE/O7_Audit_Instructions_and_Module.txt,,7a9a7ebd80c72adadc6b228640b675c10deea147,6832
ADDED,SAT_O REWRITE/SAT 4D/4D THINKING PRIMER.txt,,135bdf4bfc274de1388e5fe3c979e9810919b5d3,4309
ADDED,SAT_O REWRITE/SAT 4D/BORROMEAN_LINK_ILLUSTRATION.txt,,a13a7995113e647a0fdcf50e10c526bc60edf709,2040
ADDED,SAT_O REWRITE/SAT 4D/C5.txt,,059d63b02d0e6d939c0b0c4ed112a37bc0e81804,71726
ADDED,SAT_O REWRITE/SAT 4D/COVARIANT PHYSICS REWRITE INSTRUCTIONS.txt,,33bfcbb57eba1381125f97a6898798e227168caa,4386
ADDED,SAT_O REWRITE/SAT 4D/HOPF_LINK_ILLUSTRATION.txt,,9ba60eecab65b0f2c89834cc28f4783280eb4bba,1872
ADDED,SAT_O REWRITE/SAT 4D/SAT 4D PLAN OF ACTION.txt,,bdbfcccdd52c2e8919fde406b212cead469ddecd,6166
ADDED,SAT_O REWRITE/SAT 4D/SAT CoMast Operatonal Instructions.txt,,ee0852edf961ac78e661727ac8d417337adfb557,7019
ADDED,SAT_O REWRITE/SAT 4D/SAT O MODULES -- ALL MODULES LaTeX MARKUP.txt,,f351fdb9518c9f98aa8b0f5f3485ec3e9c39d6fb,23419
ADDED,SAT_O REWRITE/SAT 4D/SAT O1 4D.txt,,7577aa1ee5a6c3850ce3b226c75377de6367aedc,3521
ADDED,SAT_O REWRITE/SAT 4D/SAT O3 4D.txt,,589219f60a8102cf7b07791b94fcdcd119e9bb8c,3539
ADDED,SAT_O REWRITE/SAT 4D/SAT O4 4D.txt,,32462848d9927619624928df3a1df35feb0f126d,3093
ADDED,SAT_O REWRITE/SAT 4D/SAT-ST Module Dev Plan.txt,,4b0a64ad29cf09d684e3ec3c017f3a22b59d0ef4,5360
ADDED,SAT_O REWRITE/SAT 4D/SAT4D_LIVE_DRAFT.txt,,2a79fe25018cce7e99a2c33786d88b0551db6ae7,114915
ADDED,SAT_O REWRITE/SAT 4D/SAT4D_MATHEMATICAL_BACKBONE.txt,,6e387df84ef93d8308795020f4cb4fa286a41feb,15873
ADDED,SAT_O REWRITE/SAT 4D/SAT4D_clean_draft.txt,,a7b59de14c100dfaf13c4b0a13e46baf3285d8a6,86220
ADDED,SAT_O REWRITE/SAT 4D/SAT_colinears_draft.txt,,3df65678ac977bc9960f724b632e7a8a5dc684d8,16270
ADDED,SAT_O REWRITE/SAT 4D/SKETCH_GUITAR_STRING_MODEL.txt,,485879380073fcfc5710310fe312915cbb3ca074,2740
ADDED,SAT_O REWRITE/SAT 4D/ST_MASSLESS_PARTICLE_REINTERPRETATION.txt,,624cce55563f79ca43ecb645989f0b37d0730070,1452
ADDED,SAT_O REWRITE/SAT 4D/ST_MESON_REINTERPRETATION.txt,,8ab92134218aac2bca806166bf758eda56d3c945,2424
ADDED,SAT_O REWRITE/SAT 4D/ST_QUARK_REINTERPRETATION.txt,,20bf52ad30d86375fc5748bbe23ea1e72059958b,2515
ADDED,SAT_O REWRITE/SAT 4D/SecAn (Section Analyst) Spec Template.txt,,be0dc4872e2fa9b348c95987b068b565d4e5cf9b,3391
ADDED,SAT_O REWRITE/SAT 4D/SpecAn Instruction-Writing Guidelines (For CoMast).txt,,51101ada8cfb475e9db7da2995b332e0d0c878f2,1225
ADDED,SAT_O REWRITE/SAT 4D/VERSIONING PRONUNCIATION.txt,,f7f74113941146eb6b385af4bef9271ca9071571,1104
ADDED,SAT_O REWRITE/borromean_link_rgb.gif,,d2a69ec06aee5fff71f5e5c39ba7f68b543415c8,492214
ADDED,SAT_O REWRITE/hopf_link_red_cyan.gif,,0a5aecc6c6212945663fce9dc83fdf3987e72344,461045
ADDED,SAT_O1.pdf,,af5f44d3f936666b4743d8e2ab102b2b9f28f2c2,150401
ADDED,SAT_O2.pdf,,977d5b8a6935cc8a72d6b728eb0396662a76177c,162528
ADDED,SAT_O3.pdf,,e2aef3f8217dc090474200111f2bb42240b814f5,115477
ADDED,SAT_O4.pdf,,85d70c862ee1bc1a59c1dfaf8b13c8c53ee493bd,150740
ADDED,SAT_O5.pdf,,a8e09cfb70c96776b715b223d72c6e572356de70,152388
ADDED,SAT_O6.pdf,,29295f82a610635d5696ba8bbc62650ec6bf4c2a,119592
ADDED,SAT_O7_tentative.pdf,,5fc7b3d31686f20f2f2940faf3fdf5004f25c84f,166113
ADDED,SAT_O8.txt,,b5147fe08da0a65cb40e73365c71717aaad149ff,5856
ADDED,SAT_O_Glossary_1.pdf,,9abc7cb292e18bf0463c72f67015db1ae8572e34,129701
ADDED,SAT_PREDICTIONS/SAT PREDICTION HIST - ROUNDUP 2.5.txt,,808dcb9f204ab3f769e2894c2ab0c0fe6cbf0b00,5027237
ADDED,SAT_PREDICTIONS/SAT PREDICTION — METRICS + OTHER SAT's.txt,,4a0118d534eb81d1c626851537ff421cc16ae252,122022
ADDED,SAT_PREDICTIONS/SAT PREDICTIONS - ROUNDUP 2.txt,,61218bc69054b07e6494e1e7d446c6aef1d325f8,1125571
ADDED,SAT_PREDICTIONS/SAT PREDICTIONS — PREDICTIONS_ROUNDUP.txt,,2c61a03a7cedee4ebf7872711d75b5328476f3d1,84615
ADDED,SAT_PREDICTIONS/SAT PREDICTIONS — ROUNDUP - PREDICTIONS.txt,,ed9d17d0d0e399db4dc52005e3b47ed8c6a1a1c9,480903
ADDED,SAT_PREDICTIONS/SAT PREDICTIONS — ROUNDUP 1.5.txt,,3b3678c6799c8ca9668f0474a9c4fd9955f64b21,896659
ADDED,SAT_PREDICTIONS/SAT PREDICTIONS — ROUNDUP 1.txt,,bf5459a8c0984242a11bfaa632cd8d07a5a1f4d6,337364
ADDED,SAT_PREDICTIONS/SAT PREDICTIONS — ROUNDUP 2.5.5.txt,,588b0dbd34c90637560e75abd65a95354307597b,1097439
ADDED,SAT_PREDICTIONS/SAT PREDICTIONS — SCORECARD.txt,,9efc4f3063c0eae9f1887b5322f9599cc82a89a3,7864
ADDED,SAT_PREDICTIONS/SAT PREDICTIVE BENCHMARKING.txt,,cc317e5e2b0633edcabf51c891282bc4b2734499,151977
ADDED,SAT_REVAMP.txt,,d64e5141bf95aa19bf628057e8ad7657dee59023,995543
ADDED,SAT_STATED_SIMPLY.txt,,2ce3b960649eb7bf7950e1b47d3bb9d1f0d8bba5,75352
ADDED,SAT_ST_integration_test.pdf,,25ea4270b731bbd2fe2c2d650a7df2ac2679869d,393387
ADDED,SAT_overview.txt,,4c6c2b1e6883d6e8e28e9dc063c27849e017b98b,128313
ADDED,SAT_section_gauge_ratios.tex,,3b25bdf239d80c3892e735c5efebdb5da38d9422,2437
ADDED,SAT_stack_installer_scripts.zip,,4dcc06b9bcf327b9db293cf678635d100f142460,3949
ADDED,SB2325_RESEARCH_COMMONS_LICENSE.md,,7f3d8d941ea23a07e7f657aede22fd2991245052,15293
ADDED,SCALAR_ANGULAR_TORSION___PHYS_D_FINAL-10.pdf,,8d2cd36a656a41d677fd84ded7b173e5bee46c7e,146896
ADDED,SCALAR_ANGULAR_TORSION___PHYS_D_FINAL-11.pdf,,8c64078633a36d64b50fa0a45275216d0dd09856,96749
ADDED,SCALAR_ANGULAR_TORSION___PHYS_D_FINAL-12.pdf,,1f56c539cd274e23a28c2a9b8a4129a98dbcd5c3,113058
ADDED,SCALAR_ANGULAR_TORSION___PHYS_D_FINAL-13.pdf,,509ab63e5bd8c12c36bbcba90221400230e76541,218513
ADDED,SCALAR_ANGULAR_TORSION___PHYS_D_FINAL-14.pdf,,8614170afb1b0e0e9dcb0c096647b42a379ee3d1,59985
ADDED,SCALAR_ANGULAR_TORSION___PHYS_D_FINAL-2.pdf,,241c19803d8eb4805fd543bea93bd0455ef6d23a,95105
ADDED,SCALAR_ANGULAR_TORSION___PHYS_D_FINAL-3.pdf,,63e7ca5f711e38ab698cd5448571e1dec1724bf5,129462
ADDED,SCALAR_ANGULAR_TORSION___PHYS_D_FINAL-4.pdf,,ceedb06efd069e166df2aa16241371895e2a728c,116732
ADDED,SCALAR_ANGULAR_TORSION___PHYS_D_FINAL-5.pdf,,05f603ecc702b3a1ebd32182f4f478fcbc81e7fa,107057
ADDED,SCALAR_ANGULAR_TORSION___PHYS_D_FINAL-6.pdf,,3d05fa25e59c92655110e6a8c16303cf05e59940,140001
ADDED,SCALAR_ANGULAR_TORSION___PHYS_D_FINAL-7.pdf,,f98a944694c7b89ca45dde982287a44d6bf4383f,135435
ADDED,SCALAR_ANGULAR_TORSION___PHYS_D_FINAL-8.pdf,,ab21f6681815de4fd096d2dc3d65a32e85a99afe,132161
ADDED,SCALAR_ANGULAR_TORSION___PHYS_D_FINAL-9.pdf,,a3af0568cf2b55e4f2f03441c039727cd620e231,121317
ADDED,SCALAR_ANGULAR_TORSION___PHYS_D_FINAL.pdf,,275050bf59276808b8c82a6f72fbd8f5487627ac,155966
ADDED,SCALES.txt,,cc62a1924b7a0547fe52b10e4182cd2c5b77e694,10588
ADDED,SCALING.txt,,dcf23fbeda258da813f54360ab1a7f33243c7089,22797
ADDED,SCRATCH 1.txt,,1efe2731f81c5a84c99c1f07ed74662fb37505da,182096
ADDED,SCRATCH 2.txt,,df2bc0280a60b76f2d76a1fa86343aa24c480dcb,52437
ADDED,SCRATCH 3.txt,,deede80148544ce97a9aa21dc44f48435c685ddc,26299
ADDED,SCRATCH 4.txt,,7d21799826d888afdd933b5e0348ebe31b158b1f,11174
ADDED,SECOND LEG 2 of 2 JUNE 1.txt,,4bec971fde0a35c700c1c12e8c5c7f1eff677a9b,169462
ADDED,SIXTY THOUSAND UNIVERSES.txt,,3d30e5f774a759455b50f37039c300f8d476d17e,7268811
ADDED,SOFTWARE/D_comp.py,,fc42c87e3a21469dde881876caedc695e4ce0883,7157
ADDED,SOFTWARE/GOLDSTANDARD.py,,3b6facfc98383be8862d4240df167ab91b62067e,10659
ADDED,SOFTWARE/H-OMNI.py,,1d3cdb660d6bd16111d8209a5207c43fa6518bef,7235
ADDED,SOFTWARE/H-un.py,,005311f4205969da77c4db2947c3a647c8bf3c6c,7594
ADDED,SOFTWARE/HCALC.py,,983d199964ed5294a4c1a9677f0b2c318cc2e5bb,3779
ADDED,SOFTWARE/HOBS.py,,66f222f11a3f2a21f051104e08c931a85076a1f1,6601
ADDED,SOFTWARE/HOMCALC.py,,a44173428ebb9150122c7681a2ebd434bc7ccb85,8415
ADDED,SOFTWARE/HOMNEV.py,,f9f46329b7be6005357db163d9eab7ec64cb7bb9,6573
ADDED,SOFTWARE/HOMNIRES.py,,bd1204666b072faec10b5d7c74e37032da77c565,7472
ADDED,SOFTWARE/HOMNIUNI.py,,51e590c8d3f725b09806cb5783d3d7afd0c0e1f6,7891
ADDED,SOFTWARE/HUN.py,,cd27cb4b46b12d36bdf666f9368692863a0419cc,7026
ADDED,SOFTWARE/HUNI.py,,0a0449fe4832453e67bcf3b0ebedfd176705b83c,1819
ADDED,SOFTWARE/HUNIVERSAMP.py,,b8d2980183838b375272931c0972b2b17df14ef8,6187
ADDED,SOFTWARE/H_UNI.py,,f3575e53444a9216c441eeba9337ec55cfbbfd12,7847
ADDED,SOFTWARE/H_UNIVERSES.py,,1faa97a876b881d0258914c6176a092623ea91a6,8238
ADDED,SOFTWARE/Hrandoverses.py,,3f58dceb66ba5294a6345a29a142c8c425c4c861,13277
ADDED,SOFTWARE/Huniverses.py,,57b3902629b5cb4ca33d39ba48036ee9f597f376,5929
ADDED,SOFTWARE/OBSH.py,,f3ab6f01dd02e235e4cde187721a3cdea467c67d,1311
ADDED,SOFTWARE/PREWHIRLY - Copy.py,,390d442b189565d24cb9d33b158379c82fc43140,7930
ADDED,SOFTWARE/PREWHIRLY.py,,11471de653bf348908536e610777a1ae175a1c77,7883
ADDED,SOFTWARE/T4view.py,,4e7648afbdac72db646572e34387f24e40928c65,11565
ADDED,SOFTWARE/WHIRLICLOSER.py,,1dd184833109e180594e6ff15817c4e19aafea99,29897
ADDED,SOFTWARE/WHIRLIGIG_DEMO.py,,3f6234683d227281f7fcc238d8d165b983b9558e,28315
ADDED,SOFTWARE/aggfo.py,,25307bcec4db5d241ee4493101aba224e06ff200,2938
ADDED,SOFTWARE/dcomp.py,,fc42c87e3a21469dde881876caedc695e4ce0883,7157
ADDED,SOFTWARE/di.py,,1fea8e249f7e6d0e98d0e39dbaccccba0ffd56fc,556
ADDED,SOFTWARE/dia.py,,7f851179104493a428e0719cf9ba6bfcfbdd3316,283
ADDED,SOFTWARE/diag.py,,e2c99d8bbebcb17f8cd9328c6b0bf2c3926228d1,776
ADDED,SOFTWARE/emphy.py,,cebf984c815113f2b0cc29a0bfd219ab91767903,4090
ADDED,SOFTWARE/equation_true_curve_surface_projection_polar.py,,52107ba00737e5098f8557595096cc251b075300,29320
ADDED,SOFTWARE/geminhun.py,,b6cfb0ecea623597c21180d22f7e5fea8293b758,6914
ADDED,SOFTWARE/gstand.py,,91240523c83ba6927173385203008c449a520ce5,6153
ADDED,SOFTWARE/hgug.py,,ba1ac7a24525f5ee4ecb3dfb9de94da657ea743b,6912
ADDED,SOFTWARE/hphys.py,,c7bcdf8833ba88ba2496cc2a3a44b3aac8f14b32,7752
ADDED,SOFTWARE/hreach.py,,dc5b8fa3442ea4036f34150e3ac9c96d62a3efa6,6700
ADDED,SOFTWARE/hstoch.py,,ad5ac83e03f799ed5968a88d79416edf84768d7f,2639
ADDED,SOFTWARE/hunii.py,,f54b2a3ac3de5402f5778199d3be6ec2643ba464,7575
ADDED,SOFTWARE/hunx.py,,0c61ffa399f8e02d959afc4d65bfe6f400125dda,8115
ADDED,SOFTWARE/huph.py,,9cc09fd6ee45f4c2a7fa0b914c064b5c22bbc68e,4625
ADDED,SOFTWARE/huphys.py,,c7bcdf8833ba88ba2496cc2a3a44b3aac8f14b32,7752
ADDED,SOFTWARE/omnihi.py,,649898e11a1063f5a5caba1adcef0ccb836b8d15,7474
ADDED,SOFTWARE/tmuch.py,,3b6facfc98383be8862d4240df167ab91b62067e,10659
ADDED,SOFTWARE/touchy.py,,74f11baca356bef8a82e7d27bef110d09249f9fa,4734
ADDED,SOFTWARE/universes.py,,26543dc9ba9c3adefa059b50671edab0b9075267,5423
ADDED,SPHERE4QC.txt,,b7f35e2e6740c75ad25e0072627451327f2d478a,490447
ADDED,SPHERECHECKQC.txt,,7ea46f7d3461061a3b5f51fa7ee58b926b8404f0,44368
ADDED,SPHERES2/README.md,,f918a9e0068a0aeb75cf8b314e8e50a217ffe1ec,3741
ADDED,SPHERES2/build/equal_s3_mapping_result.json,,9c6bfae8da681da1360edd229dd352b60c2036aa,3214
ADDED,SPHERES2/build/one_shell_deformation_curves.npz,,64a2dc17eba9ea681bf0f42b342b7e4492a92115,106975
ADDED,SPHERES2/build/one_shell_deformation_history.csv,,acd4009d39b5864c582d58164e27058b8dc7f797,5736
ADDED,SPHERES2/build/one_shell_deformation_result.json,,17dce7f52ba0a114f5690a2bc5951bf10cb4354d,20376
ADDED,SPHERES2/defodemo.py,,5e81f2a0f8b9e912e810244b9cb6244cc2a90f60,2426
ADDED,SPHERES2/docs/INTERFACE.md,,e70b5fefd9f40a1abd30208dfd45bb851a2ad343,3135
ADDED,SPHERES2/examples/equal_s3_packet.json,,3b28f5c3b87c3302f3884c78cb5584a730ce481e,2620
ADDED,SPHERES2/examples/one_shell_deformation_packet.json,,7e255f8aa57ec5f827000e341a34c8300715b531,3396
ADDED,SPHERES2/hsh_spherical_backend_v0.2.zip,,01a48203b1d6123007a29dd45a2eaf3a8bfd254f,142514
ADDED,SPHERES2/pyproject.toml,,77b6ecd50ee1e830eb4cfbbd42c025926c9c061b,461
ADDED,SPHERES2/run_demo.py,,1dbb377deb2ae9b9ed07beb9418de990902da356,1216
ADDED,SPHERES2/schemas/equation_packet.schema.json,,42fff106febedf08200b074334e571af0c72b5ed,2602
ADDED,SPHERES2/schemas/mapping_result.schema.json,,9715d9801342cee57c6aa22710268e2e4dcfea69,1273
ADDED,SPHERES2/src/hsh_spheres/__init__.py,,8a03ae4143bfa0e94f222412ddef81e80e6c05c5,643
ADDED,SPHERES2/src/hsh_spheres/__pycache__/__init__.cpython-311.pyc,,0e8c64552bedd78542eef4cfaf06c3ee63ccf562,841
ADDED,SPHERES2/src/hsh_spheres/__pycache__/contracts.cpython-311.pyc,,0bb9da8e087e4e45f545019ed79f1598454392a8,7088
ADDED,SPHERES2/src/hsh_spheres/__pycache__/deformation.cpython-311.pyc,,45f052af97c29e9d9ebe2fd2a127af27151a7387,19685
ADDED,SPHERES2/src/hsh_spheres/__pycache__/geometry.cpython-311.pyc,,d78b854b7d302a68c95f63f882512513062e2d24,19475
ADDED,SPHERES2/src/hsh_spheres/__pycache__/roundtrip.cpython-311.pyc,,1cbc7f0663d7770073f8f3ca581d325d3b9fa697,7375
ADDED,SPHERES2/src/hsh_spheres/__pycache__/runner.cpython-311.pyc,,66c7a2a49c16c26d44d00becff2cdfd24c336708,1202
ADDED,SPHERES2/src/hsh_spheres/cli.py,,5601b420d8e2b62b8d7fdc7bc44785eb9a64fd2d,1263
ADDED,SPHERES2/src/hsh_spheres/contracts.py,,af863eea536a5c39fc567a6bf54ca1b32fe20142,4332
ADDED,SPHERES2/src/hsh_spheres/deformation.py,,2a8bc3df8627ae165371c4379b4821fe15fbfb87,12429
ADDED,SPHERES2/src/hsh_spheres/geometry.py,,269854b965563cae07e1b9ab659cef6b3083ef83,9759
ADDED,SPHERES2/src/hsh_spheres/roundtrip.py,,0cf85a389ccd24581889b3e5f79b9b87a328213f,5873
ADDED,SPHERES2/src/hsh_spheres/runner.py,,9fb3f1bd31e7d815737f76194b9c913ee58723fb,643
ADDED,SPHERES2/tests/test_contracts.py,,c92d3d7cc01975ace29aa0ce4299cbf23025f7a0,856
ADDED,SPHERES2/tests/test_deformation.py,,22a9b4ea94a6f53a875aa36c45aaa522fcce0daf,4281
ADDED,SPHERES2/tests/test_geometry.py,,24ab1c82a19b708d62237e608e0f587b94bf937b,3723
ADDED,SPHERES2/tests/test_roundtrip.py,,fc5e5feb338ae7591287caa8ad957bca7952e56c,1220
ADDED,SPHERES2QC.txt,,9e110e2c13d95a061d9521c84ae9e1755fffa3f4,270327
ADDED,SPHERES3/README.md,,611e88d4dc79c9702a84451c4dbb0c80b905a052,2816
ADDED,SPHERES3/S3QC.txt,,0c48bd6d009679fa773e6b63fcf52ab388c260b0,4176
ADDED,SPHERES3/SAT_CORE_EQUATIONS_v0_1_0.yaml,,16f2b31c4076f8d78da9f2fc4f82a7e0be11448b,1651
ADDED,SPHERES3/build/equal_s3_mapping_result.json,,9c6bfae8da681da1360edd229dd352b60c2036aa,3214
ADDED,SPHERES3/docs/INTERFACE.md,,c5346ea450c261cfec0915509976e67b90dacec2,2294
ADDED,SPHERES3/examples/equal_s3_packet.json,,f68d48fa2bcae311f90c2b5cfd2190bb803168a0,2584
ADDED,SPHERES3/pyproject.toml,,6ad97f5fadbe5b4ad2eab36f248282ab78d34a8b,461
ADDED,SPHERES3/run_demo.py,,1dbb377deb2ae9b9ed07beb9418de990902da356,1216
ADDED,SPHERES3/schemas/equation_packet.schema.json,,59b959d4a49b6db0af9f92c0f588c68243a549a8,2499
ADDED,SPHERES3/schemas/mapping_result.schema.json,,9715d9801342cee57c6aa22710268e2e4dcfea69,1273
ADDED,SPHERES3/spheres3.py,,661e35865f9e4bf5ac05827604d93ac651b5944b,2866
ADDED,SPHERES3/src/hsh_spheres/__init__.py,,a06ad45376033c157527c8eaaa6e2ba761c9ae72,594
ADDED,SPHERES3/src/hsh_spheres/__pycache__/__init__.cpython-311.pyc,,7dadc5917361ee1ab3f9b42192a7c3b920c166c3,770
ADDED,SPHERES3/src/hsh_spheres/__pycache__/contracts.cpython-311.pyc,,67ab6d004b8c2004f23a2bb94650a83aa9c2febe,6099
ADDED,SPHERES3/src/hsh_spheres/__pycache__/geometry.cpython-311.pyc,,404136be0cd3a07a8b7f619fda8c12d52f899241,19466
ADDED,SPHERES3/src/hsh_spheres/__pycache__/roundtrip.cpython-311.pyc,,95e8e9082d0b41186dcdce84be062ab0531287c6,7366
ADDED,SPHERES3/src/hsh_spheres/cli.py,,7b5caf8f1e6b20071a890ee01833623851f852c8,1269
ADDED,SPHERES3/src/hsh_spheres/contracts.py,,89104e116a7150e6f996435071b6a1b715153bdd,3573
ADDED,SPHERES3/src/hsh_spheres/geometry.py,,269854b965563cae07e1b9ab659cef6b3083ef83,9759
ADDED,SPHERES3/src/hsh_spheres/roundtrip.py,,0cf85a389ccd24581889b3e5f79b9b87a328213f,5873
ADDED,SPHERES3/tests/__pycache__/test_contracts.cpython-311.pyc,,d75d2fc7aa18af9b77d1d27025d29139bc94044c,2328
ADDED,SPHERES3/tests/__pycache__/test_geometry.cpython-311.pyc,,1a62c235633ebdc7977085fb95ed8807190e2df0,8757
ADDED,SPHERES3/tests/__pycache__/test_roundtrip.cpython-311.pyc,,066be5329e871682d32dc2cd014369a7d1138b18,2603
ADDED,SPHERES3/tests/test_contracts.py,,c92d3d7cc01975ace29aa0ce4299cbf23025f7a0,856
ADDED,SPHERES3/tests/test_geometry.py,,24ab1c82a19b708d62237e608e0f587b94bf937b,3723
ADDED,SPHERES3/tests/test_roundtrip.py,,fc5e5feb338ae7591287caa8ad957bca7952e56c,1220
ADDED,SPHERES3/valcore.py,,fd58bc1b20e307d3bc736cd0a53bb083be4fe4e6,2293
ADDED,SPHERES4/README.md,,3d4a4035476741c508cf1c0a446c0b1945a850a9,4769
ADDED,SPHERES4/build/equal_s3_collapse_curves.npz,,76469cfef8bcaff055a89f36135fcaadc649418b,55900
ADDED,SPHERES4/build/equal_s3_collapse_history.csv,,79012f2a281cb8b9a80225d5bb7b560f4d76a1bf,10877
ADDED,SPHERES4/build/equal_s3_collapse_result.json,,8d3c7405cd8c60be93ee926d3e29bc102c4861f8,33253
ADDED,SPHERES4/build/equal_s3_mapping_result.json,,c2dad55852ca0fc94072777dd3ea68392ab55527,3214
ADDED,SPHERES4/build/one_shell_deformation_curves.npz,,4512bf23a004691668389cb36f22556e10285c48,107100
ADDED,SPHERES4/build/one_shell_deformation_history.csv,,3bcf079d4b6accd030ee4206b61d3af7075f34c9,5735
ADDED,SPHERES4/build/one_shell_deformation_result.json,,9e6e4f75946a2df703edd5fc5bab78f71097c3a5,20378
ADDED,SPHERES4/docs/INTERFACE.md,,dff3415a1b4b75787b3d82d945e501789a038a0a,4456
ADDED,SPHERES4/examples/equal_s3_collapse_packet.json,,9f3a69c19eb047d7492a221d1afee930e204cc13,3358
ADDED,SPHERES4/examples/equal_s3_packet.json,,3b28f5c3b87c3302f3884c78cb5584a730ce481e,2620
ADDED,SPHERES4/examples/one_shell_deformation_packet.json,,7e255f8aa57ec5f827000e341a34c8300715b531,3396
ADDED,SPHERES4/hsh_spherical_backend_v0.3.zip,,e01dc3c68eb5f8c6e6b7d446dd1432e2ea99794e,219609
ADDED,SPHERES4/pyproject.toml,,32e54e32c37e7c1773056035ae674025c05d9fae,461
ADDED,SPHERES4/run_bifurcation_demo.py,,6cd14de6099c41ca0e17831162f5c3bf621c1964,2403
ADDED,SPHERES4/run_deformation_demo.py,,8f33d320b50254bf1fb561ed33ea96cc924d6189,2441
ADDED,SPHERES4/run_demo.py,,1dbb377deb2ae9b9ed07beb9418de990902da356,1216
ADDED,SPHERES4/schemas/equation_packet.schema.json,,8272a8328886799dfa05c8ae63adb2d2b4c84e70,2634
ADDED,SPHERES4/schemas/mapping_result.schema.json,,9715d9801342cee57c6aa22710268e2e4dcfea69,1273
ADDED,SPHERES4/seismic_mapdrawing (1).png,,845a9155db4392caeddec86931ec5114eaa9ba18,771184
ADDED,SPHERES4/seismic_mapdrawing (2).png,,c7eb81a2de17cbee9790883200a5727af671952b,1134063
ADDED,SPHERES4/seismic_mapdrawing.png,,d1c069c3dd51d4dae8206a5cd8846b00cf95cbc0,671686
ADDED,SPHERES4/src/hsh_spheres/__init__.py,,02ad9757de9712be09abedfa1348bc5c73e51859,806
ADDED,SPHERES4/src/hsh_spheres/__pycache__/__init__.cpython-311.pyc,,bad4d946e50adc5529f2f198c5a5c0727d8fa617,995
ADDED,SPHERES4/src/hsh_spheres/__pycache__/collapse.cpython-311.pyc,,6b17137a1cf64863e3b8b52700a740c3ff8a5996,22899
ADDED,SPHERES4/src/hsh_spheres/__pycache__/contracts.cpython-311.pyc,,b6f14c487edba94f6bd5c282957378365387dcf3,8732
ADDED,SPHERES4/src/hsh_spheres/__pycache__/deformation.cpython-311.pyc,,eb0d887d832de5e7d8fff4eb8cb4547d634ed3c8,19675
ADDED,SPHERES4/src/hsh_spheres/__pycache__/geometry.cpython-311.pyc,,e8ff0e1a11afd458f4c7de08f659e9002fe99733,22803
ADDED,SPHERES4/src/hsh_spheres/__pycache__/roundtrip.cpython-311.pyc,,66611ae68292f2301a2e508e1f48285b058b944a,7375
ADDED,SPHERES4/src/hsh_spheres/__pycache__/runner.cpython-311.pyc,,b8d8443015f18a1e44d83390fe754dd6b7690f60,1369
ADDED,SPHERES4/src/hsh_spheres/cli.py,,9b9dfbd328299cd494438e0922b8476cc4cec253,1255
ADDED,SPHERES4/src/hsh_spheres/collapse.py,,44cde50cc086f0c8c390736a60e09dc80249e8c7,16889
ADDED,SPHERES4/src/hsh_spheres/contracts.py,,4a47c17329116bed3fc5c049d674ea651147d90f,5464
ADDED,SPHERES4/src/hsh_spheres/deformation.py,,8447f6066fe33e83755c91c2b0ad1a12b218cbc9,12474
ADDED,SPHERES4/src/hsh_spheres/geometry.py,,8937492f4fe445967120f2588171629dbe4df80b,12907
ADDED,SPHERES4/src/hsh_spheres/roundtrip.py,,0cf85a389ccd24581889b3e5f79b9b87a328213f,5873
ADDED,SPHERES4/src/hsh_spheres/runner.py,,5b31319741e490977264e48750a6f9e30b2975bc,772
ADDED,SPHERES4/tests/test_collapse.py,,cc9799de5fdce17d60e38a5e272523695e1ccac9,3832
ADDED,SPHERES4/tests/test_contracts.py,,c92d3d7cc01975ace29aa0ce4299cbf23025f7a0,856
ADDED,SPHERES4/tests/test_deformation.py,,bcd04b3458bcc20dd0090de46ef247eadcd6fad9,4298
ADDED,SPHERES4/tests/test_geometry.py,,24ab1c82a19b708d62237e608e0f587b94bf937b,3723
ADDED,SPHERES4/tests/test_roundtrip.py,,fc5e5feb338ae7591287caa8ad957bca7952e56c,1220
ADDED,SRENA SAT.txt,,c946047b01165ca41b3ba7cdb454e7c1ccb7535d,23427
ADDED,SRENA SAT2.txt,,fe01fc85b1874c1573843724f035ee292fd48961,183175
ADDED,SSATOBLOC.pdf,,1248923fc24cb7a46ee73204808aa798f422a9a2,173625
ADDED,ST-QM-GR-SM (nolat).pdf,,f72c24aa5ece1c1879cb0f358f79e1c1c4a0b917,55061
ADDED,STANDARD ATOM (nolat).pdf,,58be9a286f2df1c766ba4b81f3b5d8fd603c7732,148023
ADDED,STANDARD ATOM.pdf,,91c2a8f0188d1edd36b336c85d31fb76d4153738,144564
ADDED,STANDARD_REPRODUCTION.txt,,6ed1d6511e52195f74bb8499718b9cf859e0cf97,45472
ADDED,SUBMITTED - SCIOPEN/Bellomy_N_CoverLetter.pdf,,c30fcabe808f5fde2f74ff25f26dad9cff5a10c7,70484
ADDED,SUBMITTED - SCIOPEN/Bellomy_N_CoverLetter.txt,,8aaa6206ae12c1bcdf13c201b24bec5d6909d1a0,2768
ADDED,SUBMITTED - SCIOPEN/Bellomy_N_SAT_Submission.pdf,,1ed75cfb09b52860b850dad30ea5323c1a7bee4e,173625
ADDED,SUBMITTED - SCIOPEN/Bellomy_SAT_Framework.pdf,,fdedbbfa4ddc6dd3b5474532a2cb0d555f0f81d7,275753
ADDED,SUBMITTED - SCIOPEN/Bellomy_Supplementary_Predictions.pdf,,e22ab96853ce75abb38b8035eea11d2b54183d50,107798
ADDED,SUBMITTED - SCIOPEN/FUNDAMENTAL INTUITIONS MIND MAP.png,,2c4ead1ea62e46228ce1a134283c83031a67f584,4087325
ADDED,SUBMITTED - SCIOPEN/NotebookLM Mind Map.png,,69f2edc23e24459cf2801a74db0e6cbc0cc7526e,4087325
ADDED,SUBMITTED - SCIOPEN/SAT_REWRITE (1).pdf,,beddfe859465986992a24b6f047dbfc830dae127,5305098
ADDED,SUBMITTED - SCIOPEN/SPACE-S-25-00569.pdf,,0ff4819f141fc7e03d8b9395c4b835194ec084b6,706279
ADDED,SUBMITTED - SCIOPEN/SPACE_ImagePermission.pdf,,10a8b5891a85fe770fe53acbee6b9a6d2b81abe0,249436
ADDED,SUBMITTED - SCIOPEN/desktop.ini,,0a1a38b83b66dc54b5ebf8cc26858ad04162277c,66
ADDED,Satobloc Minimal Drafts/APPENDICES_FRAME.pdf,,fe1b836589f23ec7b553a417aed6362742d43e1e,102149
ADDED,Satobloc Minimal Drafts/Bellomy_Supplementary_Appendices.pdf,,81b3e88fa547090558b3ba8a1210a71880b6562f,109998
ADDED,Satobloc Minimal Drafts/CLOSURE2.pdf,,40840a650964965fd8425763379ebb7bebb29e7d,239497
ADDED,Satobloc Minimal Drafts/Closure.pdf,,c8c1b49133ce3ccb8a61cae32da542fc4f42bb15,264217
ADDED,Satobloc Minimal Drafts/First_Paper_Draft.pdf,,284c0f21d812217751cb02004dbebe72a62a745a,162251
ADDED,Satobloc Minimal Drafts/SATOBLOC (1).pdf,,284c0f21d812217751cb02004dbebe72a62a745a,162251
ADDED,Satobloc Minimal Drafts/SATOBLOC (2).pdf,,c30fcabe808f5fde2f74ff25f26dad9cff5a10c7,70484
ADDED,Satobloc Minimal Drafts/SATOBLOC Unification.pdf,,df33baffb5f3029f1d5a649a4289540f2e905ca3,274713
ADDED,Satobloc Minimal Drafts/SATOBLOC Unification2.pdf,,abd468c638c62cb5f6d18e5be05056c74576e894,299392
ADDED,Satobloc Minimal Drafts/SATOBLOC-2.pdf,,8d7bf65aa8782c697e7a9002063b2ccaa7073fbc,214438
ADDED,Satobloc Minimal Drafts/SATOBLOC-4.pdf,,bb7ee7614d4e22b06dcf17717e69d95138b1c363,162251
ADDED,Satobloc Minimal Drafts/SATOBLOC.pdf,,21b24ec6e348176c3c8c20e0b96e9f43238b00d3,199098
ADDED,Satobloc Minimal Drafts/download.png,,0c603e1de68eeff4156c25493286afdd60acca6f,120978
ADDED,Scalar-Angular-Twist.pdf,,ac8b7ab3d5f3647e537e81ea70841520ac289e6e,289507
ADDED,Scene Analysis Discussion — raw.json,,14e193b611989de3594b34ecd68f70c015c492f6,1820884
ADDED,Scientific Paper Review — raw.json,,5f1717c18bc8b96344b15622c5d3d6a5b9ff7db1,279477
ADDED,Script prompt nesting — raw.txt,,7e1c6969a09f05c26ea40ea51b187e5e2ae3b0ae,970731
ADDED,Spherestest README.md,,611e88d4dc79c9702a84451c4dbb0c80b905a052,2816
ADDED,Spherestest tests/Spherestest build/equal_s3_mapping_result.json,,9c6bfae8da681da1360edd229dd352b60c2036aa,3214
ADDED,Spherestest tests/Spherestest docs/INTERFACE.md,,c5346ea450c261cfec0915509976e67b90dacec2,2294
ADDED,Spherestest tests/Spherestest examples/equal_s3_packet.json,,f68d48fa2bcae311f90c2b5cfd2190bb803168a0,2584
ADDED,Spherestest tests/Spherestest schemas/equation_packet.schema.json,,59b959d4a49b6db0af9f92c0f588c68243a549a8,2499
ADDED,Spherestest tests/Spherestest schemas/mapping_result.schema.json,,9715d9801342cee57c6aa22710268e2e4dcfea69,1273
ADDED,Spherestest tests/Spherestest src/hsh_spheres/__init__.py,,a06ad45376033c157527c8eaaa6e2ba761c9ae72,594
ADDED,Spherestest tests/Spherestest src/hsh_spheres/__pycache__/__init__.cpython-311.pyc,,7dadc5917361ee1ab3f9b42192a7c3b920c166c3,770
ADDED,Spherestest tests/Spherestest src/hsh_spheres/__pycache__/contracts.cpython-311.pyc,,67ab6d004b8c2004f23a2bb94650a83aa9c2febe,6099
ADDED,Spherestest tests/Spherestest src/hsh_spheres/__pycache__/geometry.cpython-311.pyc,,404136be0cd3a07a8b7f619fda8c12d52f899241,19466
ADDED,Spherestest tests/Spherestest src/hsh_spheres/__pycache__/roundtrip.cpython-311.pyc,,95e8e9082d0b41186dcdce84be062ab0531287c6,7366
ADDED,Spherestest tests/Spherestest src/hsh_spheres/cli.py,,7b5caf8f1e6b20071a890ee01833623851f852c8,1269
ADDED,Spherestest tests/Spherestest src/hsh_spheres/contracts.py,,89104e116a7150e6f996435071b6a1b715153bdd,3573
ADDED,Spherestest tests/Spherestest src/hsh_spheres/geometry.py,,269854b965563cae07e1b9ab659cef6b3083ef83,9759
ADDED,Spherestest tests/Spherestest src/hsh_spheres/roundtrip.py,,0cf85a389ccd24581889b3e5f79b9b87a328213f,5873
ADDED,Spherestest tests/__pycache__/test_contracts.cpython-311.pyc,,d75d2fc7aa18af9b77d1d27025d29139bc94044c,2328
ADDED,Spherestest tests/__pycache__/test_geometry.cpython-311.pyc,,1a62c235633ebdc7977085fb95ed8807190e2df0,8757
ADDED,Spherestest tests/__pycache__/test_roundtrip.cpython-311.pyc,,066be5329e871682d32dc2cd014369a7d1138b18,2603
ADDED,Spherestest tests/test_contracts.py,,c92d3d7cc01975ace29aa0ce4299cbf23025f7a0,856
ADDED,Spherestest tests/test_geometry.py,,24ab1c82a19b708d62237e608e0f587b94bf937b,3723
ADDED,Spherestest tests/test_roundtrip.py,,fc5e5feb338ae7591287caa8ad957bca7952e56c,1220
ADDED,String Theory Synthesis — raw.json,,7c3bd947b90125ae8176dc5db6f66afcb422c643,7104
ADDED,Submission_for_Physics_Review_D.pdf,,891c679ccb1460e1df38e10293aa78b356ac8787,252917
ADDED,Succinctness And Math Check — raw (1).json,,99b6e1d7ef8f3b9356d67b5bd50dd0de59529061,3765032
ADDED,Switching to English — raw.json,,dfdaec331846087af7daf0008eba431520a5b9ad,860827
ADDED,TADA.txt,,76400bef13d359d13311537b39134915f8e40ed5,23179
ADDED,THE BIG US.txt,,02916b92366e4498f4e21d23706f03953c0d35ce,386215
ADDED,THE FUNDAMENTAL INTUITIONS — EXTENDED 2.pdf,,ba0af013da1681a070b4947def6499cedb403162,39879
ADDED,THE FUNDAMENTAL INTUITIONS — EXTENDED.pdf,,ba0af013da1681a070b4947def6499cedb403162,39879
ADDED,THE LOGIC OF SAT.txt,,6509a651ca4e72b1048d99e893555e333d52421a,7531
ADDED,THE SEED 1 2.pdf,,35bca1aab8e3800853019fb1ef8f2e6b5246d0c0,129601
ADDED,THE SEED 1.pdf,,35bca1aab8e3800853019fb1ef8f2e6b5246d0c0,129601
ADDED,THE SEED 2.pdf,,be6095af607c84e5df2544f07258afe18648265a,157310
ADDED,THE SEED 3.pdf,,be6095af607c84e5df2544f07258afe18648265a,157310
ADDED,Test (1).pdf,,6a3cbfb6c8da328b84cee4f3fab44f33b51229cf,350527
ADDED,Test.pdf,,797218d21c85841e519a8427747724652e1652a9,322966
ADDED,The radical insight of SAT.txt,,b2b188690f636a98af0b9ed8a213e743d8e0416e,64186
ADDED,Theoretical Physicist's Article Review — raw.json,,4e64730fbc93447a9665ab5339ac0c77a1a97808,25122
ADDED,Theorizer_Emeritus_SAT_Development_Annotated.pdf,,1280e7317e4d82fb43dc9f0c44d6ecabc3c10301,524933
ADDED,Theory of Everything Review — raw.json,,1cdfa7564599f2f1b80a6f123f111eb02918c87c,776230
ADDED,This integration plan addresses your query by detailing the necessary….pdf,,5ad07d07c5e729b2e401af8283a3daa3169be9b7,93814
ADDED,Towards the Holy Grail.txt,,ea7a2752026f437fb021334ec626535e07ed865f,122453
ADDED,UI CONFIGURATION (nolat).pdf,,08bbf07e1bafe93d44293805d2f1682bf65df946,104924
ADDED,UNIT CELL.pdf,,1f3ed67e492305a23de9df225c8235de90a25f98,221234
ADDED,Universal Indicatrix in my words CHARACTERIZATION (Nolat).pdf,,2c821ee20db796278599b0aa263b5e321e944488,35766
ADDED,VARIOUS LAGRANGIANS (speculative) 2.pdf,,a33b83a1463637edb28516b1a54edd5248b27128,251685
ADDED,VARIOUS LAGRANGIANS (speculative).pdf,,a33b83a1463637edb28516b1a54edd5248b27128,251685
ADDED,VARIOUS_ITERATIONS,,8b137891791fe96927ad78e64b0aad7bded08bdc,1
ADDED,VERBAL_THEORY.txt,,2ec66c14753356024572bbd8e2879135e7c2fce7,861
ADDED,VIEW FROM INSIDE/asstaxis.png,,bd081b46d9b9406f2b53bba1da10ac18cf4d3113,292652
ADDED,VIEW FROM INSIDE/chatthink.png,,db8cded1dbf77c0e90b3db8c38adf3637ca7f5d0,122118
ADDED,VIEW FROM INSIDE/delay_winding_map.png,,699c133d7215b8a4baeeda43b72b7c20476a2e81,282972
ADDED,VIEW FROM INSIDE/external_embedding.png,,516f4eab563a71dd551a04e44009eadea0fa6fdd,196902
ADDED,VIEW FROM INSIDE/five_image_montage.png,,71e4c2bec0443bffc1e1744b06047f9f2343a0e1,907122
ADDED,VIEW FROM INSIDE/last_scattering_map.png,,dd38aeccc1e43be5b01feca80af474c190998ef7,471044
ADDED,VIEW FROM INSIDE/metric_tension_map.png,,5aaf0a3ae52a63b2dc48569b6d85e00c06c096e8,172004
ADDED,VIEW FROM INSIDE/observed_sky_map.png,,9527558196e17756babf6e8db1caf26ac7bbb513,453700
ADDED,"VISUALIZATIONS + SCREENSHOTS 2/ChatGPT Image Oct 29, 2025, 02_40_27 PM.png",,816716919ea5689fd4b16d6725f971512165383c,1043728
ADDED,VISUALIZATIONS + SCREENSHOTS 2/ConsensusPro.png,,45d7920a90ea65aee669f9cc2ebff0fda9727b56,182992
ADDED,VISUALIZATIONS + SCREENSHOTS 2/ConsensusPro2.png,,6ef08ced821a83b7f928b82472756054eccefd5f,32832
ADDED,VISUALIZATIONS + SCREENSHOTS 2/ConsensusPro3.png,,a276b4372efeacb70a0a58b09492795287f7f583,212722
ADDED,VISUALIZATIONS + SCREENSHOTS 2/ConsensusPro4.png,,d39840ae7f4fa8ebcba7f96f2282381005859c31,235333
ADDED,VISUALIZATIONS + SCREENSHOTS 2/Early_code_output.png,,e9af706c0e423907a4fe9d7cf464a53d9109281c,152483
ADDED,VISUALIZATIONS + SCREENSHOTS 2/Early_code_output2.png,,41c144b82925edbaf52941ed7c2346a667e78288,117318
ADDED,VISUALIZATIONS + SCREENSHOTS 2/Early_code_output3.png,,5c9318c50f57dadb749657f632ea8c10372cc8b8,157985
ADDED,VISUALIZATIONS + SCREENSHOTS 2/Early_code_output4.png,,cd6bbc2c182972684b9dafe82b706d5fb304aa91,120644
ADDED,VISUALIZATIONS + SCREENSHOTS 2/Early_code_output5.png,,39246d78e06493d371c4c2a29bb0831bfeece889,35746
ADDED,VISUALIZATIONS + SCREENSHOTS 2/Early_code_output6.png,,13d0cea23bc94ed627d9faef8d373c89be4f6c2f,46677
ADDED,VISUALIZATIONS + SCREENSHOTS 2/FUNDAMENTAL INTUITIONS MIND MAP.png,,2c4ead1ea62e46228ce1a134283c83031a67f584,4087325
ADDED,VISUALIZATIONS + SCREENSHOTS 2/ITS_A_GO.png,,e9064884a838040e444e3b17de474d587b8d5e61,2725053
ADDED,VISUALIZATIONS + SCREENSHOTS 2/Not_a_phot.PNG,,8db19dc7d86534057c78c5b4c2ca03ba9ab03b13,1901021
ADDED,VISUALIZATIONS + SCREENSHOTS 2/NotebookLM Mind Map.png,,e9064884a838040e444e3b17de474d587b8d5e61,2725053
ADDED,VISUALIZATIONS + SCREENSHOTS 2/borromean_link_rgb.gif,,d2a69ec06aee5fff71f5e5c39ba7f68b543415c8,492214
ADDED,VISUALIZATIONS + SCREENSHOTS 2/ce51728e-410a-461c-b08a-8cb8a81373c7.png,,8dc8373af708b8dda7399059cc16bd45c87bc35b,1160826
ADDED,VISUALIZATIONS + SCREENSHOTS 2/d9c2d113-61aa-4681-9d90-ad988bbb26f1.png,,cccb633b0e7030a3ad2b7930928ddc11b2d62e0d,1699002
ADDED,VISUALIZATIONS + SCREENSHOTS 2/ea41259c-edab-452c-8421-1c39fb0b6bf0.png,,e8bf577fb38b955c22c5ff317d6afeaa62817caa,1379271
ADDED,VISUALIZATIONS + SCREENSHOTS 2/hopf_link_red_cyan.gif,,0a5aecc6c6212945663fce9dc83fdf3987e72344,461045
ADDED,VISUALIZATIONS + SCREENSHOTS 2/output (1).png,,0acb2edc61f6681feed706bfae7e296d077b31eb,74786
ADDED,VISUALIZATIONS + SCREENSHOTS 2/output (10).png,,37d20da50d49ff81889f91332bf94f57b9a45491,148843
ADDED,VISUALIZATIONS + SCREENSHOTS 2/output (11).png,,da702ce40e87fbbd6e57ca8a9937917ef3e8f0ed,105522
ADDED,VISUALIZATIONS + SCREENSHOTS 2/output (12).png,,9af2aff5dcc6d36c363736d79b51f3a293bf7385,150100
ADDED,VISUALIZATIONS + SCREENSHOTS 2/output (13).png,,ec1b525ea4afe3b45f6bc2957aabba172612ccf8,128699
ADDED,VISUALIZATIONS + SCREENSHOTS 2/output (14).png,,efb7055079bd22de2553f444d0c1cc2fd967b65c,107216
ADDED,VISUALIZATIONS + SCREENSHOTS 2/output (15).png,,7cc7dca5f18d021c37b29b4ad6aa4eebf07db8d8,87364
ADDED,VISUALIZATIONS + SCREENSHOTS 2/output (16).png,,fe6f6d5aed97d3e8bb8308053d7d50fdac16780c,197734
ADDED,VISUALIZATIONS + SCREENSHOTS 2/output (17).png,,fe6f6d5aed97d3e8bb8308053d7d50fdac16780c,197734
ADDED,VISUALIZATIONS + SCREENSHOTS 2/output (18).png,,cd79e239cf82da27d0bf471d7df4fdf6b418ebf7,193289
ADDED,VISUALIZATIONS + SCREENSHOTS 2/output (19).png,,adb9f4bd8097f5ece7834e3bea141b8b700e1ee8,244167
ADDED,VISUALIZATIONS + SCREENSHOTS 2/output (2).png,,947c3d167fb272e7687dab30d760e97fb89b7526,108886
ADDED,VISUALIZATIONS + SCREENSHOTS 2/output (20).png,,50bc4447d71eb257fe5ef8fca725eedd633476eb,148721
ADDED,VISUALIZATIONS + SCREENSHOTS 2/output (3).png,,d4b3ae34fec63f6c183e547dc38d193faf838eae,398148
ADDED,VISUALIZATIONS + SCREENSHOTS 2/output (4).png,,604ddafaf99f44ba2d82459aad326333a87d2379,198191
ADDED,VISUALIZATIONS + SCREENSHOTS 2/output (5).png,,e5b4808ea67ac3ada9bc2809931aa48812080a61,182937
ADDED,VISUALIZATIONS + SCREENSHOTS 2/output (6).png,,d5b72e55bdaeaa51de50377bf6df778908f799f3,315788
ADDED,VISUALIZATIONS + SCREENSHOTS 2/output (7).png,,3f0d9666abd3f23863c362698fedfa731b71c103,475821
ADDED,VISUALIZATIONS + SCREENSHOTS 2/output (8).png,,b35dd25fd855f01f61a4d206aa799a0bc2b4f31e,148468
ADDED,VISUALIZATIONS + SCREENSHOTS 2/output (9).png,,73072060ccee78a0a3d90e1cb959012896d7f9c3,486575
ADDED,VISUALIZATIONS + SCREENSHOTS 3/SAT - BEFORE SAT PREDICTIONBOOK - 2012-11-29.PNG,,1d9145b735f62f6144f03e44bb75dee848180781,302624
ADDED,VISUALIZATIONS + SCREENSHOTS 3/SAT EARLY - CHATGPT MEMORY SAVED - 2024-11-8.PNG,,fc21f6126baf7a1d2d2995783fe574d5f1fd4383,214092
ADDED,VISUALIZATIONS + SCREENSHOTS 3/SAT EARLY EARLY - 2023-5-28.PNG,,d845bf4c23b07da838246c168bbe0dc873e2b6e0,141204
ADDED,VISUALIZATIONS + SCREENSHOTS 3/SAT EARLY SYSTEMATICS 2 2025-4-6.PNG,,cd354576009cb20fe790216b03d4440b1bfdc009,161912
ADDED,VISUALIZATIONS + SCREENSHOTS 3/SAT EARLY SYSTEMATICS 2025-4-4.PNG,,8a5204bd3eed1798df1d3657093de4601be0a04d,174656
ADDED,VISUALIZATIONS + SCREENSHOTS 3/SAT FIRST - 2024-3-24.PNG,,d15343127a621428761869d11133b5c7bf39704b,157081
ADDED,VISUALIZATIONS + SCREENSHOTS 3/SAT FIRST DIMGRAV - 2024.PNG,,1808777ef015f61ac0d16b13cdadb5d008cfa632,133563
ADDED,VISUALIZATIONS + SCREENSHOTS 3/SAT FIRST Forces Temporal 2024-8-8.PNG,,01a300ddc69d847190f419a30d3798ec533d0ae1,176976
ADDED,VISUALIZATIONS + SCREENSHOTS 3/SAT FIRST MENTIONS 2.PNG,,6952ab3c2894d38af62c179f35ea34538b374bde,155173
ADDED,VISUALIZATIONS + SCREENSHOTS 3/SAT FIRST MENTIONS.PNG,,bed9b1f91505dc6aec4d8c699a33032455050d1d,87077
ADDED,VISUALIZATIONS + SCREENSHOTS 3/SAT FIRSTS - PT.PNG,,826a3f0c66d29ee530e0b4adc4aec7be30567f02,152889
ADDED,VISUALIZATIONS + SCREENSHOTS 3/SAT HIST - 2025-3-25.PNG,,0c36ac0f625d26fb4a27cb083e37467172750d8b,160097
ADDED,VISUALIZATIONS + SCREENSHOTS 3/SAT HIST - FILE LIBRARY 2 2025 SUMMER - (ONEDRIVE).PNG,,624edd7872cdec9fb514b51d5e2845267cac512c,185174
ADDED,VISUALIZATIONS + SCREENSHOTS 3/SAT HIST - FILE LIBRARY 2025 SUMMER  (ONEDRIVE).PNG,,b8b38f3b3c29707b8c2f7d1cf94c9775305b9acf,183956
ADDED,VISUALIZATIONS + SCREENSHOTS 3/SAT HIST - FILE LIBRARY 3 2025 - SUMMER-FALL (ONEDRIVE).PNG,,10a96e495586ebdf969744f8d91ea4334c5c59c7,195672
ADDED,VISUALIZATIONS + SCREENSHOTS 3/SAT HIST 2025-4-24 to 2025-6-24.PNG,,d360cc6ad74ec3134c346bc9766cba89b8e13ce3,220062
ADDED,VISUALIZATIONS + SCREENSHOTS 3/SAT HIST 4-7-2025.PNG,,de039e60f9f57847d79c2157f0271d784c18af3a,155713
ADDED,VISUALIZATIONS + SCREENSHOTS 3/SAT PREHIST 2024-11-12.PNG,,6c1e0d55e2d9e3e6f05e0175a026a396f8b36680,176431
ADDED,VISUALIZATIONS + SCREENSHOTS 3/SAT PREHIST 2025-3-3.PNG,,1d4c5e73b7606ca06187d9d9f953683dd2c7684d,176725
ADDED,VISUALIZATIONS + SCREENSHOTS 3/SAT PREHISTORY - CHAT 1.PNG,,7b00b5e60ca8f97ec3c20c68f1e4b0f8440a6f32,176426
ADDED,VISUALIZATIONS + SCREENSHOTS 3/SAT SYNTHESIS 2025-4-4.PNG,,7db2bd26cad59c74d4423f1d38168e00f4a6cdd9,176541
ADDED,VISUALIZATIONS + SCREENSHOTS 3/SAT SYSTEM - NAUT - 2025-4-6.PNG,,7998dcf9c110a0d7cf74af1cf3c80fd94ffbc9e6,180968
ADDED,VISUALIZATIONS + SCREENSHOTS 3/SAT VERYFIRST 2024-3-13.PNG,,c745ca9d56cf73b600c9750e040f2775043d8123,114991
ADDED,VISUALIZATIONS + SCREENSHOTS 3/SAT.png,,d86433c350560e1d25f0aa035ddf31bb59e57b6f,5329302
ADDED,VISUALIZATIONS + SCREENSHOTS 3/SATO Mind Map.png,,faa49b567b15a095ece8e3a4ed333b4bbbda30f2,7682759
ADDED,VISUALIZATIONS + SCREENSHOTS 3/SATy_output2.png,,0c20a4d10974965c291080ada0c493af80aacd2f,37566
ADDED,VISUALIZATIONS + SCREENSHOTS 3/SATy_viz_output.png,,2c3e91ea543a520d1f31d4788ae88ca7eabc2666,183076
ADDED,VISUALIZATIONS + SCREENSHOTS 3/Screen Shot 2025-10-28 at 3.55.51 AM.png,,7b426e4b25713ee5b3fe69d6ebb987a405ffb9f4,457146
ADDED,VISUALIZATIONS + SCREENSHOTS 3/Screen Shot 2026-03-07 at 4.48.30 AM.png,,fb01558feccfb4caf3057ea20adcddb48a5cf13d,1250268
ADDED,VISUALIZATIONS + SCREENSHOTS 3/Screen Shot 2026-03-07 at 4.49.00 AM.png,,5b618f51643b64b67e7c6d9551783e2a734639d6,1248639
ADDED,VISUALIZATIONS + SCREENSHOTS 3/Screen Shot 2026-03-07 at 4.49.25 AM.png,,47b7fee68022e6fa454a1e49a5954cbccc6d177e,1193753
ADDED,VISUALIZATIONS + SCREENSHOTS 3/Screen Shot 2026-03-07 at 4.49.45 AM.png,,54c08b3f05a9021c5cced9bbf5b14bcc84e44a2b,341831
ADDED,VISUALIZATIONS + SCREENSHOTS 3/Screen Shot 2026-03-07 at 4.49.56 AM.png,,63acab8ddc8d7d12bcb0c492b372bee29bdb7f71,368516
ADDED,VISUALIZATIONS + SCREENSHOTS 3/Screen Shot 2026-03-07 at 4.50.24 AM.png,,eb3e4e828e6418af4afcc1540b7b127cffe5a5ea,282605
ADDED,VISUALIZATIONS + SCREENSHOTS 3/Screen Shot 2026-03-07 at 4.50.38 AM.png,,27067f1c24bf9ecb26b2deaaefd4d7a519fd1d9a,1152527
ADDED,VISUALIZATIONS + SCREENSHOTS 3/Screen Shot 2026-03-07 at 4.51.21 AM.png,,6477fad1782da0557f01f05fde7ca1fec6ad0d08,1204206
ADDED,VISUALIZATIONS + SCREENSHOTS 3/Screen Shot 2026-03-07 at 4.52.02 AM.png,,421e6e05f0d0c3082a67b9b1ad0920a9bf18d5bd,1225897
ADDED,VISUALIZATIONS + SCREENSHOTS 3/Screen Shot 2026-03-07 at 4.52.16 AM.png,,8e978f9422d041be45765903c324b876e9f6e648,1247944
ADDED,VISUALIZATIONS + SCREENSHOTS 3/Screen Shot 2026-03-07 at 4.53.33 AM.png,,435422ef2ee49ad48eb9f7a9d8eaf97ed0075eb1,490754
ADDED,VISUALIZATIONS + SCREENSHOTS 3/Screen Shot 2026-03-07 at 4.53.41 AM.png,,b296d3c41437c3fbc8342de79bfdb9aea50724d6,1322438
ADDED,VISUALIZATIONS + SCREENSHOTS 3/Screen Shot 2026-03-07 at 4.54.27 AM.png,,2bcd9f41123a961d184423d680f5aa9f26bdce6c,1092670
ADDED,VISUALIZATIONS + SCREENSHOTS 3/Screen Shot 2026-03-07 at 4.54.53 AM.png,,e1e9d5b0de56fcdd246d8e23f7478c1b24bbe7c6,1171854
ADDED,VISUALIZATIONS + SCREENSHOTS 3/Screen Shot 2026-03-10 at 12.49.32 AM.png,,21055ae67cf7609e0d76611d677ffff074bf3455,386906
ADDED,VISUALIZATIONS + SCREENSHOTS 3/Screen Shot 2026-03-11 at 4.49.02 PM.png,,aada29011f3eaa402ddc68156e39cf7641ca36ef,60718
ADDED,VISUALIZATIONS + SCREENSHOTS 3/Screen Shot 2026-04-25 at 10.14.09 AM.png,,ec973b99dd584c8284c4061bd194857fbf1c84da,18238
ADDED,VISUALIZATIONS + SCREENSHOTS 3/output (21).png,,a98ffc93b9e4253fb5f281c8ac0d30766218909a,352863
ADDED,VISUALIZATIONS + SCREENSHOTS 3/output (22).png,,6dc71ab1130944da533f8ac9bb26f78eec92beff,93250
ADDED,VISUALIZATIONS + SCREENSHOTS 3/output (23).png,,33a31117e42599e8f804af2faa6034f52ca9a40a,87720
ADDED,VISUALIZATIONS + SCREENSHOTS 3/output (24).png,,5d4807c80e525c834c671ddb8658f58d88290cc0,95895
ADDED,VISUALIZATIONS + SCREENSHOTS 3/output (25).png,,08d38ae49c7f02ba6d29b752944809c7e00c57c4,74516
ADDED,VISUALIZATIONS + SCREENSHOTS 3/output.png,,fb736ab69c78785576428dc8e749163995eb22b7,106342
ADDED,VISUALIZATIONS + SCREENSHOTS 3/sat 2025-5-4.PNG,,0df6881b59a80afafdbdad2612e3c20f1d1dd191,153713
ADDED,VISUALIZATIONS + SCREENSHOTS 3/sat histy 2025-5-31.PNG,,030b7e3aeee0abd277ab8e1bc979cbbdeaa9fa01,224456
ADDED,VISUALIZATIONS + SCREENSHOTS 3/saty_output.png,,ebd3e32fa9b106db076886ac337a26104f070bcf,93167
ADDED,VISUALIZATIONS + SCREENSHOTS/00. Screen Shot 2026-06-10 at 10.55.52 AM.png,,321e4c7ba31a0876922a9ba7e65835ef7b2c0c6f,299273
ADDED,VISUALIZATIONS + SCREENSHOTS/Screen Shot 2026-06-03 at 4.17.47 AM.png,,eca61b59727d90de27b3c5ba6b56974a97940ca3,277106
ADDED,VISUALIZATIONS + SCREENSHOTS/Screen Shot 2026-06-03 at 4.17.49 AM.png,,4ce26bbeb20272648f85f6c168fffa7a1ac5df59,288373
ADDED,VISUALIZATIONS + SCREENSHOTS/Screen Shot 2026-06-03 at 4.17.50 AM.png,,8f4b0c0d75a683a8a3f6ec48a0772f3dea0d9ff6,293885
ADDED,VISUALIZATIONS + SCREENSHOTS/Screen Shot 2026-06-03 at 4.17.52 AM.png,,b43578bf112796d8e8f0122b336eca38c1a36777,282430
ADDED,VISUALIZATIONS + SCREENSHOTS/Screen Shot 2026-06-03 at 4.17.53 AM.png,,357094d4629df86bd55ddab13cc62332b2aa1213,285863
ADDED,VISUALIZATIONS + SCREENSHOTS/Screen Shot 2026-06-03 at 4.17.54 AM.png,,e59b1f0ebea3688d7ca7e4387a5f2273d4a88f56,286608
ADDED,VISUALIZATIONS + SCREENSHOTS/Screen Shot 2026-06-03 at 4.17.55 AM.png,,b47ccdcda37ae111b689cd662a849979a675babc,282916
ADDED,VISUALIZATIONS + SCREENSHOTS/Screen Shot 2026-06-03 at 4.17.57 AM.png,,5e71e9a110772db40273801ed9c79d4dfd83b1be,280328
ADDED,VISUALIZATIONS + SCREENSHOTS/Screen Shot 2026-06-08 at 11.23.41 PM.png,,bf537902928b969457848ee1641ab26b00a40f13,241988
ADDED,VISUALIZATIONS + SCREENSHOTS/Screen Shot 2026-06-08 at 11.23.57 PM.png,,1966032044a5b06213541861bedc2bdfffb8e170,327263
ADDED,VISUALIZATIONS + SCREENSHOTS/Screen Shot 2026-06-08 at 11.24.13 PM.png,,aa7558bc0f24e8949af3553fe03ae2d1b5a2f6f6,264791
ADDED,VISUALIZATIONS + SCREENSHOTS/Screen Shot 2026-06-08 at 11.24.20 PM.png,,3a3a06a26f151bdf762b9b929bb86534cdaca3d7,92606
ADDED,VISUALIZATIONS + SCREENSHOTS/Screen Shot 2026-06-08 at 11.24.59 PM.png,,6a21312cba7cad0d51c8f7dc0863b1f233c3c44f,359058
ADDED,VISUALIZATIONS + SCREENSHOTS/Screen Shot 2026-06-08 at 11.25.12 PM.png,,20b59134b1168d49a1e75c5dbf28ba87b0439d82,167797
ADDED,VISUALIZATIONS + SCREENSHOTS/Screen Shot 2026-06-08 at 11.25.26 PM.png,,59d9740ca9e3d5782691e0aad1ec71670c677b76,583716
ADDED,VISUALIZATIONS + SCREENSHOTS/Screen Shot 2026-06-10 at 10.56.01 AM.png,,a8553f44b07fb42115c8b17e1ed5865270ad13a4,314358
ADDED,VISUALIZATIONS + SCREENSHOTS/Screen Shot 2026-06-10 at 11.11.36 AM.png,,8ecda476648fc1220f549b98849bce0b4e08f32c,204782
ADDED,VISUALIZATIONS + SCREENSHOTS/Screen Shot 2026-06-10 at 11.11.57 AM.png,,7c490b5cecebb9f6530791d59e74536a16511d9c,204669
ADDED,VISUALIZATIONS + SCREENSHOTS/Screen Shot 2026-06-10 at 11.12.31 AM.png,,07cef84308a8b68b3a729b87cfe42ccc5b87d386,206500
ADDED,VISUALIZATIONS + SCREENSHOTS/Screen Shot 2026-06-10 at 11.14.55 AM.png,,299ef6d5de5b82b191fca97977d95cf188d41d0f,270526
ADDED,VISUALIZATIONS + SCREENSHOTS/Screen Shot 2026-06-10 at 11.19.09 AM.png,,7c0bca17107530f8dc08a162a40b897a8d0e5819,277178
ADDED,VISUALIZATIONS + SCREENSHOTS/Screen Shot 2026-06-10 at 11.19.37 AM.png,,9507c5c0df81dfad64be7bf4e2baad801d7296ef,322741
ADDED,VISUALIZATIONS + SCREENSHOTS/Screen Shot 2026-06-10 at 11.19.44 AM.png,,f0f2cc3b438ce3013e48e7ab66100d2a171c944e,244809
ADDED,VISUALIZATIONS + SCREENSHOTS/Screen Shot 2026-06-10 at 11.19.46 AM.png,,3c16c8f72e4bec3a7c2dff6849c5bdbe7817d85f,304389
ADDED,VISUALIZATIONS + SCREENSHOTS/Screen Shot 2026-06-10 at 11.19.53 AM.png,,d44295d4404e84ca413f2ff1f2246385ecc3e532,228070
ADDED,VISUALIZATIONS + SCREENSHOTS/Screen Shot 2026-06-10 at 11.20.09 AM.png,,b0608ef619d998c6dbe091ce0753f18258b03a3d,333638
ADDED,VISUALIZATIONS + SCREENSHOTS/Screen Shot 2026-06-10 at 11.20.21 AM.png,,6e651f62997916f0b0b6a8c94cc23f2982a35696,318268
ADDED,VISUALIZATIONS + SCREENSHOTS/Screen Shot 2026-06-10 at 11.20.28 AM.png,,fbcc37b6efcf2198a71ffb2d6ac9e73314d0d043,288813
ADDED,VISUALIZATIONS + SCREENSHOTS/Screen Shot 2026-06-10 at 11.20.51 AM.png,,bc307926ad40d3b3c739555343224f482ef7359f,326688
ADDED,VISUALIZATIONS + SCREENSHOTS/Screen Shot 2026-06-10 at 11.21.51 AM.png,,60cf9c561b613d900bda4b3044bb0e791294ec85,249994
ADDED,VISUALIZATIONS + SCREENSHOTS/Screen Shot 2026-06-10 at 11.21.56 AM.png,,cfd94787135b6b69c74e0452b576be842548ed5b,336936
ADDED,VISUALIZATIONS + SCREENSHOTS/Screen Shot 2026-06-10 at 11.22.03 AM.png,,3e7b434040f8d3cde3bd77e8f69981d0f32186df,231493
ADDED,VISUALIZATIONS + SCREENSHOTS/Screen Shot 2026-06-10 at 11.22.09 AM.png,,a7e829c2e37afa947bf868cb9f9463cc948ba5f1,286042
ADDED,VISUALIZATIONS + SCREENSHOTS/Screen Shot 2026-06-10 at 11.22.13 AM.png,,49f280ef1b2508f060099b1985f250cb9f54b8c0,321540
ADDED,VISUALIZATIONS + SCREENSHOTS/Screen Shot 2026-06-10 at 11.22.29 AM.png,,753dcc32dfc404ce5af85bf88348241e8e73daa3,232053
ADDED,VISUALIZATIONS + SCREENSHOTS/Screen Shot 2026-06-10 at 11.22.39 AM.png,,e12ed75a41cdc60a19dabce90efbf302c27b8272,219929
ADDED,VISUALIZATIONS + SCREENSHOTS/Screen Shot 2026-06-10 at 11.22.53 AM.png,,1fe39fda71a87c92f94649422d1d88532ea955e8,236514
ADDED,VISUALIZATIONS + SCREENSHOTS/Screen Shot 2026-06-10 at 11.23.28 AM.png,,b0edd5f6923ae09a393bcc4c11032d6363881be8,316160
ADDED,VISUALIZATIONS + SCREENSHOTS/Screen Shot 2026-06-10 at 11.23.36 AM.png,,949f0d9b81041f57038a21f063f11931b01c1a64,325567
ADDED,VISUALIZATIONS + SCREENSHOTS/Screen Shot 2026-06-10 at 11.27.39 AM.png,,46bc80001f81036155dc7839c4aa936b62e3ac06,322173
ADDED,VISUALIZATIONS + SCREENSHOTS/Screen Shot 2026-06-10 at 11.27.49 AM.png,,b05145a8a8e64b5e91d74b42a5a896903b08f79c,256768
ADDED,VISUALIZATIONS + SCREENSHOTS/Screen Shot 2026-06-10 at 11.28.42 AM.png,,0e346270d703bce2eebc21a20fcda6b87f3a6eb6,274524
ADDED,VISUALIZATIONS + SCREENSHOTS/Screen Shot 2026-06-10 at 11.28.52 AM.png,,47b81e2dc6cfdc10c445b9e75a5445eb7c18852f,289128
ADDED,VISUALIZATIONS + SCREENSHOTS/Screen Shot 2026-06-10 at 11.28.58 AM.png,,06ac70b4c62e36fe099ad51cac7f729cd36638c5,287323
ADDED,VISUALIZATIONS + SCREENSHOTS/Screen Shot 2026-06-10 at 11.29.07 AM.png,,76fdf530f347a2bff054904408d4a8c4fc088fe0,306709
ADDED,VISUALIZATIONS + SCREENSHOTS/Screen Shot 2026-06-10 at 11.29.12 AM.png,,2bf39ff4d4364ed9e010b10a2d995878c955b21a,365741
ADDED,VISUALIZATIONS + SCREENSHOTS/Screen Shot 2026-06-10 at 11.30.17 AM.png,,f475b6a7381d307ddb115a6d8ff358674dcacbfc,229517
ADDED,VISUALIZATIONS + SCREENSHOTS/Screen Shot 2026-06-10 at 11.30.53 AM.png,,ed3a1a8b6484da7e465c3a1e5695491b76c336b3,251168
ADDED,VISUALIZATIONS + SCREENSHOTS/Screen Shot 2026-06-10 at 11.31.14 AM.png,,68b7e2225b1efeb774ce2f24ae8640d20f262bd6,279251
ADDED,VISUALIZATIONS + SCREENSHOTS/Screen Shot 2026-06-10 at 11.32.01 AM.png,,a4d0dfae969ff9ba4908890c88f536f6e3c01222,303615
ADDED,VISUALIZATIONS + SCREENSHOTS/Screen Shot 2026-06-10 at 11.32.15 AM.png,,3880cec534aa5c7ec4fe87732953f9d193e9cd37,275272
ADDED,VISUALIZATIONS + SCREENSHOTS/Screen Shot 2026-06-10 at 11.32.37 AM.png,,982b720344af42aff8f79837269f35c4c8316960,248248
ADDED,VISUALIZATIONS + SCREENSHOTS/Screen Shot 2026-06-10 at 11.33.14 AM.png,,b3c0618df4a54ef981be59f6b304f9cb1a1827f0,244692
ADDED,VISUALIZATIONS + SCREENSHOTS/Screen Shot 2026-06-10 at 11.38.49 AM.png,,34af56da833ea3e57c4ab7a0d1f385778f9ff434,271063
ADDED,VISUALIZATIONS + SCREENSHOTS/theta_viz.png,,d775b91aae9f750df32b3006fade7cdd85ea19ea,55915
ADDED,Visualizations (Mark V era)/Predicted Optical Transmission Structured Domain Wall.jpg,,41c144b82925edbaf52941ed7c2346a667e78288,117318
ADDED,Visualizations (Mark V era)/Static Soliton.png,,64e550085f77779550c4cbf42c670dd593f26d43,73906
ADDED,Visualizations (Mark V era)/angular variance in optical theta.jpg,,e9af706c0e423907a4fe9d7cf464a53d9109281c,152483
ADDED,Visualizations (O.4D era)/3805b880-f063-4fdd-a2f0-a23b0ed0a2cf.png,,5a1684354135ae17549e0ff671d42ce842a88618,2541068
ADDED,Visualizations (O.4D era)/42895710-44b7-452c-9719-68887e48bd41.png,,149d04bed6422e9dd89eb8a5d1d185b25fae08ae,1314541
ADDED,Visualizations (O.4D era)/5ad3c7ea-ba9f-4eb8-8dca-869e5c4cfb01.png,,924d87bfd76522b65871af748df3062778f2a712,1245081
ADDED,Visualizations (O.4D era)/63318974-5139-4412-9cd0-9a7b407386c5.png,,10c5f8b5c551577718cef423248ab2e5da9783ac,1302684
ADDED,Visualizations (O.4D era)/FULL BUILDOUT.png,,5784d85b19282af7608df4cc7ec703124f399d69,13372443
ADDED,Visualizations (O.4D era)/Misalignment Angle.png,,c85d810a0505907466cb125a3fdd3f06288a1548,96489
ADDED,Visualizations (O.4D era)/NotebookLM Mind Map.png,,7f20bf27ca0ba43f91e3411272595d855b84a4bc,3108746
ADDED,Visualizations (O.4D era)/SAT.4D Deep Dive Pronunciation Guide.pdf,,5aa394f2139d87ddf601b894ff21fe2bd352b074,112037
ADDED,Visualizations (O.4D era)/SAT4D_MindMap.png,,8a7010f8b85b1ee46f68991b5929840f5a83e6ff,11405333
ADDED,Visualizations (O.4D era)/SAT_4D-Sketch.pdf,,6b563f25a9834e5b1cdb36117d73ed0c550a7bd0,305464
ADDED,Visualizations (O.4D era)/SAT_4D_LEGACY_REFERENCE.pdf,,a58571cb4b22ce5eccbc0d9ef58f045d28758029,459067
ADDED,Visualizations (O.4D era)/SAT_4D_LIVE.pdf,,4d85f9b302e5ab695f09165c9e8489120cff69af,318744
ADDED,Visualizations (O.4D era)/SAT_4D_LIVE_DRAFT-10Jul2025 - Copy.pdf,,e12c825ffbf9780e82055a96cbbc53ac35466526,472047
ADDED,Visualizations (O.4D era)/SAT_ATTEMPTED_FORMALIZATION.pdf,,1d2453b0983e4eb21c619bc5ee11c84f1a2f8411,1077897
ADDED,Visualizations (O.4D era)/SAT_CLEAN (1).pdf,,43540a85cd258a18dfd031f0a3d33a767d3f20b2,407677
ADDED,Visualizations (O.4D era)/SAT_CLEAN-eval.pdf,,12a70e134eaeaa003e559b47116f961e88523813,311482
ADDED,Visualizations (O.4D era)/SAT_CLEAN.pdf,,3a093a95c6783b64b986b7966a5dffab6a6d5628,243930
ADDED,Visualizations (O.4D era)/SAT_CLEAN_LIVE.pdf,,8751ed40d5e6c887f427a4757b8f3fe4f9ce6536,328128
ADDED,Visualizations (O.4D era)/SAT_DATA_FITS.pdf,,1aa0f17b0e273d347dbcef0a0e32d596a6054498,175833
ADDED,Visualizations (O.4D era)/SAT_Earliest_Notebook_2003_Documented.pdf,,15b6e2f43c06482a19e25aecef9df4d947d399eb,7712005
ADDED,Visualizations (O.4D era)/SAT_FULL_BUILDOUT.pdf,,46433fcae3f0604ee5501b898ec5c271e22c38ff,488753
ADDED,Visualizations (O.4D era)/SAT_Full_Annotated_Visual_Archive.pdf,,139f7b97ae74b343e1ce53c14e2e1c97942bed23,25206600
ADDED,Visualizations (O.4D era)/SAT_Full_Visual_Archive_With_Extras_REVISED.pdf,,54db0fecb46f513bc606bf48ffcb5943d65e09d1,13189878
ADDED,Visualizations (O.4D era)/SAT_O1.pdf,,af5f44d3f936666b4743d8e2ab102b2b9f28f2c2,150401
ADDED,Visualizations (O.4D era)/SAT_O2.pdf,,977d5b8a6935cc8a72d6b728eb0396662a76177c,162528
ADDED,Visualizations (O.4D era)/SAT_O3.pdf,,e2aef3f8217dc090474200111f2bb42240b814f5,115477
ADDED,Visualizations (O.4D era)/SAT_O4.pdf,,85d70c862ee1bc1a59c1dfaf8b13c8c53ee493bd,150740
ADDED,Visualizations (O.4D era)/SAT_O5.pdf,,a8e09cfb70c96776b715b223d72c6e572356de70,152388
ADDED,Visualizations (O.4D era)/SAT_O6.pdf,,29295f82a610635d5696ba8bbc62650ec6bf4c2a,119592
ADDED,Visualizations (O.4D era)/SAT_O7_tentative.pdf,,5fc7b3d31686f20f2f2940faf3fdf5004f25c84f,166113
ADDED,Visualizations (O.4D era)/SAT_O7_time_tentative.pdf,,41b54ae3a2a1be1e7f06ce9c3e95279ade9c12ef,169065
ADDED,Visualizations (O.4D era)/SAT_O_Glossary_1.pdf,,9abc7cb292e18bf0463c72f67015db1ae8572e34,129701
ADDED,Visualizations (O.4D era)/SAT_REWRITE (1).pdf,,beddfe859465986992a24b6f047dbfc830dae127,5305098
ADDED,Visualizations (O.4D era)/SAT_REWRITE.pdf,,ab78b63cbaad2fa5ca5769fbb45100302c57111c,5329850
ADDED,Visualizations (O.4D era)/SAT_ST_integration_test.pdf,,25ea4270b731bbd2fe2c2d650a7df2ac2679869d,393387
ADDED,Visualizations (O.4D era)/SAT_Visual_Archive_FULL_Captioned_RETRY.pdf,,981099dfc1ddfe416ca4161c82a812cdfcb0cd76,12016863
ADDED,Visualizations (O.4D era)/Test (1).pdf,,6a3cbfb6c8da328b84cee4f3fab44f33b51229cf,350527
ADDED,Visualizations (O.4D era)/Test.pdf,,797218d21c85841e519a8427747724652e1652a9,322966
ADDED,Visualizations (O.4D era)/TopologicalBarrier.png,,5c61dcefb9891b1f28bcd3dcb4b1dbfdf3fa1e81,119446
ADDED,Visualizations (O.4D era)/a6207c91-ebaa-4cc8-b7d3-73ce995abef5.png,,dc1004a3aa6373840f3d461ef96bb784cc1134da,1617763
ADDED,Visualizations (O.4D era)/eigenvalues.png,,1f18a5f8589bb2b4362772d8c100b584bad9abe7,31989
ADDED,Visualizations (O.4D era)/localizedmetricoutput (1).png,,6890e71dbc2adbba3c22cb757c5bbb997c4f119e,103678
ADDED,Visualizations (O.4D era)/output (1).png,,90dcb9fc7a03eb12a454deabaa3e0205882c23be,71968
ADDED,Visualizations (O.4D era)/output (10).png,,a37acd107cdb33f608cbd909cb78729a2c2598f0,291643
ADDED,Visualizations (O.4D era)/output (11).png,,38b6656b7d227912b4f09dca9f0e46e06309b782,301197
ADDED,Visualizations (O.4D era)/output (12).png,,3cfc9f89224463ee4a6f9bbe692a7fe3ddb7bb11,306110
ADDED,Visualizations (O.4D era)/output (13).png,,ece6bbc7d8eea8ff1ca5506a35202166ad0b3f9b,263361
ADDED,Visualizations (O.4D era)/output (14).png,,3a2adc7a6d73bfeab40b5a28281b9897a0515957,261953
ADDED,Visualizations (O.4D era)/output (15).png,,8e8c59f91e182ce0b96d198d00a7a496e2818b4b,259150
ADDED,Visualizations (O.4D era)/output (16).png,,4349eb14e4e9819a947fd90f1dbd7e8a50907861,125547
ADDED,Visualizations (O.4D era)/output (2).png,,569601988e6b941cd33c38fad3ccefec8a40b7ee,131066
ADDED,Visualizations (O.4D era)/output (3).png,,5c4b4aeb625869644969314c80493d680e961544,114386
ADDED,Visualizations (O.4D era)/output (4).png,,03af486cb6713d4e2db17e01839e6d78167bd1e2,99076
ADDED,Visualizations (O.4D era)/output (5).png,,97c25840e75b90d275157a502d7b2dca63673bd7,288787
ADDED,Visualizations (O.4D era)/output (6).png,,36c51bd651d90721cc92a3f15773083462409844,275436
ADDED,Visualizations (O.4D era)/output (7).png,,333bfb640c309a41ae2728f5c055537cb512fd3c,266278
ADDED,Visualizations (O.4D era)/output (8).png,,3e21cf7bde66180d9d5c88163b48b07dcb984e48,287903
ADDED,Visualizations (O.4D era)/output (9).png,,97c25840e75b90d275157a502d7b2dca63673bd7,288787
ADDED,Visualizations (O.4D era)/output.png,,ab75bf8e130e56cd91ce514b3804fa07df270050,75361
ADDED,Visualizations (O.4D era)/phase_vii_output.png,,e80840a3e5e381f2615f1060a4ed07e7ac1e7dde,85701
ADDED,Visualizations (O.4D era)/refractive_index_modulation.png,,2aceadbf2c72f77579c104da16448f822e663fe0,158998
ADDED,Visualizations (O.4D era)/riccioutput (1).png,,6890e71dbc2adbba3c22cb757c5bbb997c4f119e,103678
ADDED,WHIRLIGIG -- REDEFINING SUCCESS.txt,,fa7d8d419eb1e7c1b356816d73eec5453915ae10,268666
ADDED,WHIRLIGIG SUMMARY (nolat).pdf,,0eebc5a664fd520c81120fdef8fdff5dadbe96ff,3256732
ADDED,WHIRLIGIG SUMMARY-1.pdf,,0eebc5a664fd520c81120fdef8fdff5dadbe96ff,3256732
ADDED,WORKING_GROUP_1.txt,,dcadbd209733356a6b76c78d99df967e43842814,30265
ADDED,WORLDTUBE THOUGTS.txt,,735f2a95e492944a244d1ceba31f33b6b5606119,22662
ADDED,Wanna_Bounce_.pdf,,522a03f355850f74a63d22c3d7d997f2327134b8,670811
ADDED,Wavefront_BrainTrust_Captioned.pdf,,89eecc89bea4a88f5a0de0720eac110f3991e8a0,420035
ADDED,Whirligig SAT Framework — raw.json,,daad991a7dace4c2a1d157f8939b86dc04d3d732,43786
ADDED,Worldlines.txt,,1c86774915c8ea9255798a07d06891afe0f23549,41828
ADDED,[VISUAL_INSP].pdf,,957a84b31cfca7c6cf69c741f66e478a6ef7de8e,2566917
ADDED,[[H(s)H continuous_ns_whirligig]].zip,,cea83140dbeb1f463a6ffaf24a4b15fb44e40632,7157328
ADDED,[[H(s)H continuous_ns_whirligig_solver_source]].zip,,9407b4ddbe3a0423fe806e02140ce119fe0cb7f9,9573
ADDED,[[H(s)H continuous_whirligig_v1]].zip,,e95a1700967fb1fabcbf4765baa9b597d99c8b6a,5876522
ADDED,[[H(s)H hsh_spherical_backend_v0.1]].zip,,717dba36b931b7898baec2bebbe128c607c864cc,20569
ADDED,[[H(s)H live_scan_smoke_v033_test3_results]].zip,,d3a8fecebf31d9419c577bd07acd1f09e27f8f03,3572887
ADDED,[[H(s)H runs]]/baseline/01_sphere_state_curves.png,,33a5da457bd4d3ccfc9397652f4e9b30d9d7657e,251063
ADDED,[[H(s)H runs]]/baseline/02_whirlygig_torus_trace_limited.png,,6f74049b587ccd50acceed7b32ce93b2d03f4595,416687
ADDED,[[H(s)H runs]]/baseline/02_whirlygig_torus_trace_raw.png,,aae1465b622c7f6081dd487b45b2dccef3f2acbd,452456
ADDED,[[H(s)H runs]]/baseline/03_residual_profile.png,,9b759868baf6154f092986c4ab03012a04023fc4,61345
ADDED,[[H(s)H runs]]/baseline/04_limiter_profile.png,,d20d340927ea6c7917734e23467b5b07fa715f1b,45643
ADDED,[[H(s)H runs]]/baseline/curvy_lisa_trace.csv,,f173d976bbeae08fc0a61bc541a43f93833d92ff,74117
ADDED,[[H(s)H runs]]/baseline/residual_scan.csv,,696ec11be5a648de5bab43b6bade36ee3f876c33,1875
ADDED,[[H(s)H runs]]/baseline/run_report.json,,898188da1411cfbab601e4aac0f9e82f256118fb,15653
ADDED,[[H(s)H runs]]/baseline/sphere_curves.csv,,7c8a09de4a05e7628eb05b75a6a1a73e89189767,44196
ADDED,[[H(s)H runs]]/baseline/target_equations.txt,,936ed435eb522996325a3fd5b5b6955f8fc6722a,680
ADDED,[[H(s)H runs]]/eps005/01_sphere_state_curves.png,,42646abaf73b65c3e6f88b05ac8d112249c4ff87,243425
ADDED,[[H(s)H runs]]/eps005/02_whirlygig_torus_trace_limited.png,,2329a8281add956c05cbd8b418dc9635aaaadd05,416149
ADDED,[[H(s)H runs]]/eps005/03_residual_profile.png,,334c785f433c86107f40bb5834c4bc72e27c527f,59983
ADDED,[[H(s)H runs]]/eps005/04_limiter_profile.png,,5e561895bb5a1a4ba5bc8765b29b62facbfe102e,45379
ADDED,[[H(s)H runs]]/eps005/curvy_lisa_trace.csv,,ab69726f1170b09b9f145823bb3e837c241da0fd,111218
ADDED,[[H(s)H runs]]/eps005/residual_scan.csv,,f35b919a23b677947360159feec00a9bcb16c1b1,3278
ADDED,[[H(s)H runs]]/eps005/run_report.json,,ee5f28ef311eb2aff0a24d886cf46d48a052882f,20228
ADDED,[[H(s)H runs]]/eps005/sphere_curves.csv,,d2645bdd1a617b2b7dffe0359a8fd3c6727090bf,66297
ADDED,[[H(s)H runs]]/eps005/target_equations.txt,,936ed435eb522996325a3fd5b5b6955f8fc6722a,680
ADDED,[[H(s)H runs]]/smoke/01_sphere_state_curves.png,,37ce79d83fc2b472c41904fbf8f6bc4e501dda78,250745
ADDED,[[H(s)H runs]]/smoke/02_whirlygig_torus_trace_limited.png,,1a48a820802a0d886af3ca84be4fa8b60ca6199c,407073
ADDED,[[H(s)H runs]]/smoke/03_residual_profile.png,,3d84ab424d1c08ffb44777ca3e6008f0f443370a,58671
ADDED,[[H(s)H runs]]/smoke/04_limiter_profile.png,,8ff7f48192721f614e09cebbf94e79d936f96d3e,46445
ADDED,[[H(s)H runs]]/smoke/curvy_lisa_trace.csv,,6f373c2d1d5f15b14167f29cc212dda426b9dc26,18526
ADDED,[[H(s)H runs]]/smoke/residual_scan.csv,,5e56fd822206aebee0cba207519b184d55d389a0,452
ADDED,[[H(s)H runs]]/smoke/run_report.json,,37a2e669872c1057609a89d75f7f9be63625d2f1,7291
ADDED,[[H(s)H runs]]/smoke/sphere_curves.csv,,822f704fb766909ef671fa1a0dd0bfa800f0a8da,11025
ADDED,[[H(s)H runs]]/smoke/target_equations.txt,,936ed435eb522996325a3fd5b5b6955f8fc6722a,680
ADDED,[[SAT PARADIGM]]/SAT ARCHIVE — ARCHIVE CHAT.txt,,8ccb322fd7f4ecd7501a7186a86229b8c2ad92ca,89014
ADDED,[[SAT PARADIGM]]/SAT PARADIGM arX — ARXIV ROUNDUP.txt,,10102d1dff60493be0024c5fc6dcbd945588aeb8,31482
ADDED,[[SAT PARADIGM]]/SAT PARADIGM arX — GENERAL RELATIVITY.txt,,5aad940216feb50ff4154b3466f733dfb61d3c76,150800
ADDED,[[SAT PARADIGM]]/SAT PARADIGM arX — HUMAN-COMPUTER INTERACTION.txt,,e8c3fb806719430098448ae039646d26d35bf5c9,19489
ADDED,[[SAT PARADIGM]]/SAT PARADIGM arX — arXiv stats.txt,,c5a20c4fc201f28e624de815881333726816ac75,6742
ADDED,[[SAT PARADIGM]]/SAT PODCAST — DEBATING AI BIG STATS.txt,,b8ae90c7db5682137bc2950f4e0f40392ca00db3,30431
ADDED,[[SAT PARADIGM]]/SAT PODCAST — recent podcasts .txt,,9f528fc15aaa1fd860b15ad8a0de8a17046a33f2,5962
ADDED,[[SAT PARADIGM]]/SAT TIMELINE [old].txt,,187d307853c070bb767ff034a89c7dd6fcc96df5,210244
ADDED,[[SAT26 TOOLBOX]]/H(s)H FIRST BUILD.txt,,3e38d26c2bcec46f1a15e508b8794db6ba06bea6,199916
ADDED,[[SAT26 TOOLBOX]]/H(s)H STRUCTURAL SKETCH.txt,,64906501d01db12171d3a2e58dc4fd0140d2784d,249702
ADDED,[[SAT26 TOOLBOX]]/HsH SUGGESTIONS + RECCOMENDATIONS.txt,,b58f2b5d74d101ce0d82725eb9b3ea611cdef30a,99659
ADDED,[[SAT26 TOOLBOX]]/HsHtoolkit_manifest.csv,,60078b8421f9b5eb722578a4337722f01292965c,11469
ADDED,[[SAT26 TOOLBOX]]/SAT to H(s)H TRANSITION.txt,,39c20f590e8272d054e3d8f5686c3642b1efd824,1261607
ADDED,[[SAT26 TOOLBOX]]/SAT26 MATH ROUNDUP.txt,,1f690930cdd585e0db6e7c29cdfcd6e25d49127e,4425
ADDED,[[SAT26 TOOLBOX]]/SAT26 THOUGHTS ROUNDUP.txt,,2832f497c8c52d8433201a868633a1641eba45ca,27225
ADDED,[[SAT26 TOOLBOX]]/SAT26 VETTING TEMPLATE.txt,,13e1a233afb6b8ae0f4f9b6db3755db22e721736,7328
ADDED,[[SAT26 TOOLBOX]]/THE SPHERES.txt,,6d117838153e554b247b33308f573a3b3509e073,916278
ADDED,[[[SAT26_BIGBOOK]]].txt,,c049d8246ae7d92d274377ac90c19d89e886249a,10508800
ADDED,[[[SAT_2025-26_PRED-POST]]].txt,,d1bf6690fdf18e77adccc87332f87bf017bd6379,19125712
ADDED,[[[SAT_2025_DERIV]]].txt,,2ed5f4e6ba465f6d00664ad3820c8cc4c86ebdc1,241293
ADDED,_AI_REQUESTS/pdf_extract_request.json,,571b152cac38cb722753ea68172dc1b97d7ceb15,260
ADDED,_AUTO_EXTRACTED_TEXT/ ..✅ BOSONIC_TIME.txt,,b4a35612016ce24792989622b3258507ea647bb5,33839
ADDED,_AUTO_EXTRACTED_TEXT/ ..✅ SAT CORE.txt,,0ad3697b82404a52d180b78a9cbcb7b13b585d32,11273
ADDED,_AUTO_EXTRACTED_TEXT/ ..✅ SATOBLOC_pre_lean.txt,,0cb25f08145e8f607ec0b41fb0eea096911cd152,4665
ADDED,_AUTO_EXTRACTED_TEXT/ ..✅ Satobloc Core.txt,,5b6abb52970e2ad3f279e8d6d888e88377e79740,8296
ADDED,_AUTO_EXTRACTED_TEXT/ ..✅ WANNA BOUNCE?.txt,,f90483b03aaa63114754c52549e4b7b69e01b1b9,106000
ADDED,_AUTO_EXTRACTED_TEXT/###. THEORY REFINEMENT SUMMARY.txt,,6e76809a3bd989695db50f723eecb2d627c11dae,60789
ADDED,_AUTO_EXTRACTED_TEXT/% BIG PAPER (nolat).txt,,29cfa060a6fb83faef5920a470ba650b89e780a1,9325
ADDED,_AUTO_EXTRACTED_TEXT/0PHYS_REV_D_V_1_Submission.txt,,2ea110aff27297888b5dba382082bec3f9a86697,5011
ADDED,_AUTO_EXTRACTED_TEXT/2025.10.29+Prototype+Fact+Sheet.txt,,e74dd0bd52059eebcd8ccf90e60a1692ee0e78d4,8426
ADDED,_AUTO_EXTRACTED_TEXT/25 SAT VERSIONS.txt,,f32305875aa22144468f2926bd347438277f72aa,238680
ADDED,_AUTO_EXTRACTED_TEXT/2PHYS_REV_D_V_1_Submission.txt,,413b0e8663e3b9fa23033f1fc4bcc359705adcb0,3539
ADDED,_AUTO_EXTRACTED_TEXT/3PHYS_REV_D_V_1_Submission.txt,,4c900299fe732bc71e6ef87799a6b6f0a8d9e69f,2355
ADDED,_AUTO_EXTRACTED_TEXT/4DHH LAGRANGIAN (nolat).txt,,24d202bdbc79f3c0d83cfd8a9db584479eed5444,43427
ADDED,_AUTO_EXTRACTED_TEXT/4PHYS_REV_D_V_1_Submission.txt,,0045d726875aa1ed3c758f812fa237f0eefe5754,4137
ADDED,_AUTO_EXTRACTED_TEXT/Audit Code Package Construction Guide.txt,,97a28dcb7c574bbb1e4d7b7928fb3eed67e66dd3,18298
ADDED,_AUTO_EXTRACTED_TEXT/BARYGENESIS (nolat).txt,,e40fc6f0a56f7c57ab9cb85718b8e211b5bca745,64615
ADDED,_AUTO_EXTRACTED_TEXT/BIG PAPER 5 SAT_DATA_FITS.txt,,9eb692a712c3e3f7aa24017a25b8d706da104aa4,12110
ADDED,_AUTO_EXTRACTED_TEXT/BOSONIC_SATOBLOC.txt,,d8ce0ea79c22036b9899645e3a1054830603d85e,33831
ADDED,_AUTO_EXTRACTED_TEXT/BOSONIC_TIME.txt,,0679fa07b49dff60724da12b7e9096136fb9a806,11267
ADDED,_AUTO_EXTRACTED_TEXT/COLLECTIVE ATTENUATION AND OTHER SOLUTIONS TO ANOMALIES (nolat).txt,,4102214478549a2882a187dfb4b08d44788bbac4,10161
ADDED,_AUTO_EXTRACTED_TEXT/COMBINED/2026_Paradigm_SAT_PARADIGM_TIMELINE_COMBINED.txt,,b6984a39e80f953a6b6a582310ffafed49f4e4e9,733256
ADDED,_AUTO_EXTRACTED_TEXT/CORE PACK 2.txt,,718cef7a34e9fc498cf4e46027914f981722ce57,2915
ADDED,_AUTO_EXTRACTED_TEXT/CORE PACK.txt,,219be124e03e673c56e72d6566313014838ee13d,2913
ADDED,_AUTO_EXTRACTED_TEXT/Cauliflower_Worlds.txt,,6b8aabd42c3b53ecc12c78e237e9eadf3c39c329,4599
ADDED,_AUTO_EXTRACTED_TEXT/Consciousness_of_AI.txt,,74b2b0eded1a3a9c5351f1b9682bece9b6fb4cc3,13875
ADDED,_AUTO_EXTRACTED_TEXT/ConsensusPro_Annotated_Captions_Cleaned.txt,,6f6e60aa6d1ffd58857eb92fc50f05e413d667d9,1880
ADDED,_AUTO_EXTRACTED_TEXT/DERIVATIVE INDICATRIX (nolat).txt,,9826b81332967fd08493e4ec6360707e874a773d,15053
ADDED,_AUTO_EXTRACTED_TEXT/DIMENSIONAL_NORMALIZATION.txt,,e7e16f5a1480c1bed98bd0e451c312b15e58cb79,21357
ADDED,_AUTO_EXTRACTED_TEXT/Early_Code_Outputs_Documented.txt,,db9b451e4cd2c525a4c68e250c5cbf71bc657166,1681
ADDED,_AUTO_EXTRACTED_TEXT/FINAL AUDIT PRE-CONDITIONING 2.txt,,619941ff81e92cac37fc6f0bff1a1e6d593a996d,171708
ADDED,_AUTO_EXTRACTED_TEXT/FINAL AUDIT PRE-CONDITIONING.txt,,8c554af1d3852ade53106bccdc0bc4dec6e28ffa,171706
ADDED,_AUTO_EXTRACTED_TEXT/FINAL.txt,,69f6da01ea4b0a336a4ed5b7ac0a12c781619f32,43496
ADDED,_AUTO_EXTRACTED_TEXT/FINDING THE DONUT (nolat).txt,,a788b5cc415f90de2d0382d3596ef07d68604687,58315
ADDED,_AUTO_EXTRACTED_TEXT/FULL_THEORY.txt,,2717d54d89f6c70f6283eda905f5528e08e8d041,20809
ADDED,_AUTO_EXTRACTED_TEXT/GLITCH (nolat).txt,,b100d5dde2ad043b8723995e05103352c11808a9,14595
ADDED,_AUTO_EXTRACTED_TEXT/GPT_Tools_and_SAT-Naive_Analysis_Captions.txt,,4f77817dd563c331687f6983dd77eeeb04c15512,2664
ADDED,_AUTO_EXTRACTED_TEXT/GPT_Tools_and_SAT-Naive_Analysis_Captions_FINAL_SAFE.txt,,7e0647320c7d273133259d1918b1889d5ee476b2,2525
ADDED,_AUTO_EXTRACTED_TEXT/GRAVITATIONAL NANOSTRUCTURE (Nolat).txt,,b1ef79451913d5602e9d6ce48cc592d0a9bcbd97,7872
ADDED,_AUTO_EXTRACTED_TEXT/How hard is it to make a first principles estimate of an element’s… 2.txt,,85120d27cae1ea0aad5f6766d9c9c937699d4bca,164142
ADDED,_AUTO_EXTRACTED_TEXT/How hard is it to make a first principles estimate of an element’s….txt,,54306720e71a6252ebb8aac60bdd0fa6ae9e5b53,164140
ADDED,_AUTO_EXTRACTED_TEXT/LAB2_SAT_Dirac_And_Coupling_Closure_ReportLab.txt,,135317a82f257f0bfa74f236623219cd1b00f578,1396
ADDED,_AUTO_EXTRACTED_TEXT/LAB2_SAT_Dirac_Brackets_And_Closure_3D.txt,,2d1ee5619a02b1c8b95f4ece84a48aedba8dcf9e,1376
ADDED,_AUTO_EXTRACTED_TEXT/LIGHT CONES AND ENTANGLEMENT (Nolat).txt,,720668b4d623e8edc106e546e49bb2fed6b8304d,12268
ADDED,_AUTO_EXTRACTED_TEXT/Lab2_Lagrangian_Captioned.txt,,cf9f9cd73b02d143c9d605d7b5d321e3fd21b358,1644
ADDED,_AUTO_EXTRACTED_TEXT/Lab2_Lagrangian_Evolution.txt,,0563dcfea0783276d8a857555f18fd9ac79162e3,8894
ADDED,_AUTO_EXTRACTED_TEXT/MARCH 12 SYNTHESIS (nolat).txt,,f77f8b4d82bb632586e2a7e7996ebcf9716988a5,30593
ADDED,_AUTO_EXTRACTED_TEXT/MEMORY.txt,,30d7393afb95ba6a863acf498824b92e882bc450,27373
ADDED,_AUTO_EXTRACTED_TEXT/MINKOWSKI PROPER 2.txt,,92a6959c49c71a292e568f9f6768c90ec5edfb31,13139
ADDED,_AUTO_EXTRACTED_TEXT/MINKOWSKI PROPER.txt,,d947b88277a738b414b0cad7a4acef6a6d570842,13137
ADDED,_AUTO_EXTRACTED_TEXT/McKnight_N_SAT-QR.txt,,41ab494c1bde543034e27ebe7f9a358cd425b1f8,3732
ADDED,_AUTO_EXTRACTED_TEXT/McKnight_et_al_SAT_Whitepaper_Number_One_02Jun25.txt,,2f812a4e60a702f2294ef41b6e56568de5d3650a,73263
ADDED,_AUTO_EXTRACTED_TEXT/Minimal Introduction (SAT O era).txt,,9b32719d529b52b8d2ffc732d7c29b33086b2a8c,4549
ADDED,_AUTO_EXTRACTED_TEXT/Minkowski-1-6 2.txt,,a1985a229b9edd08b7e6a8d2271eb694054da72a,13136
ADDED,_AUTO_EXTRACTED_TEXT/Minkowski-1-6.txt,,c21aa98971b9eb94daecc147735b1d743f71b055,13134
ADDED,_AUTO_EXTRACTED_TEXT/NSATOBLOC_pre_lean.txt,,2ea1e381fd69ffda885af396d9481ef56f41701e,7303
ADDED,_AUTO_EXTRACTED_TEXT/NotebookLM_Captioned_Archive.txt,,01bb5f8d8f5420a667b89a587827b83182347c50,911
ADDED,_AUTO_EXTRACTED_TEXT/OLD BIG PAPER SAT_4D_LEGACY_REFERENCE.txt,,a5bf8e173ecea98fe4729c42bcf7281feed74f54,128015
ADDED,_AUTO_EXTRACTED_TEXT/ONE FILE SAT 2.txt,,a8767b229d757473e5cb3f8501d88742b14bfdad,36766
ADDED,_AUTO_EXTRACTED_TEXT/Orders and Q numbers 2.txt,,b2e6c72fcb91b94252092523df90268de92a1693,5667
ADDED,_AUTO_EXTRACTED_TEXT/Orders and Q numbers.txt,,5a1d72f012dcbd5bbf2681593bba005c15741d1e,5665
ADDED,_AUTO_EXTRACTED_TEXT/PHYS (nolat) 2.txt,,eea40a338aca813e23038bc97306d07ad640140a,11248
ADDED,_AUTO_EXTRACTED_TEXT/PHYS (nolat).txt,,70dcf8ac7e102228210d4a40b0991959fe5bf196,11246
ADDED,_AUTO_EXTRACTED_TEXT/PROTOTESTPRINT.txt,,d18d88a43cfdabf4af8d25c401eb0c90827b2b3e,582
ADDED,_AUTO_EXTRACTED_TEXT/PROTO_RESUME 2.txt,,e38fad273dd43fd4806a72fe90fd5fa458e38ff2,5905
ADDED,_AUTO_EXTRACTED_TEXT/PROTO_RESUME 3.txt,,ace16947f8cdbd66fc3dc851bcbe2727e27bbb94,2772
ADDED,_AUTO_EXTRACTED_TEXT/PROTO_RESUME-back.txt,,e6c477512f946d07ae5f0f4b8e93e2741c909b0f,5908
ADDED,_AUTO_EXTRACTED_TEXT/PROTO_RESUME-front.txt,,5fa62ef5d7f360743772c7e1b6d54ce1f6929799,1586
ADDED,_AUTO_EXTRACTED_TEXT/PROTO_RESUME.txt,,f3a2c9b1aec6ab3f5293a8b02478b3f39dd290fc,1580
ADDED,_AUTO_EXTRACTED_TEXT/PULSAR GLITCH (Nolat).txt,,b3ddd54ad0e05957890e2f8e24a36427ad24d6c1,10379
ADDED,_AUTO_EXTRACTED_TEXT/PULSAR_PAPER.txt,,b7f42e7b677624b9821c79f0fe2b45f49bb422ad,5166
ADDED,_AUTO_EXTRACTED_TEXT/Photoneutrino Sector (nolat).txt,,c043ba16a7c52e09693bd5a7c85cb31a83af5fff,7453
ADDED,_AUTO_EXTRACTED_TEXT/Proof1).txt,,dcbfd21f5ceca4c750a93ab4530c4670bbe9db8e,4912
ADDED,_AUTO_EXTRACTED_TEXT/ProtoRes.txt,,bd261f16a6de8688c26a7070e60fcc8be198578c,5323
ADDED,_AUTO_EXTRACTED_TEXT/QUANTUM GRAVITYFOAM (nolat).txt,,cb29e5cb470325fe38fcbf3fb2734bc89c09a460,7275
ADDED,_AUTO_EXTRACTED_TEXT/Relativistic–Quantum Isomorphism (nolat).txt,,2aab6367b26619f1c8fe51a002bfa8146fed7098,5601
ADDED,_AUTO_EXTRACTED_TEXT/SAT 20 Minimal Intro.txt,,a516fbdb95775fbd20d7ff30d6b2f4b2f6ede509,3196
ADDED,_AUTO_EXTRACTED_TEXT/SAT PARTICLE ZOO LAGRANGIAN (nolattice).txt,,d3ba17b60d87c379618c2ad8cb1a9188bb2e9db9,125926
ADDED,_AUTO_EXTRACTED_TEXT/SAT Tester 2.txt,,816314d2a9982e3851abbc467381c38e5f1c10f5,9782
ADDED,_AUTO_EXTRACTED_TEXT/SAT Tester.txt,,c5f6b6c8a9fe3088d825333a1ba62ff7acc32a7c,9780
ADDED,_AUTO_EXTRACTED_TEXT/SAT.4DHH.UC.txt,,c3c63e983663a1648aa78ce9f591c28e7997f055,199310
ADDED,_AUTO_EXTRACTED_TEXT/SATOBLOC 2.txt,,b3cb5487bd463a437fee78d71c01b8caa8855585,5241
ADDED,_AUTO_EXTRACTED_TEXT/SATOBLOC.txt,,93f80705db9f34a29e56589e0cc0d92427454d8b,5239
ADDED,_AUTO_EXTRACTED_TEXT/SATOBLOC_pre_lean.txt,,8929ed3fa4a488ff23925ee98453f56839f125fb,4655
ADDED,_AUTO_EXTRACTED_TEXT/SAT_2026.txt,,9178800bdc318373f24c615637f9de1d9d9eb101,4253
ADDED,_AUTO_EXTRACTED_TEXT/SAT_4DHH_UC.txt,,b989abdb1f278db771704e5609a3b64ed7360149,4027
ADDED,_AUTO_EXTRACTED_TEXT/SAT_4D_LEGACY_REFERENCE.txt,,038e2d249856da52b9cad9a0a6329ad56990bb75,128001
ADDED,_AUTO_EXTRACTED_TEXT/SAT_4D_LIVE_DRAFT-10Jul2025 - Copy.txt,,75fa60ebd9273995332437ff10dbf7c069620b40,132647
ADDED,_AUTO_EXTRACTED_TEXT/SAT_CLEAN.txt,,f4b9cd1274a130ed1ea8122c340361405c4530ff,32865
ADDED,_AUTO_EXTRACTED_TEXT/SAT_DATA_FITS.txt,,c4f8d78c8e1dc7a862c72cef1291c4dde3da5b15,12098
ADDED,_AUTO_EXTRACTED_TEXT/SAT_Errata_and_Wordcount_Overview.txt,,d50cf0fb1b16b9845f72e5292c3a43d23046b40b,9434
ADDED,_AUTO_EXTRACTED_TEXT/SAT_Framework_Final_Report_Cleaned.txt,,822d7eb1735d34bb07b5ee1dacb6ed7bbe5c30bd,2900
ADDED,_AUTO_EXTRACTED_TEXT/SAT_Framework_Report_Plain.txt,,fe7ab43fee5369a9366c316b28678cb6fb2942ce,1444
ADDED,_AUTO_EXTRACTED_TEXT/SAT_LAB1_Composite_Binding_Simulation_Report.txt,,34dcc7eddaeaea0358f48c7e19ae6c009dbe04f3,1631
ADDED,_AUTO_EXTRACTED_TEXT/SAT_LAB1_Energy_Tau_Results.txt,,c1fb4db40bd22b05784446a79fb555d59a1eaff9,1508
ADDED,_AUTO_EXTRACTED_TEXT/SAT_LAB1_Full_Annealing_Radial_Kink_Report.txt,,7ad459579f5fca0ce81199bda2c428e2acdf4532,1640
ADDED,_AUTO_EXTRACTED_TEXT/SAT_LAB1_Full_Annealing_Radial_Kink_Report_REGEN.txt,,97fd7f534df6ec2ae5e5adee97644c66edf285f9,1646
ADDED,_AUTO_EXTRACTED_TEXT/SAT_LAB1_Radial_Fringe_Falsifiability_Report.txt,,840dd5761751720ee65efb5bd1d07457ab092b97,1546
ADDED,_AUTO_EXTRACTED_TEXT/SAT_Lab1_Visuals_Compiled.txt,,abc48e1a1367288b2d024c456318c73fd76a5fe4,1741
ADDED,_AUTO_EXTRACTED_TEXT/SAT_Lab1_Visuals_Landscape.txt,,5d55749060487038ecf87bf7ef1504e73086a0e8,2373
ADDED,_AUTO_EXTRACTED_TEXT/SAT_Lab1_Visuals_Landscape_Scaled_Fit.txt,,6b5c1c0e959c8213f4cf4ac80bbfc1cb766f6e1b,1699
ADDED,_AUTO_EXTRACTED_TEXT/SAT_O1.txt,,bd244e49c6b668a72131b4f195e32820d4540746,4523
ADDED,_AUTO_EXTRACTED_TEXT/SAT_O2.txt,,202d202e69c39c9eb12a52998a7c09c4c699a693,2366
ADDED,_AUTO_EXTRACTED_TEXT/SAT_O3.txt,,d876a891c0e001022090e9f2eb6fe36e94e0a203,2529
ADDED,_AUTO_EXTRACTED_TEXT/SAT_O4.txt,,ebd364841b246262425a8c03177ba4b4c1b858d4,3429
ADDED,_AUTO_EXTRACTED_TEXT/SAT_O5.txt,,7ebff56fe6b9ce5f46ab8a2e6d7c1ed7dbe15ec3,2022
ADDED,_AUTO_EXTRACTED_TEXT/SAT_O6.txt,,436d0a99d00ec1e266e66ca21f90b2d60f02bfbc,1984
ADDED,_AUTO_EXTRACTED_TEXT/SAT_O7_tentative.txt,,85e626bd64623b829b185d5b599ad7acb74d7bb8,3693
ADDED,_AUTO_EXTRACTED_TEXT/SAT_O_Glossary_1.txt,,7ee981d6a9f8dd545c360d3738e51c596420e830,2848
ADDED,_AUTO_EXTRACTED_TEXT/SAT_ST_integration_test.txt,,8e1d63de0ea24b780d827fd5a2c9125db1e4a3e5,67170
ADDED,_AUTO_EXTRACTED_TEXT/SCALAR_ANGULAR_TORSION___PHYS_D_FINAL-10.txt,,0c1f726cea2630cfb8003db4ad7bc944fc4e5f02,5831
ADDED,_AUTO_EXTRACTED_TEXT/SCALAR_ANGULAR_TORSION___PHYS_D_FINAL-11.txt,,943910b3a00ae4fa34b1881f29b4d8076f91f3cf,5601
ADDED,_AUTO_EXTRACTED_TEXT/SCALAR_ANGULAR_TORSION___PHYS_D_FINAL-12.txt,,5e6c5b096db9ad7407b93cffcb1e723a4afac455,5740
ADDED,_AUTO_EXTRACTED_TEXT/SCALAR_ANGULAR_TORSION___PHYS_D_FINAL-13.txt,,2c2b54e18b346a9ffcb2ad3e8d9ce76fe878eae3,6963
ADDED,_AUTO_EXTRACTED_TEXT/SCALAR_ANGULAR_TORSION___PHYS_D_FINAL-14.txt,,237e68042ae782d33fce971737fb541aa37df7a1,775
ADDED,_AUTO_EXTRACTED_TEXT/SCALAR_ANGULAR_TORSION___PHYS_D_FINAL-2.txt,,41feba68407d07733f90a378da560463ef17974a,6162
ADDED,_AUTO_EXTRACTED_TEXT/SCALAR_ANGULAR_TORSION___PHYS_D_FINAL-3.txt,,3710d3a4962f8d9855ad1724d8d1a21f608c6b59,5459
ADDED,_AUTO_EXTRACTED_TEXT/SCALAR_ANGULAR_TORSION___PHYS_D_FINAL-4.txt,,d01604c72300a03147c0f2f5eaae7e60bff88150,6310
ADDED,_AUTO_EXTRACTED_TEXT/SCALAR_ANGULAR_TORSION___PHYS_D_FINAL-5.txt,,662d998c583b2fbe7ce464523c9caba189781551,5225
ADDED,_AUTO_EXTRACTED_TEXT/SCALAR_ANGULAR_TORSION___PHYS_D_FINAL-6.txt,,bd93e03a38793ccfcec601811497023f3ff7e17a,6199
ADDED,_AUTO_EXTRACTED_TEXT/SCALAR_ANGULAR_TORSION___PHYS_D_FINAL-7.txt,,21a4c0536c714483b3af81f617eb9200fb89ebd4,6079
ADDED,_AUTO_EXTRACTED_TEXT/SCALAR_ANGULAR_TORSION___PHYS_D_FINAL-8.txt,,1716aae3fdd7f6b12de865ef7a82df63b65a9026,5708
ADDED,_AUTO_EXTRACTED_TEXT/SCALAR_ANGULAR_TORSION___PHYS_D_FINAL-9.txt,,7e0055535bc34b9c6d8c46436969717b68c57d5a,5088
ADDED,_AUTO_EXTRACTED_TEXT/SCALAR_ANGULAR_TORSION___PHYS_D_FINAL.txt,,4571774cd21e6ee3b79455de80359de34a9ba60c,5524
ADDED,_AUTO_EXTRACTED_TEXT/SSATOBLOC.txt,,2f3fc21516500d0e2189ee7d4ed47db8f1764d48,9090
ADDED,_AUTO_EXTRACTED_TEXT/ST-QM-GR-SM (nolat).txt,,09751ca99b8d0a23e0b5a9f3667f336d522a4142,12442
ADDED,_AUTO_EXTRACTED_TEXT/STANDARD ATOM (nolat).txt,,b344c9de90417e40578741bdb4a4ce4c82fb1b6d,26009
ADDED,_AUTO_EXTRACTED_TEXT/STANDARD ATOM.txt,,a83c5617d58805be246bf1865e3decbec995cc5b,23335
ADDED,_AUTO_EXTRACTED_TEXT/Scalar-Angular-Twist.txt,,e2888ea840c35604539e714ef917419ebb1a3772,38441
ADDED,_AUTO_EXTRACTED_TEXT/Submission_for_Physics_Review_D.txt,,66edf41dc20cffb6370d867d492498bbce94107d,8302
ADDED,_AUTO_EXTRACTED_TEXT/THE FUNDAMENTAL INTUITIONS — EXTENDED 2.txt,,468a04e9941165353e286b48e5a0ca27d5be58d9,12914
ADDED,_AUTO_EXTRACTED_TEXT/THE FUNDAMENTAL INTUITIONS — EXTENDED.txt,,9b94093053f28be8bf64ee227d3382d2296f63ea,12912
ADDED,_AUTO_EXTRACTED_TEXT/THE SEED 1 2.txt,,61dc713407279879bc8e0b8628711082d45154c6,49524
ADDED,_AUTO_EXTRACTED_TEXT/THE SEED 1.txt,,a22ab5710674717c22b113e117da3ccb2318e0e5,49522
ADDED,_AUTO_EXTRACTED_TEXT/THE SEED 2.txt,,0b7f6e5b3f73734f3a4ee11738ccd59f481e9501,52565
ADDED,_AUTO_EXTRACTED_TEXT/THE SEED 3.txt,,f25d427522e44a3400c6d957cd455a4e6a823aec,52565
ADDED,_AUTO_EXTRACTED_TEXT/Test (1).txt,,c1507af5b68c4fcac2b2e8d4e7cd916ad54c964f,44011
ADDED,_AUTO_EXTRACTED_TEXT/Test.txt,,88436306bd2c485fd010c65cf1244fd495fb1f71,41285
ADDED,_AUTO_EXTRACTED_TEXT/Theorizer_Emeritus_SAT_Development_Annotated.txt,,98772cbf2e7eab363fea9b2608df50c2e3d0b713,2721
ADDED,_AUTO_EXTRACTED_TEXT/This integration plan addresses your query by detailing the necessary….txt,,50df8c1b66f05a0a22f03d01d5b18f8f58dbce63,20302
ADDED,_AUTO_EXTRACTED_TEXT/UI CONFIGURATION (nolat).txt,,31dbf4858782a97ad8802ee496f89a944bf7e90f,28221
ADDED,_AUTO_EXTRACTED_TEXT/UNIT CELL.txt,,db7a50df675ee5db0f097ff3ce7ff33fa3ca3d1e,60999
ADDED,_AUTO_EXTRACTED_TEXT/Universal Indicatrix in my words CHARACTERIZATION (Nolat).txt,,a1707dffe3502d507bc405d4087a3476fc1d6cce,4173
ADDED,_AUTO_EXTRACTED_TEXT/VARIOUS LAGRANGIANS (speculative) 2.txt,,b5cda6bcf8705ed5cce0c85e1a78810954054cab,70148
ADDED,_AUTO_EXTRACTED_TEXT/VARIOUS LAGRANGIANS (speculative).txt,,51c95c892812a3ba80def45a9ea5254ff1aea8cc,70146
ADDED,_AUTO_EXTRACTED_TEXT/WHIRLIGIG SUMMARY (nolat).txt,,d8985d9f58cbbeb333c6f94de0c6dd23f900efe0,20629
ADDED,_AUTO_EXTRACTED_TEXT/WHIRLIGIG SUMMARY-1.txt,,4a7d1f1bc7496c9f4d7abea43670ab0116ca87b8,20623
ADDED,_AUTO_EXTRACTED_TEXT/Wanna_Bounce_.txt,,3049b4d30dbbacc07044de2f9c26b432c6571bbe,105993
ADDED,_AUTO_EXTRACTED_TEXT/Wavefront_BrainTrust_Captioned.txt,,2ca178f83b481a3cddba534265163530b17d4c94,1901
ADDED,_AUTO_EXTRACTED_TEXT/[VISUAL_INSP].txt,,f313fbe22a215aa6664597073cbee54899a23499,1237
ADDED,_AUTO_EXTRACTED_TEXT/_manifests/2026-09-10_root_pdf_extraction_pass_002.json,,01e7af521ffaeed1d6f33230d84a2aed390cd1aa,63235
ADDED,_AUTO_EXTRACTED_TEXT/s2Submission_for_Physics_Review_D.txt,,a7819ad580c1b251f06436b904bdc6a12864c284,10952
ADDED,_AUTO_EXTRACTED_TEXT/s3Submission_for_Physics_Review_D.txt,,6b1a651f61d795d47d6cf7091f6780751413b39d,36714
ADDED,_AUTO_EXTRACTED_TEXT/sSubmission_for_Physics_Review_D.txt,,e2f5bd1fe1f545b233b086ec702d714a0b6b4c49,39725
ADDED,_AUTO_EXTRACTED_TEXT/✅SAT BIG PAPER.txt,,69b0085c86f6c4876aacc0556243dd2fccdc0aef,208196
ADDED,_CHATGPT_ACCESS_INSTRUCTIONS.txt,,744be2ecd15b519741214654e0db7c6073dee993,9437
ADDED,_SATOBLOCKSTRING CALIBRATED/BOSONIC SATOBLOCSTRING.txt,,4ce09ea76d79b7ab1917b53751c10f935d05fe1d,399308
ADDED,_SATOBLOCKSTRING CALIBRATED/CGPT memory.txt,,571b6b61238fa2c28af700fb2c951a895e00118f,5375
ADDED,_SATOBLOCKSTRING CALIBRATED/NOVEL PREDICTOINS.txt,,89e1b60862da7a5d2e2fcc41d133e93933b3295d,68477
ADDED,_SATOBLOCKSTRING CALIBRATED/REF - Constants.txt,,63cd7f2e4302cbf135d597e9c94af4742ac21ed4,44441
ADDED,_SATOBLOCKSTRING CALIBRATED/SATO-BLOCK Hamiltonian and Hilbert Space.txt,,13b6da983ea8dcad5509b1c6941b8855a2653677,9730
ADDED,_SATOBLOCKSTRING CALIBRATED/SATOBLOC-CALIBRATED.txt,,2d9a1e5496b719253c5e0da3325be62661c6c119,15514
ADDED,_SATOBLOCKSTRING CALIBRATED/SATOBLOCK Full Theory & Predictions.txt,,3893ef0acf9009b01c58c736ec97b8df2ba74943,204044
ADDED,_SATOBLOCKSTRING CALIBRATED/leantest.txt,,bb3093e67f807ff236330aa4782653aebf768a7a,5238
ADDED,__SAT_Public_Record_Transcripts/COMP_FieldNotes_COMB_TXT.txt,,c8f3908a685e5971ad472c69cf62d59fc5dd8286,787061
ADDED,__SAT_Public_Record_Transcripts/DAI_Transcripts_COMB_TXT.txt,,ef0ea8e0632505f0dbc21f03333123101b2731ae,3798933
ADDED,__SAT_Public_Record_Transcripts/Debating A.I. On Science - 0.24 Rad — Hubble Tension and Dark Matter Solution_.txt,,c1f77af833d032f74104eed658fb0e4f2b4f5d67,59926
ADDED,__SAT_Public_Record_Transcripts/Debating A.I. On Science - A No-Tuning Universe.txt,,b643ae2d9723bcb59b43daaf3e9edd154295f50c,56762
ADDED,__SAT_Public_Record_Transcripts/Debating A.I. On Science - A Path to the Unit Cell Cosmology.txt,,678fbd5ee9c6d269667b85107106e5851a12fc93,64998
ADDED,__SAT_Public_Record_Transcripts/Debating A.I. On Science - A Screw Through the Universe.txt,,25c97a8709b9b4dcf6d1e3ee0cf3a429b77c65cd,45067
ADDED,__SAT_Public_Record_Transcripts/Debating A.I. On Science - A Theory of Everything_.txt,,5f6fe67771d75e24ee8b31e3efb395bb0dda2436,30582
ADDED,__SAT_Public_Record_Transcripts/Debating A.I. On Science - A Virtual Exploration.txt,,6c1101576bd7903995ef4218d87eff8f9320b6f4,71173
ADDED,__SAT_Public_Record_Transcripts/Debating A.I. On Science - Are Galactic Halos Frame Dragging Effects_.txt,,bc3ab67ddc9ed1f11605ade849fe5dc2c209354b,95866
ADDED,__SAT_Public_Record_Transcripts/Debating A.I. On Science - Are Particles 4D Lines_.txt,,aacd32de8fec09223d23ef1082b2026277fa04eb,72075
ADDED,__SAT_Public_Record_Transcripts/Debating A.I. On Science - Are Photons… Neutrinos_.txt,,bfc49eaf9b1d5a1f384d3fc9bb0b5e03ce5267ef,77322
ADDED,__SAT_Public_Record_Transcripts/Debating A.I. On Science - Brand New Elements_.txt,,6ed34803d72fdf963a0cc5df91bd8316623bb737,81085
ADDED,__SAT_Public_Record_Transcripts/Debating A.I. On Science - Can 4D Rotation Explain Pulsar Glitches_.txt,,579228527f148aeb7225623a131ef1f46163b2ff,57287
ADDED,__SAT_Public_Record_Transcripts/Debating A.I. On Science - Can Space Travel Turn You Into Antimatter_.txt,,9b8f414b5770ae45dd8224487d1ee4e86f4575de,77621
ADDED,__SAT_Public_Record_Transcripts/Debating A.I. On Science - Can Stars Blink Out_.txt,,2596c4e73199490bb7f8728ef301ed26316751b8,70520
ADDED,__SAT_Public_Record_Transcripts/Debating A.I. On Science - Clearing the Clutter.txt,,c48abd95861df7207154a3cf3d77452369b1f760,72137
ADDED,__SAT_Public_Record_Transcripts/Debating A.I. On Science - Did This Theory Just Solve Physics_.txt,,4a5263db48f138fd95939adec132cc41a7f4221b,38384
ADDED,__SAT_Public_Record_Transcripts/Debating A.I. On Science - Did We Just Win Physics_.txt,,aaf238892398ec9b07a4b68b881c61ce342c3bbd,71908
ADDED,__SAT_Public_Record_Transcripts/Debating A.I. On Science - Do Stars Act Like Atoms_.txt,,cb1d57293fa65d8a71662c4dd26f2cd62b68d8a9,71628
ADDED,__SAT_Public_Record_Transcripts/Debating A.I. On Science - Do we Live in A Classical Universe_.txt,,1194f0a31daba02c90564457c420fa741ad951f4,93316
ADDED,__SAT_Public_Record_Transcripts/Debating A.I. On Science - Doing Physics In Your Head.txt,,a799fc2b43a757be73ea053bd8f3bc7c3b5fd123,55432
ADDED,__SAT_Public_Record_Transcripts/Debating A.I. On Science - Down to the Details.txt,,c48abd95861df7207154a3cf3d77452369b1f760,72137
ADDED,__SAT_Public_Record_Transcripts/Debating A.I. On Science - Easy Theoretical Physics.txt,,f98d268a370003f7adaad607e9233742a5e4f7dc,10119
ADDED,__SAT_Public_Record_Transcripts/Debating A.I. On Science - Ending At the Start.txt,,a00fae254459ae5d6ab1e6f04cc77ef7070460d4,62897
ADDED,__SAT_Public_Record_Transcripts/Debating A.I. On Science - Everything Is A Line.txt,,c2d927c504e87b9c267b647f119a6439cc9fada7,67731
ADDED,__SAT_Public_Record_Transcripts/Debating A.I. On Science - Final Unification Rough Draft Pt. 1 .txt,,ec9f7690b008fd6306331e0427d7665a78c1076e,65214
ADDED,__SAT_Public_Record_Transcripts/Debating A.I. On Science - Final Unification Rough Draft Pt. 2.txt,,0f281f17346a93c19358b69fdc7388f229c2e924,65214
ADDED,__SAT_Public_Record_Transcripts/Debating A.I. On Science - He-3 Precision Predictions.txt,,fe0a3b0f2d5ab12e270aa461cb65b344a2290de7,92339
ADDED,__SAT_Public_Record_Transcripts/Debating A.I. On Science - How to Make Constants Make Sense.txt,,e3fdf3597d25ef4d3e2af9db60648b923c81dd83,71360
ADDED,__SAT_Public_Record_Transcripts/Debating A.I. On Science - Is Old Science Right_.txt,,5bee3c1ce02536d1818ce50bcf40a1390f5d3496,87740
ADDED,__SAT_Public_Record_Transcripts/Debating A.I. On Science - Is Quantum Gravityfoam The Answer_.txt,,d5ee830f86a366f21072fbbc0b9c7a01d179471d,50252
ADDED,__SAT_Public_Record_Transcripts/Debating A.I. On Science - Is Reality Real_.txt,,d4bd3d940d9d3518ad6e22e38172e0644b134c21,70525
ADDED,__SAT_Public_Record_Transcripts/Debating A.I. On Science - Is Time A Particle_.txt,,dba648682386c486254cb02782d6842ebc43cee3,50033
ADDED,__SAT_Public_Record_Transcripts/Debating A.I. On Science - Is this How the Paradigm Shifts_.txt,,63b937ee9273f8728bf34f1b86ea4a190688ea2e,77657
ADDED,__SAT_Public_Record_Transcripts/Debating A.I. On Science - Kissing Points & Lissajouss’.txt,,38aa0465f4bbcba331c8593e077170a65fd922b8,57297
ADDED,__SAT_Public_Record_Transcripts/Debating A.I. On Science - Light Cones and Bell’s Theorem.txt,,d6684fceaca1636adc97040b3dd2f52fa9322335,82074
ADDED,__SAT_Public_Record_Transcripts/Debating A.I. On Science - Moiré Bubble Atoms_ A New Physics_ [Meet Ellis and Morgan].txt,,15c8266b6ca04e4ce7f5cb5adfab41536f99013d,64710
ADDED,__SAT_Public_Record_Transcripts/Debating A.I. On Science - Most Extreme Periodic Table Challenge.txt,,a3408df085ef9d81cbb55815e7cf53eca54a4489,75923
ADDED,__SAT_Public_Record_Transcripts/Debating A.I. On Science - Most Extreme Physics Challenge.txt,,381500f29072484e655b98724b12417006a1cfe1,92644
ADDED,__SAT_Public_Record_Transcripts/Debating A.I. On Science - One K.I.S.S. Unification_.txt,,77d02e49e767fb027e3f0478b9da2d9a70d85d4c,83041
ADDED,__SAT_Public_Record_Transcripts/Debating A.I. On Science - Physics Changed Today.txt,,b24014729fdf57852e69ae515d63773ef42bf940,63875
ADDED,__SAT_Public_Record_Transcripts/Debating A.I. On Science - Physics Is What Physics Was.txt,,71040923c1a03cde97bafef10cef83ffdf74b31a,55310
ADDED,__SAT_Public_Record_Transcripts/Debating A.I. On Science - Physics for the Mathematically Inept.txt,,953a1dbf95ceb96b373921fec7899ca8eb9b692d,64328
ADDED,__SAT_Public_Record_Transcripts/Debating A.I. On Science - SAT Experimental Predictions Jan 2026.txt,,4200a893defc8d935ef213bf9c30440a4866a8bb,57063
ADDED,__SAT_Public_Record_Transcripts/Debating A.I. On Science - SAT Fundamental Insights.txt,,26324351f69dbc5b97de869448ea1bc57301dd0c,26556
ADDED,__SAT_Public_Record_Transcripts/Debating A.I. On Science - SAT Holy Sh_t Moments.txt,,f8ca6d3ad182fb26d8f0466d1d8a7d0a187efb1f,64882
ADDED,__SAT_Public_Record_Transcripts/Debating A.I. On Science - SAT Mark I Unification.txt,,7d31d5b3b57ecd07b89b2bd4c819dca7b755f115,94502
ADDED,__SAT_Public_Record_Transcripts/Debating A.I. On Science - Sharpening Physics.txt,,5acb514e974faf3ab4030730974e3e4d97f7ef7b,63632
ADDED,__SAT_Public_Record_Transcripts/Debating A.I. On Science - Slow Walk Through 4-Space [SAT_ Filament Physics].txt,,444bffe51cb1fe8fa91f6b39c229bb2e4cc02a1f,16303
ADDED,__SAT_Public_Record_Transcripts/Debating A.I. On Science - String Gravity Predictions H0=71.2.txt,,c66d5a56f87e33aa161a934ea495849ce8a17152,86947
ADDED,__SAT_Public_Record_Transcripts/Debating A.I. On Science - The First Open Source Theory of Everything.txt,,9d654561254dc001058a17c11173b66cb493df06,80604
ADDED,__SAT_Public_Record_Transcripts/Debating A.I. On Science - The Hubble Tension Reconciled_.txt,,697a4bef59d8bbc845c8153cbb22786d3f771657,59925
ADDED,__SAT_Public_Record_Transcripts/Debating A.I. On Science - The Map of Everything.txt,,bdc5ddd8dafa4b99fae4bd7a9560ac806459e4e7,66014
ADDED,__SAT_Public_Record_Transcripts/Debating A.I. On Science - The Scorecard.txt,,7f4678433fee6876e222f740abb78952dd6fd936,80202
ADDED,__SAT_Public_Record_Transcripts/Debating A.I. On Science - Theoretical Physics Archive Release.txt,,3898f4998bd8e64f030ebc8ac11e716db38addb4,63067
ADDED,__SAT_Public_Record_Transcripts/Debating A.I. On Science - Thoughts As 4D Objects.txt,,6cc3339ded5eb3a070785eb1758372e5335a99c2,46192
ADDED,__SAT_Public_Record_Transcripts/Debating A.I. On Science - Unification Smoking Gun.txt,,56a5479b77a80349e8610a9b1cda70bf78801cf3,68492
ADDED,__SAT_Public_Record_Transcripts/Debating A.I. On Science - Unifying the All of Physics through Geometry.txt,,3582a7907afad0e5a7d11d7ed56f988de47aa8c1,20556
ADDED,__SAT_Public_Record_Transcripts/Debating A.I. On Science - Was Minkowski Right_.txt,,2aaddc25f112e485aa202ab07a2ecffbd79b2bed,45784
ADDED,__SAT_Public_Record_Transcripts/Debating A.I. On Science - What Would Einstein Do_.txt,,ceca5a3ab2eeb701e9a971eb9202d816a2556bb5,72821
ADDED,__SAT_Public_Record_Transcripts/Debating A.I. On Science - Whirligig of Worlds to One Fully Determined Collapse.txt,,bf64b50f51fdd26351267c2e1cbef10b18d4254b,83873
ADDED,__SAT_Public_Record_Transcripts/Debating A.I. On Science - ‘Universal Indicatrix’ Renormalization.txt,,8426941daee8bd33030047916c108724e66e583a,42956
ADDED,__SAT_Public_Record_Transcripts/DebatingA.I.OnScience_EpisodeRankings_all-time.csv,,d50033462305d803a8e27f76b8f03f210d87fb52,24858
ADDED,__SAT_Public_Record_Transcripts/FULL_Scalar-Angular Theory_ Field Notes - A Lab Testable TOE.txt,,ebd7b4f043b516c583acba18ab613f6c3317ddbc,94812
ADDED,__SAT_Public_Record_Transcripts/FULL_Scalar-Angular Theory_ Field Notes - Full Unification GR-QM-ST.txt,,4b70ba98d172ff54afd86272a9b32dd4740ccf09,98123
ADDED,__SAT_Public_Record_Transcripts/FULL_Scalar-Angular Theory_ Field Notes - Lithium-7_ The First Dark Matter Horizon_.txt,,77898e91b89fb87548f92d50f3682d12b2c5cff8,56112
ADDED,__SAT_Public_Record_Transcripts/FULL_Scalar-Angular Theory_ Field Notes - Method for QM-GR Unification.txt,,f5960380728d26f9f093df29527597d1d60d49c9,114441
ADDED,"__SAT_Public_Record_Transcripts/FULL_Scalar-Angular Theory_ Field Notes - Neutrino-Photon Identity, Quantum Tunneling, and Chondrules(..!).txt",,12bdf453736c99a563f948fe3f5e0c79d7dcaa46,55778
ADDED,__SAT_Public_Record_Transcripts/FULL_Scalar-Angular Theory_ Field Notes - Post-Closure Experimental Predictions.txt,,75213c89dd03c6780624087d93b973bc0e33c20a,63990
ADDED,__SAT_Public_Record_Transcripts/FULL_Scalar-Angular Theory_ Field Notes - Prior Model Prediction Drop 3.1.26.txt,,b88be77f2504c31a8ae0c49c28dbd5fbfaf60a49,47982
ADDED,__SAT_Public_Record_Transcripts/FULL_Scalar-Angular Theory_ Field Notes - SAT’s Derivations.txt,,e47603f32b092e506822f2f3537def0f4a701b2d,53967
ADDED,__SAT_Public_Record_Transcripts/FULL_Scalar-Angular Theory_ Field Notes - The 0.239 rad Constant.txt,,05ca333e8959e28681f008f9bfc3ffcd54c3613f,61756
ADDED,__SAT_Public_Record_Transcripts/FULL_Scalar-Angular Theory_ Field Notes - The 17mK He3 λ Anomaly.txt,,be1378f22c3444b9af27d14de8f733897e7ab7bd,89560
ADDED,__SAT_Public_Record_Transcripts/FULL_Scalar-Angular Theory_ Field Notes - Timelike Twist in the Accelerator .txt,,5c3b6a7d9f8cae8ea8c4af7d883d5e8b1969da76,50540
ADDED,__SAT_Public_Record_Transcripts/SAT_FieldNotes_Ep_List.txt,,17ca7747b4e196e60d62858f00ea0a6fe0569e59,4017
ADDED,__SAT_Public_Record_Transcripts/Scalar-Angular Theory_ Field Notes - Proof GR & QM Are Compatible.txt,,23e3e580bec03f827a6d972d15f3f4c5070ddffd,63874
ADDED,__SAT_Public_Record_Transcripts/TO DO.txt,,f2e0c409cfb6f786b3f7e4c0a9a728e2e1531881,4018
ADDED,aelffin.txt,,b110f348ccd6a32207fa477c49833495c04ecaec,146620
ADDED,clear_render_fix/01_clear_projected_curves_display_offset.png,,3ed3ab54538bbcea192e3e7a0f93119ac659a4c3,893405
ADDED,clear_render_fix/02_clear_projection_four_views.png,,d5d2591d4f2245f38f428393e905b071cc363c64,1535724
ADDED,clear_render_fix/03_intrinsic_projection_charts.png,,9bbc8232da0b97668d7bf5b7dbf6a3182e9678e0,82283
ADDED,clear_render_fix/clear_render_diagnostics.json,,0d5e26c4e66d2448bf388c42aa4698455114660c,404
ADDED,continuity_scan_results.csv,,e2a92d20ef9c0072c17a3998bdfde8dc6a39d6b6,26034
ADDED,continuous_ns_whirligig_solver (1).py,,214f8b17b5b953e6b83d012e51b89904b58d6ee7,44509
ADDED,continuous_ns_whirligig_solver.py,,214f8b17b5b953e6b83d012e51b89904b58d6ee7,44509
ADDED,continuous_whirligig_v1.gif,,6b0863a85b1c41f6c254d76b28731661aa1d7735,5141374
ADDED,detailed versioning.txt,,4f059df586b6fac6d0cbf41b70895d361f7bb6f4,78356
ADDED,earth-dipole-trajectory.png,,fb6b21c21446168e2c400b951276a9b306e7878c,365290
ADDED,equation_true_curve_surface_projection_output (1).zip,,4742cf2e68654765e7041c636dea97f4c067c83b,8927166
ADDED,equation_true_curve_surface_projection_output.zip,,e22f95bf1ec7ce89e08fb65953017de8c551cc14,8815424
ADDED,equation_true_curve_surface_projection_polar_nopandas_output/01_source_xy_output_curve.png,,53e4e96b342cd0703401a8983fac0de2f40bc3b6,343138
ADDED,equation_true_curve_surface_projection_polar_nopandas_output/02_projection_arclength_curvature.png,,1423ad12051069390511d2d2af5c63b8a4d47ef3,853579
ADDED,equation_true_curve_surface_projection_polar_nopandas_output/02_projection_arclength_gradient.png,,abfa7f92683f6c9f510873f808b05f89a4fc59e5,868148
ADDED,equation_true_curve_surface_projection_polar_nopandas_output/02_projection_arclength_radius.png,,53de2593eda818e085bcd55cfb230c607f8e6726,867117
ADDED,equation_true_curve_surface_projection_polar_nopandas_output/02_projection_arclength_y.png,,5c6cc16f0ba26a1080728ee7155f111498df1cfa,854640
ADDED,equation_true_curve_surface_projection_polar_nopandas_output/03_intrinsic_charts_arclength_curvature.png,,87e25d1a6ae0529aa770372ef8366b7c0fb5c061,102621
ADDED,equation_true_curve_surface_projection_polar_nopandas_output/03_intrinsic_charts_arclength_gradient.png,,79860a727b71779a5c6996b71b838ccf442869e4,205961
ADDED,equation_true_curve_surface_projection_polar_nopandas_output/03_intrinsic_charts_arclength_radius.png,,93d1cac0971f94fcf41e954db1ea6d3895677e35,198983
ADDED,equation_true_curve_surface_projection_polar_nopandas_output/03_intrinsic_charts_arclength_y.png,,3c615238cbfdc48dd7df4f4888f85aa77b5eaec5,168270
ADDED,equation_true_curve_surface_projection_polar_nopandas_output/04_projection_mode_comparison.png,,c617b53cd4fd3990be3c10f975df5e37cbaeffb6,1519468
ADDED,equation_true_curve_surface_projection_polar_nopandas_output/ACTION_PLAN_PROGRESS.txt,,ab6e6955d74aa1f5173706c5034ad199d52e9bb6,1233
ADDED,equation_true_curve_surface_projection_polar_nopandas_output/branch_00_arclength_curvature_data.csv,,b5c656a45a7a780933674d49976d0737af6d44da,1891247
ADDED,equation_true_curve_surface_projection_polar_nopandas_output/branch_00_arclength_gradient_data.csv,,6f8b2cab066c37e680bb9541514a207066b7de56,1859955
ADDED,equation_true_curve_surface_projection_polar_nopandas_output/branch_00_arclength_radius_data.csv,,ee376e80bcd54eac8604dc4ebf2a7f293b270c5b,1851885
ADDED,equation_true_curve_surface_projection_polar_nopandas_output/branch_00_arclength_y_data.csv,,5785996f43640893e0c045b23fc6f1bd46fecef5,1832071
ADDED,equation_true_curve_surface_projection_polar_nopandas_output/branch_00_resampled_source_xy.csv,,a4c1e156bb391f7edca52845dd722241596dc634,186824
ADDED,equation_true_curve_surface_projection_polar_nopandas_output/projection_package.json,,73515ca714437ccd2defe65b2600b11dd08a3438,4265
ADDED,equation_true_curve_surface_projection_polar_nopandas_output/summary.txt,,f3a670ea40aae907f60fe2991f10aeedeba85d3b,631
ADDED,flattened_torus_composite_curve.png,,cd89395db392a7297d0e4fc6df2748d71750d2e9,372903
ADDED,galactic-rotation-profiles.png,,36dd5fa0b22fbfde035882e809921dc8d8a99028,148271
ADDED,helical_loop_glass_sweep.gif,,fba34a663d62ab3623ab4b361156a0a7e2f44a96,740822
ADDED,lean_test.py,,2e5357bb75baa1a4eae527f74ec9ca5312c91985,703
ADDED,leanchecks/FULL_MASSSPEC.txt,,3511e2c813351710852335743a3b74213fdb1294,3110
ADDED,leanchecks/SATOBLOCK_FULLTHEORY_leancheck.txt,,61e63b45b57a3db0e9760409e3f79c9eb625ebd1,3705
ADDED,leanchecks/SATOBLOCK_nostring.txt,,e2362cbf866209be6fcf6240d5ab4cdf08cdc2c6,4596
ADDED,leanchecks/SATOBLOCK_operationalized.txt,,f95ed2f4abc1353436f84f31c7605a2f92e2763b,4186
ADDED,leanchecks/leancheck_draft_modules/FULL_LEANCHECK.txt,,4c48a0e5181d6a0b9dbacaa5a548c4d78e091b47,3228
ADDED,leanchecks/leancheck_draft_modules/FULL_LEANCHECK_draft.txt,,a6f8bcaedc2b7e0d9d87924d154116d5356ed86e,3386
ADDED,leanchecks/leancheck_draft_modules/FULL_LEANCHECK_incl_mass.txt,,2de0c5e88897b3c865245f96fb06cbbd4667c966,3683
ADDED,leanchecks/leancheck_draft_modules/FULL_LEANCHECK_mass.txt,,2de0c5e88897b3c865245f96fb06cbbd4667c966,3683
ADDED,leanchecks/leancheck_draft_modules/FULL_MASSSPEC.txt,,3511e2c813351710852335743a3b74213fdb1294,3110
ADDED,old_readme.txt,,fa716a782cbc77e6ff7733079fdcf7f61b8872e4,35293
ADDED,projection_continuity_scan.png,,3f34de73365fee464ec9d973d4c8d3401ba1245d,44635
ADDED,pyproject.toml,,6ad97f5fadbe5b4ad2eab36f248282ab78d34a8b,461
ADDED,run_demo.py,,1dbb377deb2ae9b9ed07beb9418de990902da356,1216
ADDED,s2Submission_for_Physics_Review_D.pdf,,738bba638b656daa9b004ad8daf3b97b03e5bb10,158077
ADDED,s3Submission_for_Physics_Review_D.pdf,,499c1e6fb42438ad943f03e9d5b0362eaa7ded98,301766
ADDED,sSubmission_for_Physics_Review_D.pdf,,764167ef1ee9a5924cdf53fcc7cdc8cbb302fbd7,308655
ADDED,saucepan_complete_chat_log_103_msgs - .txt,,d9a25072ed462c714cdd04f2fb1bce4860d4b12d,283644
ADDED,smooth_glass_wave_ripple.gif,,913a499c8c8133e33eaf31ee0874d2c2fa857a1a,891168
ADDED,text 44.txt,,0e5064e01d549bdf43b1605512623e1d0065c9f9,55149
ADDED,tools/date_conversation_exports.py,,aed82bb3b6079952e5aee4a9ffe349d124bd3398,9446
ADDED,vizualization gobys/6759524.gif,,df9e4dec799bc1ea80275119c907bf6bd3163586,18000
ADDED,vizualization gobys/Borromean_Rings_Illusion_(transparent).png,,5a6a7a378e6dbbe2d0fca9452b144587f6a15db3,684769
ADDED,vizualization gobys/Get.jpeg,,71a3fad356083798d79fc5281e818255df789317,9794
ADDED,vizualization gobys/Hopf_Link.png,,29096f62d0acb8579e482c81f2439e2c7276133d,398718
ADDED,vizualization gobys/Screen Shot 2026-02-26 at 3.32.31 AM.png,,5da2aa5b41e11a395020553922c800e7efac54fe,60888
ADDED,vizualization gobys/Screen Shot 2026-02-26 at 3.40.48 AM.png,,8881eb5f3401f4cb70af44c5a70fe58d9f51b57e,389231
ADDED,vizualization gobys/Screen Shot 2026-02-26 at 3.41.01 AM.png,,762458c11836b31d0a4f748a1fa56621624f9377,159075
ADDED,vizualization gobys/Screen Shot 2026-02-26 at 3.45.20 AM.png,,871ca9d4606b0b9105e1009e16e51e08de505f00,522291
ADDED,vizualization gobys/Screen Shot 2026-02-26 at 3.47.39 AM.png,,2b21056019b05896ad92dc4ff3156b628e397e04,121473
ADDED,vizualization gobys/Screen Shot 2026-02-26 at 3.49.38 AM.png,,497a965302d7d690b2a34e0c4bd172eaebe81879,145935
ADDED,vizualization gobys/Screen Shot 2026-02-26 at 3.54.16 AM.png,,1eb9c5adf9ca288fe8f4f3558ce88d3c8116a086,63937
ADDED,vizualization gobys/Screen Shot 2026-02-26 at 4.18.25 AM.png,,b3801a2478acf5aec6d7de3edac7a85fed727b78,219172
ADDED,vizualization gobys/Screen Shot 2026-02-26 at 4.18.50 AM.png,,e43cb5314d02dae777720cadb9aa2b51d9b8ed91,310703
ADDED,vizualization gobys/Screen Shot 2026-02-26 at 4.19.06 AM.png,,7647cbf8a1f937cc73ef2c286d53a1bc9c176bef,409382
ADDED,vizualization gobys/Screen Shot 2026-02-26 at 4.21.35 AM.png,,9747146c640e23edcdaff28c22147aa6c6a22064,178904
ADDED,vizualization gobys/Screen Shot 2026-02-26 at 4.22.26 AM.png,,4af9b0e5a70778899a77fdf176989bc0d115d9a8,299407
ADDED,vizualization gobys/Screen Shot 2026-02-26 at 4.31.05 AM.png,,e5a3299bc2af6ffdcb2f3e5ead3a8c8e49d33cdf,172874
ADDED,vizualization gobys/collagen-superhelix-long-wider.jpg,,51f4add4cabd0772bd32f5a5fe69a3ff714cfb9a,58110
ADDED,vizualization gobys/diatom-spiral.jpg,,24ef625ee091912c539696a55757a2357706e918,31644
ADDED,vizualization gobys/the-helix-organization-1536x1536.jpg,,2b44a932caea4dbc33287c8e989113e9b5a8cdaf,213006
ADDED,whirligig_ball_rolling_in_tube.gif,,bc4bd55946896391db74555f269179a909bae245,1997378
ADDED,whirligig_navier_stokes_trial.gif,,a4171a157815417c0e383414b491fa00f0efc9a4,2676696
ADDED,whirligig_ns_crossbar_full_sweep.gif,,cd0463a3ebe486bdb602b517b069f9f5bcf965fc,4035949
ADDED,whirligig_ns_true_jagged_sweep.gif,,60085831514c0f195eec8f0aca046733f1b436c1,7715187
ADDED,whirlygig-output/01_sphere_state_curves.png,,b1cef629ccd40804779690044ce709a535dd12b4,83820
ADDED,whirlygig-output/02_whirlygig_torus_trace.png,,51f989632bef41e4d52f32e1443d97a3c14a62b0,191023
ADDED,whirlygig-output/03_residual_profile.png,,5901554e1f77cefe1ccbddb8acc153bd2e0b7a28,39355
ADDED,whirlygig-output/candidate_equations.txt,,8d4788cee2eb5d5d24803c145405576a798fc217,4596
ADDED,whirlygig-output/curvy_lisa_trace.csv,,b37f6c109ac3a8630a93054ca13c855548b4eb8b,115892
ADDED,whirlygig-output/residual_scan.csv,,d01a07ce5113968795e47594610356ff90da987b,4067
ADDED,whirlygig-output/run_report.json,,b4129ad766fe2f094926ff793de44a32fd9021c1,3201
ADDED,whirlygig-output/sphere_curves.csv,,ab931337e8144b59992f11369db10fb55c86f353,147967
ADDED,xGitHub Archive Review — raw - .txt,,9a7f493236c2584c2e8b81b11a4f20910f1fa840,7181854
ADDED,✅SAT BIG PAPER.pdf,,caf5771a9d01b8505c23c07ac7cccca04fff49f5,5381173
ADDED,🏯 SAT GITKEEPER — raw.json,,b8219baeb99db640a423508a27efc4e228336a61,9204430
ADDED,🧱GALLEYS.txt,,cdc149c8335a55317924416bdcd8d41ed5fe3488,104310
ADDED,🧱PREDICTIONS.txt,,93ea662e58c1ebb9456ba942329f2f47438c4631,3295
ADDED,🧱SAT ST.txt,,3356c54405cfc052d4f540bd3ca34d0431d518ef,7526
ADDED,🧱🪢 δCP ST PATCH.txt,,9d4e2e849a654ddddb06a88afba77926f723bbe6,22536
ADDED,🧱🪢BLACK HOLES.txt,,25380d839724fb98dca53516c520ba1cc3810bc9,54613
ADDED,🪡 The Tourist Tailor [e-] — raw.json,,dd2b6141af86dea54e4ba2e782214128619ce78c,24450213
