c1_plus_c3,c2,c4,zetaF_over_MF2,eps_over_Mpsi,g_agammagamma,de_pred,dn_pred,theta4_mode,passed,GW_speed,foliation_wedge,photon_LIV,fermion_LIV,axion_coupling,EDM_electron,EDM_neutron
3.047170797544313e-17,-1.2773842680845184e-08,2.496186189228675e-08,1.3253234419198544e-22,7.556139099331097e-23,5.893452709849506e-13,2.5272690453416077e-30,1.7050727053552418e-27,spectator,True,True,True,True,True,True,True,True
-1.0399841062404955e-16,-3.463871009393652e-08,4.9180771649762824e-08,1.0589652144256652e-22,1.0156447172389022e-22,1.1393572062132673e-12,8.892530854084737e-31,1.794723711730994e-27,axion-like,True,True,True,True,True,True,True,True
7.504511958064572e-17,1.0084040794508089e-08,3.1413811597243747e-09,1.1793598241218123e-22,8.81587157722141e-23,9.787345198968233e-13,1.1683267358933879e-30,2.194652710855364e-27,axion-like,True,True,True,True,True,True,True,True
9.405647163912138e-17,-3.8032744413510564e-08,1.599957188011512e-08,1.4752165095262905e-22,6.750366427917058e-23,9.415963490190143e-13,4.525674604950285e-31,1.689792021342949e-27,spectator,True,True,True,True,True,True,True,True
-1.9510351886538364e-16,-1.3508063892174749e-08,-1.9751971886207187e-08,6.671481395529643e-23,8.650760924772575e-23,9.33706340488229e-13,7.647215065808779e-31,1.91329115378888e-27,spectator,True,True,True,True,True,True,True,True
-1.302179506862318e-16,4.584291809009724e-08,4.4753559966599225e-08,1.5512007205446618e-22,1.104276732911662e-22,1.0663728371366563e-12,1.1346461071814372e-30,1.5523115373764282e-27,spectator,True,True,True,True,True,True,True,True
1.2784040316728537e-17,4.9546447258363716e-08,-1.3366451144346369e-08,5.0333390179757305e-23,6.813981189910512e-23,1.6632528715010814e-12,2.5898560592189397e-30,1.1727098589127533e-27,spectator,True,True,True,True,True,True,True,True
-3.162425923435822e-17,2.7210489135458558e-08,2.3851071268662862e-08,1.1784311104646619e-22,6.682179338714535e-23,2.2856301011626216e-12,1.1424666655576276e-30,1.0551737020395699e-27,axion-like,True,True,True,True,True,True,True,True
-1.6801157504288794e-18,-1.890384900792338e-08,-9.685979588091807e-09,1.0934856976695607e-22,5.065553313079346e-23,9.986507643355063e-13,2.2938513490482723e-30,8.673125844697122e-28,spectator,True,True,True,True,True,True,True,True
-8.5304392757358e-17,1.8766504916609252e-08,6.181893006299931e-09,7.348076283989487e-23,1.2157516324405295e-22,1.6309939973831974e-12,1.4687878460793697e-30,4.8315344907569315e-28,axion-like,True,True,True,True,True,True,True,True
8.793979748628286e-17,2.0540636548401266e-08,2.197825350215462e-08,9.887214475245528e-23,1.3134557368992567e-22,6.563506090751339e-13,2.6549897755746308e-30,5.637260314794007e-28,axion-like,True,True,True,True,True,True,True,True
7.777919354289483e-17,-1.1215830483635026e-08,8.934151751354274e-10,7.325160139128857e-23,1.122805228456878e-22,1.5833981599011242e-12,9.65194802265505e-31,8.443326819198214e-28,axion-like,True,True,True,True,True,True,True,True
6.603069756121604e-18,1.4088863458615938e-08,4.070863269095085e-08,5.851712945404408e-23,1.6202577578381883e-22,6.330569361893925e-13,4.196008122863999e-30,1.1558907926497649e-27,axion-like,True,True,True,True,True,True,True,True
1.1272412069680329e-16,-4.8927235502432373e-08,-8.069901207218978e-09,8.379411809112814e-23,1.0449131987193643e-22,1.9239800086074836e-12,7.473379984040942e-31,2.3737893467947555e-27,spectator,True,True,True,True,True,True,True,True
4.675093422520456e-17,-2.9094234139775852e-08,1.4707179814332514e-08,5.758003357595768e-23,1.2165335581523688e-22,3.76739780763742e-12,6.313612347073173e-31,9.752335124361522e-28,spectator,True,True,True,True,True,True,True,True
-8.592924628832382e-17,2.508830296726115e-09,-1.5763756669994587e-08,1.1751534467480022e-22,1.1640656089740653e-22,9.293681495880742e-13,4.838251442196892e-31,1.825923295649181e-27,spectator,True,True,True,True,True,True,True,True
3.687507840824988e-17,-3.3624869574170415e-08,-9.184333176898697e-09,5.626808153331746e-23,9.552616378300864e-23,2.683331175255964e-13,4.0495866044561075e-30,1.9109287756840952e-27,axion-like,True,True,True,True,True,True,True,True
-9.588826008289989e-17,-3.3409313212346636e-08,-5.994989176644759e-09,1.4275911472823555e-22,7.668907590230307e-23,7.197554625942752e-13,1.6350420841687978e-30,8.70342837719264e-28,axion-like,True,True,True,True,True,True,True,True
8.784503013072725e-17,3.363042905502379e-08,-3.7419298168771475e-08,5.539174924263908e-23,3.0254998209379773e-22,2.0941025417648685e-12,8.183440432537217e-31,1.4287702750996643e-27,spectator,True,True,True,True,True,True,True,True
-4.99259109862529e-18,4.891330026836055e-08,-4.082763209409933e-08,7.534086836884895e-23,7.977376540343935e-23,1.3935383277346906e-12,2.1157590100590816e-30,8.64056753827618e-28,spectator,True,True,True,True,True,True,True,True
-1.8486236354526057e-17,5.596942802844842e-09,1.6748992314675795e-08,7.317607197056634e-23,7.168140220075792e-23,1.1610771585478517e-12,1.5107637400484086e-30,2.210638828540464e-27,spectator,True,True,True,True,True,True,True,True
-6.809295444039414e-17,3.390697308817135e-08,1.555177383430522e-08,1.9397776719832439e-22,1.242350204205409e-22,1.8316203524348534e-12,3.253321527230838e-30,1.4644884534499632e-27,axion-like,True,True,True,True,True,True,True,True
1.2225413386740302e-16,4.903216643262726e-08,1.629097142100953e-08,1.1795641110382235e-22,1.1341996042206542e-22,1.3373259541054614e-12,3.950670823982632e-31,4.8953943776380925e-28,axion-like,True,True,True,True,True,True,True,True
-1.5452948206880215e-17,-3.5840411143122526e-08,-4.802335546573083e-08,8.995443683194673e-23,4.953970217244511e-23,2.076398935844747e-12,8.528120762298358e-31,1.101766489522446e-27,axion-like,True,True,True,True,True,True,True,True
-4.283278221631072e-17,-5.1754386745648886e-09,-1.7345315732822008e-08,1.2832035447226752e-22,1.7530184440109131e-22,1.7361225481313315e-12,7.576658434107681e-31,2.6881878290392058e-27,axion-like,True,True,True,True,True,True,True,True
-3.5213355048822956e-17,-1.0742728415808009e-08,-3.02190152740803e-08,3.4868157226230815e-23,9.53994581160343e-23,2.4918372047443938e-12,3.0598793502034433e-31,8.969648348765136e-28,spectator,True,True,True,True,True,True,True,True
5.323091855533487e-17,-4.1995071635381495e-08,2.7815142254401237e-08,9.786641055927094e-23,5.738050654295009e-23,1.2402061928426861e-12,1.8892809800793943e-30,1.3081697436619802e-27,axion-like,True,True,True,True,True,True,True,True
3.654440643640783e-17,2.5533017279474448e-08,3.606304013961301e-08,2.714905344577324e-22,1.811929060784415e-22,1.7214305166698174e-12,8.50238880174012e-31,1.3875329340978513e-27,axion-like,True,True,True,True,True,True,True,True
4.127326115959884e-17,-6.6220972677407015e-09,-2.5331962277385267e-08,1.0684118068977291e-22,1.3672997176049683e-22,8.317060184159114e-13,1.5585855683108243e-30,5.368837225420009e-28,spectator,True,True,True,True,True,True,True,True
4.3082100300788275e-17,-3.0673065809598694e-09,1.6784915884798636e-08,1.0345396907827511e-22,5.313836595325053e-23,6.97065089795526e-13,4.12004118881958e-30,1.358559258578571e-27,axion-like,True,True,True,True,True,True,True,True
2.141647600870461e-16,-3.493270261867598e-08,-3.706371965417255e-08,1.3152992283512089e-22,2.4317019913126235e-22,2.7844784486208785e-12,8.090082088247605e-31,4.333103382347456e-28,spectator,True,True,True,True,True,True,True,True
-4.0641501638461555e-17,-3.190733477691319e-08,-2.2484747439828665e-08,1.5648697937626293e-22,1.3901319687505584e-22,1.1385127504425198e-12,7.7670723418816385e-31,6.870319619887988e-28,axion-like,True,True,True,True,True,True,True,True
-5.1224272907153736e-17,4.07103622156215e-08,-3.613455037665805e-08,3.683457122130364e-23,9.949149152290745e-23,1.6208137525546885e-12,1.073794354863623e-30,1.9068139886182916e-27,axion-like,True,True,True,True,True,True,True,True
-8.137727282478777e-17,-4.5535091102572106e-08,-2.164792334007708e-08,4.3120863206008255e-23,2.2146832761264547e-22,1.0770695877269948e-12,1.8082299014903236e-30,1.2386892625081331e-27,axion-like,True,True,True,True,True,True,True,True
6.159794225754956e-17,-2.6714771505629374e-08,1.7473654734927783e-08,1.11087239218687e-22,1.0829067835912481e-22,7.033438486870766e-13,7.117505250139705e-31,8.3302911566425e-28,axion-like,True,True,True,True,True,True,True,True
1.1289722927208915e-16,-2.0794066968547164e-08,4.1032691018525244e-08,6.994658679802916e-23,9.860565850355055e-23,1.0066114956282088e-12,6.848352652834229e-31,1.3071858399941457e-27,spectator,True,True,True,True,True,True,True,True
-1.1394745765487508e-17,-9.802457598413558e-10,-2.9747759207581404e-08,1.9270929639553444e-22,7.188158612601788e-23,2.366936281522477e-12,1.8857272625051036e-30,9.645869034197227e-28,axion-like,True,True,True,True,True,True,True,True
-8.40156476962528e-17,8.64451730147959e-09,4.207903495071917e-09,8.542023282381646e-23,1.3376645491913315e-22,1.3953482763337632e-12,1.255060268704525e-30,1.0075756525619033e-27,axion-like,True,True,True,True,True,True,True,True
-8.244812156912395e-17,-6.710024149333437e-10,2.0139110124343227e-08,3.801211094892095e-23,1.2690917455821775e-22,3.5812116653407645e-13,2.9321857515046503e-31,1.4830356708445245e-27,axion-like,True,True,True,True,True,True,True,True
6.50592787824701e-17,-4.1588466544311794e-08,4.529224684855657e-08,5.304619976707004e-23,1.0073670742890792e-22,8.788450524202244e-13,4.793927502326282e-31,6.463457870118129e-28,axion-like,True,True,True,True,True,True,True,True
7.432541712034423e-17,-2.5633254594428644e-08,1.1006048288717389e-08,2.5288055665511347e-23,6.736846358280557e-23,2.9135616736843694e-12,2.461427628238383e-30,1.0244970849287252e-27,spectator,True,True,True,True,True,True,True,True
5.4315426830519497e-17,3.435883847625411e-08,-2.4489306897261928e-08,8.895293568617858e-23,1.0671215966607046e-22,8.796087108904262e-13,1.2727207984187896e-30,8.29144430251705e-28,axion-like,True,True,True,True,True,True,True,True
-6.655097072886943e-17,1.3758870047845903e-08,1.2547815691393626e-08,9.101079468155127e-23,9.657025679235201e-23,3.394980027079831e-13,6.329793001089468e-31,3.8621463116583265e-28,axion-like,True,True,True,True,True,True,True,True
2.3216132306671976e-17,1.4914905013427442e-08,-1.795088383219838e-08,8.087775612754013e-23,5.133809281490353e-23,3.1137548065727716e-12,9.028076193913005e-31,5.756396315505618e-28,spectator,True,True,True,True,True,True,True,True
1.1668580914072822e-17,1.7020325535135488e-08,4.761283906917078e-08,1.715045343307719e-22,4.790711396126696e-23,1.5059674353761027e-12,1.007973625049154e-30,2.5623475967025327e-27,spectator,True,True,True,True,True,True,True,True
2.1868859672901294e-17,2.62903019039529e-08,-1.0032386483636315e-08,1.8207707824184982e-22,1.3265435030277774e-22,9.58862382644818e-13,1.5549447526663495e-30,1.2596501060032427e-27,axion-like,True,True,True,True,True,True,True,True
8.714287779481899e-17,-4.4189151827855266e-08,1.8542772076101426e-08,9.183339159105734e-23,2.7227460152434336e-23,8.002343620537551e-13,4.426579022626777e-31,4.519638949177878e-28,axion-like,True,True,True,True,True,True,True,True
2.2359554877468227e-17,-1.3339161506738764e-08,-4.767724176532415e-08,3.4391978438138e-23,1.1081647443187304e-22,1.9144132099090905e-12,6.03765450651095e-31,3.9684376074803003e-28,axion-like,True,True,True,True,True,True,True,True
6.789135630718949e-17,3.95274352616787e-09,-9.99385538652446e-09,1.3615731922786186e-22,7.873821825959607e-23,7.223900574920308e-13,1.1779474243105184e-30,9.349162367535858e-28,spectator,True,True,True,True,True,True,True,True
6.757906948889146e-18,-1.6154351670267398e-08,3.7510761332251166e-08,1.320063860050624e-22,1.9234554911668764e-22,1.9916309077282715e-12,9.418580099565509e-31,2.551577817813434e-27,axion-like,True,True,True,True,True,True,True,True
2.891193986899842e-17,3.4447887328718656e-08,1.102274444332458e-08,1.1673027961561002e-22,7.813484228824756e-23,1.3844696905887258e-12,1.4093315438223937e-30,8.939951929087814e-28,spectator,True,True,True,True,True,True,True,True
6.312882258385403e-17,-1.742749141270604e-09,-5.6057113604023625e-09,1.6335243762409364e-22,1.3906094539472065e-22,1.1581329183997652e-12,4.782104179597379e-31,2.190653129561595e-27,axion-like,True,True,True,True,True,True,True,True
-1.4571558198556663e-16,2.6862758945937917e-08,4.359374994357259e-08,5.58548375032267e-23,8.199950948607278e-23,1.0912336914230061e-12,1.2389660557254558e-30,1.2351080578549495e-27,spectator,True,True,True,True,True,True,True,True
-3.1967121635730136e-17,3.52015516881169e-08,3.5398437614722906e-08,2.7302077169371377e-22,1.0585225094009166e-22,9.00341789149865e-13,1.9250465930458312e-30,1.3267737914699987e-27,axion-like,True,True,True,True,True,True,True,True
-4.703726542927955e-17,4.791482903498064e-10,-1.7778432617706176e-08,6.189604655633237e-23,1.4454464928962625e-22,1.8727053041329394e-12,1.3392250533672218e-30,4.486858484124823e-28,axion-like,True,True,True,True,True,True,True,True
-6.388778482433419e-17,4.0955224387134996e-08,4.454840204133959e-09,1.4544262073014856e-22,7.935189496834264e-23,5.949929636759731e-13,1.087049389747363e-30,1.755078794480482e-27,axion-like,True,True,True,True,True,True,True,True
-2.7514225122668373e-17,8.712394053698056e-09,-1.0175743907537284e-09,4.3012739479548787e-23,1.6458836977396752e-22,3.7788888707994793e-13,9.440934146460893e-31,8.179457847691706e-28,axion-like,True,True,True,True,True,True,True,True
1.4949413112343958e-16,3.502742988337218e-08,1.3220250011486232e-08,6.280519810071342e-23,6.084448894345762e-23,1.4458018392777008e-12,6.059785487371337e-31,1.6784243596463353e-27,spectator,True,True,True,True,True,True,True,True
-8.658311156932433e-17,-1.5940920440847573e-08,-1.658887330412444e-08,2.134397324794889e-22,1.158697374688079e-22,1.4604476478474704e-12,9.577206357753108e-31,6.135448028656951e-28,axion-like,True,True,True,True,True,True,True,True
9.682783545914808e-17,-1.183041468514776e-10,-2.5579499923411173e-08,8.7770045454659e-23,1.5861661234550806e-22,1.3339503014399718e-12,2.1293643580388198e-30,1.1120771895763835e-27,axion-like,True,True,True,True,True,True,True,True
-1.6828697716158047e-16,3.1411041004577716e-09,4.1267183525553606e-08,1.521902660751946e-22,1.3909942036509033e-22,1.2771576486382259e-12,9.310734566983404e-31,1.2351615513844749e-27,spectator,True,True,True,True,True,True,True,True
-3.3488502998577485e-17,-3.950202841039294e-08,4.238744994985063e-08,1.1257817625387917e-22,2.607058145654833e-22,8.250393250942855e-13,5.86324203786113e-31,9.117221549855892e-28,axion-like,True,True,True,True,True,True,True,True
1.6275306510500557e-17,-1.0144749329845937e-08,3.43322885761979e-08,9.488741731934975e-23,6.826864116079231e-23,1.6039825376469918e-12,7.442723470572517e-31,1.2747207255730947e-27,axion-like,True,True,True,True,True,True,True,True
5.862223313592782e-17,4.17337672551676e-08,4.7820443076456125e-08,1.9776814277448262e-22,5.0178947203307924e-23,9.730353407251342e-13,1.1280722228387997e-30,8.522816385349931e-28,axion-like,True,True,True,True,True,True,True,True
7.11226579792855e-17,1.3083224036474235e-08,2.449915257796885e-08,8.884033533928804e-23,6.082510602238284e-23,7.465683269228224e-13,7.992284946567253e-31,6.7743894265984e-28,axion-like,True,True,True,True,True,True,True,True
7.933472351999252e-17,-3.224934175630325e-08,2.6466722856199967e-08,4.105042266561629e-23,1.3912759605033727e-22,8.293319453936903e-13,1.338008038904558e-30,2.620303182727432e-27,spectator,True,True,True,True,True,True,True,True
-3.4872507224843756e-17,-1.6114436439039505e-08,2.6259009196264075e-08,6.692349759115902e-23,1.2826926062961142e-22,3.3614882896924243e-12,1.3684876930675454e-30,1.8764312842483904e-27,axion-like,True,True,True,True,True,True,True,True
-4.6235179266456714e-17,-3.0839699033730014e-08,-1.939236905769346e-09,1.3173153823299618e-22,1.0524579463600671e-22,3.531064712596305e-13,1.7047013059166918e-30,6.334850699695936e-28,spectator,True,True,True,True,True,True,True,True
8.579758812571539e-17,-4.751768682014274e-08,-4.3547805485728325e-09,1.218663240094582e-22,5.703651412565723e-23,1.349687200915489e-12,2.3493429266048003e-30,1.4064468836992464e-27,spectator,True,True,True,True,True,True,True,True
-1.913043248816149e-17,4.2746045850402665e-08,-2.5977372385099682e-08,4.5679109044162305e-23,1.467314188028e-22,3.6514298712124827e-13,1.817596882961759e-30,6.404352133870001e-28,spectator,True,True,True,True,True,True,True,True
-1.2756863233379218e-16,-5.1792671743128544e-09,1.4481919435929048e-08,6.961631329398469e-23,5.420741987631058e-23,9.371236863064172e-13,5.7089873118937475e-31,4.9124574068509195e-28,spectator,True,True,True,True,True,True,True,True
-1.1332872140034806e-16,-1.9246492757921386e-08,-2.1067986389766544e-08,7.476198331936651e-23,1.7851006339196255e-22,7.709155140748827e-13,5.815137462861296e-31,1.8594591480824276e-27,spectator,True,True,True,True,True,True,True,True
-9.194522860016113e-17,9.847719155773657e-09,-2.4219159029764557e-08,8.329890375907006e-23,4.1733505882915093e-22,2.8621357589037884e-13,9.555550665031762e-31,3.5970904760908183e-28,axion-like,True,True,True,True,True,True,True,True
4.9716074405376403e-17,-4.9268554370698437e-08,8.596137409605473e-09,5.026019398245679e-23,1.2010853102854735e-22,1.2629150167157328e-12,7.62841337947906e-31,1.743881800323211e-27,spectator,True,True,True,True,True,True,True,True
1.4242573607056524e-17,-2.2197789339918617e-08,-9.001761177495685e-09,7.303834899632554e-23,1.3385060016474876e-22,7.961060787023048e-13,5.051014210157754e-31,8.593032542776303e-28,spectator,True,True,True,True,True,True,True,True
6.904853540677682e-17,2.030334656988925e-08,-2.8114339120536777e-08,6.94679116696509e-23,7.815861609611242e-23,2.837891331426345e-13,7.671943832796297e-31,8.807971213083944e-28,spectator,True,True,True,True,True,True,True,True
-4.272526463365342e-17,1.337697730692629e-08,3.1605601675283114e-08,1.4707414036657116e-22,4.04498738746771e-23,1.6549004475210863e-12,7.522340549518349e-31,1.2787086887180111e-27,axion-like,True,True,True,True,True,True,True,True
1.5853969107671422e-17,4.818059475425355e-08,3.6056991929437603e-08,1.4986439344214172e-22,7.398116283185956e-23,2.365533804902562e-12,6.682394952636589e-31,1.4172512939133862e-27,spectator,True,True,True,True,True,True,True,True
6.255903939673367e-17,1.2035770965804399e-08,-3.3230048032221903e-08,9.296889333595291e-23,5.790029997255794e-23,2.445072085655591e-12,8.273944839592156e-31,6.090798482856594e-28,spectator,True,True,True,True,True,True,True,True
-3.093465397202384e-17,-2.249412637226719e-09,-4.924929672000001e-08,8.219958784946029e-23,4.850504910490282e-23,1.2403255238403415e-12,2.0280414212320752e-30,1.5382345539118132e-27,axion-like,True,True,True,True,True,True,True,True
4.5677523755741144e-17,2.614325631840077e-08,-1.6387003147062625e-08,1.0724675940435799e-22,2.3659508005864464e-22,1.0280202683642758e-12,1.1269815057345283e-30,1.0703892023123694e-27,spectator,True,True,True,True,True,True,True,True
-6.619259410666513e-17,4.0332787196405304e-08,2.9751083568075255e-08,6.647876891568665e-23,1.1461760857921416e-22,2.2186390614925883e-12,4.406520807875713e-30,4.706536170853232e-28,axion-like,True,True,True,True,True,True,True,True
-3.6305384656507175e-17,2.2069594671835162e-08,3.3917386623432445e-08,5.635968764663846e-23,1.2090607159018043e-22,2.744036883285991e-12,1.1077211772897339e-30,9.030975612517685e-28,spectator,True,True,True,True,True,True,True,True
-3.8173789399832905e-17,4.632112235493796e-08,-3.6167092988395075e-08,6.249331440653274e-23,8.568339104592432e-23,1.9741565063334907e-12,8.402637365315268e-31,2.2904937583746986e-27,spectator,True,True,True,True,True,True,True,True
-1.1958396455890395e-16,2.8200517073817714e-08,2.743359011830512e-08,7.280346891526423e-23,9.17194668127063e-23,5.684041615111079e-13,1.0024828066652599e-30,2.7345226284714147e-27,spectator,True,True,True,True,True,True,True,True
4.869724807855818e-17,3.668014382619264e-08,-3.8429583269057054e-08,5.589267232185573e-23,1.6197557092590906e-22,1.1284070093979882e-12,1.1663686298534277e-30,1.5378865051427528e-27,axion-like,True,True,True,True,True,True,True,True
-4.6940234020272386e-17,-3.858959288163628e-08,-1.0993740984347075e-08,1.0844031891047913e-22,9.839614501761123e-23,1.3017502258718503e-12,1.2984254970407247e-30,4.89580639093534e-28,spectator,True,True,True,True,True,True,True,True
1.249411872768743e-18,2.3241350299378768e-08,4.9860951501191585e-08,1.4403092347564478e-22,1.3038833044041936e-22,3.376416404334222e-13,3.476502624614169e-30,1.3422725918052233e-27,axion-like,True,True,True,True,True,True,True,True
4.8074665890590894e-17,-5.99113004726314e-09,-3.0740917676909014e-08,4.5223688688823104e-23,9.066469554377793e-23,1.3252702431981863e-12,6.021839720267687e-31,1.6661516105171275e-27,spectator,True,True,True,True,True,True,True,True
4.465311760299441e-17,5.310380241127524e-09,-3.4603641742237354e-08,1.0126436187394636e-22,8.42757146130562e-23,3.911007821281381e-12,1.674354361094307e-30,1.5456194832069618e-27,axion-like,True,True,True,True,True,True,True,True
6.653851089727862e-17,1.5410240948235677e-08,-7.71996674532065e-09,8.958628941541743e-23,4.948715313119954e-23,1.4680892120256576e-12,1.1327523266747015e-30,1.6015510616717966e-27,spectator,True,True,True,True,True,True,True,True
-9.848548450942361e-18,4.6981511670556944e-08,1.1966852596986144e-08,1.1861993147869275e-22,3.7199512442341177e-23,2.4206784421276083e-12,3.8959067373880284e-31,1.2435346484803394e-27,spectator,True,True,True,True,True,True,True,True
-4.232983120441537e-17,4.8457808143162466e-08,4.329007824132533e-08,9.935514973589902e-23,8.774099495239566e-23,1.1159977391180955e-12,1.5879109259121444e-30,9.574829132097424e-28,spectator,True,True,True,True,True,True,True,True
-7.971821090639905e-18,-2.1177175451209473e-08,4.8082114553303424e-08,4.83453742926336e-23,1.0286511140887472e-22,9.570199949427951e-13,2.139504235374685e-30,6.9418242169852e-28,axion-like,True,True,True,True,True,True,True,True
-1.6873344339580299e-16,2.3375349743791613e-08,-4.303593634086053e-08,5.31955920418974e-23,5.256787373382005e-23,1.2570438756474002e-12,5.979154982644195e-31,3.2021542354687605e-28,spectator,True,True,True,True,True,True,True,True
-1.4471124724230874e-16,2.4998353793526862e-08,-3.620024826520946e-08,1.0148205387952747e-22,9.829102820647604e-23,6.129352425792129e-13,9.946540201486617e-31,1.2260346012904212e-27,axion-like,True,True,True,True,True,True,True,True
-1.3226996123544023e-16,-1.535071386869512e-08,2.9073797389599386e-08,1.6726186628201583e-22,1.0272407062173649e-22,5.608705704204432e-13,3.551508830225128e-31,1.1181009951319474e-27,axion-like,True,True,True,True,True,True,True,True
-9.972468276014817e-17,-3.7613022513577895e-08,-2.2936784772913954e-08,3.305181562415166e-23,3.4027403421051414e-23,2.1378116968847957e-12,4.698772090225122e-31,1.397305173639462e-27,axion-like,True,True,True,True,True,True,True,True
3.9977422672343656e-17,-4.590530397142802e-08,3.8484905950636065e-08,1.1887035861901027e-22,6.32824384018634e-23,2.278244990876038e-12,1.8753920793904086e-30,4.481952946595561e-28,spectator,True,True,True,True,True,True,True,True
-9.054790553600608e-17,2.7734312752917855e-08,1.634532572290868e-08,1.8126883192835926e-22,1.2258468936286391e-22,5.517480382524354e-13,7.558971903850541e-31,1.4725712369224997e-27,axion-like,True,True,True,True,True,True,True,True
-3.781625540393897e-17,-1.0300258183094128e-09,-3.881551976193228e-08,9.263409291168399e-23,1.213525020823906e-22,1.787466551086963e-12,5.141286335751968e-31,3.430572156604827e-27,axion-like,True,True,True,True,True,True,True,True
1.2992282977860654e-16,4.855401694949261e-08,3.325292849240072e-08,1.316663977731014e-22,5.616718714670094e-23,9.491618135569702e-13,1.1476039173966474e-30,1.0481954624367359e-27,axion-like,True,True,True,True,True,True,True,True
-3.5626397106142594e-17,-3.5026543806346934e-09,-3.2364361999192414e-08,7.036075466217675e-23,1.0824467903224665e-22,1.22615731469506e-12,7.309227815119435e-31,9.636769144584695e-28,axion-like,True,True,True,True,True,True,True,True
7.375155684670866e-17,4.7791697907384026e-08,-7.650460532034623e-09,9.420630263991911e-23,1.6672967672684308e-22,1.3180207554748196e-12,7.539019232761135e-31,1.2037015253872271e-27,axion-like,True,True,True,True,True,True,True,True
-9.336176800098769e-17,-8.842399780594011e-09,5.218492855932999e-09,4.446549196269955e-23,1.474820783201478e-22,1.8159527858767775e-12,1.5583002055951274e-30,3.385163528093623e-27,axion-like,True,True,True,True,True,True,True,True
-2.0543755786763002e-17,2.9368215055997257e-08,7.661490802782684e-11,3.096936629194975e-23,9.534742181230531e-23,1.0508831660078612e-12,4.980573662290897e-31,5.410797184984463e-28,axion-like,True,True,True,True,True,True,True,True
-9.500220549105812e-17,-4.151807276881679e-08,1.8616291561515038e-08,1.6022083567986057e-22,7.913711883164402e-23,2.33053346703715e-12,5.80875327594941e-31,1.1296684245192223e-27,spectator,True,True,True,True,True,True,True,True
-3.3903307590056246e-17,5.546171013776389e-09,1.5268673486925526e-08,6.110982908895512e-23,7.300281074919914e-23,1.2039980217926956e-12,1.0968560983930075e-30,6.189105937142271e-28,axion-like,True,True,True,True,True,True,True,True
8.403081374573956e-17,3.020597869857242e-08,4.9204200552805484e-08,7.963122290458201e-23,1.2635306321709348e-22,1.4542794629278962e-12,1.788980446197936e-30,7.202169214853039e-28,spectator,True,True,True,True,True,True,True,True
-1.7273204231923487e-16,4.2470166721988864e-08,4.9942190922418786e-08,4.9996302832939917e-23,1.1024687536442169e-22,6.065564044999506e-13,2.102014521589256e-30,9.706841132022308e-28,axion-like,True,True,True,True,True,True,True,True
4.344236435458573e-17,3.225830906174316e-08,1.6459402635640964e-09,4.9411605929585266e-23,1.3698510386981044e-22,3.651709471913353e-12,6.709658535403e-31,2.2443006203331528e-27,axion-like,True,True,True,True,True,True,True,True
2.377356023322779e-17,-4.6302927279882577e-08,-4.04800913039136e-08,9.167514869544827e-23,1.068159321194468e-22,1.3256394594477757e-12,1.7549251038737772e-30,2.946430272248516e-27,spectator,True,True,True,True,True,True,True,True
-5.941499556967944e-17,-1.272976586932658e-08,2.278432989687184e-08,6.943434215988194e-23,1.5058868220217675e-22,1.533876904909021e-12,6.246989807405386e-31,1.3085050296062181e-27,spectator,True,True,True,True,True,True,True,True
-1.4460578543884546e-16,-4.513015276861487e-08,4.7666407821658916e-08,1.2080234348048624e-22,1.0484325785000805e-22,3.810169233018021e-13,2.9913524457960158e-30,7.977525368567704e-28,spectator,True,True,True,True,True,True,True,True
7.212950771386952e-18,-3.90717708885442e-08,-1.8167361237097968e-08,1.2539131851731994e-22,1.480447427647572e-22,6.104119549014365e-13,5.0648396448489695e-31,4.4622062561334565e-27,spectator,True,True,True,True,True,True,True,True
-5.294927090638024e-17,1.7530562866748406e-08,-3.879111416242621e-09,1.174009511500545e-22,1.5455987646135568e-22,2.1016656830920767e-12,2.219067996803832e-30,7.7372970185237445e-28,spectator,True,True,True,True,True,True,True,True
2.3267621135470394e-17,2.132581963116981e-08,-7.52230751845441e-09,1.126708325528303e-22,6.688046161399038e-23,1.1878377897168677e-12,6.744271169574407e-31,7.09864232817413e-28,axion-like,True,True,True,True,True,True,True,True
2.185214552344288e-18,2.7372068275162634e-08,-4.485808454430706e-08,2.20093903297189e-22,4.049174647293985e-23,3.1718570993029985e-13,3.346609932048946e-30,3.447396354406284e-28,axion-like,True,True,True,True,True,True,True,True
1.6017788913209154e-16,3.654565480556628e-08,1.7226443122344477e-08,5.863743419768377e-23,2.1635414256331013e-22,1.8644646433622376e-12,1.4258846631100015e-30,2.310941325043262e-27,axion-like,True,True,True,True,True,True,True,True
-2.3935562747302425e-17,2.3943146847650982e-08,-1.4666230493153217e-08,9.729063665804626e-23,1.1369274055358366e-22,7.216105553692995e-13,5.43562862005801e-31,1.7877312456648293e-27,spectator,True,True,True,True,True,True,True,True
-1.0234974926218649e-16,3.00871592106632e-08,2.874638746315023e-08,1.7618156740401233e-22,4.2433037206763526e-23,2.3321490732886625e-12,7.3099907273210385e-31,4.2660285892097634e-27,axion-like,True,True,True,True,True,True,True,True
1.7927563495631614e-17,-4.5103629017672074e-08,3.321200752819861e-08,1.8818774171103296e-22,6.998356560256892e-23,9.486632342434093e-13,1.5979294910682643e-30,4.344327980173935e-28,spectator,True,True,True,True,True,True,True,True
2.1999668397176516e-17,-2.654648495587014e-08,3.212307865978454e-08,4.912108445763749e-23,1.4709922104366496e-22,1.1306854159333944e-12,1.880592055814175e-30,2.3986413778187138e-27,axion-like,True,True,True,True,True,True,True,True
1.3591875752404364e-16,1.218977733752458e-08,-8.333400196011988e-09,8.554071531938495e-23,8.694987215067116e-23,2.0286544629513304e-12,9.584581733737258e-31,1.0429792810118827e-27,spectator,True,True,True,True,True,True,True,True
8.351112459145786e-17,3.581253046248231e-08,-1.7845431775910046e-08,1.9720242394862654e-22,7.741181955209735e-23,5.836254921001077e-13,1.0271571816747583e-30,1.622000282855517e-27,spectator,True,True,True,True,True,True,True,True
3.568710591495093e-17,-4.954998750603409e-08,2.488207796670548e-08,1.2892227953723172e-22,2.01464082755198e-22,5.511721510933232e-13,1.5761920128616471e-30,3.7207259918049985e-28,spectator,True,True,True,True,True,True,True,True
1.4633028912195618e-16,1.4629342116349837e-09,3.0138943384272293e-08,1.102556435554012e-22,5.923583103671462e-23,8.887857690197179e-13,1.082289880420588e-30,2.412947655253285e-27,axion-like,True,True,True,True,True,True,True,True
-1.188763054322851e-16,1.7728739936439716e-08,-8.742553608633824e-10,8.968718011367311e-23,6.709392525122587e-23,1.6426383181142953e-12,4.601959437128454e-31,1.603053183888447e-27,spectator,True,True,True,True,True,True,True,True
-6.397515327497478e-17,-4.703927108713868e-08,3.93031019536303e-08,8.253890212706132e-23,1.1114808635826371e-22,4.499916051706604e-13,6.1398522491302385e-31,9.769243890540254e-28,axion-like,True,True,True,True,True,True,True,True
-9.265759414055249e-17,-9.86444424466121e-09,-3.560913039214417e-08,1.1550106116937254e-22,1.2155874598942934e-22,3.6757762434230985e-13,1.151507514267197e-30,1.4726560580072072e-27,axion-like,True,True,True,True,True,True,True,True
-3.8980980315576795e-17,3.956348813836968e-08,3.790687796589601e-08,8.814499451369199e-23,1.2816797434256908e-22,1.6392397318761945e-12,2.0736066826487654e-30,6.317274798333024e-28,axion-like,True,True,True,True,True,True,True,True
-1.376686147556309e-16,1.7161280885585877e-08,-4.039047670281187e-08,9.789357071961006e-23,1.5771493715304382e-22,6.96430700459446e-13,2.6368616853989973e-30,7.063361290294581e-28,spectator,True,True,True,True,True,True,True,True
6.351509468144043e-17,-2.6234163663940268e-08,-3.464744779453861e-08,1.040081788716294e-22,1.1043857635661236e-22,7.903055724399921e-13,1.596346614515566e-30,7.572462598754254e-28,spectator,True,True,True,True,True,True,True,True
-2.222226970987734e-17,3.527811296319126e-08,3.3840013273960377e-09,7.12456968146735e-23,1.2772278274395516e-22,3.2821505132210226e-13,1.1881226503203076e-30,3.290200074939901e-28,spectator,True,True,True,True,True,True,True,True
-1.4708062945026579e-16,-1.5196857659048567e-08,-4.3248151981258496e-08,1.3048194607361503e-22,8.784426724517765e-23,6.653862441859738e-13,1.5671964643087846e-30,1.677081527124607e-27,spectator,True,True,True,True,True,True,True,True
-1.0155790812075415e-16,3.533446711440594e-08,-4.471928985998896e-08,4.293586184622429e-22,1.0318457115994148e-22,9.954699139550918e-13,6.702861889419874e-31,2.0440970844731114e-27,axion-like,True,True,True,True,True,True,True,True
3.1351384745019525e-17,-2.0105634888109443e-08,-4.994812558342945e-08,4.1127494604632625e-23,1.0552387978909446e-22,1.7475708091697828e-12,9.12161176271156e-31,6.565171318411439e-28,spectator,True,True,True,True,True,True,True,True
8.381265678943811e-17,9.0320250883149e-09,-6.3683340305736825e-09,1.1758676046925868e-22,1.113545498755819e-22,6.295574921892211e-13,6.098889224112989e-31,1.2323486368893644e-27,spectator,True,True,True,True,True,True,True,True
1.9967308916917866e-16,-1.0305993225216592e-08,2.746238812922298e-08,6.837964151656672e-23,1.4714817757324936e-22,2.7031713887299284e-12,4.727230563905359e-31,8.527197900805865e-28,spectator,True,True,True,True,True,True,True,True
2.9138624660073296e-16,-2.2517494924493297e-08,-4.6516164972008434e-08,1.334692981180394e-22,1.3199222600631618e-22,6.631635652260449e-13,1.2215608264319147e-30,1.2177006620853411e-27,axion-like,True,True,True,True,True,True,True,True
4.144094332759964e-17,3.8655756217186924e-08,1.5225760646585535e-08,1.0235518012033635e-22,1.0223547054208377e-22,6.637464326685416e-13,1.1177390995527282e-30,6.8622731393254475e-28,spectator,True,True,True,True,True,True,True,True
-9.895381200318641e-17,-3.1240631806050866e-08,3.231273174161865e-08,1.4636413221947566e-22,6.672683484442334e-23,2.515356470141484e-12,1.510727753532911e-30,5.885725421739343e-28,axion-like,True,True,True,True,True,True,True,True
-2.1320462807313091e-16,-4.1518840876423685e-08,-3.319991514221289e-08,1.7999399230366852e-22,1.0344145650295074e-22,1.1352763385850922e-12,1.3877269190608633e-30,1.8799495316495172e-27,spectator,True,True,True,True,True,True,True,True
2.677114623438358e-17,-1.5807306145433964e-08,-3.5313626517859573e-08,1.1009908629969617e-22,9.860887754808479e-23,7.180508882776316e-13,1.1567178589787198e-30,9.624026593525608e-28,axion-like,True,True,True,True,True,True,True,True
-8.129410953103259e-17,2.1763914764156757e-08,3.60800973620536e-08,1.7612541565132287e-22,1.1014095734768868e-22,9.11120718243183e-13,1.3965012470798638e-30,3.364452920429547e-27,axion-like,True,True,True,True,True,True,True,True
-4.153572601796853e-17,3.074316059762817e-08,3.231246099500948e-08,3.097006953109279e-23,3.0139835838895236e-22,2.2520572831585596e-12,9.747152930679313e-31,1.0281756095728048e-27,spectator,True,True,True,True,True,True,True,True
-6.12096799059808e-17,4.987433700667648e-08,3.894176626418688e-09,2.214941846959317e-22,7.695984533826331e-23,2.4102288265602723e-12,1.281120181651621e-30,5.737010574241737e-28,spectator,True,True,True,True,True,True,True,True
-1.4079088641638525e-17,-2.0363794298883507e-08,3.1919987929398024e-08,1.2062677347497264e-22,1.2350908246007435e-22,6.125798929732418e-13,6.468203807739543e-31,2.0879120048506186e-27,spectator,True,True,True,True,True,True,True,True
1.0659802307876435e-16,-9.205804886871779e-09,-4.072439225755052e-08,1.7141574513241222e-22,1.7061357766496377e-22,9.74861093784184e-13,1.2483510936008793e-30,1.4600637490320815e-27,spectator,True,True,True,True,True,True,True,True
1.5704856744534463e-17,-3.631787219703737e-08,-1.055184820612456e-08,5.433846271973209e-23,1.050221355853577e-22,1.0555839243409367e-12,1.493392848949103e-30,1.5467001378974398e-27,spectator,True,True,True,True,True,True,True,True
-1.586348370386883e-17,7.48719296230336e-09,2.377975561063729e-08,6.600861377054408e-23,3.218523002944881e-22,5.533613437699064e-13,6.691086290034603e-31,2.0428796534491624e-27,axion-like,True,True,True,True,True,True,True,True
-1.0356537528258116e-16,4.975800372629172e-08,-2.4254804067603663e-08,1.0756973479903096e-22,8.277702442719092e-23,9.67140952396659e-13,1.0315878935958031e-30,6.759218769175903e-28,axion-like,True,True,True,True,True,True,True,True
-1.674682944704357e-16,2.008810101206585e-08,2.523289144335527e-08,9.915172387194146e-23,1.1759126989804813e-22,1.003198821616393e-12,6.878658085550023e-31,9.264900382009916e-28,spectator,True,True,True,True,True,True,True,True
-4.8630790907333084e-17,9.521284041337174e-09,4.1786043908138485e-10,1.1520400116492938e-22,6.707204321336862e-23,1.9820381567496e-12,7.291294301759849e-31,9.022443488348799e-28,axion-like,True,True,True,True,True,True,True,True
-5.378255081832049e-18,-1.0763090707820598e-08,2.5026598794823306e-08,1.7198852620073062e-22,8.388172898448284e-23,2.0636061631535863e-12,5.091780026469369e-31,4.609581955740215e-28,spectator,True,True,True,True,True,True,True,True
1.767929913579883e-16,4.152987602855548e-08,-3.5320362142670422e-09,4.137016746044563e-23,1.1325445951303676e-22,8.20759096902826e-13,2.1371324527209477e-30,8.537182223107905e-28,axion-like,True,True,True,True,True,True,True,True
1.3027452147288585e-17,-3.0834038696505745e-10,-1.3209565977818236e-08,1.6272793922868113e-22,1.5267663943795358e-22,8.795262345464965e-13,1.895364379661885e-30,2.229612212757729e-27,spectator,True,True,True,True,True,True,True,True
9.827395110230576e-17,-3.6563308668693846e-08,-2.8081078352136766e-08,1.0041495405798094e-22,1.1729798801029062e-22,1.4897009293198e-12,1.380520100431112e-30,1.1530410717322659e-27,axion-like,True,True,True,True,True,True,True,True
-4.9929559853915204e-17,-1.3462153680086655e-08,-2.9162065856498498e-08,9.031280499658075e-23,1.876779778997093e-22,7.039041593657274e-13,3.265188750005339e-30,4.459105994551177e-28,axion-like,True,True,True,True,True,True,True,True
-1.1849437664170245e-16,-4.328333311522331e-08,2.5149081057139597e-08,4.792381530212228e-23,9.536270133671409e-23,1.423593190067014e-12,8.926618672198294e-31,3.9317375230294813e-28,spectator,True,True,True,True,True,True,True,True
-9.651167622323719e-17,-2.9802096231121842e-08,-3.810896519660395e-08,1.285984193064835e-22,8.469748609138363e-23,9.486229308960625e-13,6.166043899624805e-30,2.715200053628292e-27,spectator,True,True,True,True,True,True,True,True
-7.252260645357532e-17,-4.823312190000878e-08,-4.1401764988905487e-08,2.99077086177919e-23,3.865119320577019e-22,5.589813627944724e-13,8.723909231062235e-31,9.472507795210935e-28,spectator,True,True,True,True,True,True,True,True
2.1284697324351644e-16,-4.672008349983657e-09,-3.237086349778698e-08,1.3829197232414444e-22,1.2178887473990157e-22,5.632103891142231e-13,1.1654601773634523e-30,6.78109755129546e-28,axion-like,True,True,True,True,True,True,True,True
-8.213866792243861e-17,1.345402649517972e-08,-3.246534885460781e-08,4.7423470683675844e-23,6.978572060629707e-23,2.3827021900840056e-12,7.876773333990411e-31,8.484067849817618e-28,axion-like,True,True,True,True,True,True,True,True
8.38489203736345e-17,-1.5670753762109225e-08,3.231076228068998e-08,1.0270893789361638e-22,7.067121201229196e-23,9.104166860770847e-13,1.2503147705280035e-30,4.121431029881443e-28,axion-like,True,True,True,True,True,True,True,True
-9.029271780870263e-17,-7.961822849472288e-09,-1.0149337652578758e-08,9.421559946836843e-23,6.241653527929759e-23,2.675703820851099e-12,1.650979844374537e-30,2.3486885057419454e-27,axion-like,True,True,True,True,True,True,True,True
9.315730128742441e-17,4.5920927284457584e-08,4.9038845736048245e-08,1.7945765227748567e-22,1.5972520403733094e-22,7.347817545636645e-13,9.339336929503935e-31,7.899135557957066e-28,axion-like,True,True,True,True,True,True,True,True
3.8495096610586315e-17,2.5196312157491552e-08,-3.627887422093876e-08,9.145459334197196e-23,8.334440993169261e-23,1.1909164308261734e-12,2.9038339287872527e-30,2.2715011594323463e-27,spectator,True,True,True,True,True,True,True,True
-1.5663789765809042e-17,4.085663694495121e-09,1.535398256936433e-08,7.067563620759522e-23,1.0657526229898934e-22,4.202190907029506e-12,1.1542947723502971e-30,1.0314762501295268e-27,axion-like,True,True,True,True,True,True,True,True
-4.076252613543402e-18,-2.1545912488817474e-08,-5.1270492798749416e-09,7.76233930043891e-23,9.687445373266195e-23,5.302365523620803e-13,1.1762027389288569e-30,2.3577769027864453e-27,axion-like,True,True,True,True,True,True,True,True
-6.547876954293904e-17,3.969967987729952e-08,-1.07081823302926e-08,1.8897440268634322e-22,1.44158932657516e-22,3.2023867560472966e-13,5.796106947778216e-31,1.1665103666691647e-27,spectator,True,True,True,True,True,True,True,True
4.460722014820805e-17,-2.649028831193405e-08,3.7508419905408227e-08,1.3075412753322946e-22,6.548349587690187e-23,2.1639907333132996e-12,1.2854379080013858e-30,1.668524324424836e-27,axion-like,True,True,True,True,True,True,True,True
-4.5498348034078e-17,-1.7465726948332295e-08,4.755956458283996e-08,8.246345250324626e-23,5.840398027564505e-23,6.089095994644007e-13,9.227321030556653e-31,1.539497135409735e-27,spectator,True,True,True,True,True,True,True,True
-1.2256057637672482e-16,4.0906481442294844e-08,3.728589587741787e-08,8.884977089214571e-23,1.1186791439571408e-22,9.876530385537381e-13,6.94235639721165e-31,1.4535002888604659e-27,spectator,True,True,True,True,True,True,True,True
-1.2779375743196192e-16,2.954205528507237e-09,-3.0769932096486696e-08,4.56763948641481e-23,1.350506412323489e-22,7.035960175281726e-13,6.2757967439495485e-31,1.2321500928583637e-27,axion-like,True,True,True,True,True,True,True,True
1.725879177221195e-17,2.4231794941797665e-08,-2.7920207879106595e-08,1.2143841798307443e-22,1.180887360804869e-22,1.1745647677752364e-12,4.9682021183624e-30,8.696100122022723e-28,spectator,True,True,True,True,True,True,True,True
1.5790912564104348e-16,9.07447941637661e-09,1.560738790950633e-08,4.1482113409191754e-23,6.671590107522341e-23,5.653435246818179e-13,8.53776055131292e-31,3.15585928328321e-27,spectator,True,True,True,True,True,True,True,True
1.5999161357343824e-17,1.5343920900949515e-08,-2.109164183618083e-08,1.4562989229374235e-22,1.403181868541939e-22,8.976598642719862e-13,4.1719929217355675e-31,5.803277835303679e-28,spectator,True,True,True,True,True,True,True,True
-1.1863832610988255e-17,-2.0061670848517444e-08,2.3472513078057985e-08,1.0664237877711078e-22,6.894021794392081e-23,1.309819309386962e-12,6.577483445914803e-31,1.0025879283261614e-27,axion-like,True,True,True,True,True,True,True,True
2.858261396025429e-17,-2.5862793837333707e-08,6.642065080964463e-09,3.2985266523378997e-22,7.70458626669918e-23,5.460824366467158e-13,9.695330611086844e-31,1.0089715302085247e-27,axion-like,True,True,True,True,True,True,True,True
1.3060017417068247e-16,-1.7750765283133474e-08,5.090876849040292e-09,5.769107078578615e-23,6.237680076451223e-23,6.570136938031743e-13,1.3881892770939449e-30,1.2731121975285146e-27,spectator,True,True,True,True,True,True,True,True
2.1938250136385635e-17,-3.4455843591657755e-08,3.2854692483878576e-08,9.499641371008154e-23,1.9166505824218294e-22,8.118581061921461e-13,1.394976979567745e-30,7.728397295464302e-28,spectator,True,True,True,True,True,True,True,True
-4.1092723083373717e-17,3.743143652908074e-08,2.1053277174267787e-08,2.4574982242660767e-22,1.372605516519694e-22,4.243107206002572e-13,1.5007556246956252e-30,1.2078570825349742e-27,spectator,True,True,True,True,True,True,True,True
1.1062887100598888e-16,-2.167530667498859e-08,-4.734222350027083e-08,1.8142911131299347e-22,1.3532331942881358e-22,7.760513489357044e-13,6.791480160232239e-31,9.036568773256203e-28,axion-like,True,True,True,True,True,True,True,True
4.287564384616135e-17,6.148939441438461e-09,-4.505408628539843e-08,7.060240154919056e-23,1.8656428969749771e-22,1.0738796412608993e-12,1.2266222653117961e-30,3.8706156711126117e-28,spectator,True,True,True,True,True,True,True,True
1.535755991995992e-16,2.91974425141374e-08,1.0155845245601566e-08,1.1184946449017804e-22,4.0809288593862234e-22,7.868407789448812e-13,5.911794448546665e-31,1.0057478274881587e-27,axion-like,True,True,True,True,True,True,True,True
1.8323443722190614e-17,2.838241093757136e-08,-1.3807924377724459e-09,1.0010001780523528e-22,4.254477854242794e-23,8.49739118720854e-13,6.895019250455721e-31,5.166760483432569e-28,axion-like,True,True,True,True,True,True,True,True
-1.2244690317205002e-16,-6.161374141580708e-09,-2.3981534465700858e-08,1.1513992405800016e-22,6.912952339124357e-23,9.88130008299007e-13,5.7658910759707615e-31,3.5323156081295643e-28,spectator,True,True,True,True,True,True,True,True
-1.368159199245665e-16,-2.3742691413274357e-09,-8.134391268519834e-09,7.051531836547071e-23,7.348509848041432e-23,6.747276996277435e-13,4.901551463645089e-31,1.0855904064596066e-27,axion-like,True,True,True,True,True,True,True,True
1.6509279322312496e-16,4.9470174893502486e-08,2.5791031873286048e-08,9.563223836839614e-23,6.535019178465956e-23,1.513821940611849e-12,1.893686944930384e-30,1.3400809267171603e-27,axion-like,True,True,True,True,True,True,True,True
1.723665720783297e-16,1.7459747697902402e-08,3.2661148465793e-08,4.497667393377914e-23,5.834528571197355e-23,2.366913711047474e-12,1.5115974727492194e-30,1.3716560771690447e-27,axion-like,True,True,True,True,True,True,True,True
-1.7951921328260065e-17,3.146384431178826e-08,6.122306789004419e-09,1.069896297908063e-22,8.6085729464308e-23,7.568212103189246e-13,1.7967854764970613e-30,1.4053725449863267e-27,spectator,True,True,True,True,True,True,True,True
-3.8318732113598777e-17,4.0255396921923186e-08,-1.14630519142897e-08,1.2523356611566647e-22,5.442743400697526e-23,1.3379237056429057e-12,1.0238682329877314e-30,3.136262111377827e-28,axion-like,True,True,True,True,True,True,True,True
1.4614442922422022e-16,2.875898362293392e-08,-2.2930323850489296e-08,8.925170103253165e-23,1.1823703369793762e-22,8.660866711564479e-13,1.5937418549932875e-30,4.419271821495957e-28,axion-like,True,True,True,True,True,True,True,True
-1.1070456820434879e-16,-3.148206550464324e-08,2.1918470769253468e-09,4.459602549957103e-23,1.0261861476132217e-22,1.2451953273183024e-12,3.4757540566927084e-31,3.267786557846126e-27,axion-like,True,True,True,True,True,True,True,True
-8.947270189558263e-17,6.217073373757221e-09,-1.85250381435619e-08,1.6392944427421917e-22,1.271903163100349e-22,2.5586191507350822e-12,1.67841938926962e-30,5.3348450322063075e-28,axion-like,True,True,True,True,True,True,True,True
6.433267946890444e-17,-3.981058426854551e-08,6.409513704722289e-09,1.1999291567341787e-22,1.2889967799042465e-22,1.356890555521862e-12,1.1121242197558647e-30,1.4426830638292285e-27,spectator,True,True,True,True,True,True,True,True
-3.946051228595896e-17,1.5292212656399835e-08,1.7665238250963762e-08,6.955811826409275e-23,1.3518897476688052e-22,3.4505594237450323e-13,1.456834250729546e-30,6.622166087600547e-28,axion-like,True,True,True,True,True,True,True,True
-5.121866720071296e-19,4.5534942818781095e-08,-4.3392078908060514e-08,8.69097272872505e-23,8.296888994349567e-23,1.3131086992970828e-12,1.2561028849109137e-30,1.0489646641347192e-27,axion-like,True,True,True,True,True,True,True,True
-1.6344289852451258e-17,1.2732064300111322e-09,-4.9893253497725275e-08,4.722084774542754e-23,2.8880216031475057e-22,2.0953450594342723e-12,5.530908016138522e-31,6.838938787899746e-28,spectator,True,True,True,True,True,True,True,True
3.375745487989335e-17,-6.702750713223285e-09,-2.8772286115925703e-08,5.988733949512169e-23,1.1243617690157163e-22,8.755021233154018e-13,4.0704812176472045e-31,1.400633581934021e-27,spectator,True,True,True,True,True,True,True,True
1.4074818613137166e-16,-4.641572485818368e-08,3.9451149771878094e-08,7.642153382522305e-23,3.9406383055841725e-23,1.8173527034921149e-12,6.523118722748266e-31,1.0855257918448233e-27,spectator,True,True,True,True,True,True,True,True
9.058490690174554e-18,4.597745223292203e-08,1.4629076322855915e-08,1.8481966985046554e-22,6.058106061399153e-23,6.60955129167426e-13,1.4034736873499893e-30,7.6416322741477355e-28,axion-like,True,True,True,True,True,True,True,True
6.439387932768579e-17,-3.969973158698412e-08,-3.280396480629771e-08,7.263293655753947e-23,4.188461984795368e-23,4.101126111259989e-13,1.5129401080198655e-30,5.325368021284228e-28,spectator,True,True,True,True,True,True,True,True
-2.0501721010310226e-16,-4.58920906695153e-08,3.902639618236188e-08,1.3772748902914068e-22,1.0087049845003443e-22,1.0883920366119036e-12,4.40094691869716e-31,1.174290949829969e-27,axion-like,True,True,True,True,True,True,True,True
-4.871840193011795e-18,-2.539333884950615e-08,-3.0044059712659975e-09,7.640224530559385e-23,9.409148691063256e-23,3.4858051849250445e-13,5.550707918533716e-31,4.830518508545778e-28,spectator,True,True,True,True,True,True,True,True
-8.432302702928711e-17,-4.344695660816176e-08,-2.390824332133935e-09,1.131986190414315e-22,7.911933932891396e-23,8.660067225100462e-13,6.479502167627747e-31,1.2923840651995121e-27,spectator,True,True,True,True,True,True,True,True
-1.218813060423628e-16,-4.4882157588237626e-09,4.3554194384265506e-08,9.317434680369184e-23,2.733172592361563e-22,2.1643181240300378e-12,8.070392006156167e-31,4.8350474630920884e-27,axion-like,True,True,True,True,True,True,True,True
-8.781523669287508e-17,1.6087801257112375e-09,-4.405133078166599e-08,1.5473260312713987e-22,1.3158613063510978e-22,3.1795108033900787e-13,4.416531212749794e-31,2.2481373541315572e-27,spectator,True,True,True,True,True,True,True,True
-3.3412344070081206e-17,-1.8743005097141606e-08,-2.8482172537128148e-08,7.653625245463808e-23,1.4377065649510875e-22,4.640801161480962e-13,4.260361574445969e-31,1.5388089869883192e-27,axion-like,True,True,True,True,True,True,True,True
9.15902542356013e-17,-4.4903951742511395e-08,8.577132515472243e-09,4.555434737559304e-23,6.277980479237475e-23,5.38364549440995e-13,6.107294736480361e-31,9.499324723558223e-28,spectator,True,True,True,True,True,True,True,True
-1.326392717739564e-16,-3.883996317507733e-08,-3.045134904179959e-08,5.0108751341236635e-23,6.067900399708246e-23,9.627207236610296e-13,1.0531148554815277e-30,3.124685120876036e-28,axion-like,True,True,True,True,True,True,True,True
3.0631492594417446e-18,-1.1549562201007192e-08,1.795270092089578e-08,7.664860756566789e-23,1.0185731236565856e-22,8.02976306748615e-13,4.924528279093027e-31,4.52317081413147e-28,spectator,True,True,True,True,True,True,True,True
-4.8416943333357845e-17,-4.394715491734639e-08,-2.8590771066327978e-08,5.355130683704287e-23,1.0903552600895173e-22,2.3151670135491736e-12,9.328768261489412e-31,2.1590659846447328e-27,axion-like,True,True,True,True,True,True,True,True
-3.2767309436196086e-17,1.9818972560991342e-08,-4.008430294011856e-08,1.2276551991410876e-22,3.9528202418956085e-23,1.7728864790878954e-12,1.887270659173571e-30,6.22598364369543e-28,axion-like,True,True,True,True,True,True,True,True
1.002757825304604e-16,-2.92979458475188e-08,-2.9301484035916024e-08,7.922454033646321e-23,9.137908971610318e-23,1.346035718493386e-12,4.579167671722006e-31,6.5734172989295285e-28,spectator,True,True,True,True,True,True,True,True
5.3811543700392604e-17,-1.979284312163615e-08,-7.726596572793772e-09,3.2782287949832446e-22,1.0070608525328077e-22,1.0913093224367003e-12,8.83496936182866e-31,9.053892788326337e-28,spectator,True,True,True,True,True,True,True,True
1.3373981074427435e-16,-1.0587422282190254e-08,-3.2386170082692006e-08,4.1943055983277554e-23,8.980095438100679e-23,1.2660956403780515e-12,1.849386643846145e-30,5.2875623575139875e-28,spectator,True,True,True,True,True,True,True,True
-1.5450567924990046e-17,-8.33903669308521e-09,-3.653079750766527e-08,1.1071803844357745e-22,6.658471054635542e-23,5.961938499605153e-13,7.780526883995088e-31,4.789968581727793e-28,axion-like,True,True,True,True,True,True,True,True
-6.95942611670703e-17,-4.983392923251994e-08,3.602818862189408e-08,5.689421544761307e-23,7.635569312500289e-23,1.6725112043052269e-12,7.087858703377432e-31,9.701695357153032e-28,axion-like,True,True,True,True,True,True,True,True
-2.2385881688049953e-17,-3.879296290013024e-08,-1.7960279640269217e-08,7.813745472236572e-23,9.153675532848719e-23,5.131297444577452e-13,2.0099251620841787e-30,5.857175086405095e-28,spectator,True,True,True,True,True,True,True,True
2.424967912712216e-17,3.62764563740878e-08,-1.3924131348174638e-08,1.073269649828747e-22,1.0464463670993943e-22,1.6507441666705068e-12,8.321677404341877e-31,6.410735103732311e-28,spectator,True,True,True,True,True,True,True,True
1.7657335845371103e-17,-4.987669374880918e-08,-4.447295904987723e-08,3.1264538454835206e-23,1.3530966645961345e-22,2.0374224443206084e-12,1.9400175416526352e-30,6.258061529328646e-28,axion-like,True,True,True,True,True,True,True,True
-1.0843880722333665e-16,8.167355812875087e-10,-1.4263037649794584e-08,1.1257089988990983e-22,1.7167416462406505e-22,1.1348707425733027e-12,1.2935355873034167e-30,1.3680907138567869e-27,axion-like,True,True,True,True,True,True,True,True
9.048978162787421e-18,-1.049799349279189e-09,-2.3519282267842033e-08,2.589471319517879e-22,8.631438966499129e-23,8.996694729608447e-13,8.14071733844825e-31,8.699883882190662e-28,axion-like,True,True,True,True,True,True,True,True
2.2822833013890515e-17,-1.6690583898936218e-08,1.1048506734178847e-08,7.971446295742739e-23,7.960620865049322e-23,1.2714855547050392e-12,1.3335096728688143e-30,8.983970306326239e-28,spectator,True,True,True,True,True,True,True,True
2.5174740375339203e-16,-6.867297985355039e-09,-2.946097023275933e-08,1.1387189795182352e-22,1.2446169809580464e-22,1.7962013447775967e-13,1.211997358643404e-30,1.4307052984572975e-27,axion-like,True,True,True,True,True,True,True,True
1.87684461128167e-16,2.8058113752658427e-08,3.883654530628405e-08,1.6693942675042615e-22,1.3571982414465535e-22,1.1988406095953455e-12,1.8450930182208397e-30,9.18306776549053e-28,axion-like,True,True,True,True,True,True,True,True
-8.5324335055882e-17,3.412037062149564e-08,4.2966662091955506e-08,9.21293378505963e-23,8.048493059785167e-23,9.342488900300613e-13,7.1963774702277395e-31,8.462400089618249e-28,spectator,True,True,True,True,True,True,True,True
-2.8738336154917606e-17,-2.3965145658474996e-08,-4.001689428232098e-08,7.479044167505375e-23,1.4846762551441537e-22,9.700798727493e-13,1.0250318036589571e-30,1.3261370114910021e-27,spectator,True,True,True,True,True,True,True,True
-1.463442001837003e-16,-1.775095590322702e-08,-3.9259704371142276e-08,3.2050153864744665e-23,1.6319778278574858e-22,1.5279386016009877e-12,9.637634408806567e-31,1.4931958759012055e-27,spectator,True,True,True,True,True,True,True,True
-5.907070139634865e-17,-2.5751714697166726e-08,-3.84673561889012e-08,1.3778101069172622e-22,1.9075948979158414e-22,9.561300372634331e-13,1.5257542607260098e-30,9.155373670437514e-28,axion-like,True,True,True,True,True,True,True,True
3.1560500359034046e-17,-2.013659944893484e-09,1.1956925631031206e-08,9.449869086503113e-23,2.4330861043194965e-22,5.04531948573844e-13,5.405827705272213e-31,1.0495533213003894e-27,spectator,True,True,True,True,True,True,True,True
1.2058536208882336e-16,1.8325835765881287e-08,-3.7803103579037706e-08,6.026962589316056e-23,6.484255602962052e-23,9.18657785978649e-13,1.8407741722913487e-30,6.25581202197968e-28,axion-like,True,True,True,True,True,True,True,True
-7.290838377436086e-17,-2.7174712453657944e-08,3.5238231793026635e-08,1.065344642868622e-22,1.0069733057201644e-22,1.0413659766658851e-12,1.322861592558516e-30,5.966588163252963e-28,axion-like,True,True,True,True,True,True,True,True
-6.541464400677965e-17,-1.6926425794513333e-08,2.542715149378925e-08,7.468878952511413e-23,1.0056547765393473e-22,1.0713937242756148e-12,4.537744347429667e-31,1.5864336367270084e-27,axion-like,True,True,True,True,True,True,True,True
-2.1472890297386548e-16,4.303846175891505e-08,3.19808858238024e-08,7.678099283767194e-23,9.521461050584913e-23,1.1020274507655236e-12,2.064643753960148e-30,1.3059950459237319e-27,axion-like,True,True,True,True,True,True,True,True
-1.6266592054490768e-17,-4.5143071015304193e-08,2.606052688602092e-09,1.3541115790232214e-22,7.227936830873679e-23,1.865672218357921e-12,3.820784807392915e-30,1.3141355368753308e-27,spectator,True,True,True,True,True,True,True,True
-1.062414411859563e-16,-3.9230394760433795e-09,4.9667721151915345e-08,5.121226121987772e-23,4.757889042344096e-23,5.212003658361197e-13,1.8241249301795753e-30,1.1835431503248614e-27,axion-like,True,True,True,True,True,True,True,True
-5.2943942736607374e-17,2.115580415967778e-08,-4.558248970558387e-08,1.6881911715295232e-22,1.0474301866614183e-22,1.1111775109184813e-12,2.3541762070204262e-30,1.0281097946756153e-27,spectator,True,True,True,True,True,True,True,True
-8.768607781675882e-17,-3.4954598844252597e-08,-9.873503581388661e-09,4.971601449448448e-23,6.810103125010389e-23,2.1683311560558238e-12,1.05255740742804e-30,1.518688501570325e-27,axion-like,True,True,True,True,True,True,True,True
-9.426255425255699e-18,-4.5262597999451815e-08,-1.7606333106236384e-08,7.179533356494873e-23,1.043934492008859e-22,3.53183722125303e-13,3.690205476354195e-31,1.752538409414988e-27,axion-like,True,True,True,True,True,True,True,True
-1.7577283913566313e-16,-3.6179462836146924e-08,4.48645498712641e-08,2.6155465908520328e-22,6.723193885091549e-23,1.1138116017293497e-12,3.3072360895147437e-31,1.7276062902203017e-27,axion-like,True,True,True,True,True,True,True,True
-1.4670452453909906e-16,4.188231935306829e-08,7.686095849759289e-09,1.7571222415819833e-22,5.770483774493714e-23,7.038238964643143e-13,1.1653823450157773e-30,9.41325067963596e-28,axion-like,True,True,True,True,True,True,True,True
2.129247112028298e-16,-4.907402181788766e-08,3.061909654447252e-08,1.0500124237557041e-22,1.1242871385480098e-22,8.005740623730556e-13,7.010421364903424e-31,2.298359569804216e-27,spectator,True,True,True,True,True,True,True,True
-1.287422581274031e-16,-3.1167802518864817e-08,-3.296588063414811e-08,6.248365972985364e-23,1.0783809148908547e-22,5.810697359218897e-13,5.776738938638653e-31,1.1469157799054523e-27,axion-like,True,True,True,True,True,True,True,True
-1.0967855784546396e-16,-4.6871648709835545e-08,4.786341439004389e-08,7.674851460798616e-23,1.3359477775101627e-22,9.032730146823946e-13,9.63051865497748e-31,1.4614450632041592e-27,axion-like,True,True,True,True,True,True,True,True
1.836913528321314e-16,-3.8937053243779676e-08,-1.3604531236847923e-10,1.0373170884520927e-22,2.983007092616553e-22,3.018479925236082e-12,1.4467955896119453e-30,1.1844194447571855e-27,axion-like,True,True,True,True,True,True,True,True
2.905067169240407e-16,1.2014928662829628e-08,-6.327923729354211e-10,1.0189387211484833e-22,1.1487159640958958e-22,4.682943551862411e-13,4.182589552708433e-31,1.1597494895254683e-27,spectator,True,True,True,True,True,True,True,True
-1.1715666288253416e-16,-2.583610912609142e-08,4.708847285457377e-08,9.555812691980218e-23,1.2744833534793602e-22,4.957091073162045e-13,7.638937484716364e-31,6.431024770273372e-28,spectator,True,True,True,True,True,True,True,True
-3.6824895678803056e-17,6.921205043067677e-09,-1.1926763878285497e-08,9.847019651542545e-23,5.834592514294611e-23,4.578742288407326e-13,2.4742131093993444e-30,1.5231956100707151e-27,axion-like,True,True,True,True,True,True,True,True
3.415555509405095e-17,9.019538276612614e-09,-1.0247497544500706e-08,8.983571659428429e-23,5.2547444471400035e-23,2.8191938406668885e-12,5.245717685799805e-31,5.513373228052214e-27,spectator,True,True,True,True,True,True,True,True
1.7286976444055923e-16,3.49435333089779e-08,8.475270280493665e-09,4.862709170914695e-23,2.2065158287358107e-22,7.577484388331183e-13,1.6851535922132233e-30,7.986144064578472e-28,axion-like,True,True,True,True,True,True,True,True
-9.868570784282374e-17,-4.952586070881261e-08,-3.7194738945221303e-08,7.723979588178022e-23,6.301862363883987e-23,9.847342844238527e-13,7.476364437502177e-31,1.0435170944646836e-27,axion-like,True,True,True,True,True,True,True,True
-2.4527784594210973e-17,3.5336945934236676e-08,-1.7891437358814507e-08,1.5798217543832165e-22,5.933492874681716e-23,7.853154736546154e-13,1.3874621068816823e-30,7.6511956855187965e-28,axion-like,True,True,True,True,True,True,True,True
7.77337576061744e-17,1.1911908642697397e-08,-3.0679167755486946e-08,5.0451023661717034e-23,9.806403909189212e-23,5.67421010964493e-13,1.9316923892939493e-30,7.461624501146733e-28,spectator,True,True,True,True,True,True,True,True
4.347660744666186e-17,-3.3725651389504235e-08,-3.967165208929504e-08,9.095750598159294e-23,9.559055129050577e-23,8.684108142606468e-13,1.5601298581346702e-30,2.526082507941242e-27,axion-like,True,True,True,True,True,True,True,True
-3.761560712300992e-17,2.7293738813528396e-08,3.6614460633102005e-08,6.637319077760061e-23,6.368295426207242e-23,4.370800457742904e-12,1.7254635884904713e-30,6.677892757764648e-28,spectator,True,True,True,True,True,True,True,True
-1.3382296451604115e-17,3.554915417905857e-08,8.933116612747606e-09,1.0572542473291947e-22,8.585703906894016e-23,2.3053731546949525e-12,5.010967313211729e-31,7.524292670748752e-28,spectator,True,True,True,True,True,True,True,True
-1.3748958083699818e-16,-2.4573651624584268e-08,-1.413272084720888e-08,8.233971832464009e-23,1.8490793356726957e-22,5.994380232004298e-13,1.9507147113102903e-30,3.8577703951529637e-28,axion-like,True,True,True,True,True,True,True,True
-2.3817374397466524e-17,4.187936809026809e-08,-9.133062263328719e-09,2.0932059383570071e-22,6.683142349744944e-23,1.4748325557716925e-12,5.995260402878749e-31,6.347227213619746e-28,spectator,True,True,True,True,True,True,True,True
-2.663874900089551e-17,-4.554256970134215e-09,-6.848099631264537e-09,1.2882588488507947e-22,4.9815886730244346e-23,6.071899140672692e-13,1.1685048894187106e-30,3.587821368782253e-28,spectator,True,True,True,True,True,True,True,True
2.3216988962625594e-17,1.0342445433332143e-08,1.3314918214470943e-08,5.1897395356305265e-23,1.602070428357642e-22,3.4444509287459907e-13,1.1675969084334148e-30,1.4609440254265986e-27,spectator,True,True,True,True,True,True,True,True
-5.55327218819016e-17,4.846495336176436e-08,4.267693914889932e-08,1.3987989923045166e-22,1.2790894479108566e-22,1.843574869570322e-12,1.3378629605161678e-30,5.3645813157487455e-27,axion-like,True,True,True,True,True,True,True,True
4.7153852254513896e-17,-1.3846392136080068e-08,4.3277961965698256e-08,6.788697961009838e-23,7.332567905132239e-23,2.0058255225917198e-12,1.2240609830914001e-30,8.02512958704218e-28,axion-like,True,True,True,True,True,True,True,True
1.0127158178198285e-16,3.131593458201128e-08,-1.0850802046933658e-08,7.493881647696382e-23,4.533533170954824e-23,1.8731684411570003e-12,6.027299738470185e-31,3.6785929672053456e-28,spectator,True,True,True,True,True,True,True,True
1.5542932766846602e-17,-1.8160088217154035e-08,-1.7073754040223046e-08,1.1698897458505498e-22,6.891394193010588e-23,7.543346703790128e-13,4.448934572564849e-31,1.716006516680366e-27,spectator,True,True,True,True,True,True,True,True
3.517564083992035e-17,2.99213522241491e-08,-4.895349981474494e-09,7.82020980224553e-23,9.730184661306949e-23,9.047782070497272e-13,1.6877718177480993e-30,6.465175238864395e-28,axion-like,True,True,True,True,True,True,True,True
5.315534757786736e-18,1.0073391886264247e-08,6.7934230428492586e-09,1.5627200241353497e-22,1.7911109054909365e-22,1.56809158997299e-12,1.1179545785710075e-30,2.1806176412169045e-27,spectator,True,True,True,True,True,True,True,True
8.439309141418043e-21,-2.8364430477459856e-08,-3.8182088550251746e-09,6.789179278932318e-23,5.955374597669382e-23,1.2647792770487822e-12,1.9929702314669737e-30,8.443253028957483e-28,axion-like,True,True,True,True,True,True,True,True
-7.215580335428474e-17,-8.59739062107636e-09,1.5875340981670096e-08,7.338333818828373e-23,9.586205636292994e-23,7.896365657102696e-13,9.735172249276408e-31,6.844844078179041e-28,axion-like,True,True,True,True,True,True,True,True
3.16494261673308e-17,-1.8236436563643833e-08,5.439902337976366e-09,7.202294430932085e-23,1.4015409781111955e-22,3.7853638091009885e-13,4.303748884972849e-31,8.987282833162742e-28,axion-like,True,True,True,True,True,True,True,True
-9.728659841348947e-18,-4.2189160691963614e-08,-1.7928445330592393e-08,7.536559052839475e-23,3.0402854922501966e-23,1.0707133584610852e-12,1.7854630772239852e-30,1.5756471181513706e-27,axion-like,True,True,True,True,True,True,True,True
2.0931683089305947e-16,-4.701652299003025e-08,-1.5426919423736742e-08,1.7325525400580292e-22,1.6768098408744156e-22,1.9105779416540333e-12,8.007372879513893e-31,8.72447866587108e-28,axion-like,True,True,True,True,True,True,True,True
1.5733549024752425e-16,-1.5352134459281904e-08,-1.2140721244026906e-08,1.3694348641357977e-22,5.536484911589817e-23,4.874571092597205e-13,1.227773141482873e-30,7.422754920208949e-28,axion-like,True,True,True,True,True,True,True,True
3.858465525565008e-17,-4.809658521825134e-08,-4.053602317506113e-08,2.3513084889480863e-22,1.1805704415745126e-22,1.4670530034397334e-12,6.780897283577581e-31,8.875424198263935e-28,spectator,True,True,True,True,True,True,True,True
-7.630572096947676e-17,-3.34512242418225e-08,-3.339373675860269e-08,3.107511055096659e-22,1.131270768553026e-22,1.2200904765235174e-12,2.6820489235611313e-30,4.662127934867303e-28,spectator,True,True,True,True,True,True,True,True
-1.1124114719834178e-16,2.2518332085086872e-08,2.2311380214538605e-08,5.97286419510165e-23,1.7199465172708206e-22,1.5684517055161422e-12,5.910002169361173e-31,1.2689870215517831e-27,axion-like,True,True,True,True,True,True,True,True
1.1911429530888652e-16,2.0809123568358784e-08,-1.1090328847791995e-08,1.0358367598021508e-22,1.3171393034087405e-22,1.6873939541950239e-12,8.167209046466733e-31,3.4231087748752417e-28,spectator,True,True,True,True,True,True,True,True
2.627492251471385e-17,2.385803864573826e-08,-2.8546102743985634e-08,5.553814198412972e-23,3.0463368838585464e-23,6.592324039251185e-13,1.0665927497407817e-30,7.660767851009092e-28,axion-like,True,True,True,True,True,True,True,True
4.801434033916108e-17,-1.8284682887002122e-08,6.2672410574857305e-09,6.778678213056864e-23,6.754408949875686e-23,3.7901646176797753e-13,5.192813740191632e-31,1.5771684599068284e-27,axion-like,True,True,True,True,True,True,True,True
-1.7445859869741925e-16,3.900194571176955e-08,2.5553954247342723e-08,7.297587673567937e-23,1.0715461062923691e-22,7.260679195676143e-13,1.2193424245360986e-30,1.1994090411201016e-27,axion-like,True,True,True,True,True,True,True,True
9.274384815581807e-17,9.383054802844756e-09,-2.425776376546286e-08,5.89442893147268e-23,9.071114642756005e-23,1.7048487387361992e-12,2.6304272526654633e-30,1.4250292556518054e-27,spectator,True,True,True,True,True,True,True,True
4.5442033821436294e-17,-3.7397365825337344e-08,3.267898819237445e-08,5.909974144556163e-23,1.2697313782105594e-22,7.223811707187514e-13,7.450698575938528e-31,9.617243540456592e-28,spectator,True,True,True,True,True,True,True,True
-1.110430684414478e-16,-3.562813385444658e-08,4.275048596250496e-08,9.303985937178001e-23,1.4839141279896626e-22,6.593993102876905e-13,1.2675497312567733e-30,2.0174769752700882e-27,axion-like,True,True,True,True,True,True,True,True
-4.715248074499489e-17,1.9309542692970146e-08,9.739452907384075e-09,5.442431259886381e-23,1.3555752028651192e-22,3.352729827336244e-13,1.9211498007803012e-31,1.7416266242581007e-27,spectator,True,True,True,True,True,True,True,True
2.6371720435651956e-17,-3.2705606355792195e-08,1.6894765899157953e-08,1.5235809916034736e-22,8.984021600083539e-23,2.862194197856866e-12,9.769131550555676e-31,1.3069348710765943e-27,axion-like,True,True,True,True,True,True,True,True
5.246679835624363e-18,7.292701582043334e-10,-4.474240096769446e-08,6.319931214293987e-23,3.972583296273434e-23,1.6412008259657711e-12,8.28759419564993e-31,1.7446037742213845e-27,axion-like,True,True,True,True,True,True,True,True
-2.92171185803555e-17,4.9177447592871074e-08,4.455198910219065e-08,4.0746484989588985e-22,7.963307818034221e-23,1.5871462443769744e-12,6.119537559816653e-31,1.5687107954573337e-27,axion-like,True,True,True,True,True,True,True,True
-1.0348826806596085e-17,-4.959923952666605e-08,-1.0751526573505617e-08,7.979636567556205e-23,1.231439824827427e-22,1.7871733400626369e-12,1.9133780295397096e-30,7.682207839799355e-28,axion-like,True,True,True,True,True,True,True,True
-2.5197737820688535e-17,-4.834201981024431e-08,4.239004005454299e-08,1.0366649908294891e-22,5.797121299791026e-23,1.4134379752486761e-12,8.222208804814626e-31,4.464895215050333e-28,spectator,True,True,True,True,True,True,True,True
1.5256251210246856e-17,4.9308458193050655e-08,7.897752475024252e-09,5.232632516953929e-23,1.3711329447482774e-22,8.636416845890726e-13,8.989871913679228e-31,1.286875613460739e-27,spectator,True,True,True,True,True,True,True,True
1.471491972993157e-16,8.463883413416553e-09,-4.9538120115667234e-08,2.346783997211884e-22,1.5749076704671717e-22,9.0641459931658e-13,7.974662819739454e-31,1.3877081015606141e-27,axion-like,True,True,True,True,True,True,True,True
-2.5666584409312974e-16,-3.730900244814868e-08,-4.6145800067656423e-08,1.7502354826575988e-22,1.0654886158234442e-22,7.7372511368168e-13,3.166084243556365e-31,1.9237630594446498e-27,spectator,True,True,True,True,True,True,True,True
-2.3685026450968424e-17,3.9730219975409366e-08,1.8041880566992193e-08,1.160043999924213e-22,2.1612681585151295e-23,4.8590573230555425e-12,5.070265732481681e-31,5.7018593760244505e-28,spectator,True,True,True,True,True,True,True,True
1.7651242137244697e-17,3.803803001276922e-08,6.26680138319331e-09,5.099710730461261e-23,5.277966609139564e-23,1.3959109581973407e-12,1.780076056340127e-30,5.805039719559084e-28,spectator,True,True,True,True,True,True,True,True
2.959939896870995e-17,3.6200413111375207e-09,-4.734675627939256e-08,1.1110810261900677e-22,2.567915754162359e-22,7.570846076033246e-13,2.819655473210827e-31,1.3177690060867996e-27,spectator,True,True,True,True,True,True,True,True
-3.719145813212898e-17,1.2179202986075653e-08,2.4345996122238538e-08,5.708004968078887e-23,7.608881599444381e-23,1.3222013864364113e-12,6.314167279578692e-31,9.581986213632086e-28,axion-like,True,True,True,True,True,True,True,True
-1.7567217824785826e-16,-2.2681280849912366e-08,3.5214533706918175e-08,2.0775257278969024e-22,3.7080772522605207e-23,5.452442875474224e-13,7.867599990768018e-31,3.225629505332024e-28,spectator,True,True,True,True,True,True,True,True
3.2799548371410964e-17,-4.494803036279948e-08,-3.5825175606917203e-10,1.498698951296694e-22,1.854515904645252e-22,2.466262954749187e-12,2.8467361297180297e-30,1.252403992385042e-27,axion-like,True,True,True,True,True,True,True,True
1.727350214164185e-16,9.456760889086432e-09,-3.4242559642744998e-09,1.0488764244107435e-22,1.006700141963434e-22,6.725751291859629e-13,1.5859161600471506e-30,3.2908021314124924e-28,spectator,True,True,True,True,True,True,True,True
-1.5338614049161377e-16,-2.05244806797237e-08,-4.945268911653725e-08,2.957656587503895e-23,1.7375398691707392e-22,1.3507382023733443e-12,7.1583734026456885e-31,5.671372556322052e-28,axion-like,True,True,True,True,True,True,True,True
8.638280136981882e-17,1.6362104666035193e-08,2.866497124935992e-08,6.115809279169438e-23,1.1485259500335378e-22,1.895696994143493e-12,2.1873881757139115e-30,2.2501768738261255e-27,spectator,True,True,True,True,True,True,True,True
-3.285252231228939e-17,3.362451768426013e-08,-1.6928393325389454e-08,1.410410174236943e-22,1.257693600882847e-22,1.2596842905642754e-12,6.4126692293679465e-31,2.988965708542916e-27,axion-like,True,True,True,True,True,True,True,True
-6.13243458288473e-18,-4.8183945608563595e-08,3.7876361978253955e-08,1.8338944967328025e-22,1.199020080794604e-22,1.058319206175416e-12,1.832094562931343e-30,4.822012017171389e-28,spectator,True,True,True,True,True,True,True,True
-1.052898510703949e-16,9.571377468572741e-09,-1.2693941244194694e-08,1.7412180651308901e-22,1.4172865396395338e-22,1.0065022996698313e-12,4.424948966682326e-31,8.206694064326278e-28,axion-like,True,True,True,True,True,True,True,True
-3.3445617235587667e-17,-2.6871946031314775e-08,6.507791063070554e-09,4.511269465627671e-23,3.1227537485956123e-22,9.66702331083195e-13,1.9039957401937875e-30,1.0259033215984242e-27,spectator,True,True,True,True,True,True,True,True
1.3000445946989585e-16,3.738884979038014e-08,-2.2965821180067245e-08,1.162736354376744e-22,1.6249924473391351e-22,7.074989784473189e-13,7.837382436441308e-31,2.9116972440762554e-27,spectator,True,True,True,True,True,True,True,True
5.82655241987707e-17,-2.463354934381715e-08,-3.394116874150813e-08,1.6615611433762217e-22,4.53767802994687e-23,7.636161344800511e-13,5.3950536790020825e-31,7.439946993569591e-28,spectator,True,True,True,True,True,True,True,True
1.7323116054099442e-16,1.1077013323541831e-08,2.7490790338132797e-08,4.3641232508413205e-23,1.2502340298118053e-22,2.429667032230932e-12,8.778441841937881e-31,7.5116464730771355e-28,axion-like,True,True,True,True,True,True,True,True
1.1774118889776937e-16,5.3540840089611485e-09,-3.409521153718373e-10,9.960555422046842e-23,1.7695767329314324e-22,9.369531672236962e-13,1.1810531114927935e-30,2.5325718681452363e-27,axion-like,True,True,True,True,True,True,True,True
4.390866789295762e-17,-1.038334999407511e-08,3.6487923752250755e-09,1.14673778105291e-22,1.8245810577193713e-22,6.24079346009696e-13,7.431561771418341e-31,7.9861724413401565e-28,spectator,True,True,True,True,True,True,True,True
1.743934526167792e-16,1.7762076359979402e-08,4.654159534817355e-08,8.603789971740875e-23,8.07911713800303e-23,7.336093900835937e-13,1.3942715654632877e-30,1.5423712815594055e-27,spectator,True,True,True,True,True,True,True,True
4.3899315873829874e-17,2.257696347154339e-08,4.6357991222215366e-08,3.9610302885109775e-23,1.790459377843399e-22,1.9352226963612214e-12,7.048316280188192e-31,4.121838550433104e-28,axion-like,True,True,True,True,True,True,True,True
8.279881767970589e-17,6.693779531938682e-09,3.556421217024035e-08,8.497194396044006e-23,1.5902181367961601e-22,1.4998483153557142e-12,1.4509571416577272e-30,9.023618760142726e-28,axion-like,True,True,True,True,True,True,True,True
-2.965709535347084e-17,2.584222371847541e-08,-3.123907072349664e-08,8.49036828333002e-23,3.619220671283443e-22,1.3996154312740382e-12,1.303865399874885e-30,3.6944326231003175e-28,spectator,True,True,True,True,True,True,True,True
6.6545815859204824e-18,4.834170759929376e-08,9.427269430157991e-09,9.286380744228453e-23,6.87288682138742e-23,8.568325937226717e-13,9.641061919396386e-31,5.308582361746396e-28,axion-like,True,True,True,True,True,True,True,True
-6.974238233002768e-17,-8.07276120991949e-09,3.781474246555374e-08,7.544730558236741e-23,7.759243208751275e-23,1.4106032956053101e-12,7.67336856129507e-31,1.6545363410148286e-27,axion-like,True,True,True,True,True,True,True,True
9.89583934594853e-17,1.4583051885530878e-09,-1.255360635510623e-08,8.013110528697852e-23,8.580786438206929e-23,6.796776244126376e-13,1.0951862908837205e-30,9.705006227904728e-28,axion-like,True,True,True,True,True,True,True,True
-1.1783036231148657e-16,-4.8753012205878674e-08,-3.98893834064415e-08,9.803426347044082e-23,7.826176041483038e-23,8.557573447321355e-13,1.3911799136686924e-30,8.257498103908545e-28,spectator,True,True,True,True,True,True,True,True
7.823503424176614e-17,2.9602855631037832e-08,3.109629022399218e-08,1.2476069825040653e-22,6.408176275906891e-23,1.7894041591138574e-12,3.445536039511532e-30,6.381066960774123e-28,spectator,True,True,True,True,True,True,True,True
-1.9065105750515946e-17,2.0230067045993804e-09,-1.8236448637828345e-09,8.58805008149041e-23,2.5124222814666617e-23,1.6897263746773336e-12,1.7570780896218302e-30,8.759960966411562e-28,spectator,True,True,True,True,True,True,True,True
1.1712470934673194e-16,-9.20385696394348e-09,6.439268035917858e-09,8.147903287443824e-23,8.046485048458783e-23,5.548009337130845e-13,1.796057472936617e-30,1.1980172520036785e-27,axion-like,True,True,True,True,True,True,True,True
7.508689887312598e-17,-4.059280369106042e-08,4.821442963178444e-08,1.0472597795617221e-22,1.2028323048966895e-22,5.985077100696815e-13,6.379612232573873e-30,1.8035369766659422e-27,spectator,True,True,True,True,True,True,True,True
1.8206461576468015e-16,3.896564216753972e-08,1.0721143049407217e-08,3.8271757536638535e-23,7.814446767346111e-23,1.0673952039374366e-12,1.3628458988630358e-30,2.069893346533155e-28,axion-like,True,True,True,True,True,True,True,True
7.307746911386448e-17,-1.0499275995944356e-08,-7.50206143338986e-09,1.2693660004941048e-22,2.631859397845163e-22,2.8170195385191077e-12,1.3374784757843605e-30,6.071030672518312e-28,axion-like,True,True,True,True,True,True,True,True
-1.5720402556532406e-16,1.8258159820922043e-08,-1.3001563215280222e-08,9.997184910695991e-23,1.006710320343347e-22,3.168461042046665e-13,1.5256324487722655e-30,1.1001623340371468e-27,axion-like,True,True,True,True,True,True,True,True
-6.6953172898200836e-18,-3.5062584363184925e-08,-8.238070734595438e-09,1.0200450197161443e-22,1.9069679645261045e-22,1.1817539861098553e-12,5.458671834662942e-31,9.424071589758094e-28,spectator,True,True,True,True,True,True,True,True
-1.1720071925948158e-16,4.6154962954103245e-08,-3.816009168213312e-08,1.6166678589845653e-22,1.1396374737676675e-22,4.3796074367117536e-13,7.661778302197964e-31,1.2738269877271771e-27,spectator,True,True,True,True,True,True,True,True
-5.1827984236627463e-17,-3.215582381781691e-08,2.947505584175718e-08,3.766617289454655e-23,1.511652850168493e-22,6.834521749246271e-13,7.380811064987986e-31,1.1741261533945001e-27,spectator,True,True,True,True,True,True,True,True
1.5112284332767216e-16,-3.0045800710050957e-08,3.3771685818704104e-08,3.7272405392756985e-23,1.1498376712382413e-22,8.035972639096395e-13,1.4748678408174898e-30,8.32834182049185e-28,axion-like,True,True,True,True,True,True,True,True
6.37533810897696e-17,3.5898286055771376e-08,-2.1560286542659113e-08,1.1467156761837573e-22,1.982566695246761e-22,7.77007709861432e-13,9.007705301470737e-31,7.289778601550765e-28,axion-like,True,True,True,True,True,True,True,True
-6.989304285787463e-17,4.1258274414193115e-08,-1.962033815900559e-08,9.964478961360778e-23,1.0283644988632341e-22,7.259475123601208e-13,1.0864701592203595e-30,8.630342566514363e-28,spectator,True,True,True,True,True,True,True,True
-1.0137173664403988e-16,-2.878525924766986e-08,3.7433425633481325e-08,1.0888133914957914e-22,1.281537275817636e-22,1.00433359922637e-12,1.9202833861262453e-30,1.992211662701089e-27,axion-like,True,True,True,True,True,True,True,True
3.278209287626079e-18,-3.0199111825172083e-09,-4.760296444720445e-08,7.93689035347623e-23,1.2010143204817184e-22,7.253120231325982e-13,1.6784830569448536e-30,6.445487884724732e-28,spectator,True,True,True,True,True,True,True,True
-1.2165601493811277e-16,2.3349490456282987e-08,2.045744376722769e-09,1.3939993375457616e-22,8.657641695310273e-23,4.158317985419395e-13,9.075264186337174e-31,9.6301717361876e-28,spectator,True,True,True,True,True,True,True,True
-6.711402773965811e-17,3.783657338108016e-08,-3.6324285318498963e-09,1.594116112986153e-22,1.2244492602842734e-22,1.5966724861423992e-12,6.689827137496782e-31,1.1162840184497358e-27,spectator,True,True,True,True,True,True,True,True
3.1200947155124387e-17,-1.209473049626948e-08,1.901267695784597e-08,1.2737829159352562e-22,3.056263596851904e-22,1.5710171884299201e-12,1.976178321626221e-30,2.5502988743370796e-27,axion-like,True,True,True,True,True,True,True,True
1.1553120361066962e-16,1.7019486849429234e-09,-3.366082998505455e-08,8.77731773474643e-23,8.735425215826606e-23,1.658485084527484e-12,1.5909553876972087e-30,8.35115738343665e-28,spectator,True,True,True,True,True,True,True,True
6.087614722244398e-17,2.4171641051973486e-08,1.683307407951537e-08,3.485949286351216e-23,1.233348029135839e-22,3.967532620193723e-13,3.814581659663296e-31,1.7776352922934134e-27,spectator,True,True,True,True,True,True,True,True
-2.2912895085981e-16,2.311359766527954e-08,-1.2326599212512357e-08,1.4690531887915032e-22,1.8755266039591044e-22,1.1964404913797941e-12,8.287039013482684e-31,2.0942335558192846e-27,axion-like,True,True,True,True,True,True,True,True
3.0436672903025976e-17,2.829601300260849e-08,1.1871477816964201e-08,1.8420228322393125e-22,1.768490999788168e-22,1.5001833192650587e-12,1.1044078149124622e-30,9.624698297802082e-28,axion-like,True,True,True,True,True,True,True,True
7.203357323257792e-18,6.993381864152635e-09,-4.599049901272241e-08,1.3802701018450998e-22,1.0058754017219407e-22,5.386327788689321e-13,1.5956765734423544e-30,8.812346112265803e-28,spectator,True,True,True,True,True,True,True,True
4.1389028537269305e-17,-3.953849031952248e-08,-3.827280281549062e-09,6.441515762761799e-23,3.0370624275485977e-23,1.0055191234632944e-12,1.7264389850418692e-30,8.208357887573815e-28,spectator,True,True,True,True,True,True,True,True
1.6162096816512073e-16,4.0397329087803995e-08,2.2250893982372124e-09,1.4005950707294778e-22,1.2947937412811764e-22,9.326176332281737e-13,1.18571219288067e-30,8.577060128756502e-28,axion-like,True,True,True,True,True,True,True,True
-2.0632382768047429e-16,3.6557253932102814e-08,-2.8567359714501337e-08,1.537664726245044e-22,3.296456038536055e-23,3.0201013642386993e-12,1.420698310674218e-30,1.669532949484531e-27,spectator,True,True,True,True,True,True,True,True
-5.911034251911056e-17,2.9809743581833305e-08,-3.603763458208793e-08,2.1801814862288342e-22,2.0854165416612349e-22,3.173063808422957e-12,1.0392321066346708e-30,1.148671418613639e-27,spectator,True,True,True,True,True,True,True,True
5.909063227933546e-17,-4.001375228392705e-08,-3.115256969876986e-08,6.452903153627584e-23,1.0884307016606896e-22,3.683897360042808e-13,6.674365076159768e-31,1.1516248123484406e-27,axion-like,True,True,True,True,True,True,True,True
-1.5815943994539423e-16,-2.956026329185708e-08,-1.5585892193665193e-08,8.929476769423064e-23,1.6484525674132741e-22,4.465388423262753e-12,8.549103796819253e-31,5.090881441388231e-28,spectator,True,True,True,True,True,True,True,True
1.475949048053509e-16,2.4360036510765194e-08,-4.0318985069502855e-08,1.4530081963722676e-22,6.369554461596822e-23,5.774488380153076e-13,1.0114598789992462e-30,5.596218190982301e-28,axion-like,True,True,True,True,True,True,True,True
3.683566127006584e-17,-4.768599054180536e-08,4.473197957296044e-08,1.0291209957674506e-22,4.6012654171255936e-23,1.8011115040867479e-12,9.794074333830978e-31,3.6185308280945715e-27,spectator,True,True,True,True,True,True,True,True
8.46583985843404e-17,4.792246337072796e-08,-9.500593850418273e-09,5.719728229675175e-23,1.1392580213835117e-22,1.790148878102289e-12,3.2259947436403883e-31,8.987993739839958e-28,spectator,True,True,True,True,True,True,True,True
-5.709436615217946e-17,-1.2285531964431927e-08,3.0896960250674903e-08,1.2303616401023338e-22,9.833386417136724e-23,5.502326247387189e-13,7.878165656289604e-31,6.28221041616497e-28,spectator,True,True,True,True,True,True,True,True
8.137636899662105e-17,2.1931253369082355e-08,4.744171231088466e-08,1.3355334725096503e-22,7.821017646510877e-23,1.3444172883350969e-12,1.0342984717730945e-30,2.3599949975512077e-27,spectator,True,True,True,True,True,True,True,True
1.0684715559890382e-16,3.8757108848804334e-08,-4.1926471999726083e-08,1.0449629687285733e-22,1.0432393587758044e-22,9.375171325733577e-13,8.446592434525e-31,1.1842209464268698e-27,spectator,True,True,True,True,True,True,True,True
2.3287802013716836e-17,-1.0537011184991775e-08,1.51669467934994e-08,1.1160464261536813e-22,3.989707604020525e-22,1.3945865658475695e-12,8.623498110917126e-31,1.4146652775143225e-27,spectator,True,True,True,True,True,True,True,True
2.3440089269869593e-17,-1.8086751140033398e-08,3.71409086741214e-08,8.786637856859327e-23,1.5178012987772434e-22,1.1484387157012748e-12,1.3401677899208505e-30,9.205092355517812e-28,axion-like,True,True,True,True,True,True,True,True
2.7034323928172586e-17,1.0874112889824673e-08,1.3423443396672828e-08,2.0941326704305415e-22,1.6900351084190625e-22,2.0499259923831727e-12,5.234183071023901e-31,8.259641945971205e-28,axion-like,True,True,True,True,True,True,True,True
-8.633452647393816e-17,8.098937374805073e-09,-7.097387864258734e-09,6.374075118941359e-23,1.524960404982923e-22,1.0462786499251558e-12,3.765044816460313e-31,9.032536901956828e-28,spectator,True,True,True,True,True,True,True,True
-1.4752868024035293e-17,-9.086002237520287e-09,-6.892364236206172e-09,7.455296442006867e-23,2.095371934378084e-22,9.041821534977432e-13,8.114748581114155e-31,4.36205026377017e-28,axion-like,True,True,True,True,True,True,True,True
-1.525225324523588e-17,1.017747558677084e-08,-4.641011139926411e-08,1.0055078696099277e-22,9.093403463541247e-23,1.9302287898105574e-12,1.5816500591072296e-30,9.486110226885844e-28,axion-like,True,True,True,True,True,True,True,True
3.833938643534951e-17,4.353813695664947e-08,3.4600751289275334e-09,1.5518953864487206e-22,3.57943311159055e-23,1.4165687566334218e-12,2.7525611999781035e-30,1.1943711902044305e-27,axion-like,True,True,True,True,True,True,True,True
9.998242469102946e-17,-3.2359743373403557e-09,4.9354299678684744e-08,4.7298737364303954e-23,9.100160279422471e-23,1.5512918518249529e-12,1.598837725093259e-30,3.0352018821513035e-27,spectator,True,True,True,True,True,True,True,True
-1.0585360819784093e-16,-3.0325781924936866e-08,4.587075259719341e-08,5.1936499614943684e-23,1.5006042420052596e-22,6.711571254315547e-13,4.143856338777077e-31,1.0529538857711828e-27,spectator,True,True,True,True,True,True,True,True
-1.2500903031957764e-17,-1.2279401711699614e-08,-4.596007711578368e-08,3.6100471713908616e-23,6.157586479147793e-23,5.341077566823768e-13,8.698623105222617e-31,2.4647216190474112e-28,spectator,True,True,True,True,True,True,True,True
1.4814555476589733e-16,-1.0589301740688136e-08,2.0579700362948814e-08,1.0164819659662704e-22,9.155933304817325e-23,7.113197113144332e-13,1.1664682904928083e-30,9.451692569234647e-28,spectator,True,True,True,True,True,True,True,True
-7.435882288125642e-17,-3.688913069737801e-08,-1.9823513330306916e-08,5.716931351298985e-23,7.075939466461261e-23,6.890145908044168e-13,1.1124387419807852e-30,5.174291801655506e-27,spectator,True,True,True,True,True,True,True,True
-8.222500172903203e-17,-3.3712849944544505e-08,4.029891534061367e-08,8.250798949201212e-23,2.1191490697636403e-22,1.6027478479994677e-12,1.3820704926705591e-30,1.681724476387368e-27,axion-like,True,True,True,True,True,True,True,True
2.0230619183119357e-17,1.845620733936772e-08,-4.5488525429072145e-08,1.3919269678987156e-22,1.4545964492747967e-22,1.7960511154197545e-12,5.768174918030559e-31,6.14753830888458e-28,axion-like,True,True,True,True,True,True,True,True
8.443851904853202e-17,-1.605222457910973e-08,4.358741020110805e-08,7.255891304408849e-23,1.38509718980541e-22,9.111222716952317e-13,1.0397349787254388e-30,1.4257014078517226e-27,spectator,True,True,True,True,True,True,True,True
1.142605556065933e-18,4.5489839185580754e-08,3.3747574378777684e-08,1.1225928017386847e-22,1.3645171865236706e-22,2.359739924058199e-12,1.2868452723286246e-30,6.406909632486371e-28,spectator,True,True,True,True,True,True,True,True
1.3289605904369892e-16,-2.5640325464139255e-08,-3.824956177473985e-08,8.609929576330326e-23,9.81547740329265e-23,2.2729570211327876e-12,1.641158790635794e-30,4.4384294272557e-28,spectator,True,True,True,True,True,True,True,True
8.567939825665268e-17,-4.0107549489517767e-08,-4.4017566268270076e-08,1.399419009884574e-22,1.1038213799747097e-22,1.1572417244319372e-12,6.1666404559853094e-31,8.113776951391283e-28,spectator,True,True,True,True,True,True,True,True
8.418200668900619e-17,2.5350456300025792e-08,3.347076643269359e-08,1.2681561988914894e-22,5.528921684326959e-23,6.10708779380792e-13,8.129431318980306e-31,1.056451724831324e-27,axion-like,True,True,True,True,True,True,True,True
5.5411650132409325e-17,3.8103605191787005e-08,-3.442423290254206e-08,7.075359428875057e-23,3.351352861664837e-23,2.573394873515852e-12,1.974459095112911e-31,3.2520702434657675e-28,spectator,True,True,True,True,True,True,True,True
2.327653100346085e-16,-2.2188664312851212e-08,3.4898152975870505e-09,9.191316836857919e-23,1.0779278763280263e-22,9.640516464828204e-13,6.887498195257238e-31,5.018291407367294e-28,axion-like,True,True,True,True,True,True,True,True
-2.051616888660442e-17,-2.9791189835452203e-08,4.157448578787095e-08,1.685178847060036e-22,1.1758545127038625e-22,1.0786379824218413e-12,7.300451220061242e-31,1.0062206060140965e-27,axion-like,True,True,True,True,True,True,True,True
-2.0035222920665137e-16,-3.142338651289128e-08,6.744811354932336e-09,1.217364693537281e-22,1.830578952329148e-22,8.156556461412428e-13,5.4240045423605065e-31,7.8277975538395015e-28,axion-like,True,True,True,True,True,True,True,True
1.604254361517141e-16,2.2012301366512313e-09,-1.0276669852717588e-08,4.973401756978637e-23,2.1938717560850088e-22,5.8632901039239e-13,1.1044718867036936e-30,1.267297604275247e-27,axion-like,True,True,True,True,True,True,True,True
-4.5769943095682564e-17,-3.1583358753229065e-09,-5.498394514600779e-09,1.38792389596597e-22,2.1924052799844427e-22,4.1429224094194687e-13,9.669898700527935e-31,4.82487147248353e-28,axion-like,True,True,True,True,True,True,True,True
1.0788044434303304e-17,-2.4056016014546576e-08,-4.3688282929612894e-08,5.814063835973009e-23,6.071303315943793e-23,1.4618766603665064e-12,2.5781105004249185e-31,1.5349046304852588e-27,spectator,True,True,True,True,True,True,True,True
1.309550684860527e-16,-4.548268830105736e-08,4.687523213615988e-08,2.0263913174522255e-22,8.38506859162644e-23,6.249768734952309e-13,1.1380369240069458e-30,4.915186189422008e-28,spectator,True,True,True,True,True,True,True,True
-1.6022595410589253e-16,-1.8508659673719317e-09,-1.893458149189172e-08,1.6687075754976857e-22,1.271461654758333e-22,6.269638750270175e-12,5.729284274843309e-31,2.6795277898007977e-27,axion-like,True,True,True,True,True,True,True,True
-1.2516472141061394e-16,4.5933234763560835e-08,-3.1063650832714617e-08,1.1559733749782419e-22,3.5464685682584094e-22,5.211881606407268e-13,1.3383176973868535e-30,3.5720159288437244e-28,spectator,True,True,True,True,True,True,True,True
-1.6012779371188538e-16,1.5251920075266326e-08,-2.139526981596047e-08,1.081789291599216e-22,2.096039479366364e-22,4.702788393474648e-13,4.6342498643545e-31,5.191655010134769e-28,axion-like,True,True,True,True,True,True,True,True
-7.941362900254239e-17,-4.4934433713815476e-10,4.643731948914788e-08,9.007602698157587e-23,1.7501448938596192e-22,1.3580953352606979e-12,1.0181669707717115e-30,1.2845680086911154e-27,spectator,True,True,True,True,True,True,True,True
4.396366060169936e-17,-3.8930792597038385e-08,-4.05713946511993e-08,1.4039110876307765e-22,8.237452349419383e-23,2.503245493589831e-12,8.437508770477828e-31,2.714315899448082e-27,spectator,True,True,True,True,True,True,True,True
5.2418784281277094e-17,-2.4756370945041272e-08,3.6730304050118135e-08,8.307809767663941e-23,6.430069053214343e-23,1.0395145176024552e-12,1.1994476161871477e-30,1.2080721465201052e-27,spectator,True,True,True,True,True,True,True,True
2.7627417932855376e-17,-2.0522605042545725e-08,2.078438944014478e-08,1.1250021371235427e-22,1.483573851866966e-22,1.409655646344719e-12,1.0776883888905884e-30,1.4017406028225608e-27,axion-like,True,True,True,True,True,True,True,True
-1.4127658838923665e-16,2.6480355260723425e-08,3.300191791590281e-08,1.5464580442046752e-22,5.767590837750842e-23,3.3083733796726204e-13,8.580451958952797e-31,1.0105776934019084e-27,spectator,True,True,True,True,True,True,True,True
-2.310103436632644e-16,3.7671079726461926e-08,4.758975403678963e-08,7.551013715724106e-23,8.876141239883907e-23,6.659724821322845e-13,3.978169164608684e-31,5.401874486822806e-28,spectator,True,True,True,True,True,True,True,True
5.435358539038226e-18,4.016418535664384e-08,3.421546555168718e-08,7.348444976358289e-23,9.442267178096121e-23,5.250984881635494e-13,4.121677805948194e-31,7.452146293966101e-28,spectator,True,True,True,True,True,True,True,True
-4.717760336383358e-17,4.845686082507541e-08,4.4338235127785285e-08,5.503599609576264e-23,2.2176676700940115e-22,3.207710949834443e-13,7.04454056958618e-31,4.832864040644316e-28,axion-like,True,True,True,True,True,True,True,True
4.5938577171661175e-17,4.823666831045324e-08,-3.730647432090802e-08,5.872901001967276e-23,8.374877422747833e-23,1.0727099823706893e-12,9.950443893985979e-31,4.642992586482026e-28,axion-like,True,True,True,True,True,True,True,True
7.0195362622127e-17,4.529991327679814e-08,2.9578856516697003e-08,4.0083810726655436e-23,2.953409523697267e-23,2.6035828613691256e-13,6.942322166500661e-31,1.2725838377966722e-27,spectator,True,True,True,True,True,True,True,True
1.3824143205868192e-17,-4.281778594971156e-08,4.5675694081047785e-09,1.4403906975165915e-22,1.2868821100443226e-22,4.5234162384833033e-13,1.4551764406859325e-30,5.097133402383746e-28,axion-like,True,True,True,True,True,True,True,True
7.601330853758538e-17,-3.622064640721948e-08,4.349559507986064e-09,2.470590698012877e-22,7.050328182444576e-23,7.24469021631583e-13,8.457490864165381e-31,1.2113463222009986e-27,spectator,True,True,True,True,True,True,True,True
2.292113741150684e-17,-1.9553347352396707e-08,3.9892157632051364e-08,2.0394179973503624e-22,1.0215443105086431e-22,6.072762395535093e-13,5.604542659639802e-31,4.579049490037299e-28,axion-like,True,True,True,True,True,True,True,True
5.3006470560146665e-17,5.289825406446149e-09,4.718038186467112e-08,4.4350675585114214e-23,9.575739290411651e-23,1.2685126866706831e-12,8.463199699648408e-31,1.1946219936891699e-27,spectator,True,True,True,True,True,True,True,True
-7.046732628698824e-17,-4.030221112945207e-08,2.0483832304318092e-08,1.4368128123077672e-22,8.7209928909953e-23,1.2012325025266831e-12,1.145127405265098e-30,7.458658345668818e-28,spectator,True,True,True,True,True,True,True,True
-1.7961141383145852e-17,3.457969578021425e-08,-1.7061610528216071e-09,2.0361345357376156e-22,1.484636989553427e-22,1.7096338889476584e-12,1.2152269279094734e-30,2.3255796509212645e-27,axion-like,True,True,True,True,True,True,True,True
1.9677609665695723e-17,1.167561790773091e-08,-4.359614209815464e-09,7.958019024576529e-23,4.646678455987875e-23,1.5705568525495657e-12,3.086468259659154e-30,1.2143771812597519e-27,axion-like,True,True,True,True,True,True,True,True
8.205284754174187e-17,4.236440230220498e-09,-1.1365854277681822e-08,1.0520321927545708e-22,7.722035387496061e-23,1.982755757191721e-12,6.694186672844781e-31,2.0990182507961695e-27,spectator,True,True,True,True,True,True,True,True
-3.937411722245721e-17,-3.3468867663270884e-08,-1.3840097042733737e-08,3.66430456719506e-23,1.4077869840577507e-22,9.988496221870216e-13,9.568705176405146e-31,6.354715038640822e-28,axion-like,True,True,True,True,True,True,True,True
5.2116725573211264e-17,-2.4674452559980263e-08,-1.0849315831556859e-08,1.1426705196547814e-22,7.356194190516115e-23,1.199710335401542e-12,1.2913321605126092e-30,1.0342598024477828e-27,axion-like,True,True,True,True,True,True,True,True
-2.65838791915379e-17,-3.3968797501774194e-08,-4.102467647488047e-08,5.875582642337342e-23,4.473547590927755e-23,1.3592162150481632e-12,9.860445177799392e-31,5.5507485810105145e-28,spectator,True,True,True,True,True,True,True,True
-1.1754216732813036e-17,3.5193315779479854e-08,-4.225639147395618e-08,1.1049692526823718e-22,1.3969309778260697e-22,1.088710554485555e-12,7.405435113411524e-31,7.802326413351312e-28,axion-like,True,True,True,True,True,True,True,True
8.29519042024073e-17,8.422786006121818e-09,2.7986984387231176e-08,4.5813038082278225e-23,1.75338343930012e-22,7.879531966911215e-13,3.947295998628706e-31,8.54479699696406e-28,axion-like,True,True,True,True,True,True,True,True
-1.9930603710541557e-16,2.351294275196334e-08,-5.392710707977389e-09,1.3118378753103323e-22,9.777535800626342e-23,8.191684647600049e-13,7.360179768881289e-31,6.469314553197626e-28,spectator,True,True,True,True,True,True,True,True
-1.296472328074761e-16,-2.0396713708997426e-08,4.3068448854462044e-08,1.6690528965113864e-22,3.7515245114643483e-23,6.122987028439769e-13,5.250711784235877e-31,4.822456172783307e-28,axion-like,True,True,True,True,True,True,True,True
-1.4821853974428207e-16,-1.2874736291172284e-08,1.1222100859395246e-08,6.759812561870212e-23,1.4233096133635612e-22,1.2878447670549743e-12,3.548841046175826e-31,4.28223341233635e-28,spectator,True,True,True,True,True,True,True,True
-2.3336161198483046e-16,-9.51450355734662e-09,-4.648240178155802e-08,5.663962877684614e-23,4.360737316201873e-23,9.45152390736199e-13,6.203897899610722e-31,2.4564966860438264e-28,axion-like,True,True,True,True,True,True,True,True
-6.782644401551767e-17,2.6001497174403487e-08,-3.4247665868252055e-08,3.402714759564734e-23,1.166957154521189e-22,6.717263421235382e-13,5.335219677311391e-31,5.305676127274938e-28,spectator,True,True,True,True,True,True,True,True
7.494338997277404e-17,2.723529876745681e-08,-2.9418020698699243e-08,8.752840934980823e-23,6.416374128244608e-23,6.721008390578684e-13,1.4194534840947715e-30,1.4571702032616863e-27,spectator,True,True,True,True,True,True,True,True
-2.8488406638257473e-17,-2.9318647248596827e-08,4.757360243896605e-08,7.476674636717154e-23,5.599433601914395e-23,4.837247479263592e-13,1.4342686997998754e-30,3.8323798224345297e-28,axion-like,True,True,True,True,True,True,True,True
1.9779008194185213e-17,4.41538856738099e-08,-2.812957738483651e-08,4.604690172727378e-23,8.017527515057168e-23,1.7991328606490956e-12,5.813934401640873e-31,4.400470140113978e-28,axion-like,True,True,True,True,True,True,True,True
1.0892174967107925e-16,-3.793446625563136e-08,1.5755676288051303e-09,1.2542143719969033e-22,9.124255570088205e-23,1.0483008357498399e-12,8.554418342328785e-31,2.928642903134967e-27,axion-like,True,True,True,True,True,True,True,True
1.3276861322676916e-16,3.961220824236303e-08,4.3617693164019604e-08,7.985280441276665e-23,7.246227349192839e-23,5.959014298549712e-13,3.279331188720502e-31,6.825649238623973e-28,axion-like,True,True,True,True,True,True,True,True
-6.913793472613955e-18,-3.996043543501907e-08,4.771927299143573e-08,5.839920090841466e-23,1.3422558103269761e-22,1.624383972012527e-12,7.433383382777918e-31,1.2124312067257736e-27,spectator,True,True,True,True,True,True,True,True
1.3535858895693974e-16,-2.354601888486889e-08,-2.6363956461645542e-08,7.578375708194959e-23,8.000870944083925e-23,7.144306938146317e-13,1.2704728327358148e-30,1.4701880060727167e-27,spectator,True,True,True,True,True,True,True,True
9.21266584341092e-18,3.464785360679569e-08,-4.5088235624995984e-08,1.7085623219059457e-22,1.6324720088521126e-22,4.3002996950182783e-13,1.6404371050089557e-30,1.4881231243829853e-27,spectator,True,True,True,True,True,True,True,True
-8.37398223827462e-17,-3.205079276539125e-08,-3.463981674622415e-08,1.3518424934106427e-22,1.1509487276394017e-22,1.8454688667580075e-12,6.51923373665641e-31,4.0116256357997073e-28,spectator,True,True,True,True,True,True,True,True
-5.944003521987352e-17,-8.643206869003016e-09,-4.366715212974419e-08,9.370552527658262e-23,7.055493192717284e-23,7.245111019475759e-13,1.879701365933562e-30,8.705450163156014e-28,spectator,True,True,True,True,True,True,True,True
-1.4805365125650164e-16,-5.014070005587377e-09,-3.048757589076636e-08,1.3628151304725366e-22,6.485799865836152e-23,7.824388910475624e-13,4.027597080098368e-31,3.7872824539429447e-28,axion-like,True,True,True,True,True,True,True,True
-8.881338537336524e-17,-2.5474102697679035e-08,6.856971470373543e-09,5.596431233168468e-23,4.38783940677844e-23,1.0250157847311518e-12,4.730393604424469e-31,4.3396370489725756e-27,axion-like,True,True,True,True,True,True,True,True
-3.5801668807442915e-17,2.1024520133598653e-08,4.124487962956418e-08,1.0163167377877585e-22,1.15646343926917e-22,1.9848702240192586e-12,1.530810171914016e-30,3.8407203286157745e-28,spectator,True,True,True,True,True,True,True,True
8.035850193786016e-17,3.513346494022038e-08,3.721888369433998e-09,1.0764420077307748e-22,8.375337030660691e-23,1.0120949337508657e-12,2.725556798964548e-30,5.332824174174846e-28,spectator,True,True,True,True,True,True,True,True
1.720769831165984e-16,3.7457513985557176e-08,1.2598955669908076e-08,7.906354780777863e-23,3.05410726497819e-23,4.870101687696071e-13,1.344549742288768e-30,5.35603830764274e-28,axion-like,True,True,True,True,True,True,True,True
-1.38218151537704e-16,-1.6067785426343906e-08,-2.981327483904589e-08,1.2432503100243226e-22,7.650168368950201e-23,1.385867368502046e-12,9.760851701090178e-31,4.073851257535706e-28,spectator,True,True,True,True,True,True,True,True
3.928274682599189e-17,3.085039428781445e-09,3.005836206738501e-08,6.769101536745426e-23,6.372985737461276e-23,7.475202867975773e-13,2.6790837321629073e-31,2.251409232819785e-27,spectator,True,True,True,True,True,True,True,True
-1.0405439391575344e-16,-2.515935961343485e-08,1.1778890850558325e-08,1.290345941191167e-22,2.1986395793835206e-22,3.104194877089364e-12,2.971648529811151e-31,4.277927830705471e-27,spectator,True,True,True,True,True,True,True,True
4.7469708846320195e-17,-2.5520349844985455e-08,3.641368291927248e-08,1.317754808494953e-22,4.2682153414308e-23,9.993283924306595e-13,1.080739708684848e-30,7.516763212299713e-28,spectator,True,True,True,True,True,True,True,True
-1.310866506877266e-17,-3.387459371480759e-08,4.4884310700578416e-08,2.3256629836427404e-23,4.8642361454570004e-23,2.6157838244187104e-13,8.066724317377655e-31,4.528230317988372e-28,spectator,True,True,True,True,True,True,True,True
-1.8309058258475302e-16,4.400190108075147e-08,-1.5209922424340773e-08,1.8133080911026766e-22,1.7419145450155643e-22,1.239141725726077e-12,5.150449455101181e-31,2.6128192055206597e-28,axion-like,True,True,True,True,True,True,True,True
9.282969915684843e-17,3.8798882860557996e-08,-4.094209414645607e-08,2.1787881120427134e-23,1.9706857502106624e-22,3.2115660215408494e-12,1.0401027938382879e-30,8.637557636389998e-28,spectator,True,True,True,True,True,True,True,True
-6.05000712808731e-17,2.7735871332769228e-08,-2.7407104208321753e-08,7.348973034137822e-23,6.890155292743044e-23,2.5742344092887473e-12,1.0715206636194206e-30,8.271086170931182e-28,axion-like,True,True,True,True,True,True,True,True
-5.339002383735546e-17,1.7661521287729031e-09,-6.215843432416276e-09,1.6697501711581934e-22,7.290281658739173e-23,2.9998808561234315e-12,1.7623524239812296e-30,6.76530548422808e-28,axion-like,True,True,True,True,True,True,True,True
-1.0697524112896899e-16,-9.392084488128143e-10,4.456936518244733e-08,8.53300623603285e-23,1.360861150523781e-22,5.423432848086985e-13,1.0854138792726908e-30,1.1420502961030317e-27,axion-like,True,True,True,True,True,True,True,True
-6.542832766875554e-17,2.9745666182497973e-09,-1.216901776265847e-08,4.8042075254718345e-23,3.123753096744755e-23,1.7285647459940763e-12,2.0897336569723718e-30,1.2675727936089446e-27,spectator,True,True,True,True,True,True,True,True
4.278904406949172e-17,3.656801357708926e-09,2.7077321366537002e-08,5.787593426765549e-23,3.943182943063793e-23,6.484329170421521e-13,1.004807938953637e-30,1.2139141272575425e-27,spectator,True,True,True,True,True,True,True,True
-1.892443409364055e-17,-6.543691530230965e-09,4.047669217075501e-09,1.6710511727306762e-22,8.690394998079142e-23,1.1440489032614976e-12,9.331391031751947e-31,8.272280028871542e-28,spectator,True,True,True,True,True,True,True,True
3.2866200228248107e-17,-3.682451671079325e-08,-3.1719122956902345e-08,3.8260495726617493e-23,2.1704733622834187e-22,4.659059649165368e-13,1.8938036345485596e-30,5.163486322527096e-28,spectator,True,True,True,True,True,True,True,True
3.619218539288437e-17,-3.74336147131464e-08,-1.7926588104654838e-08,1.7585604539592328e-22,8.042339704757681e-23,6.793128822690218e-13,5.559568876004873e-31,1.4910787610262095e-27,spectator,True,True,True,True,True,True,True,True
1.3206616555281668e-16,4.5224971584568324e-08,1.531918850228187e-08,9.728250190344412e-23,1.0517636227529276e-22,6.664780864702295e-13,5.412269316756857e-30,1.0075365132819547e-27,axion-like,True,True,True,True,True,True,True,True
-3.427861508643793e-17,-1.7969240413649417e-09,1.7285339468489342e-08,5.509023739887075e-23,1.7627844562204782e-22,1.7145200171867864e-12,1.2525161985910026e-30,1.7040614924947314e-27,spectator,True,True,True,True,True,True,True,True
-1.4768578168457318e-16,4.53205524905189e-08,-6.524025319095381e-09,7.470990271636519e-23,2.8675051518058554e-22,1.6167718451194072e-12,1.2567104483272145e-30,1.6064798065979361e-27,spectator,True,True,True,True,True,True,True,True
1.067222416571983e-16,-3.3642312228989e-08,-2.7135439733788535e-08,6.013295428267003e-23,7.494435834099749e-23,1.1806815277004998e-12,1.3703382187666356e-30,4.261102167426383e-28,spectator,True,True,True,True,True,True,True,True
-3.314881720972547e-17,5.441655203993356e-09,2.2190677951267627e-08,1.5420498463999382e-22,9.916169733172444e-23,4.447455977097059e-13,3.0841678651399247e-30,4.2293645979289925e-28,axion-like,True,True,True,True,True,True,True,True
1.1145924445773768e-16,-2.9228274664846077e-08,-3.311269583872852e-08,1.4422637169106128e-22,2.48687676188284e-22,8.294572893000259e-13,1.6088255600568914e-30,6.355119202541265e-28,axion-like,True,True,True,True,True,True,True,True
3.833771131824704e-17,-2.4681539387339846e-08,4.3666969186512655e-08,4.233396077130579e-23,4.6715244607269165e-23,6.39115627822336e-13,3.817331069746721e-31,5.305934165173988e-28,axion-like,True,True,True,True,True,True,True,True
-1.3113753020334492e-17,-4.699454212388212e-08,-3.1209642096352325e-08,8.172615838801596e-23,1.671615518680369e-22,1.6850672163484703e-12,2.3211952125907164e-30,1.573261834283916e-27,axion-like,True,True,True,True,True,True,True,True
3.487758940462951e-17,-3.810466892597887e-08,-3.926876371674796e-08,6.494737683284562e-23,6.01001549540047e-23,2.0277177746893433e-12,8.150238130784148e-31,1.2346478720678984e-27,axion-like,True,True,True,True,True,True,True,True
1.9510125601262995e-16,4.1684840762919566e-08,-2.35229763462121e-10,1.909334943359215e-22,1.0525714639945545e-22,1.884818164175404e-12,1.066404856206028e-30,1.933845284719081e-27,axion-like,True,True,True,True,True,True,True,True
2.0769805290537531e-16,-1.7846700851766827e-08,1.9549598109694046e-09,5.091311879175773e-23,8.857597535220896e-23,6.356344457939937e-13,4.64147734875104e-31,1.2685722943689167e-27,spectator,True,True,True,True,True,True,True,True
6.93811351327787e-18,1.0812921191459155e-08,8.192914778244798e-10,2.230251930350807e-22,6.193988919516394e-23,1.932598015292883e-13,1.3712479133252706e-30,1.1333634873938235e-27,axion-like,True,True,True,True,True,True,True,True
1.601905933170753e-17,-3.498586801072699e-09,-6.333251066116055e-09,9.834904319630927e-23,6.116769692584444e-23,3.4639444497178403e-13,6.764988210852867e-31,2.0541001487035272e-27,axion-like,True,True,True,True,True,True,True,True
1.0762401574663856e-16,-9.954875475472166e-09,4.948148928296084e-08,5.593570928821756e-23,1.1482134149300935e-22,2.3466204503372068e-12,1.0619446287384119e-30,1.325561845420963e-27,spectator,True,True,True,True,True,True,True,True
-8.456610327673472e-17,3.1886091346068106e-09,-1.371938732941812e-09,7.127410615899574e-23,1.645048166081438e-22,7.860357818618168e-13,8.432773232806722e-31,1.0417068586320167e-27,axion-like,True,True,True,True,True,True,True,True
3.330703726182551e-17,-3.127610553846585e-08,-2.205341926016902e-09,6.697776948510872e-23,9.371910692334354e-23,6.373509896741141e-13,3.174047797426865e-30,2.4309249440930643e-27,spectator,True,True,True,True,True,True,True,True
-2.58628479538564e-18,4.886038985195765e-08,-7.82339372854387e-09,5.2871317258342357e-23,1.0356783051644578e-22,2.679408807740817e-12,3.284965600155451e-30,1.0715524983143718e-27,axion-like,True,True,True,True,True,True,True,True
3.1390821145755356e-17,3.18307868703863e-08,-4.331742452985371e-08,1.0485554236076555e-22,1.3305428716757472e-22,2.1363440223736277e-12,1.028300975729489e-30,8.330976948575777e-28,spectator,True,True,True,True,True,True,True,True
-8.333688059494057e-17,2.4161463273151528e-08,9.295663114961602e-09,5.41204658312231e-23,6.151990613803714e-23,1.0147773543908093e-12,1.039132911878194e-30,6.04898892188778e-28,axion-like,True,True,True,True,True,True,True,True
-1.589567493308969e-16,-3.1240702986047544e-09,-2.7203222777681754e-08,3.3615493663363134e-23,1.447512048665902e-22,8.385828840191791e-13,7.992625573012067e-31,1.5247268441525785e-27,axion-like,True,True,True,True,True,True,True,True
-2.0729834359912918e-16,-3.47122877873664e-08,1.3760898022904989e-08,8.270929174573931e-23,1.5063229498652548e-22,9.237990330569757e-13,1.9417774693238894e-30,2.1006153489280014e-27,spectator,True,True,True,True,True,True,True,True
-1.1173841129896078e-16,4.206658582735679e-08,-4.491665380515228e-08,4.059894527326201e-23,3.6759556856524943e-22,1.14602298983856e-12,8.209016889442933e-31,9.701035691546806e-28,spectator,True,True,True,True,True,True,True,True
-4.58675284939333e-17,-1.5861293261827237e-08,4.8138710125300166e-08,6.865471090680415e-23,8.285715414420463e-23,2.6117705651474685e-12,7.766213543839219e-31,2.1918575359890047e-27,spectator,True,True,True,True,True,True,True,True
-2.931915866487618e-17,-4.4989331030306623e-08,-3.099492098732779e-09,6.347326170352548e-23,7.952960045699564e-23,1.2885021948740735e-12,1.798864654143366e-30,3.0666202941848903e-28,spectator,True,True,True,True,True,True,True,True
1.9372311624295168e-16,-1.5759632318937133e-08,3.967553715906984e-08,6.468712264757198e-23,1.4688546328892376e-22,1.5459172443066507e-12,7.2398872697802356e-31,9.672754008183585e-28,axion-like,True,True,True,True,True,True,True,True
1.1059933699072981e-16,2.9445703049588438e-08,-2.4438826767065204e-09,2.719591134458172e-22,1.5061430091376382e-22,2.0169007790905847e-12,9.77601632491383e-31,9.762301145421748e-28,spectator,True,True,True,True,True,True,True,True
-9.620911163416273e-17,1.227087449882081e-08,-4.3966918142577826e-08,1.02860733314812e-22,7.65256982531196e-23,4.956894780567863e-13,3.87210630595364e-31,6.464905982295045e-28,spectator,True,True,True,True,True,True,True,True
3.477084524509569e-17,2.508385847448597e-08,3.2221354609380696e-08,1.1305288188040163e-22,8.174370857781566e-23,1.5728938440274338e-12,1.5257928965019228e-30,4.180022472795685e-27,spectator,True,True,True,True,True,True,True,True
-4.0707823635032506e-17,2.9363538386237735e-08,1.4818372966713429e-08,4.113959492077484e-23,1.3107053391023153e-22,8.379965857461444e-13,3.2043849334282474e-30,9.61062746121381e-28,axion-like,True,True,True,True,True,True,True,True
-2.8436383804009513e-17,-2.880453889194574e-08,2.817570475739452e-08,7.210970350166567e-23,6.611383741840749e-23,2.2098573712042814e-13,1.541468022431826e-30,7.829875660811771e-28,spectator,True,True,True,True,True,True,True,True
1.8532564941538202e-17,4.2378331609318015e-08,-7.1830136491126676e-09,1.1136593613315845e-22,8.144298394935114e-23,2.789000722789549e-13,2.4038689467607277e-30,1.0156992261352042e-27,axion-like,True,True,True,True,True,True,True,True
6.191711169753932e-17,-6.201039707962743e-09,1.3793674424664487e-08,5.991373211597807e-23,1.0458148932521568e-22,5.428780516261815e-13,6.019016123249371e-31,3.006861518426426e-28,spectator,True,True,True,True,True,True,True,True
-3.3925848388401537e-17,1.3901364926416462e-08,3.562290037966074e-08,1.5746474748911391e-22,1.6453766793490683e-22,1.3753853372852923e-12,1.1523398981322902e-30,6.338640655350503e-28,spectator,True,True,True,True,True,True,True,True
1.0638515327343585e-16,-4.9769122741325796e-08,1.3106544287188744e-08,5.480721758504629e-23,7.391168081392565e-23,1.070664773502451e-12,5.6785114991038745e-31,1.803887361804965e-27,axion-like,True,True,True,True,True,True,True,True
-1.141938226142404e-16,4.9336849841117794e-08,-1.5232636516409668e-08,8.665954085432904e-23,3.980441974414394e-23,1.1169704046039585e-12,8.722673331460509e-31,6.856642428650856e-28,spectator,True,True,True,True,True,True,True,True
6.339062362268442e-19,-2.1910361403584486e-08,1.6252959436619984e-08,7.460028786633399e-23,3.835448431350072e-23,3.2238170914443674e-12,1.5893527953422966e-30,6.081552418118958e-28,axion-like,True,True,True,True,True,True,True,True
2.597673726595832e-16,-4.3793689345984476e-08,1.7185418861406725e-08,1.0856298545759885e-22,5.327481218732842e-23,4.669870420493402e-13,1.0629970964217676e-30,2.1939759101342426e-27,spectator,True,True,True,True,True,True,True,True
2.230797426252751e-17,-4.173795846348603e-09,4.60586962506625e-08,7.259711262688969e-23,5.1861999074415523e-23,9.836747132867676e-13,4.284485519726746e-31,2.234802015719537e-27,axion-like,True,True,True,True,True,True,True,True
1.4332145066061728e-16,-3.709699428179583e-08,-1.290876784583308e-08,8.733256107948977e-23,9.256071491701503e-23,1.2004077775418954e-12,4.542909335772738e-31,1.3636900305917303e-27,axion-like,True,True,True,True,True,True,True,True
9.152017817320817e-18,-3.4767328984242426e-08,-7.491823248586884e-09,8.886382484698181e-23,5.518714850228026e-23,6.429014258968819e-13,4.366172355494917e-31,7.610392082606188e-28,axion-like,True,True,True,True,True,True,True,True
5.807770953297967e-17,1.3228281303021012e-08,3.1212296118705914e-08,6.926753370342301e-23,7.037180642805458e-23,1.0171413016083483e-12,1.3429538505085689e-30,8.661625906102215e-28,spectator,True,True,True,True,True,True,True,True
-5.678319439269153e-18,-1.0707260842976673e-08,5.762314742741244e-10,1.2744910650401374e-22,6.790619336895207e-23,3.82904525923236e-13,3.449870594137053e-30,6.172445520594219e-28,axion-like,True,True,True,True,True,True,True,True
-1.7040758116420442e-17,4.2185245015499504e-08,2.3657309311573308e-08,1.1265886663936843e-22,8.023150398951335e-23,2.330175834929079e-12,2.2647739358907234e-30,5.505354816403306e-28,axion-like,True,True,True,True,True,True,True,True
-7.794823967254196e-17,-1.8084350539192995e-08,-4.0290535546407965e-09,9.566602438865252e-23,1.937216532551122e-22,6.643350047444192e-13,3.2059035627873265e-31,5.343790325725149e-28,spectator,True,True,True,True,True,True,True,True
4.3030135895755324e-17,2.2618012838390116e-08,-2.8450485818729953e-08,8.063566288891945e-23,1.3923233056014503e-22,3.3832612083625372e-12,2.3458447295229753e-30,6.901594341675137e-28,spectator,True,True,True,True,True,True,True,True
-8.515371891857679e-17,-3.890056984509235e-09,2.4520384278101087e-08,1.4892490732896685e-22,1.0080973149899579e-22,9.807040034544574e-13,1.753897141893957e-30,5.374967344660109e-28,axion-like,True,True,True,True,True,True,True,True
6.655852363134292e-17,1.5995130112927876e-08,-3.6884483081529005e-08,8.887697091008499e-23,7.94125999887407e-23,1.8530485342935414e-12,3.956679350665612e-31,3.9132257030269196e-28,spectator,True,True,True,True,True,True,True,True
1.08528700444591e-16,9.96953567159904e-09,-3.014163364686919e-08,8.578305922552283e-23,8.052388573974634e-23,9.685242851905429e-13,8.336672225110446e-31,1.1406994214378266e-27,axion-like,True,True,True,True,True,True,True,True
3.6653140723722993e-17,-2.7216027241001787e-09,1.2682498278420855e-08,1.0537392355879188e-22,1.1780649681929477e-22,9.81722792322158e-13,1.9296013880520133e-30,1.1511452870033462e-27,axion-like,True,True,True,True,True,True,True,True
-2.8624873355569185e-17,4.500610946244371e-08,2.4726980019206976e-08,2.335657279092644e-22,1.339216225742474e-22,7.043938734561383e-13,1.3913299754573083e-30,2.774514161842065e-27,spectator,True,True,True,True,True,True,True,True
4.539655793086961e-17,-1.572863572450441e-08,3.946878868678149e-08,5.1161744855206294e-23,6.352042024964106e-23,1.0740906081084097e-12,4.559112883741798e-31,6.69648038019573e-28,axion-like,True,True,True,True,True,True,True,True
-3.086730555464126e-17,-3.227644987507275e-08,-2.274135025841083e-08,1.46950916919552e-22,1.018407749591195e-22,1.2102164363731417e-12,1.4425974789004171e-30,1.1944195722331268e-27,axion-like,True,True,True,True,True,True,True,True
9.355471254651493e-17,1.7809406087982822e-08,-3.8927574139944566e-08,3.8806377643201253e-23,3.6210908081385986e-23,6.246554224572671e-13,2.7734297615374436e-31,1.206384110964105e-27,spectator,True,True,True,True,True,True,True,True
-1.8314060842151237e-16,3.460075613079088e-08,4.5604665952262914e-08,1.1147571506858726e-22,1.1116627773807134e-22,9.27718762743173e-13,8.74858337742699e-31,8.587284445894942e-28,axion-like,True,True,True,True,True,True,True,True
-3.356073681186462e-17,-4.597462600600762e-08,-3.4557691197785755e-08,2.1979858401404257e-22,1.4638568357649452e-22,6.934616640973566e-13,1.979360992664431e-30,1.562989218166947e-27,spectator,True,True,True,True,True,True,True,True
-1.9908119951239978e-16,-5.036731157731945e-09,-3.023330177453604e-08,1.2767710355079893e-22,8.693284052385704e-23,3.974100534090121e-12,1.0110976565030169e-30,1.5922331251709046e-27,spectator,True,True,True,True,True,True,True,True
-1.495060830227205e-16,3.924876896873263e-08,-2.0867054644153427e-08,1.089057386714471e-22,2.4800122460052947e-22,9.475851652017307e-13,7.412906206441779e-31,1.2170703971046574e-27,axion-like,True,True,True,True,True,True,True,True
